seqnames	start	end	width	strand	phastcons	annotation	geneChr	geneStart	geneEnd	geneLength	geneStrand	geneId	transcriptId	distanceToTSS	gene_name	mean_tpm	z_fpkm	is_active	in_atac_peak	nearby_gene_active	nearby_gene_fin_dev	overlaps_chan_enhancer	overlaps_yuesong_cne
NC_133176.1	5347970	5348035	66	*	16	Distal Intergenic	2	5398314	5402702	4389	2	LOC141384398	XR_012405396.1	54667	gene-LOC141384398	0	-Inf	FALSE	0	0	0	0	0
NC_133176.1	9196873	9196918	46	*	16	Intron (XR_012405427.1/LOC141384503, intron 2 of 2)	2	9194512	9272265	77754	2	LOC141384503	XR_012405427.1	75347	gene-LOC141384503	0	-Inf	FALSE	0	0	0	0	0
NC_133176.1	10219277	10219323	47	*	15	Intron (XM_073949347.1/grin2ab, intron 4 of 13)	2	10192090	10345208	153119	2	grin2ab	XM_073949347.1	125885	gene-grin2ab	0.0416725	-3.44177877053184	FALSE	0	0	0	0	0
NC_133176.1	12238422	12238474	53	*	18	Intron (XM_021475869.3/dmd, intron 75 of 77)	2	12221231	12454214	232984	2	dmd	XM_021475869.3	215740	gene-dmd	14.851345	0.38968889972611	TRUE	0	1	0	0	0
NC_133176.1	14932103	14932167	65	*	20	Intron (XR_012405510.1/LOC137489979, intron 4 of 9)	2	14671064	15326763	655700	2	LOC137489979	XR_012405510.1	394596	gene-LOC137489979	0.048803	-3.46924523543032	FALSE	0	0	0	0	0
NC_133176.1	19189316	19189401	86	*	17	Intron (XM_005168366.5/si:ch211-197n1.2, intron 12 of 17)	2	19160886	19218161	57276	2	si:ch211-197n1.2	XM_005168366.5	28760	gene-si:ch211-197n1.2	0.8042815	-1.37920320372771	TRUE	1	1	0	0	1
NC_133176.1	25698491	25698566	76	*	26	Intron (XM_002660442.8/lrba, intron 37 of 55)	2	25537692	25968855	431164	2	lrba	XM_002660442.8	270289	gene-lrba	5.0048595	-0.293614433519114	TRUE	0	1	0	0	0
NC_133176.1	25723845	25723962	118	*	16	Intron (XM_002660442.8/lrba, intron 36 of 55)	2	25537692	25968855	431164	2	lrba	XM_002660442.8	244893	gene-lrba	5.0048595	-0.293614433519114	TRUE	1	1	0	0	0
NC_133176.1	28750306	28750331	26	*	13	Intron (XM_073945882.1/bnc2, intron 1 of 5)	2	28662513	28850069	187557	1	bnc2	XM_073945882.1	87793	gene-bnc2	3.4907485	-0.50700408865665	TRUE	0	1	0	0	0
NC_133176.1	38979191	38979279	89	*	26	Intron (XM_073915570.1/hhip, intron 16 of 17)	2	38754200	38990496	236297	1	hhip	XM_073915570.1	224991	gene-hhip	16.5660345	0.463915051471953	TRUE	0	1	0	0	0
NC_133176.1	39504498	39504618	121	*	19	Intron (XR_012407221.1/LOC141386125, intron 1 of 2)	2	39486028	39519202	33175	2	LOC141386125	XR_012407221.1	14584	gene-LOC141386125	0.014374	-3.40041751928347	FALSE	0	0	0	0	0
NC_133176.1	39528752	39528817	66	*	17	Distal Intergenic	2	39486028	39519202	33175	2	LOC141386125	XR_012407221.1	-9550	gene-LOC141386125	0.014374	-3.40041751928347	FALSE	1	0	0	0	0
NC_133176.1	39571887	39571972	86	*	35	Promoter (<=1kb)	2	39572356	39574153	1798	1	pou4f2	NM_212807.1	-384	gene-pou4f2	0.673698	-1.68389383896364	TRUE	1	1	0	0	0
NC_133176.1	39574991	39575078	88	*	28	Promoter (2-3kb)	2	39572356	39574153	1798	1	pou4f2	NM_212807.1	2635	gene-pou4f2	0.673698	-1.68389383896364	TRUE	0	1	0	0	1
NC_133176.1	39575496	39575564	69	*	18	Distal Intergenic	2	39572356	39574153	1798	1	pou4f2	NM_212807.1	3140	gene-pou4f2	0.673698	-1.68389383896364	TRUE	0	1	0	0	0
NC_133176.1	39628727	39628826	100	*	28	Distal Intergenic	2	39661768	39664833	3066	1	LOC141383310	XR_012404326.1	-32942	gene-LOC141383310	0.1783645	-2.39400360436608	TRUE	1	1	0	0	0
NC_133176.1	40085469	40085608	140	*	35	Intron (NM_001100403.1/nr3c2, intron 3 of 8)	2	40048212	40205499	157288	2	nr3c2	NM_001100403.1	119891	gene-nr3c2	0.4498865	-1.73115022687525	TRUE	1	1	0	0	0
NC_133176.1	42058903	42058980	78	*	16	Intron (XR_012407266.1/LOC141386128, intron 2 of 2)	2	42032750	42103646	70897	1	LOC141386128	XR_012407266.1	26153	gene-LOC141386128	0	-Inf	FALSE	1	0	0	0	0
NC_133176.1	49393350	49393398	49	*	17	Distal Intergenic	2	49330027	49337733	7707	1	LOC141386309	XM_073954321.1	63323	gene-LOC141386309	0	-Inf	FALSE	0	0	0	0	0
NC_133176.1	50357373	50357452	80	*	19	Intron (XM_005170971.6/itsn1, intron 11 of 39)	2	50305831	50397023	91193	2	itsn1	XM_005170971.6	39571	gene-itsn1	10.91159	0.21704429463708	TRUE	0	1	0	0	0
NC_133176.1	53213843	53213872	30	*	14	Intron (XM_068222873.2/lef1, intron 9 of 9)	2	53128721	53218083	89363	1	lef1	XM_068222873.2	85122	gene-lef1	8.9468785	0.084984998613091	TRUE	1	1	1	0	0
NC_133176.1	55299224	55299285	62	*	18	Intron (XR_012405563.1/nfixa, intron 3 of 14)	2	55173803	55424866	251064	1	nfixa	XR_012405563.1	125421	gene-nfixa	0.1818665	-2.34467013526918	TRUE	0	1	0	0	0
NC_133177.1	7238441	7238509	69	*	19	Distal Intergenic	3	7244465	7273949	29485	1	nos1apb	XM_002660712.7	-5956	gene-nos1apb	0.4049205	-1.78551534548751	TRUE	0	1	0	0	0
NC_133177.1	10543892	10543953	62	*	22	Promoter (1-2kb)	3	10539749	10545631	5883	2	dmbx1a	NM_152977.1	1678	gene-dmbx1a	6.4723545	-0.176529139492559	TRUE	1	1	0	0	0
NC_133177.1	18904794	18904890	97	*	15	Promoter (<=1kb)	3	18904909	18912575	7667	1	grk7a	NM_001031841.3	-19	gene-grk7a	0.0594505	-3.36303658338946	FALSE	0	0	0	0	0
NC_133177.1	21118238	21118367	130	*	18	Intron (XM_073920772.1/pbx1a, intron 7 of 7)	3	21109089	21190262	81174	2	pbx1a	XM_073920772.1	71895	gene-pbx1a	4.127187	-0.346051979768336	TRUE	0	1	0	0	0
NC_133177.1	21204259	21204345	87	*	23	Intron (XM_017358962.4/pbx1a, intron 2 of 8)	3	21112468	21242268	129801	2	pbx1a	XM_017358962.4	37923	gene-pbx1a	4.127187	-0.346051979768336	TRUE	1	1	0	0	0
NC_133177.1	26460758	26460808	51	*	16	Distal Intergenic	3	26485554	26509140	23587	1	LOC103910044	XR_012391686.1	-24746	gene-LOC103910044	0.2174695	-1.86834296317669	TRUE	0	1	0	0	0
NC_133177.1	32264550	32264600	51	*	15	Distal Intergenic	3	32206737	32216481	9745	1	cdh18a	NM_001076735.1	57813	gene-cdh18a	0.286763	-2.14036771469883	TRUE	0	1	0	0	0
NC_133177.1	32673981	32674071	91	*	26	Promoter (2-3kb)	3	32671386	32685769	14384	1	as.1666	XR_002455955.2	2595	gene-as.1666	2.1981045	-0.939500632170068	TRUE	0	1	0	0	0
NC_133177.1	33591404	33591463	60	*	19	Intron (XM_009298574.5/ctnnd2b, intron 3 of 21)	3	33514278	33619428	105151	2	ctnnd2b	XM_009298574.5	27965	gene-ctnnd2b	13.1879325	0.330182663416588	TRUE	0	1	0	0	0
NC_133177.1	36153138	36153400	263	*	30	Intron (XM_073918605.1/rnf220a, intron 8 of 21)	3	35837720	36189789	352070	1	rnf220a	XM_073918605.1	315418	gene-rnf220a	27.790491	0.789399681717696	TRUE	0	1	0	0	0
NC_133177.1	36940479	36940635	157	*	29	Intron (XR_012392806.1/LOC141378372, intron 2 of 2)	3	36929288	36977629	48342	1	LOC141378372	XR_012392806.1	11191	gene-LOC141378372	0	-Inf	FALSE	0	0	0	0	0
NC_133177.1	36954489	36954534	46	*	16	Intron (XR_012392806.1/LOC141378372, intron 2 of 2)	3	36929288	36977629	48342	1	LOC141378372	XR_012392806.1	25201	gene-LOC141378372	0	-Inf	FALSE	0	0	0	0	0
NC_133177.1	36999767	36999828	62	*	16	Intron (NM_201074.2/eif2b3, intron 6 of 11)	3	36981846	37045027	63182	2	eif2b3	NM_201074.2	45199	gene-eif2b3	20.37987	0.595043917643222	TRUE	1	1	0	0	0
NC_133177.1	37488723	37488779	57	*	16	Intron (NM_001309831.2/brinp2, intron 1 of 7)	3	37347936	37529564	181629	2	brinp2	NM_001309831.2	40785	gene-brinp2	0.2041815	-2.2330027746368	TRUE	0	1	0	0	0
NC_133177.1	60124689	60124877	189	*	19	Distal Intergenic	3	60088767	60097536	8770	2	LOC100330771	XM_073921779.1	-27153	gene-LOC100330771	0	-Inf	FALSE	0	0	0	0	0
NC_133177.1	61187264	61187295	32	*	14	Promoter (2-3kb)	3	61177654	61189885	12232	2	LOC100331115	XM_073932129.1	2590	gene-LOC100331115	34.35245	0.911386272287729	TRUE	1	1	0	0	0
NC_133178.1	2270174	2270319	146	*	31	Distal Intergenic	4	2279196	2301281	22086	1	LOC103910189	XM_017354893.4	-8877	gene-LOC103910189	0.325058	-1.91412132047465	TRUE	0	1	0	0	0
NC_133178.1	8128077	8128236	160	*	25	Distal Intergenic	4	8155535	8159486	3952	1	LOC141381130	XR_012400800.1	-27299	gene-LOC141381130	0	-Inf	FALSE	0	0	0	0	0
NC_133178.1	13605623	13605708	86	*	27	Intron (XM_009299287.5/nfixb, intron 3 of 13)	4	13419326	13706614	287289	1	nfixb	XM_009299287.5	186297	gene-nfixb	0.1648465	-2.42131300547365	TRUE	0	1	0	0	0
NC_133178.1	22427647	22427728	82	*	17	Promoter (<=1kb)	4	22427829	22430587	2759	1	hoxb8a	XM_005171563.6	-101	gene-hoxb8a	25.064163	0.73809972287751	TRUE	1	1	0	0	0
NC_133178.1	22471838	22471883	46	*	15	Intron (NM_131117.3/hoxb3a, intron 2 of 4)	4	22437930	22487939	50010	1	hoxb3a	NM_131117.3	33908	gene-hoxb3a	39.961246	1.01447021400075	TRUE	1	1	0	0	0
NC_133178.1	26777649	26777769	121	*	17	Intron (XM_017354043.4/rbfox1, intron 7 of 13)	4	26727111	26818656	91546	2	rbfox1	XM_017354043.4	40887	gene-rbfox1	4.981273	-0.315925428957593	TRUE	0	1	0	0	0
NC_133178.1	26817350	26817437	88	*	15	Promoter (1-2kb)	4	26727111	26818656	91546	2	rbfox1	XM_017354043.4	1219	gene-rbfox1	4.981273	-0.315925428957593	TRUE	1	1	0	0	0
NC_133178.1	26825387	26825533	147	*	23	Intron (XM_017354049.4/rbfox1, intron 1 of 13)	4	26727111	26863346	136236	2	rbfox1	XM_017354049.4	37813	gene-rbfox1	4.981273	-0.315925428957593	TRUE	1	1	0	0	0
NC_133178.1	26984111	26984228	118	*	16	Intron (XM_017354045.4/rbfox1, intron 1 of 13)	4	26727111	26994855	267745	2	rbfox1	XM_017354045.4	10627	gene-rbfox1	4.981273	-0.315925428957593	TRUE	0	1	0	0	0
NC_133178.1	31703024	31703173	150	*	29	Distal Intergenic	4	31706665	31709680	3016	2	kat7a	NM_001076584.1	6507	gene-kat7a	0.712702	-1.52907312446713	TRUE	0	1	0	0	0
NC_133178.1	31703261	31703301	41	*	15	Distal Intergenic	4	31706665	31709680	3016	2	kat7a	NM_001076584.1	6379	gene-kat7a	0.712702	-1.52907312446713	TRUE	0	1	0	0	0
NC_133178.1	34368248	34368485	238	*	33	Distal Intergenic	4	34389280	34389722	443	1	tnrc6a	NR_023338.1	-20795	gene-tnrc6a	57.279677	1.26864325586651	TRUE	0	1	0	0	0
NC_133178.1	36554445	36554481	37	*	14	Intron (NM_001328037.1/gpatch8, intron 2 of 7)	4	36533322	36569700	36379	2	gpatch8	NM_001328037.1	15219	gene-gpatch8	22.02813	0.626017220779023	TRUE	1	1	0	0	0
NC_133178.1	44437541	44437616	76	*	15	Intron (XM_068217664.2/pdpk1a, intron 13 of 13)	4	44433615	44458672	25058	2	pdpk1a	XM_068217664.2	21056	gene-pdpk1a	1.10507	-1.19804244472505	TRUE	0	1	0	0	0
NC_133178.1	45969450	45969515	66	*	17	Intron (XR_012401199.1/LOC103910324, intron 1 of 1)	4	45966316	45976940	10625	1	LOC103910324	XR_012401199.1	3134	gene-LOC103910324	0.254262	-2.4743124772485	TRUE	0	1	0	0	1
NC_133178.1	59357198	59357284	87	*	16	Distal Intergenic	4	59362357	59381954	19598	2	axin2	NM_131561.1	24670	gene-axin2	31.7385405	0.865062126382582	TRUE	1	1	0	0	0
NC_133178.1	59364662	59364756	95	*	16	Intron (NM_131561.1/axin2, intron 10 of 10)	4	59362357	59381954	19598	2	axin2	NM_131561.1	17198	gene-axin2	31.7385405	0.865062126382582	TRUE	0	1	0	0	0
NC_133179.1	2469822	2469886	65	*	19	Intron (XM_073945388.1/kcnc2, intron 3 of 3)	5	2388042	2497550	109509	2	kcnc2	XM_073945388.1	27664	gene-kcnc2	0.0432205	-3.22468439322302	FALSE	0	0	0	0	0
NC_133179.1	2851309	2851713	405	*	28	Distal Intergenic	5	2854002	2865576	11575	2	csrp2	NM_200897.2	13863	gene-csrp2	8.4643985	0.0389613490422052	TRUE	0	1	0	0	0
NC_133179.1	6584836	6584912	77	*	26	Intron (XM_073945423.1/mdfic, intron 10 of 11)	5	6541241	6846485	305245	2	mdfic	XM_073945423.1	261573	gene-mdfic	1.6411485	-1.00871340224514	TRUE	1	1	0	0	0
NC_133179.1	6600296	6600324	29	*	17	Intron (XM_073945423.1/mdfic, intron 10 of 11)	5	6541241	6846485	305245	2	mdfic	XM_073945423.1	246161	gene-mdfic	1.6411485	-1.00871340224514	TRUE	1	1	0	0	0
NC_133179.1	6609668	6609710	43	*	16	Intron (XM_073945423.1/mdfic, intron 10 of 11)	5	6541241	6846485	305245	2	mdfic	XM_073945423.1	236775	gene-mdfic	1.6411485	-1.00871340224514	TRUE	0	1	0	0	0
NC_133179.1	6935536	6935626	91	*	15	Intron (XR_012401796.1/LOC141381570, intron 2 of 2)	5	6889621	6960563	70943	1	LOC141381570	XR_012401796.1	45915	gene-LOC141381570	0.022806	-3.53078204844651	FALSE	0	0	0	0	0
NC_133179.1	13078656	13078831	176	*	20	Distal Intergenic	5	13056157	13057329	1173	1	LOC103910417	XR_002456990.3	22499	gene-LOC103910417	1.5727365	-1.00424422895624	TRUE	0	1	0	0	0
NC_133179.1	13088266	13088404	139	*	21	Distal Intergenic	5	13056157	13057329	1173	1	LOC103910417	XR_002456990.3	32109	gene-LOC103910417	1.5727365	-1.00424422895624	TRUE	0	1	0	0	0
NC_133179.1	13392576	13392803	228	*	27	Intron (XR_012401477.1/msrb3, intron 11 of 12)	5	13376193	13489619	113427	2	msrb3	XR_012401477.1	96816	gene-msrb3	16.1999985	0.451785971245365	TRUE	0	1	0	0	0
NC_133179.1	15812892	15812957	66	*	19	Intron (XM_005164690.6/plxna4, intron 28 of 31)	5	15801201	16024935	223735	2	plxna4	XM_005164690.6	211978	gene-plxna4	2.111814	-0.807847819831881	TRUE	0	1	0	0	0
NC_133179.1	16212707	16212832	126	*	16	Intron (XM_073946250.1/exoc4, intron 5 of 9)	5	16189291	16243382	54092	1	exoc4	XM_073946250.1	23416	gene-exoc4	8.930257	0.0253167450997099	TRUE	0	1	0	0	0
NC_133179.1	17988987	17989042	56	*	17	Intron (NM_200551.1/pah, intron 4 of 12)	5	17980184	17997946	17763	2	pah	NM_200551.1	8904	gene-pah	12.6824925	0.242816467433335	TRUE	1	1	0	0	0
NC_133179.1	21054398	21054502	105	*	18	Intron (XM_073945538.1/cacna1c, intron 30 of 30)	5	20904022	21058427	154406	1	cacna1c	XM_073945538.1	150376	gene-cacna1c	0.4314195	-1.75952849166439	TRUE	0	1	0	0	0
NC_133179.1	25542870	25542997	128	*	21	Distal Intergenic	5	25697545	25707569	10025	2	gata3	NM_131211.1	164572	gene-gata3	13.814054	0.398834158935302	TRUE	0	1	0	0	0
NC_133179.1	28731143	28731543	401	*	33	Distal Intergenic	5	28734833	28835315	100483	1	slc6a1l	XM_021475277.3	-3290	gene-slc6a1l	0.0813945	-3.13182703614659	FALSE	1	0	0	0	0
NC_133179.1	69069802	69069895	94	*	15	Distal Intergenic	5	69060687	69066397	5711	2	LOC569391	XM_692772.10	-3405	gene-LOC569391	4.302477	-0.35463341305801	TRUE	0	1	0	0	0
NC_133179.1	69359883	69359942	60	*	19	Downstream (<=300bp)	5	69244666	69353448	108783	2	si:ch73-170d6.3	XM_002662153.8	-6435	gene-si:ch73-170d6.3	0.071807	-2.83628297015746	TRUE	1	1	0	0	0
NC_133180.1	3379800	3379862	63	*	16	Distal Intergenic	6	3332030	3369391	37362	1	hpda	XM_068221127.1	47770	gene-hpda	0.447439	-1.58450449647876	TRUE	0	1	0	0	0
NC_133180.1	3379964	3380055	92	*	31	Distal Intergenic	6	3332030	3369391	37362	1	hpda	XM_068221127.1	47934	gene-hpda	0.447439	-1.58450449647876	TRUE	0	1	0	0	0
NC_133180.1	5039802	5039854	53	*	16	Distal Intergenic	6	5053408	5064358	10951	2	zgc:153704	NM_001076726.2	24504	gene-zgc:153704	0.0277285	-Inf	FALSE	0	0	0	0	0
NC_133180.1	12099441	12099543	103	*	17	Distal Intergenic	6	12122113	12124647	2535	2	LOC110439807	XR_002458847.3	25104	gene-LOC110439807	2.0755575	-0.803306842481307	TRUE	1	1	0	0	0
NC_133180.1	16011082	16011152	71	*	21	Intron (XM_073951113.1/srrm4, intron 1 of 14)	6	15950643	16019638	68996	2	gnb1l	XM_073950324.1	8486	gene-gnb1l	3.379325	-0.544148190159941	TRUE	1	1	0	0	1
NC_133180.1	20122620	20122805	186	*	28	Intron (NM_131099.2/foxn4, intron 2 of 9)	6	20112343	20127005	14663	2	foxn4	NM_131099.2	4200	gene-foxn4	7.8063195	-0.0242491488883414	TRUE	1	1	0	0	0
NC_133180.1	28008981	28009044	64	*	17	Promoter (1-2kb)	6	28010650	28020833	10184	1	hdr	XM_005171798.6	-1606	gene-hdr	13.0567635	0.340669083014549	TRUE	0	1	0	0	0
NC_133180.1	33889183	33889228	46	*	15	Intron (XM_005171922.6/kyat1, intron 13 of 13)	6	33887869	33896433	8565	2	kyat1	XM_005171922.6	7205	gene-kyat1	7.6580435	0.016042592390452	TRUE	1	1	0	0	0
NC_133180.1	40140960	40141139	180	*	24	Intron (XM_073950029.1/paqr3a, intron 3 of 8)	6	40059657	40288392	228736	2	paqr3a	XM_073950029.1	147253	gene-paqr3a	13.240069	0.361176663776968	TRUE	0	1	0	0	0
NC_133180.1	40156163	40156283	121	*	16	Intron (XM_073950029.1/paqr3a, intron 2 of 8)	6	40059657	40288392	228736	2	paqr3a	XM_073950029.1	132109	gene-paqr3a	13.240069	0.361176663776968	TRUE	1	1	0	0	0
NC_133180.1	40457060	40457157	98	*	17	Promoter (<=1kb)	6	40457233	40475845	18613	1	fgf5	NM_001009561.1	-76	gene-fgf5	0.236874	-2.19207592407012	TRUE	1	1	0	0	0
NC_133180.1	41541805	41541906	102	*	18	Intron (XM_073951747.1/LOC141385704, intron 1 of 1)	6	41260511	41691280	430770	2	LOC141385704	XM_073951747.1	149374	gene-LOC141385704	0	-Inf	FALSE	0	0	0	0	0
NC_133180.1	41593971	41594058	88	*	19	Intron (XM_073951747.1/LOC141385704, intron 1 of 1)	6	41260511	41691280	430770	2	LOC141385704	XM_073951747.1	97222	gene-LOC141385704	0	-Inf	FALSE	0	0	0	0	0
NC_133180.1	42051692	42051753	62	*	19	Intron (NM_199558.2/zfr, intron 15 of 19)	6	42045294	42063168	17875	2	zfr	NM_199558.2	11415	gene-zfr	48.295897	1.124532980822	TRUE	0	1	0	0	0
NC_133180.1	42206792	42207005	214	*	20	Intron (XM_073950925.1/arid3c, intron 5 of 10)	6	42114484	42318231	203748	1	arid3c	XM_073950925.1	92308	gene-arid3c	21.564662	0.587228165022529	TRUE	1	1	0	0	0
NC_133180.1	46000582	46000691	110	*	19	Intron (XR_012405807.1/dmrt1, intron 3 of 3)	6	45957831	46021797	63967	2	LOC141385594	XR_012406318.1	21106	gene-LOC141385594	0.0223055	-3.96255380169738	FALSE	1	0	0	0	0
NC_133180.1	52249854	52249896	43	*	14	Intron (XM_009301757.5/mef2cb, intron 6 of 10)	6	52237261	52342395	105135	2	mef2cb	XM_009301757.5	92499	gene-mef2cb	11.431972	0.226299992737857	TRUE	0	1	0	0	0
NC_133180.1	53441787	53441840	54	*	16	Distal Intergenic	6	53453980	53477594	23615	1	LOC141385855	XR_012406967.1	-12140	gene-LOC141385855	0.008841	-3.69764922500104	FALSE	1	0	0	0	0
NC_133180.1	53706293	53706398	106	*	16	Distal Intergenic	6	53807146	53814374	7229	2	linc.0464	XR_223641.6	107976	gene-linc.0464	17.598861	0.460529662025385	TRUE	1	1	0	0	0
NC_133180.1	53794840	53794914	75	*	23	Distal Intergenic	6	53807146	53814374	7229	2	linc.0464	XR_223641.6	19460	gene-linc.0464	17.598861	0.460529662025385	TRUE	0	1	0	0	0
NC_133180.1	54567295	54567390	96	*	18	Intron (XM_009301796.4/mctp1a, intron 17 of 21)	6	54525348	54781736	256389	2	mctp1a	XM_009301796.4	214346	gene-mctp1a	0.558089	-1.63072472549753	TRUE	0	1	0	0	0
NC_133180.1	67070388	67070445	58	*	18	Intron (XM_017356366.3/doc2b, intron 9 of 17)	6	66809144	67220872	411729	1	doc2b	XM_017356366.3	261244	gene-doc2b	0.64831	-1.46689552349536	TRUE	0	1	0	0	0
NC_133180.1	70039222	70039261	40	*	15	Intron (XM_073949694.1/pappab, intron 2 of 22)	6	69846735	70099618	252884	2	pappab	XM_073949694.1	60357	gene-pappab	0.4114915	-1.96936338022378	TRUE	1	1	0	0	0
NC_133180.1	71632769	71632801	33	*	16	Intron (XM_005168649.6/notch1b, intron 15 of 33)	6	71594565	71699365	104801	2	notch1b	XM_005168649.6	66564	gene-notch1b	11.4798975	0.225860747499739	TRUE	1	1	0	0	0
NC_133180.1	74019131	74019236	106	*	19	Distal Intergenic	6	74002918	74015976	13059	2	gtf3aa	NM_001003866.1	-3155	gene-gtf3aa	19.5803825	0.569150400750423	TRUE	1	1	0	0	0
NC_133181.1	957419	957516	98	*	28	Intron (XR_012407492.1/LOC141386151, intron 2 of 5)	7	885855	1125265	239411	1	LOC141386151	XR_012407492.1	71564	gene-LOC141386151	0.011179	-3.96683571250575	FALSE	1	0	0	0	0
NC_133181.1	1500521	1500580	60	*	23	Intron (XR_012407497.1/LOC141386154, intron 2 of 3)	7	1493254	1664286	171033	1	LOC141386154	XR_012407497.1	7267	gene-LOC141386154	0.030005	-Inf	FALSE	1	0	0	0	0
NC_133181.1	2281173	2281261	89	*	22	Promoter (<=1kb)	7	2269934	2280821	10888	2	chchd6b	XM_073952909.1	-352	gene-chchd6b	37.6688545	0.965726269942887	TRUE	1	1	0	0	0
NC_133181.1	3090673	3090725	53	*	16	Intron (XR_012407413.1/pbx1b, intron 7 of 8)	7	2968294	3095176	126883	1	pbx1b	XR_012407413.1	122379	gene-pbx1b	2.337004	-0.855297990230495	TRUE	1	1	0	0	0
NC_133181.1	5225891	5225989	99	*	19	Intron (XR_012407551.1/LOC137495912, intron 4 of 5)	7	5138545	5341578	203034	2	LOC137495912	XR_012407551.1	115589	gene-LOC137495912	0.242666	-2.26269007611658	TRUE	0	1	0	0	0
NC_133181.1	5237285	5237334	50	*	15	Intron (XR_012407551.1/LOC137495912, intron 4 of 5)	7	5138545	5341578	203034	2	LOC137495912	XR_012407551.1	104244	gene-LOC137495912	0.242666	-2.26269007611658	TRUE	1	1	0	0	0
NC_133181.1	5255950	5256066	117	*	21	Intron (NM_001312866.2/pou4f1, intron 1 of 1)	7	5138545	5341578	203034	2	LOC137495912	XR_012407551.1	85512	gene-LOC137495912	0.242666	-2.26269007611658	TRUE	1	1	0	0	0
NC_133181.1	6479943	6480057	115	*	22	Intron (XR_012407583.1/LOC141386167, intron 3 of 6)	7	6392826	6573846	181021	2	LOC141386167	XR_012407583.1	93789	gene-LOC141386167	0.0354695	-2.8480233562975	TRUE	1	1	0	0	0
NC_133181.1	7851500	7851570	71	*	16	Intron (NM_001114896.1/rapgef4b, intron 12 of 12)	7	7787711	7859195	71485	1	rapgef4b	NM_001114896.1	63789	gene-rapgef4b	0.7073735	-1.39324088296116	TRUE	0	1	0	0	0
NC_133181.1	12785482	12785544	63	*	19	Intron (XR_011015917.2/LOC137495927, intron 1 of 1)	7	12777645	12792305	14661	2	LOC137495927	XR_011015917.2	6761	gene-LOC137495927	0.6188215	-1.57484796606992	TRUE	1	1	0	0	0
NC_133181.1	14196028	14196106	79	*	16	Intron (XM_073952792.1/asic4b, intron 1 of 9)	7	13908442	14659177	750736	1	asic4b	XM_073952792.1	287586	gene-asic4b	0.6155555	-1.60602818509392	TRUE	0	1	0	1	0
NC_133181.1	15416346	15416390	45	*	16	Distal Intergenic	7	15309553	15332806	23254	2	LOC141386204	XR_012407710.1	-83540	gene-LOC141386204	0	-Inf	FALSE	1	0	0	0	0
NC_133181.1	15469911	15469980	70	*	18	Distal Intergenic	7	15309553	15332806	23254	2	LOC141386204	XR_012407710.1	-137105	gene-LOC141386204	0	-Inf	FALSE	1	0	0	0	0
NC_133181.1	15749237	15749294	58	*	16	Distal Intergenic	7	15756895	15764255	7361	1	LOC110439863	XM_021477050.2	-7601	gene-LOC110439863	1.395052	-1.00338681511773	TRUE	1	1	0	0	0
NC_133181.1	15943336	15943425	90	*	22	Promoter (2-3kb)	7	15912926	15940353	27428	2	si:ch73-30b17.2	XR_012407714.1	-2983	gene-si:ch73-30b17.2	4.2534285	-0.434870597008773	TRUE	0	1	0	0	0
NC_133181.1	17095872	17095935	64	*	15	Intron (XM_005168731.6/agap1, intron 17 of 18)	7	17063880	17301549	237670	2	agap1	XM_005168731.6	205614	gene-agap1	8.188627	-0.0132195653885413	TRUE	1	1	0	0	0
NC_133181.1	27198215	27198282	68	*	21	Distal Intergenic	7	27207703	27249194	41492	1	LOC137490211	XR_012407955.1	-9421	gene-LOC137490211	0.2008325	-2.37845835526105	TRUE	0	1	0	0	0
NC_133181.1	27292745	27292926	182	*	40	Intron (XR_012407950.1/LOC137490211, intron 5 of 5)	7	27207703	27388076	180374	1	LOC137490211	XR_012407950.1	85042	gene-LOC137490211	0.2008325	-2.37845835526105	TRUE	0	1	0	0	0
NC_133181.1	27391521	27391566	46	*	14	Distal Intergenic	7	27283093	27286922	3830	1	barhl2	NM_205740.1	108428	gene-barhl2	5.482916	-0.200140884034682	TRUE	1	1	0	0	0
NC_133181.1	28449550	28449601	52	*	16	Intron (XR_012407225.1/kyat3.2, intron 13 of 15)	7	27735965	28544820	808856	1	kyat3.2	XR_012407225.1	713585	gene-kyat3.2	16.1902525	0.484122241912958	TRUE	1	1	0	0	0
NC_133181.1	28458139	28458189	51	*	19	Intron (XR_012407225.1/kyat3.2, intron 13 of 15)	7	27735965	28544820	808856	1	kyat3.2	XR_012407225.1	722174	gene-kyat3.2	16.1902525	0.484122241912958	TRUE	1	1	0	0	0
NC_133181.1	29050458	29050596	139	*	26	Intron (XM_073954096.1/LOC141386270, intron 1 of 2)	7	28913773	29268734	354962	1	LOC141386270	XM_073954096.1	136685	gene-LOC141386270	0.0099055	-4.04079722146932	FALSE	1	0	0	0	0
NC_133181.1	31162290	31162433	144	*	51	Intron (XM_073953323.1/lpp, intron 10 of 12)	7	31017660	31191816	174157	2	LOC141386288	XR_012407977.1	29383	gene-LOC141386288	0.010137	-4.02665644320285	FALSE	0	0	0	0	0
NC_133181.1	34573217	34573273	57	*	16	Intron (NM_001328132.1/itgb3bp, intron 7 of 8)	7	34563393	34576297	12905	1	itgb3bp	NM_001328132.1	9824	gene-itgb3bp	6.1656595	-0.107907980135642	TRUE	0	1	0	0	0
NC_133181.1	34611108	34611144	37	*	16	Intron (XR_012407157.1/itgb3bp, intron 9 of 9)	7	34563393	34616864	53472	1	itgb3bp	XR_012407157.1	47715	gene-itgb3bp	6.1656595	-0.107907980135642	TRUE	1	1	0	0	0
NC_133181.1	34655640	34655704	65	*	18	Distal Intergenic	7	34619234	34624685	5452	1	LOC137495977	XR_011015997.2	36406	gene-LOC137495977	0.3812495	-1.9734755622912	TRUE	0	1	0	0	1
NC_133181.1	34822179	34822287	109	*	28	Intron (XM_005165874.5/atg4c, intron 8 of 10)	7	34817963	34832282	14320	2	atg4c	XM_005165874.5	9995	gene-atg4c	9.4054895	0.139269674718949	TRUE	0	1	0	0	1
NC_133181.1	37969620	37969684	65	*	16	Distal Intergenic	7	37936621	37950619	13999	2	rgs5a	NM_199962.2	-19001	gene-rgs5a	2.11159	-0.83952350456725	TRUE	0	1	0	0	0
NC_133181.1	39033628	39033747	120	*	19	Intron (XR_011016020.2/LOC137490239, intron 1 of 4)	7	39030315	39098286	67972	1	LOC137490239	XR_011016020.2	3313	gene-LOC137490239	0.0310285	-Inf	FALSE	1	0	0	0	1
NC_133181.1	39072039	39072089	51	*	15	Intron (XR_011016020.2/LOC137490239, intron 3 of 4)	7	39030315	39098286	67972	1	LOC137490239	XR_011016020.2	41724	gene-LOC137490239	0.0310285	-Inf	FALSE	1	0	0	0	1
NC_133181.1	45567018	45567061	44	*	15	Intron (NM_001316959.1/glyctk, intron 4 of 4)	7	45565454	45573523	8070	2	glyctk	NM_001316959.1	6462	gene-glyctk	7.24706	-0.0216633727256184	TRUE	0	1	0	0	0
NC_133181.1	45932550	45932630	81	*	16	Intron (NM_001362262.1/mitfa, intron 4 of 11)	7	45896420	45939816	43397	1	mitfa	NM_001362262.1	36130	gene-mitfa	10.104416	0.180359376082422	TRUE	0	1	0	0	0
NC_133181.1	46025010	46025073	64	*	19	Intron (XR_012408165.1/LOC141386340, intron 3 of 5)	7	46006776	46113395	106620	1	LOC141386340	XR_012408165.1	18234	gene-LOC141386340	0.007003	-3.8401805618976	FALSE	1	0	0	0	0
NC_133181.1	46139814	46139884	71	*	17	Intron (XM_073953209.1/foxp1b, intron 8 of 14)	7	46118978	46195260	76283	2	foxp1b	XM_073953209.1	55376	gene-foxp1b	11.340109	0.22781451138304	TRUE	1	1	0	0	0
NC_133181.1	46150313	46150419	107	*	21	Intron (XM_073953209.1/foxp1b, intron 6 of 14)	7	46118978	46195260	76283	2	foxp1b	XM_073953209.1	44841	gene-foxp1b	11.340109	0.22781451138304	TRUE	0	1	0	0	1
NC_133181.1	46259822	46259906	85	*	28	Intron (XM_068221773.2/foxp1b, intron 2 of 16)	7	46118978	46283566	164589	2	foxp1b	XM_068221773.2	23660	gene-foxp1b	11.340109	0.22781451138304	TRUE	0	1	0	0	1
NC_133181.1	46302332	46302376	45	*	14	Intron (XM_068221772.2/foxp1b, intron 2 of 17)	7	46118978	46322707	203730	2	foxp1b	XM_068221772.2	20331	gene-foxp1b	11.340109	0.22781451138304	TRUE	0	1	0	0	0
NC_133181.1	50646184	50646221	38	*	15	Intron (XR_012408205.1/LOC141386355, intron 3 of 4)	7	50630537	50668821	38285	2	LOC141386355	XR_012408205.1	22600	gene-LOC141386355	0	-Inf	FALSE	0	0	0	0	0
NC_133181.1	62282434	62282547	114	*	37	Distal Intergenic	7	62363060	62366149	3090	1	LOC141386398	XR_012408343.1	-80513	gene-LOC141386398	0.048654	-2.65473273453589	TRUE	0	1	0	0	0
NC_133182.1	735692	735919	228	*	20	Intron (XM_073906700.1/nrxn2b, intron 5 of 22)	8	630841	1490782	859942	2	alpk1	XM_073907797.1	754863	gene-alpk1	3.0125385	-0.593202893069752	TRUE	1	1	0	0	0
NC_133182.1	960598	960717	120	*	29	Intron (XM_073906700.1/nrxn2b, intron 22 of 22)	8	630841	1490782	859942	2	alpk1	XM_073907797.1	530065	gene-alpk1	3.0125385	-0.593202893069752	TRUE	0	1	0	0	0
NC_133182.1	11391711	11391915	205	*	23	Intron (XR_012383148.1/cemip, intron 16 of 16)	8	10962318	12102398	1140081	1	cemip	XR_012383148.1	429393	gene-cemip	1.103618	-1.19934076233525	TRUE	1	1	0	0	0
NC_133182.1	12810745	12810803	59	*	14	Distal Intergenic	8	12801789	12802966	1178	1	gjd6	NM_001103197.1	8956	gene-gjd6	0.797772	-1.36869746299923	TRUE	0	1	0	0	0
NC_133182.1	18865213	18865263	51	*	14	Intron (NM_001017819.1/mllt3, intron 2 of 12)	8	18768083	18872895	104813	2	mllt3	NM_001017819.1	7632	gene-mllt3	22.127218	0.669959341740297	TRUE	0	1	0	0	0
NC_133182.1	26903426	26903468	43	*	16	Intron (XM_001340930.8/alx4a, intron 2 of 3)	8	26894883	26925666	30784	2	alx4a	XM_001340930.8	22198	gene-alx4a	4.2295615	-0.37652171927645	TRUE	0	1	0	0	0
NC_133182.1	27322110	27322166	57	*	18	Intron (NM_001123009.2/sox6, intron 4 of 17)	8	27275372	27476398	201027	1	sox6	NM_001123009.2	46738	gene-sox6	8.7247365	0.0642049347775021	TRUE	1	1	0	0	0
NC_133182.1	27338917	27339049	133	*	33	Intron (NM_001123009.2/sox6, intron 4 of 17)	8	27275372	27476398	201027	1	sox6	NM_001123009.2	63545	gene-sox6	8.7247365	0.0642049347775021	TRUE	1	1	0	0	0
NC_133182.1	27386835	27386908	74	*	16	Intron (NM_001123009.2/sox6, intron 7 of 17)	8	27275372	27476398	201027	1	sox6	NM_001123009.2	111463	gene-sox6	8.7247365	0.0642049347775021	TRUE	1	1	0	0	0
NC_133182.1	27491900	27491946	47	*	15	Intron (XM_068222334.2/cyp2r1, intron 1 of 6)	8	27477093	27720996	243904	1	cyp2r1	XM_068222334.2	14807	gene-cyp2r1	1.257261	-1.15463414593126	TRUE	0	1	0	0	1
NC_133182.1	28241216	28241280	65	*	14	Distal Intergenic	8	28278163	28286725	8563	1	LOC141375017	XM_073908895.1	-36883	gene-LOC141375017	0.362894	-2.10041027512216	TRUE	1	1	0	0	1
NC_133182.1	28620602	28620985	384	*	43	Intron (NM_001014813.1/scube2, intron 16 of 22)	8	28607915	28650300	42386	2	scube2	NM_001014813.1	29315	gene-scube2	20.6983715	0.596211396791206	TRUE	1	1	0	0	1
NC_133182.1	28621028	28621102	75	*	22	Intron (NM_001014813.1/scube2, intron 16 of 22)	8	28607915	28650300	42386	2	scube2	NM_001014813.1	29198	gene-scube2	20.6983715	0.596211396791206	TRUE	1	1	0	0	1
NC_133182.1	33730519	33730621	103	*	28	Intron (XM_005168834.6/tle3b, intron 5 of 20)	8	33701847	33741357	39511	2	tle3b	XM_005168834.6	10736	gene-tle3b	41.5828725	1.01489418084311	TRUE	1	1	0	0	1
NC_133182.1	33810977	33811065	89	*	15	Distal Intergenic	8	33701847	33742051	40205	2	tle3b	XM_073905997.1	-68926	gene-tle3b	41.5828725	1.01489418084311	TRUE	1	1	0	0	0
NC_133182.1	33828860	33828917	58	*	14	Distal Intergenic	8	33856601	33885474	28874	2	uacab	XM_021477874.3	56557	gene-uacab	11.6087285	0.240792136834639	TRUE	1	1	0	0	0
NC_133182.1	34026943	34026993	51	*	14	Promoter (1-2kb)	8	34019256	34025432	6177	2	skor1a	NM_001130652.1	-1511	gene-skor1a	1.424296	-1.09642345240555	TRUE	0	1	0	0	0
NC_133182.1	35776118	35776198	81	*	21	Distal Intergenic	8	35818027	35821520	3494	2	irx5a	NM_001045227.1	45322	gene-irx5a	26.091915	0.756221799739908	TRUE	1	1	0	0	1
NC_133182.1	35962647	35962696	50	*	18	Distal Intergenic	8	36092032	36262477	170446	1	LOC141375396	XR_012383389.1	-129336	gene-LOC141375396	1.015977	-1.29400920538263	TRUE	1	1	0	0	0
NC_133182.1	36027291	36027424	134	*	44	Distal Intergenic	8	36092032	36262477	170446	1	LOC141375396	XR_012383389.1	-64608	gene-LOC141375396	1.015977	-1.29400920538263	TRUE	0	1	0	0	1
NC_133182.1	36269241	36269326	86	*	16	Intron (XM_001345874.9/fto, intron 8 of 9)	8	36218728	36450344	231617	2	fto	XM_001345874.9	181018	gene-fto	0.990426	-1.27355381106021	TRUE	0	1	0	0	0
NC_133182.1	36364239	36364272	34	*	15	Intron (XM_001345874.9/fto, intron 7 of 9)	8	36218728	36450344	231617	2	fto	XM_001345874.9	86072	gene-fto	0.990426	-1.27355381106021	TRUE	1	1	0	0	0
NC_133182.1	36439773	36439835	63	*	16	Intron (XM_001345874.9/fto, intron 1 of 9)	8	36218728	36450344	231617	2	fto	XM_001345874.9	10509	gene-fto	0.990426	-1.27355381106021	TRUE	0	1	0	0	1
NC_133182.1	37152333	37152465	133	*	31	Intron (XM_073908782.1/tox3, intron 3 of 6)	8	36875436	37168161	292726	1	tox3	XM_073908782.1	276897	gene-tox3	9.4740095	0.140588408285919	TRUE	1	1	0	0	1
NC_133182.1	37429899	37430018	120	*	18	Intron (XM_073906586.1/sall1a, intron 3 of 6)	8	37187971	37599395	411425	1	sall1a	XM_073906586.1	241928	gene-sall1a	10.609694	0.189696435707009	TRUE	0	1	1	0	0
NC_133182.1	37505538	37505570	33	*	14	Intron (XM_073906586.1/sall1a, intron 3 of 6)	8	37187971	37599395	411425	1	sall1a	XM_073906586.1	317567	gene-sall1a	10.609694	0.189696435707009	TRUE	1	1	1	0	0
NC_133182.1	37549467	37549518	52	*	16	Intron (XM_073906586.1/sall1a, intron 3 of 6)	8	37187971	37599395	411425	1	sall1a	XM_073906586.1	361496	gene-sall1a	10.609694	0.189696435707009	TRUE	1	1	1	0	0
NC_133182.1	37611427	37611503	77	*	16	Distal Intergenic	8	37589513	37599395	9883	1	sall1a	XM_073906582.1	21914	gene-sall1a	10.609694	0.189696435707009	TRUE	0	1	1	0	0
NC_133182.1	37677010	37677184	175	*	30	Intron (XR_011016192.2/LOC137496101, intron 2 of 2)	8	37630740	37684823	54084	2	LOC137496101	XR_011016192.2	7639	gene-LOC137496101	0	-Inf	FALSE	0	0	0	0	1
NC_133182.1	40866447	40866508	62	*	14	Distal Intergenic	8	40840511	40840591	81	1	dre-mir-153a	NR_030097.1	25936	gene-dre-mir-153a	0	-Inf	FALSE	1	0	0	0	0
NC_133182.1	40967238	40967294	57	*	26	Intron (NM_200473.2/ube3c, intron 11 of 23)	8	40935529	40979427	43899	2	ube3c	NM_200473.2	12133	gene-ube3c	7.970079	-0.0170392113821685	TRUE	1	1	0	0	0
NC_133182.1	40987856	40987905	50	*	14	Promoter (<=1kb)	8	40986875	40989655	2781	1	mnx1	NM_001009885.2	981	gene-mnx1	3.518006	-0.415746944159685	TRUE	1	1	0	0	0
NC_133182.1	43884978	43885118	141	*	20	Intron (XM_073907189.1/cdh8, intron 2 of 13)	8	43694378	43947058	252681	2	cdh8	XM_073907189.1	61940	gene-cdh8	0.360099	-1.89976837793939	TRUE	1	1	0	0	0
NC_133182.1	48048822	48049030	209	*	44	Intron (XM_073907234.1/znf536, intron 5 of 9)	8	47822551	48223406	400856	1	znf536	XM_073907234.1	226271	gene-znf536	2.391407	-0.765919608762358	TRUE	1	1	0	0	0
NC_133182.1	48219381	48219548	168	*	17	Intron (XM_073907234.1/znf536, intron 9 of 9)	8	47822551	48223406	400856	1	znf536	XM_073907234.1	396830	gene-znf536	2.391407	-0.765919608762358	TRUE	0	1	0	0	0
NC_133182.1	48237556	48237608	53	*	15	Intron (XM_073907218.1/znf536, intron 13 of 13)	8	47822551	48288230	465680	1	znf536	XM_073907218.1	415005	gene-znf536	2.391407	-0.765919608762358	TRUE	0	1	0	0	0
NC_133182.1	48238226	48238271	46	*	19	Intron (XM_073907218.1/znf536, intron 13 of 13)	8	47822551	48288230	465680	1	znf536	XM_073907218.1	415675	gene-znf536	2.391407	-0.765919608762358	TRUE	0	1	0	0	0
NC_133182.1	48391190	48391282	93	*	16	Intron (XR_012382631.1/LOC141375118, intron 1 of 2)	8	48365397	48495764	130368	2	LOC141375118	XR_012382631.1	104482	gene-LOC141375118	0.0364865	-3.24340191338785	FALSE	0	0	0	0	0
NC_133182.1	54072984	54073020	37	*	15	Intron (XM_003198999.7/cgnl1, intron 8 of 18)	8	54021464	54095245	73782	2	cgnl1	XM_003198999.7	22225	gene-cgnl1	19.5429795	0.570186458672013	TRUE	1	1	0	0	0
NC_133182.1	56634245	56634389	145	*	27	Intron (XM_073907346.1/cbfa2t3, intron 2 of 11)	8	56616686	56668271	51586	2	cbfa2t3	XM_073907346.1	33882	gene-cbfa2t3	7.032377	-0.0990760136094223	TRUE	1	1	0	0	0
NC_133182.1	56928715	56928753	39	*	15	Promoter (2-3kb)	8	56931127	57033703	102577	1	acsf3	XM_073907358.1	-2374	gene-acsf3	3.5638375	-0.475768250252281	TRUE	0	1	0	0	0
NC_133182.1	66372948	66373006	59	*	14	Distal Intergenic	8	66391409	66643191	251783	1	pcdh7b	NM_001365653.1	-18403	gene-pcdh7b	5.75124	-0.182747438439432	TRUE	0	1	0	0	0
NC_133182.1	68394768	68394875	108	*	21	Intron (XM_068222301.1/znf609b, intron 2 of 8)	8	68367093	68488741	121649	1	znf609b	XM_068222301.1	27675	gene-znf609b	19.3719275	0.548879170650369	TRUE	1	1	0	0	0
NC_133182.1	70794486	70794582	97	*	21	Distal Intergenic	8	70807375	70815278	7904	1	clec3a	XM_005170772.6	-12793	gene-clec3a	0.015461	-3.35583487265172	FALSE	1	0	0	0	0
NC_133182.1	73572064	73572102	39	*	15	Intron (XM_017357129.3/pmfbp1, intron 1 of 25)	8	73259410	73587289	327880	2	pmfbp1	XM_017357129.3	15187	gene-pmfbp1	0.4120965	-1.79429247127144	TRUE	0	1	0	0	1
NC_133182.1	73717675	73717752	78	*	19	Intron (XM_073906065.1/zfhx3b, intron 2 of 7)	8	73660737	73795116	134380	2	zfhx3b	XM_073906065.1	77364	gene-zfhx3b	4.37881	-0.397458556364751	TRUE	0	1	0	0	0
NC_133182.1	74263669	74263776	108	*	19	Intron (XM_021478047.2/zfhx3b, intron 1 of 13)	8	73660737	74354641	693905	2	zfhx3b	XM_021478047.2	90865	gene-zfhx3b	4.37881	-0.397458556364751	TRUE	0	1	0	0	0
NC_133182.1	74272380	74272534	155	*	19	Intron (XM_021478047.2/zfhx3b, intron 1 of 13)	8	73660737	74354641	693905	2	zfhx3b	XM_021478047.2	82107	gene-zfhx3b	4.37881	-0.397458556364751	TRUE	1	1	0	0	1
NC_133182.1	74275107	74275293	187	*	18	Intron (XM_021478047.2/zfhx3b, intron 1 of 13)	8	73660737	74354641	693905	2	zfhx3b	XM_021478047.2	79348	gene-zfhx3b	4.37881	-0.397458556364751	TRUE	0	1	0	0	0
NC_133182.1	74435914	74436050	137	*	20	Intron (XM_068222142.1/zfhx3b, intron 1 of 14)	8	73660737	74442325	781589	2	zfhx3b	XM_068222142.1	6275	gene-zfhx3b	4.37881	-0.397458556364751	TRUE	1	1	0	0	0
NC_133182.1	76137201	76137319	119	*	18	Distal Intergenic	8	76143244	76237156	93913	2	ppargc1a	XM_002667531.8	99837	gene-ppargc1a	2.422798	-0.764791957137624	TRUE	0	1	0	0	0
NC_133183.1	606417	606570	154	*	35	Intron (XR_012383989.1/dmxl1, intron 23 of 23)	9	505083	643131	138049	2	LOC141375560	XR_012383994.1	36561	gene-LOC141375560	0.076895	-2.72009102525627	TRUE	1	1	0	0	0
NC_133183.1	5465625	5465673	49	*	15	Intron (XR_012384057.1/gcn1, intron 57 of 57)	9	4928287	5708078	779792	1	gcn1	XR_012384057.1	537338	gene-gcn1	25.463155	0.727956835667901	TRUE	0	1	0	0	0
NC_133183.1	5698993	5699044	52	*	14	Intron (XR_012384057.1/gcn1, intron 57 of 57)	9	5467441	5737791	270351	2	cux2b	XM_073910044.1	38747	gene-cux2b	0.2094705	-2.37123257640493	TRUE	0	1	0	0	0
NC_133183.1	16199515	16199643	129	*	26	Intron (NM_001025455.1/acbd6, intron 7 of 7)	9	16144070	16204685	60616	1	acbd6	NM_001025455.1	55445	gene-acbd6	12.9326775	0.325189256284726	TRUE	1	1	0	0	0
NC_133183.1	18113219	18113259	41	*	15	Intron (XM_021478230.3/faf1, intron 12 of 18)	9	18051845	18186239	134395	2	faf1	XM_021478230.3	72980	gene-faf1	18.8290015	0.542454750246611	TRUE	1	1	0	0	1
NC_133183.1	20213407	20213478	72	*	21	Promoter (<=1kb)	9	20102161	20213126	110966	2	rnf220b	XM_073910196.1	-281	gene-rnf220b	0.907408	-1.30430831588809	TRUE	0	1	0	0	0
NC_133183.1	21668381	21668472	92	*	19	Intron (XR_012384254.1/si:ch211-120j21.2, intron 5 of 6)	9	21607898	21676218	68321	1	si:ch211-120j21.2	XR_012384254.1	60483	gene-si:ch211-120j21.2	0.01985	-Inf	FALSE	1	0	0	0	1
NC_133183.1	21966978	21967057	80	*	17	Intron (NM_001013278.1/rfx2, intron 5 of 17)	9	21942017	22007084	65068	2	rfx2	NM_001013278.1	40027	gene-rfx2	18.352067	0.565507374582257	TRUE	1	1	0	0	0
NC_133183.1	22632502	22632563	62	*	17	Intron (XM_068223130.2/nfic, intron 5 of 11)	9	22456783	22682118	225336	1	nfic	XM_068223130.2	175719	gene-nfic	0.3323695	-1.98021739944523	TRUE	0	1	0	0	0
NC_133183.1	31863530	31863610	81	*	15	Intron (XM_073909553.1/slc20a2, intron 10 of 10)	9	31851174	31933769	82596	2	slc20a2	XM_073909553.1	70159	gene-slc20a2	8.4932065	0.0766605897841233	TRUE	0	1	0	0	0
NC_133183.1	32080142	32080204	63	*	16	Intron (NM_001305542.1/ptch1, intron 8 of 23)	9	32043114	32148341	105228	1	ptch1	NM_001305542.1	37028	gene-ptch1	13.4635555	0.29876872466262	TRUE	1	1	0	0	0
NC_133183.1	35267985	35268049	65	*	14	Intron (XR_012384453.1/LOC141375661, intron 3 of 5)	9	35262256	35281747	19492	1	LOC141375661	XR_012384453.1	5729	gene-LOC141375661	0	-Inf	FALSE	0	0	0	0	0
NC_133183.1	35577076	35577132	57	*	16	Intron (XR_012383532.1/mvb12bb, intron 6 of 8)	9	35516533	35672646	156114	2	mvb12bb	XR_012383532.1	95514	gene-mvb12bb	0.3120375	-1.84216569381033	TRUE	0	1	0	0	1
NC_133183.1	35902700	35902791	92	*	32	Distal Intergenic	9	35936124	35938095	1972	1	LOC141375660	XR_012384452.1	-33333	gene-LOC141375660	0.9913005	-1.19332228828992	TRUE	1	1	0	0	1
NC_133183.1	35902844	35902948	105	*	33	Distal Intergenic	9	35936124	35938095	1972	1	LOC141375660	XR_012384452.1	-33176	gene-LOC141375660	0.9913005	-1.19332228828992	TRUE	1	1	0	0	1
NC_133183.1	35950882	35950910	29	*	14	Intron (XR_012384459.1/LOC141375664, intron 1 of 2)	9	35946256	35959065	12810	1	LOC141375664	XR_012384459.1	4626	gene-LOC141375664	0	-Inf	FALSE	1	0	0	0	0
NC_133183.1	47747862	47748105	244	*	23	Distal Intergenic	9	47942679	48008959	66281	1	lzts1	XM_009304165.4	-194574	gene-lzts1	4.4744235	-0.341158235692533	TRUE	1	1	0	0	0
NC_133183.1	57875767	57876018	252	*	19	Intron (XM_001922892.9/prdm16, intron 1 of 16)	9	57868788	57894290	25503	2	LOC141375930	XR_012384764.1	18272	gene-LOC141375930	0	-Inf	FALSE	0	0	0	0	0
NC_133183.1	57980887	57980953	67	*	17	Intron (XM_001922892.9/prdm16, intron 2 of 16)	9	57830812	58307135	476324	1	prdm16	XM_001922892.9	150075	gene-prdm16	4.593579	-0.391050808461248	TRUE	0	1	0	0	0
NC_133183.1	58023817	58023893	77	*	16	Intron (XM_001922892.9/prdm16, intron 2 of 16)	9	57830812	58307135	476324	1	prdm16	XM_001922892.9	193005	gene-prdm16	4.593579	-0.391050808461248	TRUE	1	1	0	0	0
NC_133183.1	58239368	58239453	86	*	15	Intron (XM_001922892.9/prdm16, intron 5 of 16)	9	57830812	58307135	476324	1	prdm16	XM_001922892.9	408556	gene-prdm16	4.593579	-0.391050808461248	TRUE	1	1	0	0	1
NC_133183.1	62668484	62668579	96	*	27	Promoter (<=1kb)	9	62667731	62786704	118974	1	adgrd2	XM_073911277.1	753	gene-adgrd2	4.556619	-0.328887562604405	TRUE	0	1	0	0	0
NC_133184.1	1917786	1917863	78	*	26	Distal Intergenic	10	1928858	1931483	2626	2	LOC141376042	XR_012385099.1	13620	gene-LOC141376042	4.2079215	-0.332924767060149	TRUE	1	1	0	0	1
NC_133184.1	1930379	1930448	70	*	20	Promoter (1-2kb)	10	1928858	1931483	2626	2	LOC141376042	XR_012385099.1	1035	gene-LOC141376042	4.2079215	-0.332924767060149	TRUE	0	1	0	0	0
NC_133184.1	2046186	2046264	79	*	21	Distal Intergenic	10	2018100	2043679	25580	1	lnpa	NM_199480.1	28086	gene-lnpa	25.515257	0.738188769146443	TRUE	1	1	0	0	1
NC_133184.1	2170357	2170384	28	*	14	Intron (XR_012385100.1/LOC141376043, intron 2 of 3)	10	2151096	2174294	23199	2	LOC141376043	XR_012385100.1	3910	gene-LOC141376043	0.0080935	-Inf	FALSE	1	0	0	0	1
NC_133184.1	2199580	2199624	45	*	17	Distal Intergenic	10	2151096	2174294	23199	2	LOC141376043	XR_012385100.1	-25286	gene-LOC141376043	0.0080935	-Inf	FALSE	0	0	0	0	1
NC_133184.1	2732931	2732979	49	*	15	Intron (XR_012385762.1/LOC141376257, intron 2 of 2)	10	2721811	2735377	13567	1	LOC141376257	XR_012385762.1	11120	gene-LOC141376257	0	-Inf	FALSE	0	0	0	0	1
NC_133184.1	5215882	5215965	84	*	25	Distal Intergenic	10	5241712	5266387	24676	1	galnt5	XM_073912445.1	-25747	gene-galnt5	9.532235	0.121848551112425	TRUE	1	1	0	0	1
NC_133184.1	9198415	9198602	188	*	21	Promoter (<=1kb)	10	9198656	9208472	9817	1	sik1	XM_005167449.5	-54	gene-sik1	9.359165	0.113543190614651	TRUE	1	1	0	1	0
NC_133184.1	10202263	10202312	50	*	14	Distal Intergenic	10	10151415	10170342	18928	2	spopla	NM_001013447.1	-31921	gene-spopla	14.487055	0.396179400919865	TRUE	0	1	0	0	0
NC_133184.1	18740577	18740611	35	*	14	Intron (NM_001012247.2/mycbp2, intron 52 of 81)	10	18673573	18917151	243579	2	mycbp2	NM_001012247.2	176540	gene-mycbp2	5.3033135	-0.27642911993584	TRUE	0	1	0	0	0
NC_133184.1	22659802	22659849	48	*	18	Intron (XR_012385312.1/LOC141376109, intron 1 of 2)	10	22147324	22754503	607180	2	LOC141376109	XR_012385312.1	94654	gene-LOC141376109	0.003473	-Inf	FALSE	0	0	0	0	0
NC_133184.1	23034226	23034308	83	*	15	Promoter (1-2kb)	10	23004695	23036059	31365	2	LOC137490348	XR_011009767.2	1751	gene-LOC137490348	0	-Inf	FALSE	1	0	0	0	0
NC_133184.1	23222723	23222786	64	*	25	Intron (XM_073912188.1/rev1, intron 2 of 25)	10	23185770	23433641	247872	1	rev1	XM_073912188.1	36953	gene-rev1	6.196695	-0.111343004810303	TRUE	1	1	0	0	0
NC_133184.1	23306084	23306172	89	*	18	Intron (XM_073912188.1/rev1, intron 3 of 25)	10	23185770	23433641	247872	1	rev1	XM_073912188.1	120314	gene-rev1	6.196695	-0.111343004810303	TRUE	1	1	0	0	0
NC_133184.1	25787129	25787199	71	*	19	Intron (XM_021478948.3/hecw2a, intron 4 of 29)	10	25778062	25814845	36784	1	hecw2a	XM_021478948.3	9067	gene-hecw2a	0.1978095	-2.3902279032725	TRUE	0	1	0	0	0
NC_133184.1	32575770	32575824	55	*	16	Intron (XM_073912265.1/dachd, intron 7 of 16)	10	32498821	32744326	245506	1	dachd	XM_073912265.1	76949	gene-dachd	5.2959515	-0.279676390433731	TRUE	0	1	0	0	0
NC_133184.1	32614401	32614474	74	*	19	Intron (XM_073912265.1/dachd, intron 7 of 16)	10	32498821	32744326	245506	1	dachd	XM_073912265.1	115580	gene-dachd	5.2959515	-0.279676390433731	TRUE	0	1	0	0	1
NC_133184.1	32672605	32672713	109	*	26	Intron (XM_073912265.1/dachd, intron 9 of 16)	10	32498821	32744326	245506	1	dachd	XM_073912265.1	173784	gene-dachd	5.2959515	-0.279676390433731	TRUE	0	1	0	0	0
NC_133184.1	32684118	32684239	122	*	27	Intron (XM_073912265.1/dachd, intron 9 of 16)	10	32498821	32744326	245506	1	dachd	XM_073912265.1	185297	gene-dachd	5.2959515	-0.279676390433731	TRUE	1	1	0	0	0
NC_133184.1	32961491	32961627	137	*	25	Promoter (<=1kb)	10	32961679	32966459	4781	1	zic2a	NM_131558.1	-52	gene-zic2a	28.1840945	0.780418527402073	TRUE	1	1	0	0	1
NC_133184.1	33013091	33013272	182	*	17	Distal Intergenic	10	33026532	33235883	209352	1	si:ch211-168k14.2	XM_073912860.1	-13260	gene-si:ch211-168k14.2	0.1717795	-2.22748063160577	TRUE	1	1	0	0	0
NC_133184.1	34446633	34446687	55	*	15	Distal Intergenic	10	34436524	34438604	2081	2	olig2	NM_178100.1	-8029	gene-olig2	12.907311	0.308000590987024	TRUE	1	1	0	0	0
NC_133184.1	36252477	36252528	52	*	15	Distal Intergenic	10	36279084	36342124	63041	1	shox	XM_073912212.1	-26556	gene-shox	1.0495015	-1.12030744209151	TRUE	0	1	1	0	0
NC_133184.1	36519886	36520009	124	*	24	Distal Intergenic	10	36526817	36534403	7587	2	crlf2	XM_073911507.1	14394	gene-crlf2	0.1026025	-2.37146586926654	TRUE	0	1	0	0	0
NC_133184.1	43337284	43337361	78	*	15	Intron (XM_009304895.4/spegb, intron 3 of 40)	10	43246460	43410804	164345	1	spegb	XM_009304895.4	90824	gene-spegb	2.7883985	-0.689076711114377	TRUE	1	1	0	0	0
NC_133184.1	45730994	45731058	65	*	15	Intron (XM_068223674.2/itga4, intron 1 of 29)	10	45722440	45830345	107906	1	itga4	XM_068223674.2	8554	gene-itga4	2.901547	-0.673323576072118	TRUE	1	1	0	0	0
NC_133184.1	46021734	46021821	88	*	19	Intron (NM_001089474.1/cerkl, intron 1 of 12)	10	45834559	46030468	195910	2	cerkl	NM_001089474.1	8647	gene-cerkl	0.7922055	-1.42575664956404	TRUE	0	1	0	0	0
NC_133184.1	57661145	57661224	80	*	21	Intron (XM_073911460.1/nlgn4xb, intron 2 of 6)	10	57606429	57706771	100343	1	nlgn4xb	XM_073911460.1	54716	gene-nlgn4xb	0.140899	-2.74937835400737	TRUE	0	1	0	0	0
NC_133185.1	615849	615963	115	*	18	Promoter (2-3kb)	11	593212	613504	20293	2	emsy	XR_012385833.1	-2345	gene-emsy	12.6073965	0.317509648940507	TRUE	0	1	0	0	0
NC_133185.1	5476468	5476511	44	*	19	Intron (NM_001110460.1/hnrnpd, intron 7 of 7)	11	5475128	5491502	16375	2	hnrnpd	NM_001110460.1	14991	gene-hnrnpd	40.6423735	1.03334831610463	TRUE	0	1	0	0	0
NC_133185.1	11546505	11546628	124	*	18	Intron (XR_012386155.1/exd3, intron 18 of 19)	11	11522165	11626941	104777	2	exd3	XR_012386155.1	80313	gene-exd3	2.744798	-0.590182788024509	TRUE	1	1	0	0	0
NC_133185.1	22512925	22512984	60	*	18	Intron (XR_012386206.1/kcnn2, intron 6 of 8)	11	22438479	22530607	92129	1	kcnn2	XR_012386206.1	74446	gene-kcnn2	0.977802	-1.23277304628046	TRUE	0	1	0	0	1
NC_133185.1	26448692	26448804	113	*	17	Intron (NM_001024097.1/pcdh1a3, intron 1 of 3)	11	25942789	26916377	973589	2	LOC141376355	XR_012386276.1	467573	gene-LOC141376355	0.4665435	-1.72472118190775	TRUE	0	1	0	0	0
NC_133185.1	26449138	26449284	147	*	28	Intron (NM_001024097.1/pcdh1a3, intron 1 of 3)	11	25942789	26916377	973589	2	LOC141376355	XR_012386276.1	467093	gene-LOC141376355	0.4665435	-1.72472118190775	TRUE	0	1	0	0	0
NC_133185.1	26452497	26452597	101	*	18	Intron (NM_001024097.1/pcdh1a3, intron 1 of 3)	11	25942789	26916377	973589	2	LOC141376355	XR_012386276.1	463780	gene-LOC141376355	0.4665435	-1.72472118190775	TRUE	0	1	0	0	0
NC_133185.1	26452949	26453074	126	*	26	Intron (NM_001024097.1/pcdh1a3, intron 1 of 3)	11	25942789	26916377	973589	2	LOC141376355	XR_012386276.1	463303	gene-LOC141376355	0.4665435	-1.72472118190775	TRUE	0	1	0	0	0
NC_133185.1	26457260	26457385	126	*	27	Intron (NM_001024097.1/pcdh1a3, intron 1 of 3)	11	25942789	26916377	973589	2	LOC141376355	XR_012386276.1	458992	gene-LOC141376355	0.4665435	-1.72472118190775	TRUE	0	1	0	0	0
NC_133185.1	26478161	26478242	82	*	21	Intron (NM_001024097.1/pcdh1a3, intron 1 of 3)	11	25942789	26916377	973589	2	LOC141376355	XR_012386276.1	438135	gene-LOC141376355	0.4665435	-1.72472118190775	TRUE	1	1	0	0	0
NC_133185.1	26583417	26583928	512	*	68	Intron (NM_001020804.2/pcdh1g1, intron 1 of 3)	11	25942789	26916377	973589	2	LOC141376355	XR_012386276.1	332449	gene-LOC141376355	0.4665435	-1.72472118190775	TRUE	0	1	0	0	0
NC_133185.1	27275158	27275240	83	*	25	Intron (XM_073913415.1/nlgn2b, intron 7 of 14)	11	27031102	27377368	346267	1	nlgn2b	XM_073913415.1	244056	gene-nlgn2b	0.432846	-1.81859535327353	TRUE	0	1	0	0	0
NC_133185.1	32435392	32435442	51	*	14	Intron (XM_073914877.1/auts2a, intron 1 of 16)	11	32096271	32479960	383690	2	auts2a	XM_073914877.1	44518	gene-auts2a	18.9102805	0.549454627807583	TRUE	0	1	0	0	0
NC_133185.1	33437353	33437463	111	*	27	Promoter (<=1kb)	11	33386536	33438227	51692	2	bbx	XM_073914914.1	764	gene-bbx	1.244572	-1.12002734074414	TRUE	1	1	0	0	0
NC_133185.1	39749719	39749767	49	*	14	Intron (XM_073913943.1/nbeaa, intron 58 of 59)	11	39413078	39753409	340332	1	nbeaa	XM_073913943.1	336641	gene-nbeaa	2.7150055	-0.670906662348998	TRUE	0	1	0	0	0
NC_133185.1	41493973	41494114	142	*	55	Promoter (1-2kb)	11	41490387	41495195	4809	2	hmgb1a	NM_199555.3	1081	gene-hmgb1a	288.7575115	2.21085147304068	TRUE	1	1	0	0	0
NC_133185.1	41494199	41494339	141	*	34	Promoter (<=1kb)	11	41490387	41495195	4809	2	hmgb1a	NM_199555.3	856	gene-hmgb1a	288.7575115	2.21085147304068	TRUE	1	1	0	0	0
NC_133185.1	41494534	41494587	54	*	24	Promoter (<=1kb)	11	41490387	41495195	4809	2	hmgb1a	NM_199555.3	608	gene-hmgb1a	288.7575115	2.21085147304068	TRUE	1	1	0	0	0
NC_133185.1	43330058	43330524	467	*	36	Intron (XM_005169156.6/usp25, intron 11 of 25)	11	43289661	43364482	74822	2	usp25	XM_005169156.6	33958	gene-usp25	15.31809	0.406131612291958	TRUE	0	1	0	0	0
NC_133185.1	43477499	43477558	60	*	16	Intron (XR_012386512.1/LOC141376441, intron 4 of 6)	11	43443756	43553692	109937	2	LOC141376441	XR_012386512.1	76134	gene-LOC141376441	0.007425	-Inf	FALSE	1	0	0	0	0
NC_133185.1	44494908	44495051	144	*	20	Distal Intergenic	11	44501525	44505471	3947	1	kcnj1b	XM_021479179.3	-6474	gene-kcnj1b	1.488637	-1.03124352047198	TRUE	1	1	0	0	0
NC_133185.1	47216730	47216764	35	*	16	Intron (XM_073914119.1/setd1ba, intron 2 of 18)	11	46561051	47340690	779640	2	ess2	XR_012385794.1	123926	gene-ess2	8.732495	0.0550860413532759	TRUE	1	1	0	0	0
NC_133186.1	1240750	1240894	145	*	29	Distal Intergenic	12	1219542	1230379	10838	2	LOC141376496	XR_012386911.1	-10371	gene-LOC141376496	0.150187	-2.30960196718332	TRUE	0	1	0	0	0
NC_133186.1	3339504	3339557	54	*	15	Intron (XR_012386945.1/LOC141376510, intron 1 of 2)	12	3333396	3484486	151091	1	LOC141376510	XR_012386945.1	6108	gene-LOC141376510	0.037959	-3.13916558527565	FALSE	0	0	0	0	0
NC_133186.1	6986281	6986311	31	*	15	Intron (XM_073915969.1/klhl26, intron 3 of 4)	12	6981134	6991872	10739	1	klhl26	XM_073915969.1	5147	gene-klhl26	1.4765765	-1.02967435577086	TRUE	0	1	0	0	0
NC_133186.1	24156783	24156885	103	*	19	Intron (XM_073915911.1/foxp4, intron 13 of 21)	12	23713161	24201158	487998	1	foxp4	XM_073915911.1	443622	gene-foxp4	14.8074815	0.436170436381244	TRUE	1	1	0	0	0
NC_133186.1	27723484	27723628	145	*	28	Intron (NM_001080020.2/grm6b, intron 2 of 11)	12	27707128	27752628	45501	1	grm6b	NM_001080020.2	16356	gene-grm6b	0.8054295	-1.3797046212419	TRUE	0	1	0	0	0
NC_133186.1	29554269	29554482	214	*	18	Distal Intergenic	12	29584514	29596540	12027	2	wnt7aa	NM_001025540.1	42058	gene-wnt7aa	7.030546	-0.000138266168033594	TRUE	1	1	0	0	0
NC_133186.1	29559332	29559504	173	*	22	Distal Intergenic	12	29584514	29596540	12027	2	wnt7aa	NM_001025540.1	37036	gene-wnt7aa	7.030546	-0.000138266168033594	TRUE	0	1	0	0	0
NC_133186.1	29657582	29657689	108	*	16	Intron (XR_012387185.1/LOC137496701, intron 2 of 2)	12	29638696	29722824	84129	2	LOC137496701	XR_012387185.1	65135	gene-LOC137496701	0	-Inf	FALSE	1	0	0	0	0
NC_133186.1	29814798	29815054	257	*	39	Distal Intergenic	12	29803696	29804326	631	2	fam120a	NR_023337.2	-10472	gene-fam120a	10.362889	0.197942697475391	TRUE	0	1	0	0	0
NC_133186.1	29818713	29818836	124	*	16	Distal Intergenic	12	29803696	29804326	631	2	fam120a	NR_023337.2	-14387	gene-fam120a	10.362889	0.197942697475391	TRUE	1	1	0	0	0
NC_133186.1	33440276	33440343	68	*	20	Promoter (2-3kb)	12	33442462	33452251	9790	1	stx10	NM_001326447.1	-2119	gene-stx10	12.3079865	0.297645692876179	TRUE	0	1	0	0	0
NC_133186.1	43691901	43691942	42	*	18	Intron (XR_012387368.1/LOC141376673, intron 4 of 5)	12	43504182	43731188	227007	1	LOC141376673	XR_012387368.1	187719	gene-LOC141376673	0.076224	-2.7950634890833	TRUE	0	1	0	0	0
NC_133186.1	46804143	46804228	86	*	16	Distal Intergenic	12	46832142	46832781	640	1	nid1b	NR_023340.1	-27914	gene-nid1b	16.5129585	0.457147872172996	TRUE	0	1	0	0	0
NC_133187.1	21006728	21006868	141	*	17	Downstream (<=300bp)	13	21007250	21013123	5874	2	maff	NM_200336.1	6255	gene-maff	15.638331	0.467972259391529	TRUE	0	1	0	0	0
NC_133187.1	23543811	23544000	190	*	43	Distal Intergenic	13	23552184	23604890	52707	2	thrab	XM_009306722.5	60890	gene-thrab	1.018771	-1.31267741660525	TRUE	0	1	0	0	1
NC_133187.1	24964812	24964897	86	*	19	Intron (XM_073917350.1/mpp7a, intron 10 of 16)	13	24873406	25081144	207739	2	mpp7a	XM_073917350.1	116247	gene-mpp7a	2.630642	-0.640591498845454	TRUE	0	1	0	0	0
NC_133187.1	25151652	25151771	120	*	25	Promoter (2-3kb)	13	25149426	25155568	6143	1	bambia	NM_131784.2	2226	gene-bambia	43.4754205	1.0715238902292	TRUE	0	1	0	0	0
NC_133187.1	25616517	25616597	81	*	17	Intron (NM_001035261.2/svila, intron 20 of 37)	13	25520491	25644477	123987	1	svila	NM_001035261.2	96026	gene-svila	10.6669695	0.175473124082285	TRUE	0	1	0	0	0
NC_133187.1	29010131	29010226	96	*	25	Intron (XM_073917727.1/skap1, intron 8 of 9)	13	28970037	29023006	52970	1	skap1	XM_073917727.1	40094	gene-skap1	1.361744	-1.03402447943674	TRUE	1	1	0	0	0
NC_133187.1	32887730	32887800	71	*	16	Intron (XM_068224516.1/tcf7l2, intron 4 of 10)	13	32874554	32904821	30268	2	tcf7l2	XM_068224516.1	17021	gene-tcf7l2	13.959913	0.359921281547406	TRUE	1	1	0	0	0
NC_133187.1	32990625	32990703	79	*	20	Intron (XM_068224489.1/tcf7l2, intron 3 of 14)	13	32874554	32998240	123687	2	tcf7l2	XM_068224489.1	7537	gene-tcf7l2	13.959913	0.359921281547406	TRUE	1	1	0	0	0
NC_133187.1	32992535	32992626	92	*	17	Intron (XM_068224489.1/tcf7l2, intron 3 of 14)	13	32874554	32998240	123687	2	tcf7l2	XM_068224489.1	5614	gene-tcf7l2	13.959913	0.359921281547406	TRUE	0	1	0	0	0
NC_133187.1	32994280	32994342	63	*	14	Intron (XM_068224489.1/tcf7l2, intron 3 of 14)	13	32874554	32998240	123687	2	tcf7l2	XM_068224489.1	3898	gene-tcf7l2	13.959913	0.359921281547406	TRUE	0	1	0	0	0
NC_133187.1	33019712	33019753	42	*	14	Distal Intergenic	13	32874559	32998249	123691	2	tcf7l2	NM_131259.3	-21463	gene-tcf7l2	13.959913	0.359921281547406	TRUE	1	1	0	0	0
NC_133187.1	33221852	33221897	46	*	17	Intron (NM_001313750.1/vti1a, intron 5 of 7)	13	33053743	33316902	263160	2	vti1a	NM_001313750.1	95005	gene-vti1a	5.5985395	-0.17625771502891	TRUE	1	1	0	0	1
NC_133187.1	33655001	33655030	30	*	14	Intron (XM_005156347.5/rnf157, intron 18 of 18)	13	33624393	33663305	38913	1	rnf157	XM_005156347.5	30608	gene-rnf157	2.6461815	-0.702450530669777	TRUE	1	1	0	0	0
NC_133187.1	34446047	34446152	106	*	20	Intron (XM_068224793.2/rbfox3a, intron 5 of 20)	13	34328094	35133891	805798	1	rbfox3a	XM_068224793.2	117953	gene-rbfox3a	3.396771	-0.500089207218649	TRUE	0	1	0	0	0
NC_133187.1	34467034	34467110	77	*	14	Intron (XM_068224793.2/rbfox3a, intron 5 of 20)	13	34328094	35133891	805798	1	rbfox3a	XM_068224793.2	138940	gene-rbfox3a	3.396771	-0.500089207218649	TRUE	0	1	0	0	0
NC_133187.1	34467136	34467234	99	*	18	Intron (XM_068224793.2/rbfox3a, intron 5 of 20)	13	34328094	35133891	805798	1	rbfox3a	XM_068224793.2	139042	gene-rbfox3a	3.396771	-0.500089207218649	TRUE	0	1	0	0	0
NC_133187.1	36631013	36631118	106	*	25	Intron (XM_073918668.1/bahcc1b, intron 1 of 28)	13	36472380	36667099	194720	2	bahcc1b	XM_073918668.1	35981	gene-bahcc1b	7.784825	-0.0316136276331798	TRUE	1	1	0	0	0
NC_133187.1	44669937	44670015	79	*	14	Distal Intergenic	13	44810762	44827959	17198	1	LOC141376869	XR_012388168.1	-140747	gene-LOC141376869	0	-Inf	FALSE	1	0	0	0	1
NC_133187.1	44708166	44708375	210	*	29	Distal Intergenic	13	44810762	44827959	17198	1	LOC141376869	XR_012388168.1	-102387	gene-LOC141376869	0	-Inf	FALSE	0	0	0	0	0
NC_133187.1	44781602	44781704	103	*	23	Distal Intergenic	13	44810762	44827959	17198	1	LOC141376869	XR_012388168.1	-29058	gene-LOC141376869	0	-Inf	FALSE	1	0	0	0	0
NC_133187.1	44787556	44787726	171	*	17	Distal Intergenic	13	44810762	44827959	17198	1	LOC141376869	XR_012388168.1	-23036	gene-LOC141376869	0	-Inf	FALSE	1	0	0	0	0
NC_133187.1	44971945	44972006	62	*	15	Distal Intergenic	13	44810762	44827959	17198	1	LOC141376869	XR_012388168.1	161183	gene-LOC141376869	0	-Inf	FALSE	1	0	0	0	0
NC_133187.1	45012556	45012626	71	*	14	Distal Intergenic	13	45207918	45345655	137738	1	LOC137496842	XR_012388171.1	-195292	gene-LOC137496842	0.0416945	-3.08280955871628	FALSE	0	0	0	0	0
NC_133187.1	45014800	45014872	73	*	14	Distal Intergenic	13	45207918	45345655	137738	1	LOC137496842	XR_012388171.1	-193046	gene-LOC137496842	0.0416945	-3.08280955871628	FALSE	1	0	0	0	0
NC_133187.1	45190932	45191170	239	*	34	Distal Intergenic	13	45207918	45345655	137738	1	LOC137496842	XR_012388171.1	-16748	gene-LOC137496842	0.0416945	-3.08280955871628	FALSE	0	0	0	0	0
NC_133187.1	50550971	50551076	106	*	28	Intron (XM_073918964.1/LOC137496858, intron 2 of 3)	13	50523456	50561673	38218	1	LOC137496858	XM_073918964.1	27515	gene-LOC137496858	0.009601	-Inf	FALSE	0	0	0	0	0
NC_133187.1	50552012	50552075	64	*	16	Intron (XM_073918964.1/LOC137496858, intron 2 of 3)	13	50523456	50561673	38218	1	LOC137496858	XM_073918964.1	28556	gene-LOC137496858	0.009601	-Inf	FALSE	0	0	0	0	0
NC_133188.1	5282100	5282164	65	*	16	Intron (XR_012388410.1/meis1b, intron 7 of 8)	14	4975582	5581040	605459	2	meis1b	XR_012388410.1	298876	gene-meis1b	94.456154	1.53633863596375	TRUE	0	1	0	0	0
NC_133188.1	5519837	5519879	43	*	14	Intron (XR_012389112.1/LOC141377105, intron 2 of 2)	14	5499910	5571091	71182	1	LOC141377105	XR_012389112.1	19927	gene-LOC141377105	0.0059425	-3.94060427162242	FALSE	1	0	0	0	0
NC_133188.1	5545598	5545641	44	*	16	Intron (XR_012389112.1/LOC141377105, intron 2 of 2)	14	5499910	5571091	71182	1	LOC141377105	XR_012389112.1	45688	gene-LOC141377105	0.0059425	-3.94060427162242	FALSE	0	0	0	0	0
NC_133188.1	6892428	6892559	132	*	16	Distal Intergenic	14	6941917	7161033	219117	1	LOC101885457	XM_073920566.1	-49358	gene-LOC101885457	0.0396635	-3.35855041711905	FALSE	0	0	0	0	0
NC_133188.1	7947983	7948120	138	*	30	Intron (XM_073920581.1/gbf1, intron 6 of 43)	14	7884068	8098087	214020	1	gbf1	XM_073920581.1	63915	gene-gbf1	3.7318715	-0.447946251813857	TRUE	1	1	0	0	1
NC_133188.1	7982036	7982094	59	*	16	Intron (XM_073920581.1/gbf1, intron 6 of 43)	14	7884068	8098087	214020	1	gbf1	XM_073920581.1	97968	gene-gbf1	3.7318715	-0.447946251813857	TRUE	0	1	0	0	0
NC_133188.1	9295746	9295818	73	*	18	Distal Intergenic	14	9275443	9281677	6235	1	thada	NM_001013483.1	20303	gene-thada	2.0108525	-0.808435473308231	TRUE	0	1	0	0	0
NC_133188.1	10701864	10701969	106	*	18	Intron (XM_073919280.1/six3a, intron 7 of 8)	14	10688997	10777863	88867	2	six3a	XM_073919280.1	75894	gene-six3a	9.416774	0.181399709881183	TRUE	1	1	0	0	0
NC_133188.1	10770719	10770817	99	*	17	Intron (XM_073919280.1/six3a, intron 3 of 8)	14	10688997	10777863	88867	2	six3a	XM_073919280.1	7046	gene-six3a	9.416774	0.181399709881183	TRUE	1	1	0	0	0
NC_133188.1	14591880	14591982	103	*	26	Distal Intergenic	14	14688428	14692689	4262	1	LOC141377158	XR_012389217.1	-96446	gene-LOC141377158	0	-Inf	FALSE	0	0	0	0	0
NC_133188.1	15340020	15340047	28	*	13	Distal Intergenic	14	15306111	15319945	13835	2	cdc25b	NM_001115095.2	-20075	gene-cdc25b	37.77873	0.966330132299535	TRUE	0	1	0	0	0
NC_133188.1	18749587	18749642	56	*	23	Intron (XR_012388641.1/kcnma1a, intron 9 of 24)	14	18504202	18848720	344519	1	kcnma1a	XR_012388641.1	245385	gene-kcnma1a	2.4564275	-0.72387185253999	TRUE	1	1	0	0	0
NC_133188.1	18977085	18977161	77	*	17	Intron (XM_073919573.1/lrmda, intron 5 of 7)	14	18851807	19449689	597883	2	lrmda	XM_073919573.1	472528	gene-lrmda	1.483606	-1.05475169576161	TRUE	1	1	0	0	0
NC_133188.1	19136637	19136732	96	*	29	Intron (XM_073919573.1/lrmda, intron 2 of 7)	14	18851807	19449689	597883	2	lrmda	XM_073919573.1	312957	gene-lrmda	1.483606	-1.05475169576161	TRUE	0	1	0	0	0
NC_133188.1	19210406	19210442	37	*	16	Intron (XM_073919573.1/lrmda, intron 2 of 7)	14	18851807	19449689	597883	2	lrmda	XM_073919573.1	239247	gene-lrmda	1.483606	-1.05475169576161	TRUE	0	1	0	0	0
NC_133188.1	19505672	19505737	66	*	15	Distal Intergenic	14	19453757	19456335	2579	1	znf503	NM_198840.3	51915	gene-znf503	49.603454	1.1614503933311	TRUE	1	1	0	0	0
NC_133188.1	19555146	19555210	65	*	15	Distal Intergenic	14	19453757	19456335	2579	1	znf503	NM_198840.3	101389	gene-znf503	49.603454	1.1614503933311	TRUE	0	1	0	0	0
NC_133188.1	22822055	22822114	60	*	19	Distal Intergenic	14	22722817	22759124	36308	2	rab11fip2	XM_009307270.5	-62931	gene-rab11fip2	1.5902775	-0.974340726456327	TRUE	0	1	0	0	0
NC_133188.1	22860364	22860493	130	*	25	Distal Intergenic	14	22879825	22912720	32896	2	fam204a	NM_001002536.1	52227	gene-fam204a	17.8461965	0.476407833038562	TRUE	1	1	0	0	0
NC_133188.1	29234888	29235030	143	*	21	Intron (XM_073919567.1/pdlim1, intron 1 of 4)	14	28981001	29515563	534563	2	pdlim1	XM_073919567.1	280533	gene-pdlim1	55.68991	1.2368743953561	TRUE	1	1	0	0	0
NC_133188.1	29500901	29500976	76	*	14	Intron (XM_073919567.1/pdlim1, intron 1 of 4)	14	28981001	29515563	534563	2	pdlim1	XM_073919567.1	14587	gene-pdlim1	55.68991	1.2368743953561	TRUE	1	1	0	0	0
NC_133188.1	31925435	31925617	183	*	35	Intron (NM_131521.2/fbxw4, intron 5 of 8)	14	31899357	31948081	48725	1	fbxw4	NM_131521.2	26078	gene-fbxw4	10.0941835	0.184561892975536	TRUE	1	1	0	0	0
NC_133188.1	33080035	33080126	92	*	16	Intron (XM_073919506.1/cdhr1a, intron 1 of 23)	14	32869920	33091079	221160	2	cdhr1a	XM_073919506.1	10953	gene-cdhr1a	0.174782	-2.42145032410884	TRUE	1	1	0	0	0
NC_133188.1	33118939	33118967	29	*	14	Distal Intergenic	14	32869920	33091079	221160	2	cdhr1a	XM_073919516.1	-27860	gene-cdhr1a	0.174782	-2.42145032410884	TRUE	0	1	0	0	0
NC_133188.1	33139696	33139790	95	*	21	Distal Intergenic	14	33160598	33194013	33416	1	pax2a	XM_005156744.5	-20808	gene-pax2a	12.6003185	0.297508672691488	TRUE	0	1	0	0	0
NC_133188.1	33197258	33197320	63	*	20	Distal Intergenic	14	33161072	33194013	32942	1	pax2a	XM_073919244.1	36186	gene-pax2a	12.6003185	0.297508672691488	TRUE	1	1	0	0	0
NC_133188.1	33222578	33222645	68	*	26	Distal Intergenic	14	33281973	33286828	4856	1	LOC141377198	XR_012389339.1	-59328	gene-LOC141377198	0.061572	-2.86022216390206	TRUE	0	1	0	0	0
NC_133188.1	33248241	33248313	73	*	21	Distal Intergenic	14	33281973	33286828	4856	1	LOC141377198	XR_012389339.1	-33660	gene-LOC141377198	0.061572	-2.86022216390206	TRUE	1	1	0	0	0
NC_133188.1	35011202	35011357	156	*	28	Intron (XM_068212822.2/six6a, intron 1 of 2)	14	34990481	35013830	23350	1	six6a	XM_068212822.2	20721	gene-six6a	2.3675495	-0.762779889032351	TRUE	1	1	0	0	0
NC_133188.1	41122925	41122992	68	*	20	Promoter (<=1kb)	14	41120283	41123458	3176	2	ifi27.8	NM_001256713.1	466	gene-ifi27.8	10.9097705	0.261331207610891	TRUE	0	1	0	0	0
NC_133188.1	44281557	44281627	71	*	19	Intron (XM_068212824.2/nkx1.2la, intron 3 of 5)	14	44276186	44295598	19413	1	nkx1.2la	XM_068212824.2	5371	gene-nkx1.2la	1.121947	-1.13286867584355	TRUE	1	1	0	0	0
NC_133188.1	55992936	55992967	32	*	14	Intron (XM_073920398.1/inpp5a, intron 4 of 15)	14	55883766	56095545	211780	2	inpp5a	XM_073920398.1	102578	gene-inpp5a	3.418347	-0.616779326184138	TRUE	1	1	0	0	0
NC_133189.1	2442251	2442717	467	*	91	Intron (NM_001024189.1/pcdh2g17, intron 1 of 3)	15	2384248	2608200	223953	2	pcdh2g1	NM_001024174.1	165483	gene-pcdh2g1	0.9609525	-1.06723712663118	TRUE	0	1	0	0	0
NC_133189.1	2473931	2474471	541	*	106	Intron (NM_001024189.1/pcdh2g17, intron 1 of 3)	15	2384248	2608200	223953	2	pcdh2g1	NM_001024174.1	133729	gene-pcdh2g1	0.9609525	-1.06723712663118	TRUE	0	1	0	0	0
NC_133189.1	2478293	2478762	470	*	106	Intron (NM_001024189.1/pcdh2g17, intron 1 of 3)	15	2384248	2608200	223953	2	pcdh2g1	NM_001024174.1	129438	gene-pcdh2g1	0.9609525	-1.06723712663118	TRUE	0	1	0	0	0
NC_133189.1	2490083	2490438	356	*	99	Intron (NM_001024189.1/pcdh2g17, intron 1 of 3)	15	2384248	2608200	223953	2	pcdh2g1	NM_001024174.1	117762	gene-pcdh2g1	0.9609525	-1.06723712663118	TRUE	0	1	0	0	0
NC_133189.1	2493416	2493460	45	*	14	Intron (NM_001024189.1/pcdh2g17, intron 1 of 3)	15	2384248	2608200	223953	2	pcdh2g1	NM_001024174.1	114740	gene-pcdh2g1	0.9609525	-1.06723712663118	TRUE	0	1	0	0	0
NC_133189.1	2544056	2544163	108	*	19	Intron (NM_001024182.1/pcdh2g9, intron 1 of 3)	15	2384248	2608200	223953	2	pcdh2g1	NM_001024174.1	64037	gene-pcdh2g1	0.9609525	-1.06723712663118	TRUE	0	1	0	0	0
NC_133189.1	2544810	2544856	47	*	14	Intron (NM_001024182.1/pcdh2g9, intron 1 of 3)	15	2384248	2608200	223953	2	pcdh2g1	NM_001024174.1	63344	gene-pcdh2g1	0.9609525	-1.06723712663118	TRUE	0	1	0	0	0
NC_133189.1	2553163	2553209	47	*	14	Intron (NM_001024182.1/pcdh2g9, intron 1 of 3)	15	2384248	2608200	223953	2	pcdh2g1	NM_001024174.1	54991	gene-pcdh2g1	0.9609525	-1.06723712663118	TRUE	0	1	0	0	0
NC_133189.1	2593720	2594070	351	*	31	Intron (NM_001024175.1/pcdh2g2, intron 1 of 6)	15	2384248	2608200	223953	2	pcdh2g1	NM_001024174.1	14130	gene-pcdh2g1	0.9609525	-1.06723712663118	TRUE	0	1	0	0	0
NC_133189.1	2594545	2594591	47	*	14	Intron (NM_001024175.1/pcdh2g2, intron 1 of 6)	15	2384248	2608200	223953	2	pcdh2g1	NM_001024174.1	13609	gene-pcdh2g1	0.9609525	-1.06723712663118	TRUE	0	1	0	0	0
NC_133189.1	2601835	2602185	351	*	32	Intron (NM_001024175.1/pcdh2g2, intron 1 of 6)	15	2384248	2608200	223953	2	pcdh2g1	NM_001024174.1	6015	gene-pcdh2g1	0.9609525	-1.06723712663118	TRUE	0	1	0	0	0
NC_133189.1	2602660	2602706	47	*	16	Intron (NM_001024175.1/pcdh2g2, intron 1 of 6)	15	2384248	2608200	223953	2	pcdh2g1	NM_001024174.1	5494	gene-pcdh2g1	0.9609525	-1.06723712663118	TRUE	0	1	0	0	0
NC_133189.1	2614302	2614471	170	*	31	Distal Intergenic	15	2384248	2608200	223953	2	pcdh2g1	NM_001024174.1	-6102	gene-pcdh2g1	0.9609525	-1.06723712663118	TRUE	0	1	0	0	0
NC_133189.1	2710902	2711229	328	*	45	Intron (NM_001008483.2/pcdh2ab5, intron 1 of 3)	15	2633786	2835822	202037	2	pcdh2aa1	NM_001009585.2	124593	gene-pcdh2aa1	0.111091	-2.82072706103349	TRUE	0	1	0	0	0
NC_133189.1	2776382	2776589	208	*	33	Intron (NM_001009586.2/pcdh2aa15, intron 1 of 4)	15	2633786	2835822	202037	2	pcdh2aa1	NM_001009585.2	59233	gene-pcdh2aa1	0.111091	-2.82072706103349	TRUE	0	1	0	0	0
NC_133189.1	2776794	2777039	246	*	29	Intron (NM_001009586.2/pcdh2aa15, intron 1 of 4)	15	2633786	2835822	202037	2	pcdh2aa1	NM_001009585.2	58783	gene-pcdh2aa1	0.111091	-2.82072706103349	TRUE	0	1	0	0	0
NC_133189.1	2841378	2841439	62	*	14	Distal Intergenic	15	2633786	2835822	202037	2	pcdh2aa1	NM_001009585.2	-5556	gene-pcdh2aa1	0.111091	-2.82072706103349	TRUE	0	1	0	0	0
NC_133189.1	17217674	17217826	153	*	18	Intron (XR_012389663.1/LOC101882685, intron 7 of 7)	15	17101204	17497349	396146	2	LOC101882685	XR_012389663.1	279523	gene-LOC101882685	1.4129535	-0.94964076229776	TRUE	1	1	0	0	0
NC_133189.1	17243892	17243962	71	*	23	Intron (XR_012389663.1/LOC101882685, intron 7 of 7)	15	17101204	17497349	396146	2	LOC101882685	XR_012389663.1	253387	gene-LOC101882685	1.4129535	-0.94964076229776	TRUE	1	1	0	0	0
NC_133189.1	17270556	17270726	171	*	27	Intron (XR_012389663.1/LOC101882685, intron 7 of 7)	15	17101204	17497349	396146	2	LOC101882685	XR_012389663.1	226623	gene-LOC101882685	1.4129535	-0.94964076229776	TRUE	1	1	0	0	0
NC_133189.1	24690010	24690119	110	*	17	Intron (XM_002664383.7/aff2, intron 1 of 20)	15	24587871	24996684	408814	1	aff2	XM_002664383.7	102139	gene-aff2	0.405184	-1.917498726329	TRUE	0	1	0	0	0
NC_133189.1	28914813	28914914	102	*	17	Intron (NM_131736.3/slit3, intron 4 of 35)	15	28763173	29035681	272509	2	slit3	NM_131736.3	120767	gene-slit3	16.206876	0.469960807961217	TRUE	0	1	0	0	0
NC_133189.1	35452259	35452293	35	*	14	Promoter (1-2kb)	15	35426530	35453734	27205	2	sesn4	XM_009291172.5	1441	gene-sesn4	4.9933615	-0.280929497643148	TRUE	1	1	0	0	0
NC_133189.1	35783319	35783359	41	*	15	Intron (XR_012389405.1/gpc3, intron 5 of 8)	15	35679481	35975812	296332	2	gpc3	XR_012389405.1	192453	gene-gpc3	0.5872225	-1.54944147425447	TRUE	0	1	0	0	0
NC_133189.1	44990324	44990429	106	*	16	Promoter (<=1kb)	15	44902791	44990301	87511	2	pcdh19	XM_009291121.5	-23	gene-pcdh19	15.8756705	0.44241692170501	TRUE	1	1	0	0	0
NC_133189.1	52387813	52387891	79	*	21	Distal Intergenic	15	52374378	52378723	4346	1	LOC141377627	XR_012390060.1	13435	gene-LOC141377627	0.008106	-4.16341865609301	FALSE	0	0	0	0	0
NC_133190.1	350583	350620	38	*	21	Promoter (<=1kb)	16	294712	350391	55680	2	elna	NM_001080063.2	-192	gene-elna	0.1919585	-2.15137245256602	TRUE	1	1	0	0	1
NC_133190.1	2168815	2168867	53	*	23	Distal Intergenic	16	2189813	2199459	9647	1	LOC141377986	XR_012391223.1	-20946	gene-LOC141377986	0	-Inf	FALSE	1	0	0	0	0
NC_133190.1	11224381	11224523	143	*	32	Distal Intergenic	16	11201600	11207987	6388	2	LOC141377775	XR_012390641.1	-16394	gene-LOC141377775	0.003031	-4.35233023955806	FALSE	0	0	0	0	1
NC_133190.1	11382070	11382180	111	*	33	Intron (XM_005157483.6/tenm4, intron 14 of 30)	16	11225258	11689190	463933	2	tenm4	XM_005157483.6	307010	gene-tenm4	4.97866	-0.31738785779098	TRUE	1	1	0	0	1
NC_133190.1	11403723	11403849	127	*	27	Intron (XM_005157483.6/tenm4, intron 12 of 30)	16	11225258	11689190	463933	2	tenm4	XM_005157483.6	285341	gene-tenm4	4.97866	-0.31738785779098	TRUE	1	1	0	0	0
NC_133190.1	11403932	11403999	68	*	16	Intron (XM_005157483.6/tenm4, intron 12 of 30)	16	11225258	11689190	463933	2	tenm4	XM_005157483.6	285191	gene-tenm4	4.97866	-0.31738785779098	TRUE	1	1	0	0	0
NC_133190.1	14094637	14094686	50	*	15	Intron (XR_012390656.1/LOC141377785, intron 3 of 3)	16	14064006	14122222	58217	1	LOC141377785	XR_012390656.1	30631	gene-LOC141377785	0	-Inf	FALSE	0	0	0	0	0
NC_133190.1	14122893	14122923	31	*	16	Intron (XR_012390657.1/LOC141377785, intron 4 of 4)	16	14064006	14166566	102561	1	LOC141377785	XR_012390657.1	58887	gene-LOC141377785	0	-Inf	FALSE	1	0	0	0	0
NC_133190.1	18437488	18437607	120	*	25	Intron (XM_073922988.1/rab34a, intron 1 of 9)	16	18427733	18443547	15815	2	hnf1ba	NM_131880.3	5940	gene-hnf1ba	5.41413	-0.182243605053534	TRUE	1	1	0	0	0
NC_133190.1	18443551	18443608	58	*	17	Intron (XM_073922988.1/rab34a, intron 1 of 9)	16	17889942	18516311	626370	2	rab34a	XM_073922988.1	72703	gene-rab34a	16.649106	0.524569044673991	TRUE	1	1	0	0	0
NC_133190.1	18555192	18555304	113	*	24	Promoter (2-3kb)	16	18532389	18552594	20206	2	aldoca	XM_073923313.1	-2598	gene-aldoca	0.20282	-2.20594696527841	TRUE	0	1	0	0	0
NC_133190.1	18573415	18573593	179	*	19	Distal Intergenic	16	18584456	18587937	3482	2	si:ch211-259g3.4	NR_023325.1	14344	gene-si:ch211-259g3.4	4.7270035	-0.391424996197192	TRUE	0	1	0	0	0
NC_133190.1	18575104	18575295	192	*	31	Distal Intergenic	16	18584456	18587937	3482	2	si:ch211-259g3.4	NR_023325.1	12642	gene-si:ch211-259g3.4	4.7270035	-0.391424996197192	TRUE	0	1	0	0	0
NC_133190.1	18592618	18592695	78	*	15	Distal Intergenic	16	18584456	18587937	3482	2	si:ch211-259g3.4	NR_023325.1	-4681	gene-si:ch211-259g3.4	4.7270035	-0.391424996197192	TRUE	1	1	0	0	0
NC_133190.1	21598971	21599057	87	*	28	Intron (XM_073923592.1/igsf9ba, intron 13 of 14)	16	21593637	21618465	24829	2	igsf9ba	XM_073923592.1	19408	gene-igsf9ba	0.5063035	-1.68220271911017	TRUE	0	1	0	0	0
NC_133190.1	21599143	21599209	67	*	19	Intron (XM_073923592.1/igsf9ba, intron 13 of 14)	16	21593637	21618465	24829	2	igsf9ba	XM_073923592.1	19256	gene-igsf9ba	0.5063035	-1.68220271911017	TRUE	0	1	0	0	0
NC_133190.1	22584546	22584613	68	*	22	Distal Intergenic	16	22516303	22580738	64436	2	med13b	NM_001083838.2	-3808	gene-med13b	9.9335105	0.141796485550676	TRUE	0	1	0	0	0
NC_133190.1	28264643	28264683	41	*	14	Intron (XM_073923770.1/tp53i13, intron 1 of 3)	16	28048065	28780413	732349	2	tp53i13	XM_073923770.1	515730	gene-tp53i13	7.848024	0.011013540083691	TRUE	1	1	0	0	0
NC_133190.1	29796043	29796390	348	*	24	Intron (NM_200622.1/bcas3, intron 22 of 23)	16	29438774	29841087	402314	1	bcas3	NM_200622.1	357269	gene-bcas3	3.8297545	-0.447120441552833	TRUE	0	1	0	0	0
NC_133190.1	29817417	29817529	113	*	18	Intron (NM_200622.1/bcas3, intron 23 of 23)	16	29438774	29841087	402314	1	bcas3	NM_200622.1	378643	gene-bcas3	3.8297545	-0.447120441552833	TRUE	1	1	0	0	0
NC_133190.1	29976120	29976209	90	*	16	Intron (XM_021466284.3/brip1, intron 14 of 23)	16	29902460	30015375	112916	2	brip1	XM_021466284.3	39166	gene-brip1	7.0204945	-0.0544500854901641	TRUE	0	1	0	0	0
NC_133190.1	30050453	30050502	50	*	14	Distal Intergenic	16	29944809	30015375	70567	2	brip1	XM_073923343.1	-35078	gene-brip1	7.0204945	-0.0544500854901641	TRUE	0	1	0	0	0
NC_133190.1	30061162	30061264	103	*	23	Distal Intergenic	16	29944809	30015375	70567	2	brip1	XM_073923343.1	-45787	gene-brip1	7.0204945	-0.0544500854901641	TRUE	1	1	0	0	0
NC_133190.1	30561829	30562049	221	*	29	Intron (XR_012390495.1/dhrs13a.3, intron 5 of 8)	16	30458435	30591512	133078	2	dhrs13a.3	XR_012390495.1	29463	gene-dhrs13a.3	9.26547	0.100297059452288	TRUE	1	1	0	0	0
NC_133190.1	30885762	30885841	80	*	23	Intron (NM_200251.2/slc43a2a, intron 4 of 4)	16	30875397	30915272	39876	1	slc43a2a	NM_200251.2	10365	gene-slc43a2a	32.439491	0.875102012935546	TRUE	0	1	1	0	0
NC_133190.1	33097487	33097623	137	*	26	Intron (XM_005157680.6/msi2b, intron 9 of 14)	16	33019803	33416702	396900	2	msi2b	XM_005157680.6	319079	gene-msi2b	5.8238245	-0.187701911909007	TRUE	1	1	0	0	0
NC_133190.1	33177611	33177686	76	*	17	Intron (XM_005157680.6/msi2b, intron 7 of 14)	16	33019803	33416702	396900	2	msi2b	XM_005157680.6	239016	gene-msi2b	5.8238245	-0.187701911909007	TRUE	1	1	0	0	0
NC_133190.1	33240062	33240232	171	*	21	Intron (XM_005157680.6/msi2b, intron 6 of 14)	16	33019803	33416702	396900	2	msi2b	XM_005157680.6	176470	gene-msi2b	5.8238245	-0.187701911909007	TRUE	1	1	0	0	0
NC_133190.1	35493004	35493073	70	*	16	Intron (XR_012390919.1/nbeab, intron 29 of 29)	16	35307914	36078898	770985	2	nbeab	XR_012390919.1	585825	gene-nbeab	0.1670575	-2.4685237655714	TRUE	0	1	0	0	0
NC_133190.1	35751875	35751967	93	*	24	Intron (XR_012390919.1/nbeab, intron 29 of 29)	16	35307914	36078898	770985	2	nbeab	XR_012390919.1	326931	gene-nbeab	0.1670575	-2.4685237655714	TRUE	0	1	0	0	0
NC_133190.1	36736448	36736596	149	*	28	Intron (XR_012390965.1/LOC141377870, intron 1 of 3)	16	36721798	36773962	52165	1	LOC141377870	XR_012390965.1	14650	gene-LOC141377870	0.0209905	-Inf	FALSE	0	0	0	0	0
NC_133190.1	36750580	36750834	255	*	39	Intron (XR_012390965.1/LOC141377870, intron 1 of 3)	16	36721798	36773962	52165	1	LOC141377870	XR_012390965.1	28782	gene-LOC141377870	0.0209905	-Inf	FALSE	0	0	0	0	1
NC_133190.1	38319602	38319669	68	*	17	Intron (XM_073923890.1/mecom, intron 1 of 16)	16	38038641	38332185	293545	2	mecom	XM_073923890.1	12516	gene-mecom	7.581499	-0.0247721364552314	TRUE	1	1	0	0	0
NC_133190.1	38319876	38319924	49	*	16	Intron (XM_073923890.1/mecom, intron 1 of 16)	16	38038641	38332185	293545	2	mecom	XM_073923890.1	12261	gene-mecom	7.581499	-0.0247721364552314	TRUE	1	1	0	0	0
NC_133190.1	42081676	42081753	78	*	28	Intron (XM_017359211.4/robo1, intron 6 of 28)	16	41994344	42321768	327425	2	robo1	XM_017359211.4	240015	gene-robo1	7.817265	-0.00236262015449382	TRUE	0	1	0	0	0
NC_133190.1	44732622	44732820	199	*	17	Intron (XM_682606.7/epha4l, intron 2 of 16)	16	44651321	44743565	92245	2	epha4l	XM_682606.7	10745	gene-epha4l	3.9537595	-0.419500824878094	TRUE	0	1	0	0	0
NC_133191.1	752801	752894	94	*	16	Intron (XM_073925679.1/tars2, intron 1 of 8)	17	727775	1329646	601872	1	tars2	XM_073925679.1	25026	gene-tars2	10.9581875	0.20032144105713	TRUE	0	1	0	0	0
NC_133191.1	931774	931801	28	*	14	Intron (XM_073925679.1/tars2, intron 1 of 8)	17	727775	1329646	601872	1	tars2	XM_073925679.1	203999	gene-tars2	10.9581875	0.20032144105713	TRUE	0	1	0	0	0
NC_133191.1	972827	972922	96	*	21	Intron (XM_073925679.1/tars2, intron 1 of 8)	17	727775	1329646	601872	1	tars2	XM_073925679.1	245052	gene-tars2	10.9581875	0.20032144105713	TRUE	1	1	0	0	0
NC_133191.1	6740260	6740381	122	*	20	Distal Intergenic	17	6637293	6724049	86757	2	mboat1	XM_073925274.1	-16211	gene-mboat1	20.268433	0.615739790230365	TRUE	1	1	0	0	0
NC_133191.1	6951337	6951437	101	*	15	Distal Intergenic	17	6924411	6939583	15173	1	sall3a	XM_073925776.1	26926	gene-sall3a	1.46499	-1.02746625814001	TRUE	0	1	0	0	0
NC_133191.1	11439597	11439643	47	*	14	Intron (XM_002664811.8/cicb, intron 2 of 20)	17	11416439	11484944	68506	1	cicb	XM_002664811.8	23158	gene-cicb	6.115745	-0.170434758831877	TRUE	0	1	0	0	0
NC_133191.1	14113788	14113848	61	*	15	Intron (XM_003200152.7/ttyh1, intron 2 of 14)	17	14073234	14135377	62144	2	ttyh1	XM_003200152.7	21529	gene-ttyh1	1.571718	-0.962624088198244	TRUE	0	1	0	0	0
NC_133191.1	17506312	17506404	93	*	20	Intron (XM_001919486.8/fam131bb, intron 1 of 7)	17	17469348	17549050	79703	1	fam131bb	XM_001919486.8	36964	gene-fam131bb	0.4581695	-1.81272225814432	TRUE	0	1	0	0	0
NC_133191.1	20836932	20837006	75	*	17	Distal Intergenic	17	20844057	20849694	5638	2	LOC141378078	XR_012391695.1	12688	gene-LOC141378078	0	-Inf	FALSE	0	0	0	0	0
NC_133191.1	29861584	29861641	58	*	16	Intron (XM_683887.11/rad54b, intron 3 of 14)	17	29855138	29880770	25633	1	rad54b	XM_683887.11	6446	gene-rad54b	5.30904	-0.227495890022814	TRUE	1	1	0	0	1
NC_133191.1	30603176	30603233	58	*	15	Intron (XM_073924560.1/invs, intron 8 of 12)	17	30565567	30608878	43312	1	invs	XM_073924560.1	37609	gene-invs	2.316761	-0.72069070962498	TRUE	0	1	0	0	0
NC_133191.1	32135424	32135476	53	*	15	Intron (XM_073925008.1/gon4lb, intron 14 of 30)	17	32122756	32152831	30076	1	gon4lb	XM_073925008.1	12668	gene-gon4lb	9.8608185	0.116889930546099	TRUE	0	1	0	0	0
NC_133191.1	35764350	35764432	83	*	19	Intron (XM_073926255.1/LOC137487924, intron 10 of 10)	17	35479582	35775562	295981	1	LOC137487924	XM_073926255.1	284768	gene-LOC137487924	0.0725245	-2.85751064134016	TRUE	1	1	0	0	0
NC_133191.1	35954572	35954694	123	*	37	Distal Intergenic	17	35957902	35964393	6492	1	prdm13	NM_001326454.1	-3208	gene-prdm13	2.462606	-0.698145332111351	TRUE	1	1	0	0	1
NC_133191.1	36683681	36683732	52	*	14	Intron (XR_012392236.1/LOC141378231, intron 1 of 2)	17	36613709	36844014	230306	1	LOC141378231	XR_012392236.1	69972	gene-LOC141378231	0	-Inf	FALSE	0	0	0	0	0
NC_133191.1	46764080	46764165	86	*	17	Intron (XM_073926571.1/cspg5a, intron 4 of 5)	17	46748332	46815701	67370	2	cspg5a	XM_073926571.1	51536	gene-cspg5a	22.4884525	0.649859391593828	TRUE	1	1	0	0	0
NC_133191.1	46941280	46941343	64	*	19	Intron (XM_021466746.3/tbx20, intron 6 of 7)	17	46933348	46950584	17237	2	tbx20	XM_021466746.3	9241	gene-tbx20	2.13127	-0.779085671429628	TRUE	1	1	0	0	0
NC_133191.1	48289678	48289774	97	*	22	Intron (XM_009292598.4/zfpm2a, intron 5 of 7)	17	48278184	48587357	309174	2	zfpm2a	XM_009292598.4	297583	gene-zfpm2a	0.1240365	-2.53714301670794	TRUE	0	1	0	0	0
NC_133191.1	48359955	48360097	143	*	25	Intron (XM_009292598.4/zfpm2a, intron 5 of 7)	17	48278184	48587357	309174	2	zfpm2a	XM_009292598.4	227260	gene-zfpm2a	0.1240365	-2.53714301670794	TRUE	1	1	0	0	0
NC_133191.1	48395460	48395499	40	*	17	Intron (XM_009292598.4/zfpm2a, intron 4 of 7)	17	48278184	48587357	309174	2	zfpm2a	XM_009292598.4	191858	gene-zfpm2a	0.1240365	-2.53714301670794	TRUE	1	1	0	0	1
NC_133191.1	53970755	53970827	73	*	15	Distal Intergenic	17	53979395	53983788	4394	1	LOC137487987	XR_012392556.1	-8568	gene-LOC137487987	0.111066	-3.23721289574501	FALSE	0	0	0	0	0
NC_133192.1	1295867	1295954	88	*	16	Intron (XM_073927954.1/LOC100148950, intron 16 of 20)	18	1166600	1337198	170599	1	LOC100148950	XM_073927954.1	129267	gene-LOC100148950	1.3356005	-1.01845212946975	TRUE	1	1	0	0	0
NC_133192.1	10405734	10405798	65	*	15	Intron (XM_001919913.8/akap6, intron 12 of 14)	18	10140572	10419790	279219	1	akap6	XM_001919913.8	265162	gene-akap6	4.292866	-0.377994807264023	TRUE	0	1	0	0	0
NC_133192.1	10722628	10722732	105	*	20	Intron (XM_009292848.5/npas3, intron 3 of 11)	18	10467054	11076017	608964	1	npas3	XM_009292848.5	255574	gene-npas3	0.14664	-2.45175433147931	TRUE	0	1	0	0	0
NC_133192.1	10832767	10832838	72	*	15	Intron (XM_009292848.5/npas3, intron 4 of 11)	18	10467054	11076017	608964	1	npas3	XM_009292848.5	365713	gene-npas3	0.14664	-2.45175433147931	TRUE	1	1	0	0	0
NC_133192.1	11647333	11647440	108	*	15	Intron (NM_001305467.1/mipol1, intron 2 of 13)	18	11517900	11691129	173230	2	mipol1	NM_001305467.1	43689	gene-mipol1	5.414594	-0.241865197106166	TRUE	0	1	0	0	0
NC_133192.1	18177353	18177416	64	*	20	Intron (XM_021467203.3/nrxn3a, intron 6 of 6)	18	18168827	18398007	229181	2	nrxn3a	XM_021467203.3	220591	gene-nrxn3a	0.655741	-1.48501333932261	TRUE	0	1	0	0	0
NC_133192.1	18189532	18189573	42	*	15	Intron (XM_021467203.3/nrxn3a, intron 6 of 6)	18	18168827	18398007	229181	2	nrxn3a	XM_021467203.3	208434	gene-nrxn3a	0.655741	-1.48501333932261	TRUE	0	1	0	0	0
NC_133192.1	18641177	18641385	209	*	28	Intron (XM_021467198.3/nrxn3a, intron 5 of 22)	18	18168906	18715777	546872	2	nrxn3a	XM_021467198.3	74392	gene-nrxn3a	0.655741	-1.48501333932261	TRUE	1	1	0	0	0
NC_133192.1	19425993	19426060	68	*	14	Intron (XM_073926840.1/bcl11ba, intron 2 of 2)	18	19419944	19454461	34518	2	LOC141378546	XR_012393317.1	28401	gene-LOC141378546	0	-Inf	FALSE	1	0	0	0	0
NC_133192.1	19749678	19749749	72	*	21	Distal Intergenic	18	19805646	19808704	3059	2	LOC141378547	XR_012393318.1	58955	gene-LOC141378547	0.006112	-3.92340463795851	FALSE	1	0	0	0	0
NC_133192.1	19760483	19760535	53	*	15	Distal Intergenic	18	19805646	19808704	3059	2	LOC141378547	XR_012393318.1	48169	gene-LOC141378547	0.006112	-3.92340463795851	FALSE	1	0	0	0	0
NC_133192.1	23037702	23037786	85	*	16	Intron (XM_073927081.1/ikzf5, intron 2 of 7)	18	22965464	23226274	260811	1	ikzf5	XM_073927081.1	72238	gene-ikzf5	7.341512	-0.0507815165884381	TRUE	0	1	0	0	0
NC_133192.1	23082769	23082809	41	*	14	Intron (XM_073927081.1/ikzf5, intron 4 of 7)	18	22965464	23226274	260811	1	ikzf5	XM_073927081.1	117305	gene-ikzf5	7.341512	-0.0507815165884381	TRUE	0	1	0	0	0
NC_133192.1	25508964	25509030	67	*	16	Intron (XR_012393389.1/ehbp1, intron 5 of 14)	18	25459238	25570688	111451	1	ehbp1	XR_012393389.1	49726	gene-ehbp1	9.068843	0.0826571706798103	TRUE	1	1	0	0	0
NC_133192.1	25592070	25592190	121	*	17	Intron (XM_001919697.9/ehbp1, intron 17 of 25)	18	25459238	25655445	196208	1	ehbp1	XM_001919697.9	132832	gene-ehbp1	9.068843	0.0826571706798103	TRUE	0	1	0	0	0
NC_133192.1	30363883	30364020	138	*	26	Intron (XM_073928619.1/prkd1, intron 2 of 19)	18	30345838	30470007	124170	1	prkd1	XM_073928619.1	18045	gene-prkd1	0.483245	-1.67953953029803	TRUE	0	1	0	0	0
NC_133192.1	30509320	30509551	232	*	43	Intron (XR_012393446.1/si:dkey-28g23.3, intron 2 of 4)	18	30326634	30525601	198968	2	si:dkey-28g23.3	XR_012393446.1	16050	gene-si:dkey-28g23.3	0.038383	-3.29212671400909	FALSE	1	0	0	0	0
NC_133192.1	31257164	31257265	102	*	22	Intron (XM_005158771.6/esrrga, intron 6 of 7)	18	31244246	31351551	107306	2	esrrga	XM_005158771.6	94286	gene-esrrga	2.32809	-0.781665076172484	TRUE	0	1	0	0	0
NC_133192.1	31321055	31321131	77	*	16	Intron (XM_005158771.6/esrrga, intron 4 of 7)	18	31244246	31351551	107306	2	esrrga	XM_005158771.6	30420	gene-esrrga	2.32809	-0.781665076172484	TRUE	0	1	0	0	0
NC_133192.1	31332974	31333104	131	*	26	Intron (XM_005158771.6/esrrga, intron 2 of 7)	18	31244246	31351551	107306	2	esrrga	XM_005158771.6	18447	gene-esrrga	2.32809	-0.781665076172484	TRUE	0	1	0	0	0
NC_133192.1	31340892	31341065	174	*	40	Intron (XM_005158771.6/esrrga, intron 2 of 7)	18	31244246	31351551	107306	2	esrrga	XM_005158771.6	10486	gene-esrrga	2.32809	-0.781665076172484	TRUE	1	1	0	0	0
NC_133192.1	31433455	31433608	154	*	30	Intron (XM_073927118.1/esrrga, intron 1 of 8)	18	31244246	31495085	250840	2	esrrga	XM_073927118.1	61477	gene-esrrga	2.32809	-0.781665076172484	TRUE	0	1	0	0	0
NC_133192.1	31533652	31533825	174	*	24	Distal Intergenic	18	31542639	31550192	7554	1	LOC103910029	XR_012393118.1	-8814	gene-LOC103910029	0.1832825	-2.41559029213349	TRUE	0	1	0	0	0
NC_133192.1	31649906	31649973	68	*	21	Distal Intergenic	18	31657919	31722243	64325	1	spata17	NM_001142264.1	-7946	gene-spata17	0.7874675	-1.52027783139899	TRUE	0	1	0	0	0
NC_133192.1	31794415	31794725	311	*	39	Distal Intergenic	18	31816921	31862364	45444	1	greb1	XM_005158817.6	-22196	gene-greb1	32.6376575	0.879463168462748	TRUE	0	1	0	0	0
NC_133192.1	32732514	32732628	115	*	34	Distal Intergenic	18	32748832	32752145	3314	1	LOC141378607	XR_012393482.1	-16204	gene-LOC141378607	0.006803	-Inf	FALSE	0	0	0	0	0
NC_133192.1	34591770	34591923	154	*	17	Intron (XR_012393500.1/LOC137488119, intron 2 of 2)	18	34485694	34662476	176783	1	LOC137488119	XR_012393500.1	106076	gene-LOC137488119	0.0359	-Inf	FALSE	0	0	0	0	0
NC_133192.1	35712115	35712168	54	*	15	Intron (XM_017351644.4/gphna, intron 1 of 26)	18	35706771	35892793	186023	1	gphna	XM_017351644.4	5344	gene-gphna	5.097674	-0.24245277087603	TRUE	0	1	0	0	0
NC_133192.1	36259750	36259831	82	*	17	Distal Intergenic	18	36349904	36401695	51792	1	LOC137488125	XR_012393044.1	-90073	gene-LOC137488125	0.28881	-1.88252339305827	TRUE	1	1	0	0	0
NC_133192.1	36344892	36344984	93	*	17	Distal Intergenic	18	36349904	36401695	51792	1	LOC137488125	XR_012393044.1	-4920	gene-LOC137488125	0.28881	-1.88252339305827	TRUE	0	1	0	0	0
NC_133192.1	37732308	37732374	67	*	15	Distal Intergenic	18	37784470	37785973	1504	1	LOC141378425	XR_012393043.1	-52096	gene-LOC141378425	1.3895125	-0.60479464470998	TRUE	0	1	0	0	0
NC_133192.1	44786940	44786996	57	*	16	Promoter (2-3kb)	18	44789149	44791347	2199	1	insm1b	NM_199658.1	-2153	gene-insm1b	13.831701	0.359453315701757	TRUE	1	1	0	0	0
NC_133192.1	45198523	45198617	95	*	16	Distal Intergenic	18	44916050	45125353	209304	2	ralgapa2	XR_012393092.1	-73170	gene-ralgapa2	2.818534	-0.645620523222371	TRUE	1	1	0	0	0
NC_133192.1	45210748	45210987	240	*	42	Distal Intergenic	18	44916050	45125353	209304	2	ralgapa2	XR_012393092.1	-85395	gene-ralgapa2	2.818534	-0.645620523222371	TRUE	1	1	0	0	0
NC_133192.1	45257818	45257869	52	*	21	Intron (XR_012393094.1/LOC141378448, intron 2 of 2)	18	45219647	45319495	99849	2	LOC141378448	XR_012393094.1	61626	gene-LOC141378448	0	-Inf	FALSE	1	0	0	0	0
NC_133192.1	45277978	45278189	212	*	43	Intron (XR_012393094.1/LOC141378448, intron 2 of 2)	18	45219647	45319495	99849	2	LOC141378448	XR_012393094.1	41306	gene-LOC141378448	0	-Inf	FALSE	1	0	0	0	1
NC_133192.1	45279677	45279773	97	*	26	Intron (XR_012393094.1/LOC141378448, intron 2 of 2)	18	45219647	45319495	99849	2	LOC141378448	XR_012393094.1	39722	gene-LOC141378448	0	-Inf	FALSE	0	0	0	0	0
NC_133192.1	45285001	45285065	65	*	19	Intron (XR_012393094.1/LOC141378448, intron 2 of 2)	18	45219647	45319495	99849	2	LOC141378448	XR_012393094.1	34430	gene-LOC141378448	0	-Inf	FALSE	1	0	0	0	1
NC_133192.1	58222125	58222268	144	*	17	Intron (XM_073927702.1/ift43, intron 5 of 8)	18	58197486	58231258	33773	1	ift43	XM_073927702.1	24639	gene-ift43	1.8189605	-0.881657033274143	TRUE	1	1	0	0	0
NC_133192.1	58449241	58449326	86	*	23	Intron (XM_073927168.1/esrrb, intron 2 of 6)	18	58402929	58512009	109081	1	esrrb	XM_073927168.1	46312	gene-esrrb	1.386331	-1.03050103107085	TRUE	0	1	0	0	1
NC_133192.1	58584239	58584433	195	*	27	Distal Intergenic	18	58584877	58593808	8932	2	LOC141378392	XR_012392954.1	9375	gene-LOC141378392	0	-Inf	FALSE	1	0	0	0	0
NC_133192.1	58658202	58658281	80	*	22	Intron (NM_201487.1/dlst, intron 10 of 14)	18	58643355	58670364	27010	1	dlst	NM_201487.1	14847	gene-dlst	76.78201	1.41389409417179	TRUE	0	1	0	0	1
NC_133192.1	58867969	58868074	106	*	19	Distal Intergenic	18	58893209	58939352	46144	1	LOC141378400	XR_012392965.1	-25135	gene-LOC141378400	0.5619795	-1.51745648791264	TRUE	0	1	0	0	0
NC_133192.1	58906052	58906121	70	*	24	Intron (XR_012392965.1/LOC141378400, intron 1 of 3)	18	58893209	58939352	46144	1	LOC141378400	XR_012392965.1	12843	gene-LOC141378400	0.5619795	-1.51745648791264	TRUE	0	1	0	0	0
NC_133192.1	58955330	58955364	35	*	16	Promoter (<=1kb)	18	58955797	59056936	101140	1	meis2a	XM_073926911.1	-433	gene-meis2a	37.971354	1.00454892922219	TRUE	1	1	0	0	0
NC_133192.1	59045104	59045192	89	*	19	Intron (XM_073926911.1/meis2a, intron 9 of 11)	18	58955797	59056936	101140	1	meis2a	XM_073926911.1	89307	gene-meis2a	37.971354	1.00454892922219	TRUE	1	1	0	0	0
NC_133193.1	1499598	1499756	159	*	39	Distal Intergenic	19	1501882	1513631	11750	2	parp6a	NM_001002537.1	13875	gene-parp6a	0.328724	-2.0127985121379	TRUE	1	1	0	0	0
NC_133193.1	2448092	2448162	71	*	17	Intron (XM_073930133.1/LOC101886077, intron 14 of 14)	19	2429784	2615692	185909	2	LOC101886077	XM_073930133.1	167530	gene-LOC101886077	0.1631965	-2.65495902923333	TRUE	1	1	0	0	0
NC_133193.1	2813405	2813498	94	*	24	Promoter (<=1kb)	19	2756630	2812946	56317	2	wtip	NM_001123278.2	-459	gene-wtip	4.3679715	-0.424743563079902	TRUE	1	1	0	0	1
NC_133193.1	3273359	3273462	104	*	38	Distal Intergenic	19	3122645	3161920	39276	1	rab27a	XR_012393782.1	150714	gene-rab27a	11.3394145	0.162527477283576	TRUE	0	1	0	0	1
NC_133193.1	7159129	7159235	107	*	20	Distal Intergenic	19	7184207	7190260	6054	1	LOC141378803	XR_012394273.1	-24972	gene-LOC141378803	0	-Inf	FALSE	0	0	0	0	0
NC_133193.1	12527731	12527799	69	*	16	Intron (XM_073929885.1/tspan9a, intron 3 of 9)	19	12354045	12746392	392348	2	tspan9a	XM_073929885.1	218593	gene-tspan9a	3.1060705	-0.595122726577831	TRUE	1	1	0	0	0
NC_133193.1	16691117	16691147	31	*	14	Intron (XM_068214746.1/rfx4, intron 17 of 17)	19	16686431	16727973	41543	2	rfx4	XM_068214746.1	36826	gene-rfx4	19.714522	0.581352759329543	TRUE	0	1	0	0	0
NC_133193.1	17020057	17020136	80	*	15	Promoter (2-3kb)	19	17022985	17045528	22544	1	nr1h4	XM_073929026.1	-2849	gene-nr1h4	0.101866	-2.58316782472657	TRUE	1	1	0	0	0
NC_133193.1	18779389	18779444	56	*	19	Intron (NM_001039460.2/zfpm1, intron 1 of 8)	19	18655485	18784029	128545	2	zfpm1	NM_001039460.2	4585	gene-zfpm1	2.6673525	-0.681028385574643	TRUE	1	1	0	0	0
NC_133193.1	18938511	18938579	69	*	19	Intron (XM_009293522.4/nup93, intron 3 of 21)	19	18915956	18962410	46455	1	nup93	XM_009293522.4	22555	gene-nup93	71.189191	1.36410431493472	TRUE	1	1	0	0	0
NC_133193.1	19241769	19241857	89	*	26	Intron (XM_073929373.1/znf423, intron 5 of 7)	19	19161354	19271193	109840	1	znf423	XM_073929373.1	80415	gene-znf423	14.369633	0.372154026606644	TRUE	1	1	0	0	0
NC_133193.1	19241951	19242003	53	*	22	Intron (XM_073929373.1/znf423, intron 5 of 7)	19	19161354	19271193	109840	1	znf423	XM_073929373.1	80597	gene-znf423	14.369633	0.372154026606644	TRUE	1	1	0	0	0
NC_133193.1	19264003	19264130	128	*	20	Intron (XM_073929373.1/znf423, intron 5 of 7)	19	19161354	19271193	109840	1	znf423	XM_073929373.1	102649	gene-znf423	14.369633	0.372154026606644	TRUE	0	1	0	0	0
NC_133193.1	19293647	19293745	99	*	16	Intron (XM_073929352.1/znf423, intron 8 of 10)	19	19161354	19380235	218882	1	znf423	XM_073929352.1	132293	gene-znf423	14.369633	0.372154026606644	TRUE	1	1	0	0	0
NC_133193.1	19298718	19298884	167	*	25	Intron (XM_073929352.1/znf423, intron 8 of 10)	19	19161354	19380235	218882	1	znf423	XM_073929352.1	137364	gene-znf423	14.369633	0.372154026606644	TRUE	0	1	0	0	0
NC_133193.1	19405255	19405329	75	*	15	Intron (XM_005159087.6/si:ch211-212o1.2, intron 2 of 6)	19	19385859	19445931	60073	1	si:ch211-212o1.2	XM_005159087.6	19396	gene-si:ch211-212o1.2	5.238427	-0.255352286417026	TRUE	0	1	0	0	0
NC_133193.1	21255656	21255759	104	*	19	Intron (XM_005159133.6/iqch, intron 16 of 20)	19	21207697	21270309	62613	1	iqch	XM_005159133.6	47959	gene-iqch	0.3108095	-1.96917898058033	TRUE	0	1	0	0	0
NC_133193.1	21293683	21293796	114	*	15	Promoter (<=1kb)	19	21292982	21370107	77126	1	skor1b	XM_068214813.2	701	gene-skor1b	1.6129105	-0.956113606359047	TRUE	0	1	0	0	0
NC_133193.1	21625606	21625733	128	*	38	Intron (XM_073928833.1/tle3a, intron 5 of 20)	19	21614464	21646065	31602	1	tle3a	XM_073928833.1	11142	gene-tle3a	37.9729915	0.962381676983521	TRUE	1	1	0	0	0
NC_133193.1	21661335	21661542	208	*	46	Distal Intergenic	19	21704814	21766600	61787	1	LOC141378822	XR_012394307.1	-43272	gene-LOC141378822	0	-Inf	FALSE	1	0	0	0	0
NC_133193.1	24514994	24515055	62	*	18	Distal Intergenic	19	24496636	24501368	4733	2	LOC137488280	XR_012393919.1	-13626	gene-LOC137488280	0.048293	-2.99585762049473	TRUE	0	1	0	0	0
NC_133193.1	24955321	24955466	146	*	51	Distal Intergenic	19	25020421	25027400	6980	1	LOC141378830	XR_012394315.1	-64955	gene-LOC141378830	0	-Inf	FALSE	0	0	0	0	1
NC_133193.1	24996587	24996818	232	*	20	Distal Intergenic	19	25020421	25027400	6980	1	LOC141378830	XR_012394315.1	-23603	gene-LOC141378830	0	-Inf	FALSE	0	0	0	0	0
NC_133193.1	25085865	25085915	51	*	14	Distal Intergenic	19	25020421	25027400	6980	1	LOC141378830	XR_012394315.1	65444	gene-LOC141378830	0	-Inf	FALSE	1	0	0	0	0
NC_133193.1	25262674	25262750	77	*	19	Distal Intergenic	19	25250821	25256956	6136	2	LOC141378831	XR_012394316.1	-5718	gene-LOC141378831	0.0044345	-Inf	FALSE	0	0	0	0	0
NC_133193.1	25272260	25272362	103	*	19	Distal Intergenic	19	25250821	25256956	6136	2	LOC141378831	XR_012394316.1	-15304	gene-LOC141378831	0.0044345	-Inf	FALSE	0	0	0	0	0
NC_133193.1	25408542	25408590	49	*	14	Intron (XM_073928857.1/nr2f2, intron 2 of 5)	19	25291937	25446808	154872	2	nr2f2	XM_073928857.1	38218	gene-nr2f2	56.974326	1.23162770346284	TRUE	1	1	0	0	1
NC_133193.1	25454742	25454786	45	*	14	Distal Intergenic	19	25291937	25446808	154872	2	nr2f2	XM_073928863.1	-7934	gene-nr2f2	56.974326	1.23162770346284	TRUE	1	1	0	0	0
NC_133193.1	25555155	25555297	143	*	18	Distal Intergenic	19	25291937	25446808	154872	2	nr2f2	XM_073928863.1	-108347	gene-nr2f2	56.974326	1.23162770346284	TRUE	0	1	0	0	0
NC_133193.1	28467615	28467666	52	*	17	Intron (XM_021467822.3/pik3c2a, intron 4 of 32)	19	28440147	28512258	72112	1	pik3c2a	XM_021467822.3	27468	gene-pik3c2a	9.0547325	0.0880991716254599	TRUE	0	1	0	0	0
NC_133193.1	32437715	32437795	81	*	19	Promoter (<=1kb)	19	32438342	32442212	3871	1	foxf1	NM_001080186.1	-547	gene-foxf1	3.120834	-0.5501272513983	TRUE	0	1	0	0	0
NC_133193.1	41277098	41277140	43	*	17	Intron (NM_001310078.1/alx4b, intron 1 of 3)	19	41247956	41286779	38824	1	alx4b	NM_001310078.1	29142	gene-alx4b	0.4381035	-1.84089874268407	TRUE	1	1	0	0	0
NC_133193.1	42597950	42598013	64	*	14	Downstream (<=300bp)	19	42544994	42579695	34702	2	cyp19a1a	XM_073928852.1	-18255	gene-cyp19a1a	0.063187	-2.82751696095097	TRUE	0	1	0	0	0
NC_133194.1	127610	127704	95	*	16	Intron (NM_213426.1/hnrnpr, intron 6 of 6)	20	125872	134066	8195	2	hnrnpr	NM_213426.1	6362	gene-hnrnpr	50.7567325	1.16674222178165	TRUE	0	1	0	0	0
NC_133194.1	1430855	1430984	130	*	17	Distal Intergenic	20	1488378	1490600	2223	1	scrt1a	NM_001113601.2	-57394	gene-scrt1a	3.4701855	-0.516341356700824	TRUE	1	1	0	0	0
NC_133194.1	1852880	1852937	58	*	15	Promoter (1-2kb)	20	1839469	1851758	12290	2	LOC141378962	XR_012394801.1	-1122	gene-LOC141378962	0.048058	-3.0749379671003	FALSE	0	0	0	0	0
NC_133194.1	7157521	7157598	78	*	17	Distal Intergenic	20	7083672	7135771	52100	2	erf	XM_005159364.5	-21750	gene-erf	14.941228	0.419617166810725	TRUE	0	1	0	0	0
NC_133194.1	15362647	15362709	63	*	22	Distal Intergenic	20	15329574	15333686	4113	2	tbxta	NM_131162.1	-28961	gene-tbxta	17.4644885	0.536104988995947	TRUE	1	1	0	0	0
NC_133194.1	15530185	15530319	135	*	19	Intron (XM_021468300.2/arid1ab, intron 1 of 19)	20	15494662	15579687	85026	1	arid1ab	XM_021468300.2	35523	gene-arid1ab	24.337023	0.68457879381837	TRUE	1	1	0	0	0
NC_133194.1	17009547	17009629	83	*	21	Distal Intergenic	20	17010077	17014262	4186	2	cited4a	NM_001044982.2	4633	gene-cited4a	31.937594	0.867140537709225	TRUE	0	1	0	0	0
NC_133194.1	17861099	17861205	107	*	19	Distal Intergenic	20	17949589	17954220	4632	1	LOC141378969	XR_012394811.1	-88384	gene-LOC141378969	0.027674	-3.52465223739992	FALSE	0	0	0	0	0
NC_133194.1	24104730	24104798	69	*	16	Intron (XM_005169989.6/znf516, intron 4 of 4)	20	24099435	24169814	70380	2	znf516	XM_005169989.6	65016	gene-znf516	13.3461005	0.262467135828722	TRUE	0	1	0	0	0
NC_133194.1	36195585	36195643	59	*	19	Intron (XM_073931135.1/runx1t1, intron 3 of 12)	20	36017754	36250819	233066	1	runx1t1	XM_073931135.1	177831	gene-runx1t1	3.988853	-0.429881667773713	TRUE	1	1	0	0	0
NC_133194.1	37527267	37527386	120	*	17	Intron (XM_068215299.1/macf1a, intron 65 of 95)	20	37493390	37653844	160455	2	macf1a	XM_068215299.1	126458	gene-macf1a	7.0122355	-0.101786154637069	TRUE	0	1	0	0	0
NC_133194.1	37551995	37552137	143	*	17	Intron (XM_068215299.1/macf1a, intron 54 of 95)	20	37493390	37653844	160455	2	macf1a	XM_068215299.1	101707	gene-macf1a	7.0122355	-0.101786154637069	TRUE	0	1	0	0	0
NC_133194.1	37553586	37553620	35	*	17	Intron (XM_068215299.1/macf1a, intron 54 of 95)	20	37493390	37653844	160455	2	macf1a	XM_068215299.1	100224	gene-macf1a	7.0122355	-0.101786154637069	TRUE	1	1	0	0	0
NC_133194.1	37553762	37553852	91	*	16	Intron (XM_068215299.1/macf1a, intron 54 of 95)	20	37493390	37653844	160455	2	macf1a	XM_068215299.1	99992	gene-macf1a	7.0122355	-0.101786154637069	TRUE	1	1	0	0	0
NC_133194.1	45033441	45033549	109	*	22	Intron (XM_073931918.1/kcnq4, intron 9 of 13)	20	44941380	45061967	120588	1	kcnq4	XM_073931918.1	92061	gene-kcnq4	0.0802985	-2.71654852116369	TRUE	0	1	0	0	0
NC_133194.1	50505973	50506022	50	*	14	Intron (XM_073930758.1/psmb2, intron 1 of 5)	20	50483810	50514677	30868	2	psmb2	XM_073930758.1	8655	gene-psmb2	291.241773	2.22320171045176	TRUE	1	1	0	0	0
NC_133195.1	8334558	8334607	50	*	15	Intron (NM_001040685.2/dab1a, intron 12 of 14)	21	8300686	8601805	301120	2	dab1a	NM_001040685.2	267198	gene-dab1a	0.48992	-1.64079803403144	TRUE	0	1	0	0	0
NC_133195.1	12898797	12899040	244	*	20	Distal Intergenic	21	12913185	12940576	27392	1	zgc:153383	XM_073933231.1	-14145	gene-zgc:153383	1.7523245	-1.17442731649152	TRUE	1	1	0	0	0
NC_133195.1	23041275	23041449	175	*	22	Intron (XM_073932552.1/prkchb, intron 1 of 14)	21	22904633	23068861	164229	2	prkchb	XM_073932552.1	27412	gene-prkchb	2.0015465	-0.825946706175695	TRUE	1	1	0	0	0
NC_133195.1	26586853	26586938	86	*	24	Intron (XM_073932281.1/gja10b, intron 2 of 2)	21	26576981	26606426	29446	1	gja10b	XM_073932281.1	9872	gene-gja10b	0.02762	-3.4689358190752	FALSE	0	0	0	0	0
NC_133195.1	29405389	29405474	86	*	18	Intron (XR_012395731.1/LOC137488655, intron 4 of 6)	21	29344108	29424559	80452	2	LOC137488655	XR_012395731.1	19085	gene-LOC137488655	0	-Inf	FALSE	1	0	0	1	0
NC_133195.1	30984048	30984119	72	*	19	Downstream (<=300bp)	21	30975106	30983826	8721	1	dll4	NM_001079835.1	8942	gene-dll4	3.263387	-0.56439569616337	TRUE	0	1	1	0	1
NC_133195.1	35294842	35294920	79	*	17	Intron (NM_001037106.2/snx3, intron 3 of 3)	21	35269408	35296600	27193	1	snx3	NM_001037106.2	25434	gene-snx3	50.1644335	1.15326380307807	TRUE	0	1	0	0	1
NC_133195.1	39711562	39711670	109	*	20	Intron (XM_073932429.1/enah, intron 3 of 10)	21	39691531	39759011	67481	2	enah	XM_073932429.1	47341	gene-enah	16.1282725	0.491919688026576	TRUE	1	1	0	0	0
NC_133195.1	40106092	40106151	60	*	16	Promoter (2-3kb)	21	40095651	40103541	7891	2	LOC141379386	XR_012395978.1	-2551	gene-LOC141379386	0.002929	-4.37326492254968	FALSE	0	0	0	0	0
NC_133195.1	42869273	42869543	271	*	37	Intron (XR_012395470.1/esco2, intron 4 of 4)	21	42628019	42993856	365838	1	esco2	XR_012395470.1	241254	gene-esco2	69.630037	1.35201832863673	TRUE	1	1	0	0	0
NC_133196.1	2212969	2213063	95	*	21	Distal Intergenic	22	2168497	2190737	22241	1	fech	NM_131631.2	44472	gene-fech	6.463349	-0.0836285877598934	TRUE	0	1	0	0	0
NC_133196.1	2256635	2256729	95	*	21	Intron (XM_001920273.9/onecut2, intron 1 of 1)	22	2216315	2263230	46916	2	onecut2	XM_001920273.9	6501	gene-onecut2	1.2236945	-1.26257595846962	TRUE	1	1	0	0	0
NC_133196.1	5671319	5671356	38	*	15	Intron (NM_131441.1/notch1a, intron 14 of 32)	22	5645319	5713901	68583	2	notch1a	NM_131441.1	42545	gene-notch1a	23.2442655	0.612494180124327	TRUE	0	1	0	0	0
NC_133196.1	8815997	8816067	71	*	19	Distal Intergenic	22	8875438	8877726	2289	1	LOC137488780	XR_011007992.2	-59371	gene-LOC137488780	10.7916255	0.286578420687301	TRUE	0	1	0	0	0
NC_133196.1	11614933	11615001	69	*	18	Intron (XR_012397178.1/LOC141379990, intron 1 of 2)	22	11608466	11822529	214064	1	LOC141379990	XR_012397178.1	6467	gene-LOC141379990	0.024407	-Inf	FALSE	0	0	0	0	0
NC_133196.1	12121009	12121058	50	*	17	Promoter (<=1kb)	22	12121338	12124296	2959	1	rx3	NM_131227.1	-280	gene-rx3	4.0493985	-0.386303455236781	TRUE	1	1	0	0	0
NC_133196.1	12866240	12866308	69	*	17	Intron (XR_012397180.1/gtf3c5, intron 5 of 5)	22	12838210	12870937	32728	1	grin1a	NM_001076714.2	28030	gene-grin1a	0.9998705	-1.28086462910949	TRUE	0	1	0	0	0
NC_133196.1	13789142	13789234	93	*	19	Intron (XR_012396640.1/LOC141379814, intron 5 of 6)	22	13729444	13856940	127497	2	LOC141379814	XR_012396640.1	67706	gene-LOC141379814	0.020206	-3.58957050378604	FALSE	0	0	0	0	0
NC_133196.1	15014253	15014355	103	*	18	Distal Intergenic	22	14976255	14981503	5249	1	si:dkey-248f6.3	XM_068216013.2	37998	gene-si:dkey-248f6.3	0.008011	-Inf	FALSE	0	0	0	0	0
NC_133196.1	15016356	15016511	156	*	22	Distal Intergenic	22	14976255	14981503	5249	1	si:dkey-248f6.3	XM_068216013.2	40101	gene-si:dkey-248f6.3	0.008011	-Inf	FALSE	0	0	0	0	0
NC_133196.1	15017160	15017313	154	*	24	Distal Intergenic	22	14976255	14981503	5249	1	si:dkey-248f6.3	XM_068216013.2	40905	gene-si:dkey-248f6.3	0.008011	-Inf	FALSE	0	0	0	0	0
NC_133196.1	15018919	15018950	32	*	14	Distal Intergenic	22	14976255	14981503	5249	1	si:dkey-248f6.3	XM_068216013.2	42664	gene-si:dkey-248f6.3	0.008011	-Inf	FALSE	0	0	0	0	0
NC_133196.1	17228581	17228725	145	*	42	Distal Intergenic	22	17232928	17236775	3848	1	gnrh2	NM_181439.4	-4203	gene-gnrh2	0.4997045	-1.4924380903318	TRUE	0	1	0	0	0
NC_133196.1	18871655	18871733	79	*	26	Downstream (<=300bp)	22	18875065	18878772	3708	2	barhl1b	NM_001018132.1	7039	gene-barhl1b	1.7147055	-0.985495440646086	TRUE	1	1	0	0	0
NC_133196.1	19175070	19175128	59	*	18	Intron (XM_073934683.1/rxraa, intron 6 of 15)	22	19007235	19353599	346365	1	rxraa	XM_073934683.1	167835	gene-rxraa	7.298685	-0.0362009552367403	TRUE	0	1	0	0	0
NC_133196.1	22502271	22502351	81	*	17	Intron (XM_021469065.3/ank1b, intron 39 of 43)	22	22490111	22619255	129145	2	ank1b	XM_021469065.3	116904	gene-ank1b	0.930612	-1.33853555764798	TRUE	1	1	0	0	0
NC_133196.1	24611946	24612109	164	*	26	Intron (XM_009295291.5/zbtb16a, intron 5 of 6)	22	24600815	24748855	148041	2	zbtb16a	XM_009295291.5	136746	gene-zbtb16a	62.3980395	1.2824180954212	TRUE	0	1	0	0	0
NC_133196.1	24809401	24809499	99	*	16	Intron (XM_005161138.5/ncam1a, intron 16 of 19)	22	24778649	25192906	414258	2	ncam1a	XM_005161138.5	383407	gene-ncam1a	16.111593	0.455650635226478	TRUE	0	1	0	0	0
NC_133196.1	26148373	26148567	195	*	53	Intron (XM_009295418.4/igsf9bb, intron 18 of 19)	22	26136724	26312995	176272	2	igsf9bb	XM_009295418.4	164428	gene-igsf9bb	0.1304675	-2.43207386908665	TRUE	0	1	0	0	0
NC_133196.1	26148595	26148662	68	*	28	Intron (XM_009295418.4/igsf9bb, intron 18 of 19)	22	26136724	26312995	176272	2	igsf9bb	XM_009295418.4	164333	gene-igsf9bb	0.1304675	-2.43207386908665	TRUE	0	1	0	0	1
NC_133196.1	30653979	30654130	152	*	25	Distal Intergenic	22	30643729	30643914	186	2	im:7160157	NR_023323.1	-10065	gene-im:7160157	27.0712035	0.705928520291864	TRUE	0	1	0	0	0
NC_133196.1	30667400	30667506	107	*	21	Distal Intergenic	22	30643729	30643914	186	2	im:7160157	NR_023323.1	-23486	gene-im:7160157	27.0712035	0.705928520291864	TRUE	0	1	0	0	0
NC_133196.1	30674855	30674951	97	*	20	Distal Intergenic	22	30643729	30643914	186	2	im:7160157	NR_023323.1	-30941	gene-im:7160157	27.0712035	0.705928520291864	TRUE	0	1	0	0	0
NC_133196.1	30676194	30676263	70	*	15	Distal Intergenic	22	30643729	30643914	186	2	im:7160157	NR_023323.1	-32280	gene-im:7160157	27.0712035	0.705928520291864	TRUE	0	1	0	0	0
NC_133196.1	30683283	30683361	79	*	19	Distal Intergenic	22	30643729	30643914	186	2	im:7160157	NR_023323.1	-39369	gene-im:7160157	27.0712035	0.705928520291864	TRUE	0	1	0	0	0
NC_133196.1	31929404	31929532	129	*	18	Distal Intergenic	22	31916122	31922095	5974	1	LOC137488867	XR_011008127.2	13282	gene-LOC137488867	0.0353755	-3.26231993189245	FALSE	1	0	0	0	0
NC_133196.1	38098888	38099036	149	*	26	Intron (XM_005161406.6/dacha, intron 7 of 11)	22	38052029	38346839	294811	2	dacha	XM_005161406.6	247803	gene-dacha	9.407282	0.12575255468238	TRUE	1	1	0	0	0
NC_133196.1	41766865	41766959	95	*	19	Promoter (1-2kb)	22	41760535	41768292	7758	2	LOC100003704	XM_005170276.6	1333	gene-LOC100003704	7.723424	-0.0191567252693599	TRUE	1	1	0	0	0
NC_133197.1	18324390	18324496	107	*	20	Distal Intergenic	23	18254971	18264882	9912	1	LOC141380307	XR_012398129.1	69419	gene-LOC141380307	0.014078	-3.82581052694459	FALSE	1	0	0	0	0
NC_133197.1	18644489	18644554	66	*	22	Intron (NM_001312882.1/bsg, intron 5 of 7)	23	18634790	18651832	17043	1	bsg	NM_001312882.1	9699	gene-bsg	271.873205	2.18830872673088	TRUE	0	1	0	0	0
NC_133197.1	19815588	19815643	56	*	17	Intron (NM_001130788.2/celf5a, intron 2 of 11)	23	19503395	19876907	373513	2	celf5a	NM_001130788.2	61264	gene-celf5a	0.5239935	-1.67998748445778	TRUE	0	1	0	0	0
NC_133197.1	20065130	20065192	63	*	19	Intron (XM_068216356.2/unc13a, intron 13 of 43)	23	20043700	20103264	59565	1	unc13a	XM_068216356.2	21430	gene-unc13a	0.480449	-1.76823137188369	TRUE	0	1	0	0	0
NC_133197.1	20314934	20315088	155	*	38	Promoter (2-3kb)	23	20312534	20329689	17156	1	onecut3a	XM_689117.7	2400	gene-onecut3a	4.8296595	-0.333193311378241	TRUE	0	1	0	0	0
NC_133197.1	20315607	20315649	43	*	17	Intron (XM_689117.7/onecut3a, intron 1 of 1)	23	20312534	20329689	17156	1	onecut3a	XM_689117.7	3073	gene-onecut3a	4.8296595	-0.333193311378241	TRUE	0	1	0	0	0
NC_133197.1	22415175	22415289	115	*	18	Intron (XM_073937819.1/LOC101884238, intron 21 of 23)	23	22334039	22459242	125204	1	LOC101884238	XM_073937819.1	81136	gene-LOC101884238	0.0960625	-2.73449852087949	TRUE	1	1	0	0	0
NC_133197.1	22486419	22486471	53	*	18	Intron (NM_001313729.1/nr5a2, intron 6 of 6)	23	22476818	22562315	85498	2	nr5a2	NM_001313729.1	75844	gene-nr5a2	1.588242	-0.960312260040174	TRUE	0	1	0	0	0
NC_133197.1	22552835	22553324	490	*	40	Intron (NM_001313729.1/nr5a2, intron 3 of 6)	23	22476818	22562315	85498	2	nr5a2	NM_001313729.1	8991	gene-nr5a2	1.588242	-0.960312260040174	TRUE	1	1	0	0	0
NC_133197.1	23079229	23079297	69	*	19	Intron (XM_073936493.1/lhx9, intron 3 of 4)	23	23072546	23083265	10720	2	lhx9	XM_073936493.1	3968	gene-lhx9	5.9802065	-0.187912013721819	TRUE	1	1	0	0	1
NC_133197.1	23138074	23138121	48	*	20	Intron (XM_009296375.5/dennd1b, intron 2 of 21)	23	23104964	23301089	196126	1	dennd1b	XM_009296375.5	33110	gene-dennd1b	0.624763	-1.61591459648117	TRUE	1	1	0	0	0
NC_133197.1	23138557	23138600	44	*	14	Intron (XM_009296375.5/dennd1b, intron 2 of 21)	23	23104964	23301089	196126	1	dennd1b	XM_009296375.5	33593	gene-dennd1b	0.624763	-1.61591459648117	TRUE	1	1	0	0	0
NC_133197.1	38754819	38754870	52	*	18	Intron (XM_005170547.5/ncl, intron 8 of 16)	23	38744519	38761523	17005	2	ncl	XM_005170547.5	6653	gene-ncl	632.794816	2.71914172315662	TRUE	0	1	0	0	0
NC_133197.1	39449361	39449511	151	*	24	Intron (XR_012397969.1/sox2ot, intron 3 of 4)	23	39403821	39640897	237077	2	sox2ot	XR_012397969.1	191386	gene-sox2ot	2.917892	-0.550300346989564	TRUE	1	1	0	0	0
NC_133197.1	39467275	39467365	91	*	29	Intron (XR_012397969.1/sox2ot, intron 3 of 4)	23	39403821	39640897	237077	2	sox2ot	XR_012397969.1	173532	gene-sox2ot	2.917892	-0.550300346989564	TRUE	1	1	0	0	0
NC_133197.1	39711176	39711231	56	*	19	Distal Intergenic	23	39671435	39694671	23237	2	fxr1	NM_001312881.1	-16505	gene-fxr1	42.504362	1.06790099957851	TRUE	0	1	0	0	0
NC_133197.1	40679361	40679426	66	*	17	Distal Intergenic	23	40651938	40666614	14677	2	soul4	XR_012397406.1	-12747	gene-soul4	10.4312505	0.162806104156475	TRUE	0	1	0	0	0
NC_133198.1	2945500	2945583	84	*	18	Intron (XR_012398934.1/dhx35, intron 17 of 17)	24	2918323	3304892	386570	1	dhx35	XR_012398934.1	27177	gene-dhx35	13.4294985	0.362813582847543	TRUE	1	1	0	0	0
NC_133198.1	2951817	2951914	98	*	23	Intron (XR_012398934.1/dhx35, intron 17 of 17)	24	2918323	3304892	386570	1	dhx35	XR_012398934.1	33494	gene-dhx35	13.4294985	0.362813582847543	TRUE	1	1	0	0	1
NC_133198.1	2970783	2970855	73	*	16	Intron (XR_012398934.1/dhx35, intron 17 of 17)	24	2958846	3000088	41243	2	LOC141380616	XR_012398935.1	29233	gene-LOC141380616	0.034762	-3.22546694152282	FALSE	1	0	0	0	1
NC_133198.1	4170326	4170405	80	*	16	Distal Intergenic	24	4136528	4143833	7306	2	LOC108181461	XR_012398885.1	-26493	gene-LOC108181461	0.067279	-2.74629735983666	TRUE	0	1	0	0	0
NC_133198.1	20681290	20681425	136	*	29	Intron (XR_012398439.1/LOC141380475, intron 2 of 3)	24	20583671	20740220	156550	2	LOC141380475	XR_012398439.1	58795	gene-LOC141380475	0	-Inf	FALSE	1	0	0	0	1
NC_133198.1	22738551	22738772	222	*	42	Promoter (2-3kb)	24	22729708	22736100	6393	2	haus7	NM_001365083.1	-2451	gene-haus7	25.7803785	0.744506879986586	TRUE	0	1	0	0	0
NC_133198.1	23783281	23783389	109	*	19	Intron (XM_068216787.2/pax7b, intron 7 of 11)	24	23763963	23843576	79614	2	LOC141380486	XR_012398476.1	60187	gene-LOC141380486	0.055532	-3.50455132306897	FALSE	1	0	0	0	0
NC_133198.1	23822961	23823019	59	*	16	Intron (XM_068216787.2/pax7b, intron 10 of 11)	24	23763963	23843576	79614	2	LOC141380486	XR_012398476.1	20557	gene-LOC141380486	0.055532	-3.50455132306897	FALSE	1	0	0	0	0
NC_133198.1	23828972	23829014	43	*	16	Intron (XM_068216787.2/pax7b, intron 10 of 11)	24	23763963	23843576	79614	2	LOC141380486	XR_012398476.1	14562	gene-LOC141380486	0.055532	-3.50455132306897	FALSE	0	0	0	0	0
NC_133198.1	26310193	26310284	92	*	20	Intron (XR_012398516.1/LOC137489184, intron 4 of 5)	24	26236236	26411627	175392	2	LOC137489184	XR_012398516.1	101343	gene-LOC137489184	0.0469955	-3.08860795965945	FALSE	1	0	0	0	0
NC_133198.1	26310732	26310773	42	*	16	Intron (XR_012398516.1/LOC137489184, intron 4 of 5)	24	26236236	26411627	175392	2	LOC137489184	XR_012398516.1	100854	gene-LOC137489184	0.0469955	-3.08860795965945	FALSE	1	0	0	0	0
NC_133198.1	30230424	30230466	43	*	17	Intron (XM_068216795.2/scn8aa, intron 6 of 26)	24	30170119	30264580	94462	2	scn8aa	XM_068216795.2	34114	gene-scn8aa	2.110619	-0.836855963909574	TRUE	0	1	0	0	0
NC_133198.1	31908650	31908758	109	*	31	Intron (XM_005162284.6/casz1, intron 8 of 18)	24	31890294	31960039	69746	2	casz1	XM_005162284.6	51281	gene-casz1	9.7584785	0.102443563785493	TRUE	1	1	0	0	1
NC_133198.1	31916215	31916290	76	*	18	Intron (XM_005162284.6/casz1, intron 6 of 18)	24	31890294	31960039	69746	2	casz1	XM_005162284.6	43749	gene-casz1	9.7584785	0.102443563785493	TRUE	0	1	0	0	0
NC_133198.1	32251428	32251498	71	*	15	Intron (XM_073939122.1/ciroz, intron 11 of 11)	24	32243153	32297779	54627	2	ciroz	XM_073939122.1	46281	gene-ciroz	0.6772905	-1.54478442732776	TRUE	0	1	0	0	0
NC_133198.1	34909640	34909700	61	*	17	Promoter (1-2kb)	24	34905143	34911393	6251	2	ormdl2	XM_068216800.2	1693	gene-ormdl2	17.280175	0.503273532192277	TRUE	0	1	0	0	0
NC_133198.1	37230898	37230971	74	*	17	Distal Intergenic	24	37239454	37245879	6426	1	LOC141380658	XR_012399043.1	-8483	gene-LOC141380658	0.0058555	-Inf	FALSE	0	0	0	0	0
NC_133198.1	39175896	39175945	50	*	14	Distal Intergenic	24	39178950	39181865	2916	1	hoxc11a	NM_131165.2	-3005	gene-hoxc11a	5.334043	-0.226710426574242	TRUE	1	1	0	0	0
NC_133198.1	39263637	39263686	50	*	15	Intron (NR_125799.1/si:dkey-81p22.11, intron 4 of 5)	24	39215181	39383485	168305	2	si:dkey-81p22.11	NR_125799.1	119799	gene-si:dkey-81p22.11	0.8997405	-1.49796662480747	TRUE	0	1	0	0	0
NC_133198.1	41646083	41646189	107	*	18	Distal Intergenic	24	41708921	41715872	6952	1	LOC141380552	XR_012398702.1	-62732	gene-LOC141380552	0.015763	-3.54339036339393	FALSE	0	0	0	0	0
NC_133198.1	42229864	42229958	95	*	20	Promoter (<=1kb)	24	42229087	42237549	8463	1	sall4	XR_225243.6	777	gene-sall4	28.1592055	0.79821489749139	TRUE	1	1	1	0	0
NC_133199.1	4793130	4793189	60	*	20	Distal Intergenic	25	4835392	4838584	3193	1	LOC137490636	XR_011010470.2	-42203	gene-LOC137490636	0.393413	-1.98693104222859	TRUE	1	1	0	0	0
NC_133199.1	5131306	5131360	55	*	15	Intron (XM_068217143.2/agtr1b, intron 1 of 4)	25	4958008	5208785	250778	2	agtr1b	XM_068217143.2	77425	gene-agtr1b	0.515855	-1.60698711726297	TRUE	1	1	0	0	1
NC_133199.1	8451255	8451428	174	*	48	Distal Intergenic	25	8405433	8424667	19235	2	slc35b3	NM_001039995.1	-26588	gene-slc35b3	8.6576845	0.0909408303551312	TRUE	0	1	0	0	0
NC_133199.1	8453915	8454036	122	*	24	Distal Intergenic	25	8405433	8424667	19235	2	slc35b3	NM_001039995.1	-29248	gene-slc35b3	8.6576845	0.0909408303551312	TRUE	0	1	0	0	0
NC_133199.1	8521756	8521799	44	*	17	Distal Intergenic	25	8405433	8424667	19235	2	slc35b3	NM_001039995.1	-97089	gene-slc35b3	8.6576845	0.0909408303551312	TRUE	0	1	0	0	0
NC_133199.1	8652706	8652817	112	*	21	Distal Intergenic	25	8675167	8693991	18825	2	LOC141380819	XR_012399709.1	41174	gene-LOC141380819	0.012817	-Inf	FALSE	0	0	0	0	0
NC_133199.1	8945454	8945552	99	*	36	Intron (XM_073940556.1/tmem14ca, intron 3 of 6)	25	8912161	9090074	177914	1	tmem14ca	XM_073940556.1	33293	gene-tmem14ca	61.258455	1.28098246547165	TRUE	1	1	0	0	0
NC_133199.1	9060041	9060159	119	*	17	Intron (XM_073940556.1/tmem14ca, intron 3 of 6)	25	8912161	9090074	177914	1	tmem14ca	XM_073940556.1	147880	gene-tmem14ca	61.258455	1.28098246547165	TRUE	1	1	0	0	0
NC_133199.1	11942143	11942294	152	*	30	Intron (XM_073940176.1/gli3, intron 6 of 14)	25	11887205	12114081	226877	2	gli3	XM_073940176.1	171787	gene-gli3	4.330329	-0.401387373397894	TRUE	0	1	0	0	1
NC_133199.1	11942373	11942422	50	*	18	Intron (XM_073940176.1/gli3, intron 6 of 14)	25	11887205	12114081	226877	2	gli3	XM_073940176.1	171659	gene-gli3	4.330329	-0.401387373397894	TRUE	0	1	0	0	0
NC_133199.1	15399104	15399151	48	*	27	Intron (XM_073939993.1/eya1, intron 5 of 20)	25	15213737	15481440	267704	1	eya1	XM_073939993.1	185367	gene-eya1	29.571479	0.826330432764889	TRUE	1	1	0	0	0
NC_133199.1	15462929	15463015	87	*	17	Intron (XM_073939993.1/eya1, intron 15 of 20)	25	15213737	15481440	267704	1	eya1	XM_073939993.1	249192	gene-eya1	29.571479	0.826330432764889	TRUE	1	1	0	0	0
NC_133199.1	15477657	15477773	117	*	18	Intron (XM_073939993.1/eya1, intron 20 of 20)	25	15213737	15481440	267704	1	eya1	XM_073939993.1	263920	gene-eya1	29.571479	0.826330432764889	TRUE	0	1	0	0	0
NC_133199.1	25652840	25652993	154	*	20	Intron (XM_073940364.1/flt1, intron 13 of 30)	25	25630716	25689634	58919	2	flt1	XM_073940364.1	36641	gene-flt1	2.436115	-0.698866367461083	TRUE	1	1	0	0	0
NC_133199.1	27184987	27185053	67	*	16	Intron (XM_005162747.6/zfhx4, intron 4 of 9)	25	27160606	27237437	76832	2	zfhx4	XM_005162747.6	52384	gene-zfhx4	4.2932855	-0.375692611852134	TRUE	0	1	0	0	0
NC_133199.1	27199019	27199055	37	*	15	Intron (XM_005162747.6/zfhx4, intron 4 of 9)	25	27160606	27237437	76832	2	zfhx4	XM_005162747.6	38382	gene-zfhx4	4.2932855	-0.375692611852134	TRUE	0	1	0	0	0
NC_133199.1	27208111	27208256	146	*	16	Intron (XM_005162747.6/zfhx4, intron 3 of 9)	25	27160606	27237437	76832	2	zfhx4	XM_005162747.6	29181	gene-zfhx4	4.2932855	-0.375692611852134	TRUE	0	1	0	0	0
NC_133199.1	27215311	27215401	91	*	18	Intron (XM_005162747.6/zfhx4, intron 3 of 9)	25	27160606	27237437	76832	2	zfhx4	XM_005162747.6	22036	gene-zfhx4	4.2932855	-0.375692611852134	TRUE	0	1	0	0	0
NC_133199.1	27216719	27216779	61	*	17	Intron (XM_005162747.6/zfhx4, intron 3 of 9)	25	27160606	27237437	76832	2	zfhx4	XM_005162747.6	20658	gene-zfhx4	4.2932855	-0.375692611852134	TRUE	0	1	0	0	0
NC_133199.1	27229662	27229784	123	*	27	Intron (XM_005162747.6/zfhx4, intron 1 of 9)	25	27160606	27237437	76832	2	zfhx4	XM_005162747.6	7653	gene-zfhx4	4.2932855	-0.375692611852134	TRUE	0	1	0	0	1
NC_133199.1	27239820	27239877	58	*	15	Promoter (1-2kb)	25	27160606	27241712	81107	2	zfhx4	XM_679268.11	1835	gene-zfhx4	4.2932855	-0.375692611852134	TRUE	0	1	0	0	0
NC_133199.1	27258430	27258536	107	*	35	Intron (XR_012399381.1/LOC137489241, intron 4 of 5)	25	27247373	27562865	315493	2	LOC137489241	XR_012399381.1	304329	gene-LOC137489241	0.0059385	-Inf	FALSE	0	0	0	0	0
NC_133199.1	27537940	27537987	48	*	14	Intron (XR_012399381.1/LOC137489241, intron 1 of 5)	25	27247373	27562865	315493	2	LOC137489241	XR_012399381.1	24878	gene-LOC137489241	0.0059385	-Inf	FALSE	1	0	0	0	0
NC_133199.1	27848041	27848119	79	*	15	Intron (NM_001305464.1/pola1, intron 36 of 36)	25	27761338	27853068	91731	1	pola1	NM_001305464.1	86703	gene-pola1	28.230503	0.804785804862655	TRUE	1	1	0	0	0
NC_133199.1	27859468	27859570	103	*	19	Intron (NM_131384.1/arxa, intron 3 of 4)	25	27857372	27863155	5784	2	arxa	NM_131384.1	3585	gene-arxa	12.2734365	0.273812467643741	TRUE	1	1	0	0	0
NC_133199.1	32785695	32785831	137	*	24	Distal Intergenic	25	32799192	32800761	1570	2	LOC110438354	XR_002456638.3	14930	gene-LOC110438354	0.234499	-1.86326375876939	TRUE	1	1	0	1	0
NC_133199.1	34049821	34049869	49	*	15	Intron (XM_068217236.2/aglb, intron 2 of 33)	25	33982067	34054059	71993	2	aglb	XM_068217236.2	4190	gene-aglb	0.041373	-3.15929629380699	FALSE	0	0	0	0	0
NC_133199.1	34780846	34780982	137	*	22	Intron (XR_012399471.1/dpyda, intron 15 of 20)	25	34534357	34913339	378983	1	dpyda	XR_012399471.1	246489	gene-dpyda	0.669835	-1.58655898663393	TRUE	1	1	0	0	0
NC_133199.1	38295670	38295769	100	*	27	Intron (XR_012399506.1/agap3, intron 13 of 13)	25	37677974	38663370	985397	2	agap3	XR_012399506.1	367601	gene-agap3	2.860013	-0.717449561496322	TRUE	1	1	0	0	1
NC_133199.1	38396284	38396318	35	*	15	Intron (XR_012399506.1/agap3, intron 12 of 13)	25	37677974	38663370	985397	2	agap3	XR_012399506.1	267052	gene-agap3	2.860013	-0.717449561496322	TRUE	1	1	0	0	0
NC_133199.1	38404401	38404545	145	*	47	Intron (XR_012399506.1/agap3, intron 12 of 13)	25	37677974	38663370	985397	2	agap3	XR_012399506.1	258825	gene-agap3	2.860013	-0.717449561496322	TRUE	1	1	0	0	0
NC_133199.1	38784739	38784894	156	*	37	Intron (XM_073941004.1/st18, intron 5 of 25)	25	38746172	38878841	132670	1	st18	XM_073941004.1	38567	gene-st18	2.460067	-0.730988995569237	TRUE	1	1	0	0	1
NC_133199.1	45219976	45220097	122	*	17	Distal Intergenic	25	45200929	45212422	11494	2	LOC100330485	XM_073941251.1	-7554	gene-LOC100330485	0	-Inf	FALSE	0	0	0	0	0
NC_133199.1	45281291	45281338	48	*	14	Intron (NM_001018133.2/ptprma, intron 16 of 19)	25	45265428	45535264	269837	2	ptprma	NM_001018133.2	253926	gene-ptprma	5.272741	-0.255331905154273	TRUE	0	1	0	0	0
NC_133200.1	9446085	9446167	83	*	15	Intron (NM_001017671.1/unc45a, intron 5 of 5)	26	9424317	9457962	33646	2	unc45a	NM_001017671.1	11795	gene-unc45a	5.844117	-0.115433184155012	TRUE	0	1	0	0	1
NC_133200.1	15450104	15450170	67	*	17	Promoter (1-2kb)	26	15449024	15451934	2911	1	dbx1b	NM_131178.1	1080	gene-dbx1b	25.465819	0.739610845235177	TRUE	1	1	0	0	0
NC_133200.1	17915530	17915609	80	*	17	Intron (XM_073942381.1/ccnd2a, intron 5 of 6)	26	17907113	18182520	275408	2	ccnd2a	XM_073942381.1	266911	gene-ccnd2a	32.2994195	0.888119808958204	TRUE	1	1	0	0	0
NC_133200.1	17921813	17921865	53	*	18	Intron (XM_073942381.1/ccnd2a, intron 3 of 6)	26	17907113	18182520	275408	2	ccnd2a	XM_073942381.1	260655	gene-ccnd2a	32.2994195	0.888119808958204	TRUE	0	1	0	0	0
NC_133200.1	27192079	27192117	39	*	15	Distal Intergenic	26	27196235	27200831	4597	1	LOC141380977	XR_012400431.1	-4118	gene-LOC141380977	0.032479	-3.07223279372264	FALSE	0	0	0	0	0
NC_133200.1	36117268	36117344	77	*	25	Intron (XM_073942163.1/roraa, intron 1 of 10)	26	35947501	36473677	526177	1	roraa	XM_073942163.1	169767	gene-roraa	0.62803	-1.48515629387125	TRUE	1	1	0	0	0
NC_133200.1	36717651	36717715	65	*	15	Distal Intergenic	26	36667161	36670964	3804	2	LOC141381022	XM_073943371.1	-46687	gene-LOC141381022	0.0123115	-Inf	FALSE	1	0	0	0	0
