seqnames	start	end	width	strand	phastcons	annotation	geneChr	geneStart	geneEnd	geneLength	geneStrand	geneId	transcriptId	distanceToTSS	gene_name	mean_tpm	z_fpkm	is_active
NC_133176.1	388024	388123	100	*	17	Promoter (<=1kb)	2	387819	393105	5287	1	f7	NM_131819.2	205	gene-f7	2.162044	-0.731769066795367	TRUE
NC_133176.1	2313847	2313954	108	*	25	Promoter (2-3kb)	2	2302502	2316435	13934	2	LOC100333907	XR_012405145.1	2481	gene-LOC100333907	0.1730215	-2.23774517972251	TRUE
NC_133176.1	14663263	14663347	85	*	15	Promoter (2-3kb)	2	14656193	14666177	9985	2	pcdh18a	XM_005159845.5	2830	gene-pcdh18a	9.4330445	0.108571874848735	TRUE
NC_133176.1	19189316	19189401	86	*	17	Intron (XM_005168366.5/si:ch211-197n1.2, intron 12 of 17)	2	19160886	19218161	57276	2	si:ch211-197n1.2	XM_005168366.5	28760	gene-si:ch211-197n1.2	0.8042815	-1.37920320372771	TRUE
NC_133176.1	21290786	21290839	54	*	14	5' UTR	2	21267494	21305823	38330	1	fnip2	XM_009307363.5	23292	gene-fnip2	4.643094	-0.324691533446406	TRUE
NC_133176.1	21574858	21574924	67	*	15	Promoter (<=1kb)	2	21574145	21621534	47390	1	prss12	XR_012406014.1	713	gene-prss12	1.5571415	-0.968191570401257	TRUE
NC_133176.1	24848804	24848861	58	*	14	Promoter (<=1kb)	2	24844752	24849051	4300	2	rpl9	NM_001003861.1	190	gene-rpl9	3335.3686545	3.73955960294624	TRUE
NC_133176.1	25723845	25723962	118	*	16	Intron (XM_002660442.8/lrba, intron 36 of 55)	2	25537692	25968855	431164	2	lrba	XM_002660442.8	244893	gene-lrba	5.0048595	-0.293614433519114	TRUE
NC_133176.1	26609320	26609382	63	*	16	Promoter (<=1kb)	2	26477781	26609705	131925	2	fbxw7	XM_021473910.2	323	gene-fbxw7	17.628589	0.511662894112003	TRUE
NC_133176.1	28302697	28302766	70	*	23	Promoter (<=1kb)	2	28298426	28302922	4497	2	anp32b	NM_212603.2	156	gene-anp32b	435.708641	2.51045022513008	TRUE
NC_133176.1	32677892	32678020	129	*	30	Promoter (<=1kb)	2	32677134	32680797	3664	1	cryaa	XM_073947072.1	758	gene-cryaa	0.325232	-1.95034445390563	TRUE
NC_133176.1	33954843	33955003	161	*	26	Promoter (<=1kb)	2	33932194	33955297	23104	2	si:dkey-22o12.2	NM_001126467.1	294	gene-si:dkey-22o12.2	4.973514	-0.285786043768667	TRUE
NC_133176.1	37859311	37859363	53	*	16	Promoter (<=1kb)	2	37859094	37860570	1477	1	kctd12.2	NM_001034019.2	217	gene-kctd12.2	13.7113345	0.369474755789829	TRUE
NC_133176.1	38785374	38785534	161	*	16	Promoter (<=1kb)	2	38749171	38785750	36580	2	frem3	NM_001137659.1	216	gene-frem3	8.431876	0.0113319882336176	TRUE
NC_133176.1	39571887	39571972	86	*	35	Promoter (<=1kb)	2	39572356	39574153	1798	1	pou4f2	NM_212807.1	-384	gene-pou4f2	0.673698	-1.68389383896364	TRUE
NC_133176.1	39628727	39628826	100	*	28	Distal Intergenic	2	39661768	39664833	3066	1	LOC141383310	XR_012404326.1	-32942	gene-LOC141383310	0.1783645	-2.39400360436608	TRUE
NC_133176.1	40085469	40085608	140	*	35	Intron (NM_001100403.1/nr3c2, intron 3 of 8)	2	40048212	40205499	157288	2	nr3c2	NM_001100403.1	119891	gene-nr3c2	0.4498865	-1.73115022687525	TRUE
NC_133176.1	44845619	44845671	53	*	17	Promoter (<=1kb)	2	44845053	44852881	7829	1	mogs	XM_005160076.5	566	gene-mogs	15.1793905	0.402596189458612	TRUE
NC_133176.1	46942751	46942802	52	*	15	Promoter (<=1kb)	2	46910384	46942792	32409	2	suclg1	XR_012398607.1	0	gene-suclg1	170.6427315	1.89515296554788	TRUE
NC_133176.1	48913823	48913904	82	*	25	Promoter (2-3kb)	2	48899075	48916388	17314	2	septin3	XM_068219463.2	2484	gene-septin3	10.8382445	0.220909155771788	TRUE
NC_133176.1	48946725	48946801	77	*	19	Promoter (<=1kb)	2	48946180	48951874	5695	1	trappc5	XM_005160036.5	545	gene-trappc5	26.0540905	0.773891715901656	TRUE
NC_133176.1	53213843	53213872	30	*	14	Intron (XM_068222873.2/lef1, intron 9 of 9)	2	53128721	53218083	89363	1	lef1	XM_068222873.2	85122	gene-lef1	8.9468785	0.084984998613091	TRUE
NC_133176.1	55617489	55617659	171	*	21	Promoter (<=1kb)	2	55587633	55618202	30570	2	si:dkey-121b10.7	XM_001337952.7	543	gene-si:dkey-121b10.7	3.1493575	-0.557139651899145	TRUE
NC_133176.1	57099005	57099060	56	*	18	Promoter (<=1kb)	2	57006175	57099340	93166	2	usp34	XM_009294698.5	280	gene-usp34	2.667909	-0.672157901921591	TRUE
NC_133176.1	59292246	59292307	62	*	14	5' UTR	2	59270481	59329289	58809	2	samd1b	XR_012382498.1	36982	gene-samd1b	4.5984545	-0.274794543890495	TRUE
NC_133177.1	3323392	3323471	80	*	15	Promoter (<=1kb)	3	3270671	3323467	52797	2	wnt3a	NM_001007185.1	0	gene-wnt3a	2.8263445	-0.679059270035016	TRUE
NC_133177.1	4485963	4486014	52	*	15	Promoter (1-2kb)	3	4484767	4495705	10939	1	gata6	XM_017358955.3	1196	gene-gata6	14.7996625	0.391033414761604	TRUE
NC_133177.1	4486153	4486276	124	*	30	Promoter (1-2kb)	3	4484767	4495705	10939	1	gata6	XM_017358955.3	1386	gene-gata6	14.7996625	0.391033414761604	TRUE
NC_133177.1	6460296	6460368	73	*	20	5' UTR	3	6445512	6468485	22974	1	fzr1b	XM_003197818.6	14784	gene-fzr1b	3.2037225	-0.5754525925313	TRUE
NC_133177.1	8453807	8453856	50	*	14	Promoter (<=1kb)	3	8453132	8455291	2160	1	chst2a	NM_001079995.2	675	gene-chst2a	17.2149815	0.46569296993875	TRUE
NC_133177.1	9898243	9898288	46	*	15	Promoter (<=1kb)	3	9897400	9905251	7852	1	dnajb4	NM_001003455.1	843	gene-dnajb4	1.432644	-1.09983728135237	TRUE
NC_133177.1	9905965	9906101	137	*	25	Promoter (<=1kb)	3	9905655	9936736	31082	1	gipc2	NM_200930.1	310	gene-gipc2	9.420283	0.134871738563201	TRUE
NC_133177.1	10092567	10092729	163	*	23	Promoter (<=1kb)	3	10051022	10093097	42076	2	dvl3a	NM_131757.2	368	gene-dvl3a	25.3048325	0.727903683171048	TRUE
NC_133177.1	10543892	10543953	62	*	22	Promoter (1-2kb)	3	10539749	10545631	5883	2	dmbx1a	NM_152977.1	1678	gene-dmbx1a	6.4723545	-0.176529139492559	TRUE
NC_133177.1	18567607	18567736	130	*	23	3' UTR	3	18566733	18585080	18348	2	arhgef4	XM_068213747.2	17344	gene-arhgef4	9.1307895	0.11154832480131	TRUE
NC_133177.1	21204259	21204345	87	*	23	Intron (XM_017358962.4/pbx1a, intron 2 of 8)	3	21112468	21242268	129801	2	pbx1a	XM_017358962.4	37923	gene-pbx1a	4.127187	-0.346051979768336	TRUE
NC_133177.1	23536515	23536585	71	*	16	5' UTR	3	23512305	23551898	39594	1	agla	XR_012388746.1	24210	gene-agla	8.527491	0.034309198471981	TRUE
NC_133177.1	26501803	26501846	44	*	17	5' UTR	3	26485554	26509140	23587	1	LOC103910044	XR_012391686.1	16249	gene-LOC103910044	0.2174695	-1.86834296317669	TRUE
NC_133177.1	27744130	27744234	105	*	40	3' UTR	3	27742837	27792745	49909	2	kcnn1a	XM_005171236.6	48511	gene-kcnn1a	1.317191	-1.06018658637903	TRUE
NC_133177.1	29152292	29152396	105	*	16	3' UTR	3	28994779	29154217	159439	1	tnika	XM_005163387.5	157513	gene-tnika	5.6050635	-0.184063200132626	TRUE
NC_133177.1	29398974	29399042	69	*	15	Promoter (<=1kb)	3	29398760	29496297	97538	1	grin3ba	XM_021467383.3	214	gene-grin3ba	0.2728085	-2.00618808485378	TRUE
NC_133177.1	29807558	29807654	97	*	15	Promoter (<=1kb)	3	29802070	29808011	5942	2	rabggtb	NM_213112.2	357	gene-rabggtb	24.127257	0.720676887237319	TRUE
NC_133177.1	29819172	29819994	823	*	43	Promoter (<=1kb)	3	29818621	29833987	15367	1	hectd3	NM_001077159.2	551	gene-hectd3	15.5552265	0.448835860612944	TRUE
NC_133177.1	29857200	29857302	103	*	19	3' UTR	3	29853356	29863375	10020	2	si:ch211-106k21.5	XM_073926216.1	6073	gene-si:ch211-106k21.5	8.874384	0.0617470650269507	TRUE
NC_133177.1	29959399	29959461	63	*	17	Promoter (<=1kb)	3	29951568	29959796	8229	2	tmem59	NM_001111188.1	335	gene-tmem59	23.518702	0.675272504444966	TRUE
NC_133177.1	30654942	30655021	80	*	15	Promoter (1-2kb)	3	30651359	30656173	4815	2	dsela	XM_691410.8	1152	gene-dsela	0.605639	-1.63935681256925	TRUE
NC_133177.1	31127517	31127606	90	*	21	Promoter (<=1kb)	3	31011876	31127870	115995	2	xkr4	NM_001012258.2	264	gene-xkr4	3.73526	-0.440915945713511	TRUE
NC_133177.1	33449846	33449872	27	*	14	Promoter (<=1kb)	3	33449613	33485261	35649	1	marchf6	XR_012383742.1	233	gene-marchf6	13.033488	0.30394101214084	TRUE
NC_133177.1	34928363	34928432	70	*	14	Promoter (<=1kb)	3	34928070	34976769	48700	1	ankhb	NM_194370.1	293	gene-ankhb	8.2723945	0.059460976742248	TRUE
NC_133177.1	36999767	36999828	62	*	16	Intron (NM_201074.2/eif2b3, intron 6 of 11)	3	36981846	37045027	63182	2	eif2b3	NM_201074.2	45199	gene-eif2b3	20.37987	0.595043917643222	TRUE
NC_133177.1	37457013	37457118	106	*	17	5' UTR	3	37347936	37529564	181629	2	brinp2	NM_001309831.2	72446	gene-brinp2	0.2041815	-2.2330027746368	TRUE
NC_133177.1	38831087	38831199	113	*	21	Promoter (<=1kb)	3	38830537	38850840	20304	1	dhx9	XM_073920105.1	550	gene-dhx9	35.899968	0.934690669987593	TRUE
NC_133177.1	38857371	38857505	135	*	22	Promoter (<=1kb)	3	38856909	38955449	98541	1	lamc1	NM_173277.1	462	gene-lamc1	47.582732	1.08411070966576	TRUE
NC_133177.1	40324386	40324421	36	*	15	Promoter (2-3kb)	3	40277614	40327351	49738	2	skila	XM_017351932.4	2930	gene-skila	3.0774395	-0.572349404828645	TRUE
NC_133177.1	45204964	45205061	98	*	17	Promoter (<=1kb)	3	45204798	45211775	6978	1	cavin4a	XM_073917234.1	166	gene-cavin4a	16.6625585	0.400335292299773	TRUE
NC_133177.1	51446338	51446401	64	*	15	Promoter (<=1kb)	3	51394448	51446530	52083	2	pfkpb	XM_068218050.2	129	gene-pfkpb	0.4271565	-1.76854854922128	TRUE
NC_133177.1	51630406	51630470	65	*	16	Promoter (<=1kb)	3	51583858	51630772	46915	2	per2	NM_182857.2	302	gene-per2	9.8010665	0.100474127606919	TRUE
NC_133177.1	56156043	56156236	194	*	23	Promoter (2-3kb)	3	56153727	56159114	5388	2	LOC568754	XM_005170776.6	2878	gene-LOC568754	0.3730185	-1.86203834649185	TRUE
NC_133177.1	56349915	56350029	115	*	23	Promoter (<=1kb)	3	56349130	56352481	3352	1	rxfp3.2a	XM_001346785.10	785	gene-rxfp3.2a	0.169397	-2.15770513283386	TRUE
NC_133177.1	58149946	58150112	167	*	23	3' UTR	3	58122489	58151586	29098	1	rnf126	NM_001083017.2	27457	gene-rnf126	9.9667515	0.14710983100046	TRUE
NC_133177.1	58178116	58178174	59	*	19	Promoter (<=1kb)	3	58177503	58347104	169602	1	LOC101885373	XR_012394998.1	613	gene-LOC101885373	0.169873	-2.39723323705286	TRUE
NC_133177.1	58347241	58347289	49	*	15	3' UTR	3	58177503	58347940	170438	1	LOC101885373	XM_021468298.3	169738	gene-LOC101885373	0.169873	-2.39723323705286	TRUE
NC_133177.1	61187264	61187295	32	*	14	Promoter (2-3kb)	3	61177654	61189885	12232	2	LOC100331115	XM_073932129.1	2590	gene-LOC100331115	34.35245	0.911386272287729	TRUE
NC_133177.1	63495777	63495850	74	*	17	Promoter (<=1kb)	3	63490594	63496550	5957	2	prkab2	NM_001130633.1	700	gene-prkab2	20.3041075	0.581329219804644	TRUE
NC_133178.1	3395776	3395939	164	*	25	5' UTR	4	3350486	3462898	112413	2	myh9b	XM_073943795.1	66959	gene-myh9b	57.403516	1.24185603026393	TRUE
NC_133178.1	3402926	3402991	66	*	15	5' UTR	4	3350486	3462898	112413	2	myh9b	XM_073943795.1	59907	gene-myh9b	57.403516	1.24185603026393	TRUE
NC_133178.1	4120684	4120834	151	*	27	5' UTR	4	4068583	4202582	134000	2	pkn1b	NM_001089460.1	81748	gene-pkn1b	0.404347	-1.8131776543788	TRUE
NC_133178.1	10493129	10493203	75	*	19	3' UTR	4	10406702	10496519	89818	1	glis2b	XM_021469271.3	86427	gene-glis2b	4.5830285	-0.335163793355461	TRUE
NC_133178.1	11023607	11023686	80	*	16	Promoter (<=1kb)	4	11023179	11025990	2812	1	LOC101883507	XM_073944184.1	428	gene-LOC101883507	0.3517965	-1.92562876639488	TRUE
NC_133178.1	16328133	16328174	42	*	15	Promoter (<=1kb)	4	16328037	16354425	26389	1	kat2a	NM_001423774.1	96	gene-kat2a	11.0959485	0.211120923787071	TRUE
NC_133178.1	16328233	16328356	124	*	24	Promoter (<=1kb)	4	16328037	16354425	26389	1	kat2a	NM_001423774.1	196	gene-kat2a	11.0959485	0.211120923787071	TRUE
NC_133178.1	17337911	17337989	79	*	24	Promoter (<=1kb)	4	17337917	17344783	6867	1	cbx4	NM_205749.1	0	gene-cbx4	5.5866275	-0.231271953295179	TRUE
NC_133178.1	18150687	18150784	98	*	17	Promoter (2-3kb)	4	18149560	18153005	3446	2	s1pr5a	NM_001007316.1	2221	gene-s1pr5a	24.6929975	0.739054855207097	TRUE
NC_133178.1	18151396	18151441	46	*	14	Promoter (1-2kb)	4	18149560	18153005	3446	2	s1pr5a	NM_001007316.1	1564	gene-s1pr5a	24.6929975	0.739054855207097	TRUE
NC_133178.1	18796553	18796613	61	*	14	Promoter (2-3kb)	4	18794074	18802675	8602	1	tmub2	NM_001005573.1	2479	gene-tmub2	6.1620735	-0.128052602502455	TRUE
NC_133178.1	21557946	21557995	50	*	14	3' UTR	4	21313143	21561236	248094	1	tanc2a	XM_021473490.3	244803	gene-tanc2a	3.747278	-0.46603238982278	TRUE
NC_133178.1	22336029	22336141	113	*	18	Promoter (<=1kb)	4	22323743	22336758	13016	2	ube2z	NM_001002330.5	617	gene-ube2z	7.9376615	0.0703413585500465	TRUE
NC_133178.1	22394578	22394777	200	*	22	Promoter (<=1kb)	4	22394046	22395647	1602	1	hoxb13a	NM_001044912.1	532	gene-hoxb13a	4.440653	-0.388996626442156	TRUE
NC_133178.1	22427647	22427728	82	*	17	Promoter (<=1kb)	4	22427829	22430587	2759	1	hoxb8a	XM_005171563.6	-101	gene-hoxb8a	25.064163	0.73809972287751	TRUE
NC_133178.1	22471838	22471883	46	*	15	Intron (NM_131117.3/hoxb3a, intron 2 of 4)	4	22437930	22487939	50010	1	hoxb3a	NM_131117.3	33908	gene-hoxb3a	39.961246	1.01447021400075	TRUE
NC_133178.1	22485868	22485946	79	*	16	5' UTR	4	22437930	22487939	50010	1	hoxb3a	NM_131117.3	47938	gene-hoxb3a	39.961246	1.01447021400075	TRUE
NC_133178.1	22494018	22494124	107	*	20	Promoter (2-3kb)	4	22492013	22494694	2682	1	hoxb2a	NM_131116.2	2005	gene-hoxb2a	12.631174	0.309723942804354	TRUE
NC_133178.1	23797458	23797553	96	*	19	Promoter (1-2kb)	4	23740373	23799360	58988	2	ep300b	XM_009299407.5	1807	gene-ep300b	17.2107035	0.484072204662553	TRUE
NC_133178.1	24164996	24165095	100	*	17	Promoter (<=1kb)	4	24123083	24165080	41998	2	bptf	XM_005171627.5	0	gene-bptf	12.3282935	0.253286105192734	TRUE
NC_133178.1	24390238	24390341	104	*	25	Promoter (<=1kb)	4	24390131	24395790	5660	1	LOC101886214	XR_224804.6	107	gene-LOC101886214	0.067729	-2.64558173896556	TRUE
NC_133178.1	25262443	25262577	135	*	25	Promoter (<=1kb)	4	25156110	25262603	106494	2	xylt1	NM_001172397.1	26	gene-xylt1	6.2341815	-0.177788660693252	TRUE
NC_133178.1	26817350	26817437	88	*	15	Promoter (1-2kb)	4	26727111	26818656	91546	2	rbfox1	XM_017354043.4	1219	gene-rbfox1	4.981273	-0.315925428957593	TRUE
NC_133178.1	26825387	26825533	147	*	23	Intron (XM_017354049.4/rbfox1, intron 1 of 13)	4	26727111	26863346	136236	2	rbfox1	XM_017354049.4	37813	gene-rbfox1	4.981273	-0.315925428957593	TRUE
NC_133178.1	27578680	27578729	50	*	15	Promoter (1-2kb)	4	27577536	27592979	15444	1	ift70	XM_073943648.1	1144	gene-ift70	7.5013375	-0.0334253072306946	TRUE
NC_133178.1	31223703	31224213	511	*	35	Promoter (<=1kb)	4	31222878	31228074	5197	1	rras	NM_001005931.2	825	gene-rras	35.80378	0.974687217205368	TRUE
NC_133178.1	31733622	31733842	221	*	23	Promoter (1-2kb)	4	31731722	31735141	3420	2	aoc2	NM_001013555.3	1299	gene-aoc2	10.745456	0.2180798667839	TRUE
NC_133178.1	31733901	31734034	134	*	28	Promoter (1-2kb)	4	31731722	31735141	3420	2	aoc2	NM_001013555.3	1107	gene-aoc2	10.745456	0.2180798667839	TRUE
NC_133178.1	32593645	32593705	61	*	20	3' UTR	4	32590536	32732710	142175	2	cacna1aa	XM_073944637.1	139005	gene-cacna1aa	0.4391185	-1.72655077217458	TRUE
NC_133178.1	32989197	32989407	211	*	19	Promoter (<=1kb)	4	32983057	32989919	6863	2	clpp	NM_001020684.1	512	gene-clpp	63.360849	1.29023787601906	TRUE
NC_133178.1	35178270	35178330	61	*	15	5' UTR	4	35171694	35187177	15484	1	slc16a6b	NM_001365238.1	6576	gene-slc16a6b	2.4373695	-0.7255229367649	TRUE
NC_133178.1	35572787	35572941	155	*	33	5' UTR	4	35564789	35595354	30566	1	abcc1	XM_001341859.9	7998	gene-abcc1	4.2112455	-0.379459272800306	TRUE
NC_133178.1	36554445	36554481	37	*	14	Intron (NM_001328037.1/gpatch8, intron 2 of 7)	4	36533322	36569700	36379	2	gpatch8	NM_001328037.1	15219	gene-gpatch8	22.02813	0.626017220779023	TRUE
NC_133178.1	38261809	38261964	156	*	17	3' UTR	4	38258186	38295926	37741	2	arhgap23a	XM_005164175.6	33962	gene-arhgap23a	7.856045	-0.00834830749464177	TRUE
NC_133178.1	39232774	39232869	96	*	18	Promoter (<=1kb)	4	39232688	39235433	2746	1	bud31	NM_001003860.1	86	gene-bud31	178.371805	1.95618450819353	TRUE
NC_133178.1	39233092	39233220	129	*	18	Promoter (<=1kb)	4	39232688	39235433	2746	1	bud31	NM_001003860.1	404	gene-bud31	178.371805	1.95618450819353	TRUE
NC_133178.1	39531585	39531791	207	*	40	Promoter (<=1kb)	4	39530836	39543266	12431	1	fscn1a	NM_001076560.1	749	gene-fscn1a	75.792634	1.41619393035471	TRUE
NC_133178.1	39722725	39722796	72	*	22	Promoter (<=1kb)	4	39644685	39722956	78272	2	smurf1	NM_001001943.1	160	gene-smurf1	7.037729	-0.0665017278804136	TRUE
NC_133178.1	39791855	39791942	88	*	19	Promoter (<=1kb)	4	39775345	39792107	16763	2	wipi2	XM_005164125.6	165	gene-wipi2	29.1862385	0.833999124652383	TRUE
NC_133178.1	42040777	42040828	52	*	15	Promoter (1-2kb)	4	42039711	42103175	63465	1	ints1	XM_003198152.7	1066	gene-ints1	9.048691	0.0824078397212244	TRUE
NC_133178.1	44395621	44395734	114	*	33	Promoter (<=1kb)	4	44395621	44404285	8665	1	LOC141381271	XR_012401182.1	0	gene-LOC141381271	0.0788205	-2.77014513659262	TRUE
NC_133178.1	51591812	51592040	229	*	24	Promoter (<=1kb)	4	51590183	51592341	2159	2	rcvrna	NM_001030248.1	301	gene-rcvrna	0.5954655	-1.40204071111193	TRUE
NC_133178.1	57153394	57153427	34	*	15	Promoter (<=1kb)	4	57137395	57153394	16000	2	dnmt1	XM_017353152.3	0	gene-dnmt1	53.359408	1.18321976804689	TRUE
NC_133178.1	59357198	59357284	87	*	16	Distal Intergenic	4	59362357	59381954	19598	2	axin2	NM_131561.1	24670	gene-axin2	31.7385405	0.865062126382582	TRUE
NC_133178.1	61099703	61099771	69	*	14	Promoter (<=1kb)	4	61044221	61099840	55620	2	hid1a	XM_073945161.1	69	gene-hid1a	0.97013	-1.27727362776986	TRUE
NC_133178.1	61426382	61426419	38	*	14	Promoter (<=1kb)	4	61425456	61453080	27625	1	fscn2a	XM_017354598.4	926	gene-fscn2a	0.473815	-1.68660965351065	TRUE
NC_133178.1	65685077	65685204	128	*	19	Promoter (<=1kb)	4	65674424	65685286	10863	2	anks4b	NM_001002188.1	82	gene-anks4b	0.1390015	-2.34783908047846	TRUE
NC_133178.1	66021956	66022043	88	*	16	Promoter (<=1kb)	4	66014243	66022147	7905	2	aimp2	NM_213338.1	104	gene-aimp2	66.027213	1.3295960413945	TRUE
NC_133179.1	1255939	1256074	136	*	35	Promoter (1-2kb)	5	1251236	1257424	6189	2	naga	NM_001037388.2	1350	gene-naga	39.0127245	1.01731391399575	TRUE
NC_133179.1	2008794	2008910	117	*	16	Promoter (1-2kb)	5	1972881	2010169	37289	2	arid2	XM_005164457.6	1259	gene-arid2	17.875502	0.490456076998442	TRUE
NC_133179.1	2010062	2010218	157	*	35	Promoter (<=1kb)	5	1972881	2010169	37289	2	arid2	XM_005164457.6	0	gene-arid2	17.875502	0.490456076998442	TRUE
NC_133179.1	3208399	3208449	51	*	14	Promoter (1-2kb)	5	3088045	3209589	121545	2	pde3a	XM_009299994.4	1140	gene-pde3a	3.583448	-0.503887377628537	TRUE
NC_133179.1	5612337	5612397	61	*	17	Promoter (<=1kb)	5	5610793	5612516	1724	2	fgf23	NM_001009564.2	119	gene-fgf23	0.156708	-2.35208876966073	TRUE
NC_133179.1	6165720	6165762	43	*	16	Promoter (<=1kb)	5	6165712	6168418	2707	1	pou3f2a	NM_131289.1	8	gene-pou3f2a	7.549753	0.0266034928389861	TRUE
NC_133179.1	6584836	6584912	77	*	26	Intron (XM_073945423.1/mdfic, intron 10 of 11)	5	6541241	6846485	305245	2	mdfic	XM_073945423.1	261573	gene-mdfic	1.6411485	-1.00871340224514	TRUE
NC_133179.1	6600296	6600324	29	*	17	Intron (XM_073945423.1/mdfic, intron 10 of 11)	5	6541241	6846485	305245	2	mdfic	XM_073945423.1	246161	gene-mdfic	1.6411485	-1.00871340224514	TRUE
NC_133179.1	8639548	8639612	65	*	19	Promoter (2-3kb)	5	8534625	8642434	107810	2	wnk1b	XM_021471501.3	2822	gene-wnk1b	6.801567	-0.146332246404837	TRUE
NC_133179.1	9756157	9756253	97	*	15	Promoter (<=1kb)	5	9743706	9756439	12734	2	hcfc2	NM_001327839.1	186	gene-hcfc2	10.255284	0.203822207013483	TRUE
NC_133179.1	10156607	10156956	350	*	26	Promoter (<=1kb)	5	10156589	10165787	9199	1	hspa14	NM_001045076.1	18	gene-hspa14	42.5341805	1.04432035346938	TRUE
NC_133179.1	12885189	12885269	81	*	19	Promoter (1-2kb)	5	12884053	12887241	3189	1	tmem121b	XM_005164674.6	1136	gene-tmem121b	0.2366185	-2.18032973732363	TRUE
NC_133179.1	14162914	14163025	112	*	23	Promoter (<=1kb)	5	14162726	14181191	18466	1	tnpo3	NM_201087.1	188	gene-tnpo3	32.19906	0.873501301305036	TRUE
NC_133179.1	16981224	16981298	75	*	20	5' UTR	5	16955805	16993841	38037	2	dcn	NM_131697.1	12543	gene-dcn	34.2155235	0.895394142034852	TRUE
NC_133179.1	17988987	17989042	56	*	17	Intron (NM_200551.1/pah, intron 4 of 12)	5	17980184	17997946	17763	2	pah	NM_200551.1	8904	gene-pah	12.6824925	0.242816467433335	TRUE
NC_133179.1	21053177	21053314	138	*	16	3' UTR	5	20904022	21053422	149401	1	cacna1c	XM_073945540.1	149155	gene-cacna1c	0.4314195	-1.75952849166439	TRUE
NC_133179.1	28870786	28870876	91	*	19	Promoter (<=1kb)	5	28870691	28879577	8887	1	alg12	NM_001098749.1	95	gene-alg12	11.8401265	0.271948160148605	TRUE
NC_133179.1	69359883	69359942	60	*	19	Downstream (<=300bp)	5	69244666	69353448	108783	2	si:ch73-170d6.3	XM_002662153.8	-6435	gene-si:ch73-170d6.3	0.071807	-2.83628297015746	TRUE
NC_133180.1	2924562	2924667	106	*	19	3' UTR	6	2718213	2991348	273136	2	gusb	XR_012406620.1	66681	gene-gusb	13.2483675	0.278945153849287	TRUE
NC_133180.1	10408178	10408567	390	*	36	5' UTR	6	10277692	10416258	138567	2	sh2b3	XM_017356229.4	7691	gene-sh2b3	1.823716	-0.944725180208971	TRUE
NC_133180.1	12099441	12099543	103	*	17	Distal Intergenic	6	12122113	12124647	2535	2	LOC110439807	XR_002458847.3	25104	gene-LOC110439807	2.0755575	-0.803306842481307	TRUE
NC_133180.1	13336108	13336219	112	*	20	Promoter (<=1kb)	6	13320095	13336194	16100	2	aifm3	XM_073949670.1	0	gene-aifm3	1.209613	-1.27482678000403	TRUE
NC_133180.1	16011082	16011152	71	*	21	Intron (XM_073951113.1/srrm4, intron 1 of 14)	6	15950643	16019638	68996	2	gnb1l	XM_073950324.1	8486	gene-gnb1l	3.379325	-0.544148190159941	TRUE
NC_133180.1	20122620	20122805	186	*	28	Intron (NM_131099.2/foxn4, intron 2 of 9)	6	20112343	20127005	14663	2	foxn4	NM_131099.2	4200	gene-foxn4	7.8063195	-0.0242491488883414	TRUE
NC_133180.1	27419106	27419181	76	*	18	Promoter (1-2kb)	6	27418024	27441529	23506	1	rabl6b	XM_021476477.3	1082	gene-rabl6b	11.0613465	0.194161956361094	TRUE
NC_133180.1	31331998	31332258	261	*	37	Promoter (<=1kb)	6	31324570	31332670	8101	2	ftr82	NM_001075103.1	412	gene-ftr82	23.0184805	0.692337050278757	TRUE
NC_133180.1	31332407	31332491	85	*	16	Promoter (<=1kb)	6	31324570	31332670	8101	2	ftr82	NM_001075103.1	179	gene-ftr82	23.0184805	0.692337050278757	TRUE
NC_133180.1	31541703	31541810	108	*	26	Promoter (<=1kb)	6	31424511	31541785	117275	2	spns2	NM_001083847.1	0	gene-spns2	7.701476	-0.0339547335245668	TRUE
NC_133180.1	31655260	31655310	51	*	15	Promoter (<=1kb)	6	31655131	31728231	73101	1	zzef1	XM_009301579.4	129	gene-zzef1	3.049789	-0.626598843661032	TRUE
NC_133180.1	31655552	31655719	168	*	29	Promoter (<=1kb)	6	31655131	31728231	73101	1	zzef1	XM_009301579.4	421	gene-zzef1	3.049789	-0.626598843661032	TRUE
NC_133180.1	32430661	32430728	68	*	16	Promoter (1-2kb)	6	32429077	32434746	5670	1	uap1l1	NM_200294.1	1584	gene-uap1l1	13.470905	0.329822416916538	TRUE
NC_133180.1	33889183	33889228	46	*	15	Intron (XM_005171922.6/kyat1, intron 13 of 13)	6	33887869	33896433	8565	2	kyat1	XM_005171922.6	7205	gene-kyat1	7.6580435	0.016042592390452	TRUE
NC_133180.1	38997629	38997768	140	*	25	Promoter (<=1kb)	6	38973288	38998291	25004	2	si:ch211-284e13.4	XM_690205.10	523	gene-si:ch211-284e13.4	0.2065655	-2.23255197869356	TRUE
NC_133180.1	38997812	38997935	124	*	21	Promoter (<=1kb)	6	38973288	38998291	25004	2	si:ch211-284e13.4	XM_690205.10	356	gene-si:ch211-284e13.4	0.2065655	-2.23255197869356	TRUE
NC_133180.1	40156163	40156283	121	*	16	Intron (XM_073950029.1/paqr3a, intron 2 of 8)	6	40059657	40288392	228736	2	paqr3a	XM_073950029.1	132109	gene-paqr3a	13.240069	0.361176663776968	TRUE
NC_133180.1	40457060	40457157	98	*	17	Promoter (<=1kb)	6	40457233	40475845	18613	1	fgf5	NM_001009561.1	-76	gene-fgf5	0.236874	-2.19207592407012	TRUE
NC_133180.1	42206792	42207005	214	*	20	Intron (XM_073950925.1/arid3c, intron 5 of 10)	6	42114484	42318231	203748	1	arid3c	XM_073950925.1	92308	gene-arid3c	21.564662	0.587228165022529	TRUE
NC_133180.1	53706293	53706398	106	*	16	Distal Intergenic	6	53807146	53814374	7229	2	linc.0464	XR_223641.6	107976	gene-linc.0464	17.598861	0.460529662025385	TRUE
NC_133180.1	59819786	59819930	145	*	18	Promoter (<=1kb)	6	59819073	59860062	40990	1	tprn	XM_005165497.6	713	gene-tprn	2.2931235	-0.730692602092557	TRUE
NC_133180.1	68294585	68294648	64	*	16	Promoter (<=1kb)	6	68293704	68575838	282135	1	abr	NM_001368694.1	881	gene-abr	8.6191845	0.0736544736384038	TRUE
NC_133180.1	69447781	69447891	111	*	24	Promoter (<=1kb)	6	69447800	69476338	28539	1	LOC141385657	XR_012406471.1	0	gene-LOC141385657	0.1437785	-2.4047497312434	TRUE
NC_133180.1	70039222	70039261	40	*	15	Intron (XM_073949694.1/pappab, intron 2 of 22)	6	69846735	70099618	252884	2	pappab	XM_073949694.1	60357	gene-pappab	0.4114915	-1.96936338022378	TRUE
NC_133180.1	71245695	71245784	90	*	15	Promoter (<=1kb)	6	71115873	71246244	130372	2	col27a1b	XM_073950529.1	460	gene-col27a1b	0.631523	-1.52934550401319	TRUE
NC_133180.1	71632769	71632801	33	*	16	Intron (XM_005168649.6/notch1b, intron 15 of 33)	6	71594565	71699365	104801	2	notch1b	XM_005168649.6	66564	gene-notch1b	11.4798975	0.225860747499739	TRUE
NC_133180.1	71832360	71832466	107	*	16	5' UTR	6	71799380	71839952	40573	2	ttc16	XM_073951615.1	7486	gene-ttc16	0.4066815	-1.76313197413207	TRUE
NC_133180.1	71834260	71834395	136	*	20	5' UTR	6	71799380	71839952	40573	2	ttc16	XM_073951615.1	5557	gene-ttc16	0.4066815	-1.76313197413207	TRUE
NC_133180.1	74019131	74019236	106	*	19	Distal Intergenic	6	74002918	74015976	13059	2	gtf3aa	NM_001003866.1	-3155	gene-gtf3aa	19.5803825	0.569150400750423	TRUE
NC_133181.1	576266	576336	71	*	18	Promoter (<=1kb)	7	565716	577142	11427	2	fam83fb	NM_001007320.3	806	gene-fam83fb	0.43009	-1.63982648097296	TRUE
NC_133181.1	2281173	2281261	89	*	22	Promoter (<=1kb)	7	2269934	2280821	10888	2	chchd6b	XM_073952909.1	-352	gene-chchd6b	37.6688545	0.965726269942887	TRUE
NC_133181.1	3090673	3090725	53	*	16	Intron (XR_012407413.1/pbx1b, intron 7 of 8)	7	2968294	3095176	126883	1	pbx1b	XR_012407413.1	122379	gene-pbx1b	2.337004	-0.855297990230495	TRUE
NC_133181.1	5237285	5237334	50	*	15	Intron (XR_012407551.1/LOC137495912, intron 4 of 5)	7	5138545	5341578	203034	2	LOC137495912	XR_012407551.1	104244	gene-LOC137495912	0.242666	-2.26269007611658	TRUE
NC_133181.1	5255950	5256066	117	*	21	Intron (NM_001312866.2/pou4f1, intron 1 of 1)	7	5138545	5341578	203034	2	LOC137495912	XR_012407551.1	85512	gene-LOC137495912	0.242666	-2.26269007611658	TRUE
NC_133181.1	6479943	6480057	115	*	22	Intron (XR_012407583.1/LOC141386167, intron 3 of 6)	7	6392826	6573846	181021	2	LOC141386167	XR_012407583.1	93789	gene-LOC141386167	0.0354695	-2.8480233562975	TRUE
NC_133181.1	9675675	9675786	112	*	19	Promoter (<=1kb)	7	9647519	9676475	28957	2	cavin2b	NM_001004584.1	689	gene-cavin2b	58.348141	1.2549214421901	TRUE
NC_133181.1	12210403	12210479	77	*	15	Promoter (<=1kb)	7	12209418	12226033	16616	1	atg9a	XM_068221599.1	985	gene-atg9a	1.3305845	-1.05265499320216	TRUE
NC_133181.1	12785482	12785544	63	*	19	Intron (XR_011015917.2/LOC137495927, intron 1 of 1)	7	12777645	12792305	14661	2	LOC137495927	XR_011015917.2	6761	gene-LOC137495927	0.6188215	-1.57484796606992	TRUE
NC_133181.1	13882225	13882281	57	*	15	Promoter (<=1kb)	7	13881594	13883204	1611	1	cxcr4a	NM_131882.3	631	gene-cxcr4a	14.3523405	0.415268027270394	TRUE
NC_133181.1	13882627	13882700	74	*	19	Promoter (1-2kb)	7	13881594	13883204	1611	1	cxcr4a	NM_131882.3	1033	gene-cxcr4a	14.3523405	0.415268027270394	TRUE
NC_133181.1	15749237	15749294	58	*	16	Distal Intergenic	7	15756895	15764255	7361	1	LOC110439863	XM_021477050.2	-7601	gene-LOC110439863	1.395052	-1.00338681511773	TRUE
NC_133181.1	15921999	15922163	165	*	22	Promoter (<=1kb)	7	15921976	15925381	3406	1	pou3f3b	NM_131102.3	23	gene-pou3f3b	50.502252	1.15217247266476	TRUE
NC_133181.1	17095872	17095935	64	*	15	Intron (XM_005168731.6/agap1, intron 17 of 18)	7	17063880	17301549	237670	2	agap1	XM_005168731.6	205614	gene-agap1	8.188627	-0.0132195653885413	TRUE
NC_133181.1	24219547	24219650	104	*	16	Promoter (<=1kb)	7	24218905	24220198	1294	2	ppp1r27b	NM_001037104.2	548	gene-ppp1r27b	0.041315	-2.75472815961824	TRUE
NC_133181.1	24396368	24396441	74	*	15	5' UTR	7	24388715	24403560	14846	1	dgke	XM_073952448.1	7653	gene-dgke	2.3800395	-0.712755282786305	TRUE
NC_133181.1	24646860	24647037	178	*	18	3' UTR	7	24645300	24691634	46335	2	rhbdl3	XM_005166187.4	44597	gene-rhbdl3	18.3890925	0.522714819535826	TRUE
NC_133181.1	27283009	27283182	174	*	19	Promoter (<=1kb)	7	27283093	27286922	3830	1	barhl2	NM_205740.1	0	gene-barhl2	5.482916	-0.200140884034682	TRUE
NC_133181.1	27391521	27391566	46	*	14	Distal Intergenic	7	27283093	27286922	3830	1	barhl2	NM_205740.1	108428	gene-barhl2	5.482916	-0.200140884034682	TRUE
NC_133181.1	27675845	27675994	150	*	35	5' UTR	7	27668253	27682035	13783	2	lrrc8c	NM_001326544.1	6041	gene-lrrc8c	9.305571	0.126278277609503	TRUE
NC_133181.1	28449550	28449601	52	*	16	Intron (XR_012407225.1/kyat3.2, intron 13 of 15)	7	27735965	28544820	808856	1	kyat3.2	XR_012407225.1	713585	gene-kyat3.2	16.1902525	0.484122241912958	TRUE
NC_133181.1	28458139	28458189	51	*	19	Intron (XR_012407225.1/kyat3.2, intron 13 of 15)	7	27735965	28544820	808856	1	kyat3.2	XR_012407225.1	722174	gene-kyat3.2	16.1902525	0.484122241912958	TRUE
NC_133181.1	29559682	29559897	216	*	29	Promoter (<=1kb)	7	29559265	29585422	26158	1	boka	NM_001003612.2	417	gene-boka	4.150536	-0.410796735547223	TRUE
NC_133181.1	29604756	29604832	77	*	18	Promoter (<=1kb)	7	29601666	29605500	3835	2	dtymk	NM_001037110.1	668	gene-dtymk	55.73095	1.24093516674223	TRUE
NC_133181.1	29699416	29699607	192	*	43	5' UTR	7	29644607	29762315	117709	1	kif1aa	XM_002662438.7	54809	gene-kif1aa	1.761433	-0.931001437361487	TRUE
NC_133181.1	31807632	31807701	70	*	22	Promoter (1-2kb)	7	31796746	31809097	12352	2	bivm	NA	1396	gene-bivm	1.323076	-1.01991940054989	TRUE
NC_133181.1	34092063	34092115	53	*	17	Promoter (<=1kb)	7	33946559	34092317	145759	2	raver2	XM_001338047.9	202	gene-raver2	1.360745	-1.06471153587537	TRUE
NC_133181.1	34610984	34611056	73	*	20	Promoter (<=1kb)	7	34609219	34611017	1799	2	foxd3	NM_131290.2	0	gene-foxd3	28.893883	0.817831628439304	TRUE
NC_133181.1	34611108	34611144	37	*	16	Intron (XR_012407157.1/itgb3bp, intron 9 of 9)	7	34563393	34616864	53472	1	itgb3bp	XR_012407157.1	47715	gene-itgb3bp	6.1656595	-0.107907980135642	TRUE
NC_133181.1	36213406	36213549	144	*	31	5' UTR	7	36186732	36241003	54272	2	mast2	XM_005166291.6	27454	gene-mast2	3.881201	-0.465125590176696	TRUE
NC_133181.1	42025227	42025329	103	*	18	Promoter (<=1kb)	7	41942453	42025313	82861	2	scn8ab	NM_001045183.1	0	gene-scn8ab	0.735741	-1.50197857443921	TRUE
NC_133181.1	42653367	42653492	126	*	21	Promoter (<=1kb)	7	42644921	42653723	8803	2	ip6k2b	NM_001002389.1	231	gene-ip6k2b	8.845959	0.0937011574645766	TRUE
NC_133181.1	44505678	44505833	156	*	19	Promoter (1-2kb)	7	44504659	44525384	20726	1	oxtra	XM_005166001.6	1019	gene-oxtra	0.065724	-2.8379427977649	TRUE
NC_133181.1	46139814	46139884	71	*	17	Intron (XM_073953209.1/foxp1b, intron 8 of 14)	7	46118978	46195260	76283	2	foxp1b	XM_073953209.1	55376	gene-foxp1b	11.340109	0.22781451138304	TRUE
NC_133181.1	46195239	46195395	157	*	44	Promoter (<=1kb)	7	46118978	46195260	76283	2	foxp1b	XM_073953209.1	0	gene-foxp1b	11.340109	0.22781451138304	TRUE
NC_133181.1	48465730	48465850	121	*	20	3' UTR	7	48463828	48476246	12419	2	tardbpb	XR_002458992.3	10396	gene-tardbpb	142.671696	1.8116966208588	TRUE
NC_133181.1	49198375	49198523	149	*	24	Promoter (2-3kb)	7	49195479	49219032	23554	1	oxtrb	XM_005168771.6	2896	gene-oxtrb	0.1104735	-2.49920472134371	TRUE
NC_133181.1	51614114	51614203	90	*	16	Promoter (<=1kb)	7	51599469	51614443	14975	2	slc5a8l	NM_001034969.1	240	gene-slc5a8l	1.282137	-1.04630574427132	TRUE
NC_133181.1	52497447	52497596	150	*	31	Promoter (1-2kb)	7	52448410	52498741	50332	2	gnas	XM_005172124.5	1145	gene-gnas	12.7673205	0.261853959311008	TRUE
NC_133181.1	54941289	54941389	101	*	21	Promoter (<=1kb)	7	54941307	54951688	10382	1	ywhaba	NM_001082798.1	0	gene-ywhaba	422.8468855	2.44504384691038	TRUE
NC_133181.1	56150117	56150212	96	*	15	5' UTR	7	56146331	56163156	16826	1	abhd14b	XM_068221675.2	3786	gene-abhd14b	4.3866325	-0.308312832030506	TRUE
NC_133181.1	58847321	58847478	158	*	19	5' UTR	7	58835230	58875607	40378	1	tfap2c	XM_073952910.1	12091	gene-tfap2c	27.9662135	0.797269749155351	TRUE
NC_133181.1	62276082	62276246	165	*	35	3' UTR	7	62148589	62279208	130620	1	r3hdm2	XM_073954785.1	127493	gene-r3hdm2	1.3435325	-1.16322371771775	TRUE
NC_133182.1	735692	735919	228	*	20	Intron (XM_073906700.1/nrxn2b, intron 5 of 22)	8	630841	1490782	859942	2	alpk1	XM_073907797.1	754863	gene-alpk1	3.0125385	-0.593202893069752	TRUE
NC_133182.1	2059200	2059364	165	*	43	5' UTR	8	2045308	2070820	25513	1	supt16h	XR_012382467.1	13892	gene-supt16h	122.9366375	1.66914652513624	TRUE
NC_133182.1	2066246	2066501	256	*	40	5' UTR	8	2045308	2070820	25513	1	supt16h	XR_012382467.1	20938	gene-supt16h	122.9366375	1.66914652513624	TRUE
NC_133182.1	11391711	11391915	205	*	23	Intron (XR_012383148.1/cemip, intron 16 of 16)	8	10962318	12102398	1140081	1	cemip	XR_012383148.1	429393	gene-cemip	1.103618	-1.19934076233525	TRUE
NC_133182.1	18715904	18716070	167	*	19	Promoter (2-3kb)	8	18707467	18718791	11325	2	si:dkey-38l22.2	XM_021477741.3	2721	gene-si:dkey-38l22.2	0.181243	-2.45644887036075	TRUE
NC_133182.1	18716430	18716544	115	*	32	Promoter (2-3kb)	8	18707467	18718791	11325	2	si:dkey-38l22.2	XM_021477741.3	2247	gene-si:dkey-38l22.2	0.181243	-2.45644887036075	TRUE
NC_133182.1	22300848	22300964	117	*	21	Promoter (<=1kb)	8	22300023	22311630	11608	1	tmem102	NM_001327862.1	825	gene-tmem102	3.799411	-0.44519459917397	TRUE
NC_133182.1	24606787	24606861	75	*	14	Promoter (<=1kb)	8	24578688	24607171	28484	2	pik3c3	XM_021477525.3	310	gene-pik3c3	10.2882995	0.184593853670068	TRUE
NC_133182.1	26416608	26416667	60	*	15	Promoter (<=1kb)	8	26394873	26417355	22483	2	trappc14	NM_001423811.1	688	gene-trappc14	3.7702	-0.434111184746007	TRUE
NC_133182.1	26925004	26925434	431	*	93	Promoter (<=1kb)	8	26894883	26925666	30784	2	alx4a	XM_001340930.8	232	gene-alx4a	4.2295615	-0.37652171927645	TRUE
NC_133182.1	27322110	27322166	57	*	18	Intron (NM_001123009.2/sox6, intron 4 of 17)	8	27275372	27476398	201027	1	sox6	NM_001123009.2	46738	gene-sox6	8.7247365	0.0642049347775021	TRUE
NC_133182.1	27338917	27339049	133	*	33	Intron (NM_001123009.2/sox6, intron 4 of 17)	8	27275372	27476398	201027	1	sox6	NM_001123009.2	63545	gene-sox6	8.7247365	0.0642049347775021	TRUE
NC_133182.1	27386835	27386908	74	*	16	Intron (NM_001123009.2/sox6, intron 7 of 17)	8	27275372	27476398	201027	1	sox6	NM_001123009.2	111463	gene-sox6	8.7247365	0.0642049347775021	TRUE
NC_133182.1	28241216	28241280	65	*	14	Distal Intergenic	8	28278163	28286725	8563	1	LOC141375017	XM_073908895.1	-36883	gene-LOC141375017	0.362894	-2.10041027512216	TRUE
NC_133182.1	28554241	28554348	108	*	15	Promoter (1-2kb)	8	28500996	28555506	54511	2	dennd2b	XM_073906187.1	1158	gene-dennd2b	16.280357	0.442680328970669	TRUE
NC_133182.1	28620602	28620985	384	*	43	Intron (NM_001014813.1/scube2, intron 16 of 22)	8	28607915	28650300	42386	2	scube2	NM_001014813.1	29315	gene-scube2	20.6983715	0.596211396791206	TRUE
NC_133182.1	28621028	28621102	75	*	22	Intron (NM_001014813.1/scube2, intron 16 of 22)	8	28607915	28650300	42386	2	scube2	NM_001014813.1	29198	gene-scube2	20.6983715	0.596211396791206	TRUE
NC_133182.1	29205273	29205345	73	*	16	Promoter (<=1kb)	8	29204851	29205865	1015	2	exosc6	NM_001020486.1	520	gene-exosc6	35.6361105	0.97210209026105	TRUE
NC_133182.1	31387795	31387970	176	*	41	Promoter (1-2kb)	8	31386727	31416533	29807	1	golm2	XM_005168941.5	1068	gene-golm2	11.086759	0.258226279425726	TRUE
NC_133182.1	33730519	33730621	103	*	28	Intron (XM_005168834.6/tle3b, intron 5 of 20)	8	33701847	33741357	39511	2	tle3b	XM_005168834.6	10736	gene-tle3b	41.5828725	1.01489418084311	TRUE
NC_133182.1	33810977	33811065	89	*	15	Distal Intergenic	8	33701847	33742051	40205	2	tle3b	XM_073905997.1	-68926	gene-tle3b	41.5828725	1.01489418084311	TRUE
NC_133182.1	33828860	33828917	58	*	14	Distal Intergenic	8	33856601	33885474	28874	2	uacab	XM_021477874.3	56557	gene-uacab	11.6087285	0.240792136834639	TRUE
NC_133182.1	34362662	34362861	200	*	27	Promoter (<=1kb)	8	34362034	34363588	1555	1	fibinb	NM_001017873.2	628	gene-fibinb	15.7909695	0.447405197533329	TRUE
NC_133182.1	35625712	35625771	60	*	23	Promoter (<=1kb)	8	35625505	35629206	3702	1	LOC110439935	XR_002459227.2	207	gene-LOC110439935	0.5286345	-1.59959134783763	TRUE
NC_133182.1	35626847	35626998	152	*	42	Promoter (<=1kb)	8	35622380	35626900	4521	2	irx6a	XM_005168976.6	0	gene-irx6a	0.7286295	-1.4858483319462	TRUE
NC_133182.1	35776118	35776198	81	*	21	Distal Intergenic	8	35818027	35821520	3494	2	irx5a	NM_001045227.1	45322	gene-irx5a	26.091915	0.756221799739908	TRUE
NC_133182.1	35962647	35962696	50	*	18	Distal Intergenic	8	36092032	36262477	170446	1	LOC141375396	XR_012383389.1	-129336	gene-LOC141375396	1.015977	-1.29400920538263	TRUE
NC_133182.1	36364239	36364272	34	*	15	Intron (XM_001345874.9/fto, intron 7 of 9)	8	36218728	36450344	231617	2	fto	XM_001345874.9	86072	gene-fto	0.990426	-1.27355381106021	TRUE
NC_133182.1	37152333	37152465	133	*	31	Intron (XM_073908782.1/tox3, intron 3 of 6)	8	36875436	37168161	292726	1	tox3	XM_073908782.1	276897	gene-tox3	9.4740095	0.140588408285919	TRUE
NC_133182.1	37505538	37505570	33	*	14	Intron (XM_073906586.1/sall1a, intron 3 of 6)	8	37187971	37599395	411425	1	sall1a	XM_073906586.1	317567	gene-sall1a	10.609694	0.189696435707009	TRUE
NC_133182.1	37549467	37549518	52	*	16	Intron (XM_073906586.1/sall1a, intron 3 of 6)	8	37187971	37599395	411425	1	sall1a	XM_073906586.1	361496	gene-sall1a	10.609694	0.189696435707009	TRUE
NC_133182.1	40967238	40967294	57	*	26	Intron (NM_200473.2/ube3c, intron 11 of 23)	8	40935529	40979427	43899	2	ube3c	NM_200473.2	12133	gene-ube3c	7.970079	-0.0170392113821685	TRUE
NC_133182.1	40987856	40987905	50	*	14	Promoter (<=1kb)	8	40986875	40989655	2781	1	mnx1	NM_001009885.2	981	gene-mnx1	3.518006	-0.415746944159685	TRUE
NC_133182.1	41362401	41362449	49	*	15	Promoter (<=1kb)	8	41357398	41362771	5374	2	insig1	NM_199869.1	322	gene-insig1	16.045773	0.457728307722159	TRUE
NC_133182.1	43884978	43885118	141	*	20	Intron (XM_073907189.1/cdh8, intron 2 of 13)	8	43694378	43947058	252681	2	cdh8	XM_073907189.1	61940	gene-cdh8	0.360099	-1.89976837793939	TRUE
NC_133182.1	48048822	48049030	209	*	44	Intron (XM_073907234.1/znf536, intron 5 of 9)	8	47822551	48223406	400856	1	znf536	XM_073907234.1	226271	gene-znf536	2.391407	-0.765919608762358	TRUE
NC_133182.1	54072984	54073020	37	*	15	Intron (XM_003198999.7/cgnl1, intron 8 of 18)	8	54021464	54095245	73782	2	cgnl1	XM_003198999.7	22225	gene-cgnl1	19.5429795	0.570186458672013	TRUE
NC_133182.1	56634245	56634389	145	*	27	Intron (XM_073907346.1/cbfa2t3, intron 2 of 11)	8	56616686	56668271	51586	2	cbfa2t3	XM_073907346.1	33882	gene-cbfa2t3	7.032377	-0.0990760136094223	TRUE
NC_133182.1	60209209	60209529	321	*	35	5' UTR	8	60155137	60242629	87493	2	dennd4c	XM_001919955.9	33100	gene-dennd4c	9.292396	0.0865997371056148	TRUE
NC_133182.1	68394768	68394875	108	*	21	Intron (XM_068222301.1/znf609b, intron 2 of 8)	8	68367093	68488741	121649	1	znf609b	XM_068222301.1	27675	gene-znf609b	19.3719275	0.548879170650369	TRUE
NC_133182.1	70384473	70384565	93	*	17	Promoter (1-2kb)	8	70378763	70385950	7188	2	sinhcafl	NM_001353917.1	1385	gene-sinhcafl	74.2395165	1.39966730190158	TRUE
NC_133182.1	74272380	74272534	155	*	19	Intron (XM_021478047.2/zfhx3b, intron 1 of 13)	8	73660737	74354641	693905	2	zfhx3b	XM_021478047.2	82107	gene-zfhx3b	4.37881	-0.397458556364751	TRUE
NC_133182.1	74435914	74436050	137	*	20	Intron (XM_068222142.1/zfhx3b, intron 1 of 14)	8	73660737	74442325	781589	2	zfhx3b	XM_068222142.1	6275	gene-zfhx3b	4.37881	-0.397458556364751	TRUE
NC_133183.1	606417	606570	154	*	35	Intron (XR_012383989.1/dmxl1, intron 23 of 23)	9	505083	643131	138049	2	LOC141375560	XR_012383994.1	36561	gene-LOC141375560	0.076895	-2.72009102525627	TRUE
NC_133183.1	4476442	4476575	134	*	22	Promoter (<=1kb)	9	4475588	4494280	18693	1	lhx2b	XM_005167367.5	854	gene-lhx2b	8.5061455	0.0330674277482153	TRUE
NC_133183.1	15546099	15546269	171	*	26	3' UTR	9	15528661	15547456	18796	1	lonrf1	XR_012383542.1	17438	gene-lonrf1	19.6204395	0.526429190602113	TRUE
NC_133183.1	16199515	16199643	129	*	26	Intron (NM_001025455.1/acbd6, intron 7 of 7)	9	16144070	16204685	60616	1	acbd6	NM_001025455.1	55445	gene-acbd6	12.9326775	0.325189256284726	TRUE
NC_133183.1	16235607	16235793	187	*	47	5' UTR	9	16216801	16251849	35049	2	lhx4	XM_073909766.1	16056	gene-lhx4	2.738781	-0.653981225868322	TRUE
NC_133183.1	18113219	18113259	41	*	15	Intron (XM_021478230.3/faf1, intron 12 of 18)	9	18051845	18186239	134395	2	faf1	XM_021478230.3	72980	gene-faf1	18.8290015	0.542454750246611	TRUE
NC_133183.1	21112350	21112410	61	*	19	Promoter (2-3kb)	9	21096865	21115404	18540	2	abhd17ab	XM_021478400.3	2994	gene-abhd17ab	6.3049635	-0.0713064492028917	TRUE
NC_133183.1	21966978	21967057	80	*	17	Intron (NM_001013278.1/rfx2, intron 5 of 17)	9	21942017	22007084	65068	2	rfx2	NM_001013278.1	40027	gene-rfx2	18.352067	0.565507374582257	TRUE
NC_133183.1	24244048	24244170	123	*	17	Promoter (1-2kb)	9	24242915	24246021	3107	1	mad2l2	XM_005167034.5	1133	gene-mad2l2	11.761258	0.268337180487731	TRUE
NC_133183.1	26685972	26686171	200	*	25	Promoter (1-2kb)	9	26684060	26687527	3468	2	rbm15	XM_001335784.9	1356	gene-rbm15	10.8748075	0.197210676174972	TRUE
NC_133183.1	26686576	26686717	142	*	18	Promoter (<=1kb)	9	26684060	26687527	3468	2	rbm15	XM_001335784.9	810	gene-rbm15	10.8748075	0.197210676174972	TRUE
NC_133183.1	26686803	26687021	219	*	24	Promoter (<=1kb)	9	26684060	26687527	3468	2	rbm15	XM_001335784.9	506	gene-rbm15	10.8748075	0.197210676174972	TRUE
NC_133183.1	26687282	26687340	59	*	19	Promoter (<=1kb)	9	26684060	26687527	3468	2	rbm15	XM_001335784.9	187	gene-rbm15	10.8748075	0.197210676174972	TRUE
NC_133183.1	26861414	26861602	189	*	53	Promoter (<=1kb)	9	26814804	26862299	47496	2	kcnc4	XM_073909918.1	697	gene-kcnc4	1.083338	-1.13899036727347	TRUE
NC_133183.1	26861690	26861829	140	*	32	Promoter (<=1kb)	9	26814804	26862299	47496	2	kcnc4	XM_073909918.1	470	gene-kcnc4	1.083338	-1.13899036727347	TRUE
NC_133183.1	30309165	30309352	188	*	26	5' UTR	9	30289617	30312559	22943	2	klhl12	NM_001007328.1	3207	gene-klhl12	7.918094	0.035818020833245	TRUE
NC_133183.1	32080142	32080204	63	*	16	Intron (NM_001305542.1/ptch1, intron 8 of 23)	9	32043114	32148341	105228	1	ptch1	NM_001305542.1	37028	gene-ptch1	13.4635555	0.29876872466262	TRUE
NC_133183.1	34708014	34708090	77	*	16	Promoter (<=1kb)	9	34707607	34880348	172742	1	hmcn2	XM_001920466.9	407	gene-hmcn2	4.6446275	-0.339759746404997	TRUE
NC_133183.1	35902700	35902791	92	*	32	Distal Intergenic	9	35936124	35938095	1972	1	LOC141375660	XR_012384452.1	-33333	gene-LOC141375660	0.9913005	-1.19332228828992	TRUE
NC_133183.1	35902844	35902948	105	*	33	Distal Intergenic	9	35936124	35938095	1972	1	LOC141375660	XR_012384452.1	-33176	gene-LOC141375660	0.9913005	-1.19332228828992	TRUE
NC_133183.1	40199277	40199328	52	*	15	Promoter (<=1kb)	9	40189409	40199674	10266	2	hpdb	NM_001003742.1	346	gene-hpdb	0.231284	-2.38630921392333	TRUE
NC_133183.1	47747862	47748105	244	*	23	Distal Intergenic	9	47942679	48008959	66281	1	lzts1	XM_009304165.4	-194574	gene-lzts1	4.4744235	-0.341158235692533	TRUE
NC_133183.1	48769200	48769381	182	*	37	Promoter (<=1kb)	9	48768703	48770178	1476	2	aplnra	NM_001075105.1	797	gene-aplnra	15.3235285	0.443082545506958	TRUE
NC_133183.1	51763968	51764098	131	*	24	Promoter (1-2kb)	9	51762844	51785484	22641	1	rflna	NM_001007031.2	1124	gene-rflna	1.358033	-1.18152966513491	TRUE
NC_133183.1	58023817	58023893	77	*	16	Intron (XM_001922892.9/prdm16, intron 2 of 16)	9	57830812	58307135	476324	1	prdm16	XM_001922892.9	193005	gene-prdm16	4.593579	-0.391050808461248	TRUE
NC_133183.1	58239368	58239453	86	*	15	Intron (XM_001922892.9/prdm16, intron 5 of 16)	9	57830812	58307135	476324	1	prdm16	XM_001922892.9	408556	gene-prdm16	4.593579	-0.391050808461248	TRUE
NC_133183.1	64008953	64009063	111	*	19	3' UTR	9	63991334	64009778	18445	1	mmp23ba	XM_009304336.4	17619	gene-mmp23ba	1.59163	-0.960284711200573	TRUE
NC_133183.1	64243670	64243733	64	*	15	5' UTR	9	64236339	64246293	9955	1	creld1b	XM_009304364.5	7331	gene-creld1b	4.9450245	-0.265411861095552	TRUE
NC_133183.1	64366819	64366916	98	*	16	Promoter (2-3kb)	9	64365242	64369305	4064	2	exorh	NM_131212.2	2389	gene-exorh	0.9755115	-1.19379601176296	TRUE
NC_133183.1	64367272	64367435	164	*	18	Promoter (1-2kb)	9	64365242	64369305	4064	2	exorh	NM_131212.2	1870	gene-exorh	0.9755115	-1.19379601176296	TRUE
NC_133183.1	64385474	64385576	103	*	15	Promoter (2-3kb)	9	64369757	64387634	17878	2	ift122	XM_073909272.1	2058	gene-ift122	7.4446745	-0.00862013586711816	TRUE
NC_133184.1	383632	383685	54	*	17	Promoter (<=1kb)	10	383164	390676	7513	1	bzw1b	XM_005167390.5	468	gene-bzw1b	177.718343	1.94364312401724	TRUE
NC_133184.1	1917786	1917863	78	*	26	Distal Intergenic	10	1928858	1931483	2626	2	LOC141376042	XR_012385099.1	13620	gene-LOC141376042	4.2079215	-0.332924767060149	TRUE
NC_133184.1	1962546	1962678	133	*	18	Promoter (<=1kb)	10	1961541	1963193	1653	2	hoxd9a	NM_131126.3	515	gene-hoxd9a	15.6613425	0.444643393405023	TRUE
NC_133184.1	1975270	1975530	261	*	20	Promoter (<=1kb)	10	1973354	1975626	2273	2	hoxd11a	NM_131167.1	96	gene-hoxd11a	3.9403495	-0.405329046644556	TRUE
NC_133184.1	1975575	1975740	166	*	36	Promoter (<=1kb)	10	1973354	1975626	2273	2	hoxd11a	NM_131167.1	0	gene-hoxd11a	3.9403495	-0.405329046644556	TRUE
NC_133184.1	2046186	2046264	79	*	21	Distal Intergenic	10	2018100	2043679	25580	1	lnpa	NM_199480.1	28086	gene-lnpa	25.515257	0.738188769146443	TRUE
NC_133184.1	3071471	3071537	67	*	16	Promoter (<=1kb)	10	3070748	3121441	50694	1	ppp1r9ala	XR_012385109.1	723	gene-ppp1r9ala	10.4441905	0.172591096388212	TRUE
NC_133184.1	4026694	4026757	64	*	17	Promoter (<=1kb)	10	3907584	4026763	119180	2	ubr3	XM_017357738.4	6	gene-ubr3	6.655334	-0.107288681636265	TRUE
NC_133184.1	4481626	4481683	58	*	14	3' UTR	10	4479574	4514310	34737	2	kcnj3a	XM_002663310.8	32627	gene-kcnj3a	0.330078	-2.03736009694541	TRUE
NC_133184.1	4547504	4547619	116	*	20	3' UTR	10	4546940	4614318	67379	2	galnt13	XM_002663311.8	66699	gene-galnt13	0.4057525	-1.7174720009036	TRUE
NC_133184.1	5215882	5215965	84	*	25	Distal Intergenic	10	5241712	5266387	24676	1	galnt5	XM_073912445.1	-25747	gene-galnt5	9.532235	0.121848551112425	TRUE
NC_133184.1	7760994	7761110	117	*	31	Promoter (<=1kb)	10	7753516	7761250	7735	2	tuba8l5	XM_005167445.6	140	gene-tuba8l5	19.319242	0.546463227002332	TRUE
NC_133184.1	8537319	8537422	104	*	15	Promoter (<=1kb)	10	8513183	8538099	24917	2	irs2b	XM_695654.11	677	gene-irs2b	3.5825085	-0.522887033666731	TRUE
NC_133184.1	9198415	9198602	188	*	21	Promoter (<=1kb)	10	9198656	9208472	9817	1	sik1	XM_005167449.5	-54	gene-sik1	9.359165	0.113543190614651	TRUE
NC_133184.1	12719902	12720066	165	*	26	Promoter (<=1kb)	10	12616260	12720062	103803	2	igf2bp2a	NM_001114558.2	0	gene-igf2bp2a	1.9241935	-0.853867726986507	TRUE
NC_133184.1	23222723	23222786	64	*	25	Intron (XM_073912188.1/rev1, intron 2 of 25)	10	23185770	23433641	247872	1	rev1	XM_073912188.1	36953	gene-rev1	6.196695	-0.111343004810303	TRUE
NC_133184.1	23306084	23306172	89	*	18	Intron (XM_073912188.1/rev1, intron 3 of 25)	10	23185770	23433641	247872	1	rev1	XM_073912188.1	120314	gene-rev1	6.196695	-0.111343004810303	TRUE
NC_133184.1	23460154	23460273	120	*	18	Promoter (<=1kb)	10	23459918	23461785	1868	1	kctd12.1	NM_194405.2	236	gene-kctd12.1	3.9875765	-0.35149415574667	TRUE
NC_133184.1	32684118	32684239	122	*	27	Intron (XM_073912265.1/dachd, intron 9 of 16)	10	32498821	32744326	245506	1	dachd	XM_073912265.1	185297	gene-dachd	5.2959515	-0.279676390433731	TRUE
NC_133184.1	32961491	32961627	137	*	25	Promoter (<=1kb)	10	32961679	32966459	4781	1	zic2a	NM_131558.1	-52	gene-zic2a	28.1840945	0.780418527402073	TRUE
NC_133184.1	33013091	33013272	182	*	17	Distal Intergenic	10	33026532	33235883	209352	1	si:ch211-168k14.2	XM_073912860.1	-13260	gene-si:ch211-168k14.2	0.1717795	-2.22748063160577	TRUE
NC_133184.1	33805028	33805102	75	*	14	5' UTR	10	33786228	33818552	32325	2	ankrd44	XM_073912870.1	13450	gene-ankrd44	2.542319	-0.654594700892534	TRUE
NC_133184.1	34446633	34446687	55	*	15	Distal Intergenic	10	34436524	34438604	2081	2	olig2	NM_178100.1	-8029	gene-olig2	12.907311	0.308000590987024	TRUE
NC_133184.1	39734065	39734225	161	*	36	Promoter (2-3kb)	10	39582464	39736406	153943	2	adcy5	NM_001171585.3	2181	gene-adcy5	1.244212	-1.20053457596878	TRUE
NC_133184.1	40672341	40672553	213	*	22	5' UTR	10	40498650	40707488	208839	1	map2	XM_009304861.4	173691	gene-map2	5.0420075	-0.25632852370638	TRUE
NC_133184.1	40744448	40744596	149	*	22	Promoter (2-3kb)	10	40741492	40793118	51627	1	cps1	XM_073912972.1	2956	gene-cps1	2.4323885	-0.831985810439571	TRUE
NC_133184.1	43252460	43252515	56	*	16	5' UTR	10	43246460	43410804	164345	1	spegb	XM_009304895.4	6000	gene-spegb	2.7883985	-0.689076711114377	TRUE
NC_133184.1	43337284	43337361	78	*	15	Intron (XM_009304895.4/spegb, intron 3 of 40)	10	43246460	43410804	164345	1	spegb	XM_009304895.4	90824	gene-spegb	2.7883985	-0.689076711114377	TRUE
NC_133184.1	45536057	45536363	307	*	48	Promoter (<=1kb)	10	45535834	45619063	83230	1	ube2e3	NM_200921.3	223	gene-ube2e3	98.4755865	1.56350877172315	TRUE
NC_133184.1	45730994	45731058	65	*	15	Intron (XM_068223674.2/itga4, intron 1 of 29)	10	45722440	45830345	107906	1	itga4	XM_068223674.2	8554	gene-itga4	2.901547	-0.673323576072118	TRUE
NC_133184.1	56738214	56738304	91	*	16	5' UTR	10	56548604	56738968	190365	1	frmpd4	XM_021479059.3	189610	gene-frmpd4	1.3581695	-1.0511322551464	TRUE
NC_133184.1	58670173	58670234	62	*	15	Promoter (<=1kb)	10	58669997	58736105	66109	1	rab3gap1	NM_001077788.2	176	gene-rab3gap1	7.574808	-0.00261560512857552	TRUE
NC_133185.1	4570579	4570680	102	*	17	Promoter (2-3kb)	11	4568230	4588637	20408	1	mn1a	XM_695830.11	2349	gene-mn1a	14.3518825	0.370800033250583	TRUE
NC_133185.1	9187863	9188005	143	*	25	Promoter (<=1kb)	11	9187113	9189196	2084	1	aplnrb	NM_001030197.2	750	gene-aplnrb	10.8391395	0.212838144130476	TRUE
NC_133185.1	11546505	11546628	124	*	18	Intron (XR_012386155.1/exd3, intron 18 of 19)	11	11522165	11626941	104777	2	exd3	XR_012386155.1	80313	gene-exd3	2.744798	-0.590182788024509	TRUE
NC_133185.1	18790415	18790488	74	*	15	Promoter (<=1kb)	11	18771568	18790872	19305	2	LOC568883	XM_003199319.7	384	gene-LOC568883	3.9988775	-0.341505389381361	TRUE
NC_133185.1	22438779	22438832	54	*	16	Promoter (<=1kb)	11	22438479	22502709	64231	1	kcnn2	XM_068223939.2	300	gene-kcnn2	0.977802	-1.23277304628046	TRUE
NC_133185.1	26478161	26478242	82	*	21	Intron (NM_001024097.1/pcdh1a3, intron 1 of 3)	11	25942789	26916377	973589	2	LOC141376355	XR_012386276.1	438135	gene-LOC141376355	0.4665435	-1.72472118190775	TRUE
NC_133185.1	30666704	30666850	147	*	22	Promoter (1-2kb)	11	30664828	30667165	2338	1	ugt5d1	NM_001177496.1	1876	gene-ugt5d1	0.0933585	-2.46758356789972	TRUE
NC_133185.1	33037365	33037451	87	*	35	Promoter (<=1kb)	11	32950595	33037409	86815	2	med13a	XM_073913432.1	0	gene-med13a	14.0286435	0.353471842601151	TRUE
NC_133185.1	33437353	33437463	111	*	27	Promoter (<=1kb)	11	33386536	33438227	51692	2	bbx	XM_073914914.1	764	gene-bbx	1.244572	-1.12002734074414	TRUE
NC_133185.1	40263941	40264070	130	*	22	Promoter (<=1kb)	11	40253842	40264567	10726	2	smg8	XM_690719.11	497	gene-smg8	6.5334925	-0.108146301380437	TRUE
NC_133185.1	41493973	41494114	142	*	55	Promoter (1-2kb)	11	41490387	41495195	4809	2	hmgb1a	NM_199555.3	1081	gene-hmgb1a	288.7575115	2.21085147304068	TRUE
NC_133185.1	41494199	41494339	141	*	34	Promoter (<=1kb)	11	41490387	41495195	4809	2	hmgb1a	NM_199555.3	856	gene-hmgb1a	288.7575115	2.21085147304068	TRUE
NC_133185.1	41494534	41494587	54	*	24	Promoter (<=1kb)	11	41490387	41495195	4809	2	hmgb1a	NM_199555.3	608	gene-hmgb1a	288.7575115	2.21085147304068	TRUE
NC_133185.1	44494908	44495051	144	*	20	Distal Intergenic	11	44501525	44505471	3947	1	kcnj1b	XM_021479179.3	-6474	gene-kcnj1b	1.488637	-1.03124352047198	TRUE
NC_133185.1	47216730	47216764	35	*	16	Intron (XM_073914119.1/setd1ba, intron 2 of 18)	11	46561051	47340690	779640	2	ess2	XR_012385794.1	123926	gene-ess2	8.732495	0.0550860413532759	TRUE
NC_133185.1	47769931	47769990	60	*	16	Promoter (<=1kb)	11	47769789	47788674	18886	1	actr1b	NM_213372.1	142	gene-actr1b	59.4336945	1.25800550780612	TRUE
NC_133186.1	1089461	1089505	45	*	15	Promoter (1-2kb)	12	1066378	1090997	24620	2	slc6a1b	NM_001007362.1	1492	gene-slc6a1b	1.136028	-1.20768724426719	TRUE
NC_133186.1	2208469	2208557	89	*	18	Promoter (<=1kb)	12	2208103	2212878	4776	1	hoxc11b	XM_009300573.5	366	gene-hoxc11b	2.1994655	-0.774455693585599	TRUE
NC_133186.1	5900264	5900335	72	*	21	5' UTR	12	5870683	5937952	67270	1	arid3a	XM_009305805.5	29581	gene-arid3a	9.8917275	0.100453985128571	TRUE
NC_133186.1	6564380	6564460	81	*	15	Promoter (<=1kb)	12	6563817	6565422	1606	1	gadd45ba	NM_213031.3	563	gene-gadd45ba	13.818503	0.362765819937345	TRUE
NC_133186.1	12396274	12396428	155	*	25	5' UTR	12	12351609	12402962	51354	2	abcc10	XM_021479750.3	6534	gene-abcc10	4.2357685	-0.398600089288096	TRUE
NC_133186.1	13344234	13344312	79	*	16	Promoter (1-2kb)	12	13342402	13355545	13144	1	zgpat	NM_200485.2	1832	gene-zgpat	14.996192	0.375955357856359	TRUE
NC_133186.1	14035699	14035807	109	*	19	5' UTR	12	14031629	14040957	9329	1	arrdc2	XM_005155942.5	4070	gene-arrdc2	16.0277695	0.447133927817394	TRUE
NC_133186.1	14602304	14602405	102	*	17	Promoter (<=1kb)	12	14601692	14641084	39393	1	med16	XM_005155957.4	612	gene-med16	13.8669775	0.343170410132091	TRUE
NC_133186.1	15566783	15566878	96	*	17	5' UTR	12	15564857	15618768	53912	2	elavl1b	XM_017358196.4	51890	gene-elavl1b	54.098333	1.2196093736168	TRUE
NC_133186.1	17711503	17711645	143	*	24	Promoter (<=1kb)	12	17711035	17854256	143222	1	gdf11	XM_005155799.6	468	gene-gdf11	2.5598825	-0.762487619926563	TRUE
NC_133186.1	17711674	17711728	55	*	17	Promoter (<=1kb)	12	17711035	17854256	143222	1	gdf11	XM_005155799.6	639	gene-gdf11	2.5598825	-0.762487619926563	TRUE
NC_133186.1	20292809	20292850	42	*	16	5' UTR	12	20278430	20322767	44338	1	tmcc1b	XM_005172858.6	14379	gene-tmcc1b	11.4505835	0.216534410318231	TRUE
NC_133186.1	20293329	20293410	82	*	15	5' UTR	12	20278430	20322767	44338	1	tmcc1b	XM_005172858.6	14899	gene-tmcc1b	11.4505835	0.216534410318231	TRUE
NC_133186.1	21594548	21594628	81	*	15	Promoter (<=1kb)	12	21594452	21603633	9182	1	psmd6	NM_200291.1	96	gene-psmd6	181.499846	1.94917398939788	TRUE
NC_133186.1	24156783	24156885	103	*	19	Intron (XM_073915911.1/foxp4, intron 13 of 21)	12	23713161	24201158	487998	1	foxp4	XM_073915911.1	443622	gene-foxp4	14.8074815	0.436170436381244	TRUE
NC_133186.1	24481917	24482194	278	*	30	Promoter (<=1kb)	12	24474158	24482329	8172	2	tmem183a	NM_001014295.2	135	gene-tmem183a	18.2627815	0.524678809628442	TRUE
NC_133186.1	26927060	26927166	107	*	17	Promoter (<=1kb)	12	26926919	26950067	23149	1	ipo9	NM_213539.1	141	gene-ipo9	34.8657775	0.939831289041824	TRUE
NC_133186.1	27400804	27401020	217	*	19	Promoter (<=1kb)	12	27400400	27409155	8756	1	fam83d	XM_068224158.2	404	gene-fam83d	13.9773965	0.35958791415931	TRUE
NC_133186.1	28838934	28839011	78	*	14	Promoter (2-3kb)	12	28804071	28841189	37119	2	iqsec1b	XM_073916794.1	2178	gene-iqsec1b	3.4571025	-0.521048552696028	TRUE
NC_133186.1	29554269	29554482	214	*	18	Distal Intergenic	12	29584514	29596540	12027	2	wnt7aa	NM_001025540.1	42058	gene-wnt7aa	7.030546	-0.000138266168033594	TRUE
NC_133186.1	29818713	29818836	124	*	16	Distal Intergenic	12	29803696	29804326	631	2	fam120a	NR_023337.2	-14387	gene-fam120a	10.362889	0.197942697475391	TRUE
NC_133186.1	29934472	29934614	143	*	28	Promoter (<=1kb)	12	29924684	29935033	10350	2	cstf1	NM_001328559.1	419	gene-cstf1	46.818714	1.12530701610841	TRUE
NC_133186.1	31730223	31730406	184	*	36	Promoter (<=1kb)	12	31657645	31730321	72677	2	chd5	XM_003199497.7	0	gene-chd5	0.1769955	-2.36439603459326	TRUE
NC_133186.1	32236524	32236654	131	*	23	Promoter (1-2kb)	12	32235475	32325698	90224	1	nhsb	XM_073916871.1	1049	gene-nhsb	1.312183	-1.13448701686271	TRUE
NC_133186.1	32385392	32385511	120	*	20	5' UTR	12	32326836	32468103	141268	1	cdkl5	XM_073915976.1	58556	gene-cdkl5	0.5106275	-1.73981048698756	TRUE
NC_133186.1	33489238	33489343	106	*	15	Promoter (<=1kb)	12	33457275	33489790	32516	2	nacc1b	XM_073916895.1	447	gene-nacc1b	0.9648205	-1.21915672326135	TRUE
NC_133186.1	38444939	38445000	62	*	21	Promoter (<=1kb)	12	38442810	38445225	2416	2	gpx1a	NM_001007281.2	225	gene-gpx1a	61.5092535	1.27328389397387	TRUE
NC_133186.1	38776253	38776369	117	*	23	Promoter (<=1kb)	12	38776275	38795503	19229	1	atxn7l2a	XM_073916105.1	0	gene-atxn7l2a	8.2236725	0.0348122694488555	TRUE
NC_133186.1	43713386	43713514	129	*	35	3' UTR	12	43504182	43731188	227007	1	LOC141376673	XR_012387368.1	209204	gene-LOC141376673	0.076224	-2.7950634890833	TRUE
NC_133186.1	44742538	44742614	77	*	20	Promoter (<=1kb)	12	44742278	44783648	41371	1	dennd6a	XM_068224150.2	260	gene-dennd6a	3.5362195	-0.534331578606707	TRUE
NC_133187.1	6270450	6270568	119	*	25	Promoter (1-2kb)	13	6263282	6272395	9114	2	dlx4b	NM_131318.1	1827	gene-dlx4b	12.227974	0.300487652822686	TRUE
NC_133187.1	8158802	8158953	152	*	16	Promoter (2-3kb)	13	8143777	8161699	17923	2	slc16a9b	NM_001003552.1	2746	gene-slc16a9b	8.4690365	0.0832054698397273	TRUE
NC_133187.1	9720175	9720296	122	*	18	Promoter (<=1kb)	13	9719286	9720569	1284	2	LOC101884976	XM_005156112.4	273	gene-LOC101884976	0.098569	-2.55557752513539	TRUE
NC_133187.1	10254802	10254916	115	*	20	Promoter (2-3kb)	13	10252401	10313149	60749	1	ppp1r9bb	XM_009306518.5	2401	gene-ppp1r9bb	0.9792125	-1.19615394370531	TRUE
NC_133187.1	24149356	24149418	63	*	15	5' UTR	13	24145617	24185369	39753	1	hdlbpb	XM_021480308.2	3739	gene-hdlbpb	4.325244	-0.356253661380547	TRUE
NC_133187.1	24248114	24248300	187	*	40	Promoter (<=1kb)	13	24189677	24248310	58634	2	neurl4	XM_021480310.3	10	gene-neurl4	3.1280515	-0.559577528950439	TRUE
NC_133187.1	27005607	27005651	45	*	25	Promoter (<=1kb)	13	27005279	27070308	65030	1	mta3	XM_073917258.1	328	gene-mta3	33.5495895	0.922208972293451	TRUE
NC_133187.1	29010131	29010226	96	*	25	Intron (XM_073917727.1/skap1, intron 8 of 9)	13	28970037	29023006	52970	1	skap1	XM_073917727.1	40094	gene-skap1	1.361744	-1.03402447943674	TRUE
NC_133187.1	29305171	29305271	101	*	23	Promoter (<=1kb)	13	29304840	29311373	6534	1	meox1	NM_001002450.2	331	gene-meox1	29.0011135	0.834197544765887	TRUE
NC_133187.1	32887730	32887800	71	*	16	Intron (XM_068224516.1/tcf7l2, intron 4 of 10)	13	32874554	32904821	30268	2	tcf7l2	XM_068224516.1	17021	gene-tcf7l2	13.959913	0.359921281547406	TRUE
NC_133187.1	32907205	32907283	79	*	20	Promoter (<=1kb)	13	32874554	32907528	32975	2	tcf7l2	XM_073917382.1	245	gene-tcf7l2	13.959913	0.359921281547406	TRUE
NC_133187.1	32990625	32990703	79	*	20	Intron (XM_068224489.1/tcf7l2, intron 3 of 14)	13	32874554	32998240	123687	2	tcf7l2	XM_068224489.1	7537	gene-tcf7l2	13.959913	0.359921281547406	TRUE
NC_133187.1	32997540	32997634	95	*	40	Promoter (<=1kb)	13	32874554	32998240	123687	2	tcf7l2	XM_068224489.1	606	gene-tcf7l2	13.959913	0.359921281547406	TRUE
NC_133187.1	33019712	33019753	42	*	14	Distal Intergenic	13	32874559	32998249	123691	2	tcf7l2	NM_131259.3	-21463	gene-tcf7l2	13.959913	0.359921281547406	TRUE
NC_133187.1	33221852	33221897	46	*	17	Intron (NM_001313750.1/vti1a, intron 5 of 7)	13	33053743	33316902	263160	2	vti1a	NM_001313750.1	95005	gene-vti1a	5.5985395	-0.17625771502891	TRUE
NC_133187.1	33655001	33655030	30	*	14	Intron (XM_005156347.5/rnf157, intron 18 of 18)	13	33624393	33663305	38913	1	rnf157	XM_005156347.5	30608	gene-rnf157	2.6461815	-0.702450530669777	TRUE
NC_133187.1	36631013	36631118	106	*	25	Intron (XM_073918668.1/bahcc1b, intron 1 of 28)	13	36472380	36667099	194720	2	bahcc1b	XM_073918668.1	35981	gene-bahcc1b	7.784825	-0.0316136276331798	TRUE
NC_133187.1	43456034	43456172	139	*	16	Promoter (<=1kb)	13	43456063	43506447	50385	1	epc1a	XM_689970.10	0	gene-epc1a	14.8191255	0.395974183358518	TRUE
NC_133187.1	45849760	45849863	104	*	17	Promoter (<=1kb)	13	45848296	45850000	1705	2	foxi1	NM_181735.1	137	gene-foxi1	7.0319215	-0.0438772508528028	TRUE
NC_133187.1	50264578	50264687	110	*	16	5' UTR	13	50236410	50272459	36050	2	adamts14	XM_073918962.1	7772	gene-adamts14	1.182624	-1.13854301418694	TRUE
NC_133187.1	51684003	51684073	71	*	15	Promoter (2-3kb)	13	51681386	51684910	3525	1	lrit1b	NM_001042753.1	2617	gene-lrit1b	0.125892	-2.48599491319993	TRUE
NC_133188.1	1779169	1779342	174	*	39	Promoter (<=1kb)	14	1778863	1813691	34829	1	bmp5	XM_073919454.1	306	gene-bmp5	15.0312695	0.428888465338241	TRUE
NC_133188.1	2845528	2845930	403	*	34	Promoter (1-2kb)	14	2825160	2847532	22373	2	eml4	XM_073920526.1	1602	gene-eml4	12.394418	0.316105794453001	TRUE
NC_133188.1	3887119	3887189	71	*	16	Promoter (<=1kb)	14	3886746	3898618	11873	1	lrrc73	XM_005156507.6	373	gene-lrrc73	0.3886825	-1.8650235546092	TRUE
NC_133188.1	7947983	7948120	138	*	30	Intron (XM_073920581.1/gbf1, intron 6 of 43)	14	7884068	8098087	214020	1	gbf1	XM_073920581.1	63915	gene-gbf1	3.7318715	-0.447946251813857	TRUE
NC_133188.1	9744902	9744930	29	*	14	Promoter (<=1kb)	14	9739800	9744914	5115	2	neff2	NM_001201557.1	0	gene-neff2	0.356617	-1.9479752451235	TRUE
NC_133188.1	10701864	10701969	106	*	18	Intron (XM_073919280.1/six3a, intron 7 of 8)	14	10688997	10777863	88867	2	six3a	XM_073919280.1	75894	gene-six3a	9.416774	0.181399709881183	TRUE
NC_133188.1	10770719	10770817	99	*	17	Intron (XM_073919280.1/six3a, intron 3 of 8)	14	10688997	10777863	88867	2	six3a	XM_073919280.1	7046	gene-six3a	9.416774	0.181399709881183	TRUE
NC_133188.1	11856802	11856847	46	*	19	Promoter (<=1kb)	14	11856582	11865124	8543	1	zbtb18	NM_001082952.2	220	gene-zbtb18	17.9028755	0.520254136849381	TRUE
NC_133188.1	13166535	13166733	199	*	20	Promoter (<=1kb)	14	13165614	13178258	12645	1	zgc:100846	XR_012388522.1	921	gene-zgc:100846	3.4624295	-0.538664146425812	TRUE
NC_133188.1	15397722	15397864	143	*	21	Promoter (2-3kb)	14	15395209	15401477	6269	1	emx1	NM_198144.2	2513	gene-emx1	3.8898625	-0.482879014582595	TRUE
NC_133188.1	18749587	18749642	56	*	23	Intron (XR_012388641.1/kcnma1a, intron 9 of 24)	14	18504202	18848720	344519	1	kcnma1a	XR_012388641.1	245385	gene-kcnma1a	2.4564275	-0.72387185253999	TRUE
NC_133188.1	18977085	18977161	77	*	17	Intron (XM_073919573.1/lrmda, intron 5 of 7)	14	18851807	19449689	597883	2	lrmda	XM_073919573.1	472528	gene-lrmda	1.483606	-1.05475169576161	TRUE
NC_133188.1	19505672	19505737	66	*	15	Distal Intergenic	14	19453757	19456335	2579	1	znf503	NM_198840.3	51915	gene-znf503	49.603454	1.1614503933311	TRUE
NC_133188.1	22860364	22860493	130	*	25	Distal Intergenic	14	22879825	22912720	32896	2	fam204a	NM_001002536.1	52227	gene-fam204a	17.8461965	0.476407833038562	TRUE
NC_133188.1	25494422	25494515	94	*	20	5' UTR	14	25427191	25513354	86164	1	usp54a	XM_073919694.1	67231	gene-usp54a	8.851323	0.0982825599927314	TRUE
NC_133188.1	26850429	26850583	155	*	29	Promoter (<=1kb)	14	26819393	26851568	32176	2	map3k21	XM_073920841.1	985	gene-map3k21	5.752421	-0.20220358554123	TRUE
NC_133188.1	27209466	27209599	134	*	25	Promoter (<=1kb)	14	27209469	27242725	33257	1	pgbd5	NM_001145605.1	0	gene-pgbd5	0.5659675	-1.94864245313071	TRUE
NC_133188.1	28124875	28124975	101	*	42	Promoter (<=1kb)	14	28086038	28124935	38898	2	kat6b	XM_009307391.4	0	gene-kat6b	5.9101975	-0.196150390372319	TRUE
NC_133188.1	29234888	29235030	143	*	21	Intron (XM_073919567.1/pdlim1, intron 1 of 4)	14	28981001	29515563	534563	2	pdlim1	XM_073919567.1	280533	gene-pdlim1	55.68991	1.2368743953561	TRUE
NC_133188.1	29500901	29500976	76	*	14	Intron (XM_073919567.1/pdlim1, intron 1 of 4)	14	28981001	29515563	534563	2	pdlim1	XM_073919567.1	14587	gene-pdlim1	55.68991	1.2368743953561	TRUE
NC_133188.1	31925435	31925617	183	*	35	Intron (NM_131521.2/fbxw4, intron 5 of 8)	14	31899357	31948081	48725	1	fbxw4	NM_131521.2	26078	gene-fbxw4	10.0941835	0.184561892975536	TRUE
NC_133188.1	32005517	32005579	63	*	18	Promoter (<=1kb)	14	32005093	32032696	27604	1	cnnm2a	XM_068212847.2	424	gene-cnnm2a	0.748433	-1.46283348731041	TRUE
NC_133188.1	32063398	32063655	258	*	24	Promoter (<=1kb)	14	32062798	32068148	5351	1	inaa	NM_001144784.1	600	gene-inaa	0.4644495	-1.69953371117511	TRUE
NC_133188.1	33080035	33080126	92	*	16	Intron (XM_073919506.1/cdhr1a, intron 1 of 23)	14	32869920	33091079	221160	2	cdhr1a	XM_073919506.1	10953	gene-cdhr1a	0.174782	-2.42145032410884	TRUE
NC_133188.1	33197258	33197320	63	*	20	Distal Intergenic	14	33161072	33194013	32942	1	pax2a	XM_073919244.1	36186	gene-pax2a	12.6003185	0.297508672691488	TRUE
NC_133188.1	33248241	33248313	73	*	21	Distal Intergenic	14	33281973	33286828	4856	1	LOC141377198	XR_012389339.1	-33660	gene-LOC141377198	0.061572	-2.86022216390206	TRUE
NC_133188.1	35011202	35011357	156	*	28	Intron (XM_068212822.2/six6a, intron 1 of 2)	14	34990481	35013830	23350	1	six6a	XM_068212822.2	20721	gene-six6a	2.3675495	-0.762779889032351	TRUE
NC_133188.1	38798658	38798758	101	*	17	Promoter (<=1kb)	14	38798490	38849400	50911	1	jag1b	NM_131863.2	168	gene-jag1b	5.4733795	-0.21380494867049	TRUE
NC_133188.1	39649757	39649911	155	*	32	Promoter (<=1kb)	14	39617489	39650326	32838	2	map3k9	XM_073920181.1	415	gene-map3k9	0.237076	-2.2095782523351	TRUE
NC_133188.1	40106767	40106909	143	*	19	3' UTR	14	40088347	40109998	21652	1	si:ch211-67f24.7	XM_003199741.7	18420	gene-si:ch211-67f24.7	0.443052	-1.78053669576869	TRUE
NC_133188.1	43043630	43043721	92	*	26	Promoter (<=1kb)	14	43043354	43044669	1316	1	marveld1	NM_001202417.1	276	gene-marveld1	11.8878965	0.243652675175131	TRUE
NC_133188.1	44015330	44015395	66	*	15	Promoter (1-2kb)	14	43975231	44017333	42103	2	cnnm1	XM_073919647.1	1938	gene-cnnm1	0.1185665	-2.81216342394553	TRUE
NC_133188.1	44281557	44281627	71	*	19	Intron (XM_068212824.2/nkx1.2la, intron 3 of 5)	14	44276186	44295598	19413	1	nkx1.2la	XM_068212824.2	5371	gene-nkx1.2la	1.121947	-1.13286867584355	TRUE
NC_133188.1	45539919	45540010	92	*	24	Promoter (<=1kb)	14	45539109	45545988	6880	1	cyp1b1	NM_001145708.1	810	gene-cyp1b1	1.286345	-1.16889921223995	TRUE
NC_133188.1	46158715	46158825	111	*	18	Promoter (1-2kb)	14	46144492	46160481	15990	2	fam83ha	XM_688722.10	1656	gene-fam83ha	2.463059	-0.739721300791381	TRUE
NC_133188.1	53388227	53388278	52	*	15	3' UTR	14	53387531	53525307	137777	2	arid4b	XM_003199758.7	137029	gene-arid4b	1.7974605	-0.919749173768267	TRUE
NC_133188.1	55992936	55992967	32	*	14	Intron (XM_073920398.1/inpp5a, intron 4 of 15)	14	55883766	56095545	211780	2	inpp5a	XM_073920398.1	102578	gene-inpp5a	3.418347	-0.616779326184138	TRUE
NC_133189.1	590411	590478	68	*	15	Promoter (<=1kb)	15	486747	590961	104215	2	fat4	XM_073922401.1	483	gene-fat4	1.7643685	-0.93850670490223	TRUE
NC_133189.1	2907115	2907828	714	*	83	Promoter (1-2kb)	15	2895596	2909477	13882	2	si:ch73-233f7.1	NM_001365180.1	1649	gene-si:ch73-233f7.1	0.5914415	-1.56060326860871	TRUE
NC_133189.1	3034318	3034480	163	*	41	Promoter (<=1kb)	15	2996192	3034464	38273	2	LOC137487557	XR_011006160.2	0	gene-LOC137487557	0.051269	-2.92017023204118	TRUE
NC_133189.1	5936965	5937024	60	*	15	Promoter (<=1kb)	15	5924442	5937033	12592	2	pcgf1	XM_009307695.5	9	gene-pcgf1	14.893543	0.419638063232311	TRUE
NC_133189.1	17217674	17217826	153	*	18	Intron (XR_012389663.1/LOC101882685, intron 7 of 7)	15	17101204	17497349	396146	2	LOC101882685	XR_012389663.1	279523	gene-LOC101882685	1.4129535	-0.94964076229776	TRUE
NC_133189.1	17243892	17243962	71	*	23	Intron (XR_012389663.1/LOC101882685, intron 7 of 7)	15	17101204	17497349	396146	2	LOC101882685	XR_012389663.1	253387	gene-LOC101882685	1.4129535	-0.94964076229776	TRUE
NC_133189.1	17270556	17270726	171	*	27	Intron (XR_012389663.1/LOC101882685, intron 7 of 7)	15	17101204	17497349	396146	2	LOC101882685	XR_012389663.1	226623	gene-LOC101882685	1.4129535	-0.94964076229776	TRUE
NC_133189.1	18043595	18043716	122	*	20	Promoter (<=1kb)	15	18040642	18044013	3372	2	dusp1	NM_213067.2	297	gene-dusp1	35.863763	0.936363968254553	TRUE
NC_133189.1	18663009	18663138	130	*	23	Promoter (<=1kb)	15	18662395	18675674	13280	1	prpf19	NM_201467.1	614	gene-prpf19	173.659775	1.9156655370822	TRUE
NC_133189.1	18797312	18797372	61	*	15	Promoter (1-2kb)	15	18756772	18798743	41972	2	maml1	XM_005157216.6	1371	gene-maml1	8.35953	0.0359289485441931	TRUE
NC_133189.1	35452259	35452293	35	*	14	Promoter (1-2kb)	15	35426530	35453734	27205	2	sesn4	XM_009291172.5	1441	gene-sesn4	4.9933615	-0.280929497643148	TRUE
NC_133189.1	36545053	36545228	176	*	17	Promoter (<=1kb)	15	36541482	36545626	4145	2	zic3	NM_001001950.2	398	gene-zic3	23.4537215	0.694406459293669	TRUE
NC_133189.1	38065740	38065811	72	*	18	Promoter (<=1kb)	15	38065069	38083438	18370	1	cul4b	NM_001122844.1	671	gene-cul4b	25.9729285	0.757960429801968	TRUE
NC_133189.1	38065875	38065974	100	*	20	Promoter (<=1kb)	15	38065069	38083438	18370	1	cul4b	NM_001122844.1	806	gene-cul4b	25.9729285	0.757960429801968	TRUE
NC_133189.1	38621115	38621156	42	*	15	Promoter (<=1kb)	15	38561082	38621138	60057	2	cyfip2	XM_073921055.1	0	gene-cyfip2	13.893363	0.316809050994129	TRUE
NC_133189.1	43469709	43469837	129	*	24	Promoter (<=1kb)	15	43449937	43470422	20486	2	gsr	NM_001020554.1	585	gene-gsr	21.35343	0.608077759364772	TRUE
NC_133189.1	44990324	44990429	106	*	16	Promoter (<=1kb)	15	44902791	44990301	87511	2	pcdh19	XM_009291121.5	-23	gene-pcdh19	15.8756705	0.44241692170501	TRUE
NC_133189.1	45893643	45893717	75	*	14	Promoter (<=1kb)	15	45884896	45893795	8900	2	tmem35	XM_073921676.1	78	gene-tmem35	33.3880905	0.883284717000007	TRUE
NC_133189.1	54962699	54962807	109	*	24	5' UTR	15	54889277	55082775	193499	1	ctnna1	NM_131456.2	73422	gene-ctnna1	54.125203	1.18798517930109	TRUE
NC_133189.1	54963093	54963195	103	*	16	5' UTR	15	54889277	55082775	193499	1	ctnna1	NM_131456.2	73816	gene-ctnna1	54.125203	1.18798517930109	TRUE
NC_133189.1	54963304	54963369	66	*	27	Promoter (<=1kb)	15	54960376	54963344	2969	2	lrrtm2	NM_001351692.1	0	gene-lrrtm2	0.7411935	-1.46965451770741	TRUE
NC_133190.1	350583	350620	38	*	21	Promoter (<=1kb)	16	294712	350391	55680	2	elna	NM_001080063.2	-192	gene-elna	0.1919585	-2.15137245256602	TRUE
NC_133190.1	441795	441894	100	*	15	Promoter (<=1kb)	16	436489	442148	5660	2	psph	NM_001033099.1	254	gene-psph	80.5683625	1.44167532911593	TRUE
NC_133190.1	1806266	1806336	71	*	27	Promoter (<=1kb)	16	1806200	1833398	27199	1	cul3b	NM_001190485.1	66	gene-cul3b	17.929959	0.514773371523238	TRUE
NC_133190.1	2721212	2721283	72	*	15	Promoter (<=1kb)	16	2721270	2722171	902	1	LOC100333734	XM_005169680.6	0	gene-LOC100333734	3.0306975	-0.523148860159153	TRUE
NC_133190.1	6523892	6523958	67	*	14	5' UTR	16	6409883	6947332	537450	2	atm	XR_012391237.1	423374	gene-atm	2.3262775	-0.768363732369851	TRUE
NC_133190.1	11382070	11382180	111	*	33	Intron (XM_005157483.6/tenm4, intron 14 of 30)	16	11225258	11689190	463933	2	tenm4	XM_005157483.6	307010	gene-tenm4	4.97866	-0.31738785779098	TRUE
NC_133190.1	11403723	11403849	127	*	27	Intron (XM_005157483.6/tenm4, intron 12 of 30)	16	11225258	11689190	463933	2	tenm4	XM_005157483.6	285341	gene-tenm4	4.97866	-0.31738785779098	TRUE
NC_133190.1	11403932	11403999	68	*	16	Intron (XM_005157483.6/tenm4, intron 12 of 30)	16	11225258	11689190	463933	2	tenm4	XM_005157483.6	285191	gene-tenm4	4.97866	-0.31738785779098	TRUE
NC_133190.1	16415158	16415496	339	*	39	5' UTR	16	16405903	16450935	45033	1	si:ch211-11n16.2	XM_073923421.1	9255	gene-si:ch211-11n16.2	3.1080765	-0.55319486944929	TRUE
NC_133190.1	18437488	18437607	120	*	25	Intron (XM_073922988.1/rab34a, intron 1 of 9)	16	18427733	18443547	15815	2	hnf1ba	NM_131880.3	5940	gene-hnf1ba	5.41413	-0.182243605053534	TRUE
NC_133190.1	18443551	18443608	58	*	17	Intron (XM_073922988.1/rab34a, intron 1 of 9)	16	17889942	18516311	626370	2	rab34a	XM_073922988.1	72703	gene-rab34a	16.649106	0.524569044673991	TRUE
NC_133190.1	18507166	18507364	199	*	26	5' UTR	16	17889942	18516311	626370	2	rab34a	XM_073922988.1	8947	gene-rab34a	16.649106	0.524569044673991	TRUE
NC_133190.1	18592618	18592695	78	*	15	Distal Intergenic	16	18584456	18587937	3482	2	si:ch211-259g3.4	NR_023325.1	-4681	gene-si:ch211-259g3.4	4.7270035	-0.391424996197192	TRUE
NC_133190.1	19839811	19839869	59	*	17	Promoter (<=1kb)	16	19838968	19856236	17269	1	rps6kb1b	NM_213076.1	843	gene-rps6kb1b	52.1319255	1.17256518292549	TRUE
NC_133190.1	26111735	26111872	138	*	40	Promoter (1-2kb)	16	26110531	26113781	3251	2	ckmb	XM_005157593.2	1909	gene-ckmb	1071.997749	2.97419447348232	TRUE
NC_133190.1	27989059	27989147	89	*	15	Promoter (<=1kb)	16	27975224	27989511	14288	2	hif1al	XM_005157572.5	364	gene-hif1al	127.6857035	1.71111131192454	TRUE
NC_133190.1	28264643	28264683	41	*	14	Intron (XM_073923770.1/tp53i13, intron 1 of 3)	16	28048065	28780413	732349	2	tp53i13	XM_073923770.1	515730	gene-tp53i13	7.848024	0.011013540083691	TRUE
NC_133190.1	29817417	29817529	113	*	18	Intron (NM_200622.1/bcas3, intron 23 of 23)	16	29438774	29841087	402314	1	bcas3	NM_200622.1	378643	gene-bcas3	3.8297545	-0.447120441552833	TRUE
NC_133190.1	30061162	30061264	103	*	23	Distal Intergenic	16	29944809	30015375	70567	2	brip1	XM_073923343.1	-45787	gene-brip1	7.0204945	-0.0544500854901641	TRUE
NC_133190.1	30203759	30203813	55	*	18	Promoter (<=1kb)	16	30195711	30203765	8055	2	lhx1a	XM_068213457.2	0	gene-lhx1a	2.9022605	-0.600195493824579	TRUE
NC_133190.1	30561829	30562049	221	*	29	Intron (XR_012390495.1/dhrs13a.3, intron 5 of 8)	16	30458435	30591512	133078	2	dhrs13a.3	XR_012390495.1	29463	gene-dhrs13a.3	9.26547	0.100297059452288	TRUE
NC_133190.1	31272726	31272892	167	*	47	3' UTR	16	31193403	31273876	80474	1	nova2	NM_001309524.1	79323	gene-nova2	39.780567	0.984146693212837	TRUE
NC_133190.1	31389544	31389710	167	*	27	3' UTR	16	31389134	31404974	15841	2	eml2	XM_005157653.6	15264	gene-eml2	7.817301	-0.0412108242540921	TRUE
NC_133190.1	32721530	32721950	421	*	24	Promoter (<=1kb)	16	32614801	32721919	107119	2	LOC141377866	XR_012390911.1	0	gene-LOC141377866	0.150712	-2.16122285241434	TRUE
NC_133190.1	33097487	33097623	137	*	26	Intron (XM_005157680.6/msi2b, intron 9 of 14)	16	33019803	33416702	396900	2	msi2b	XM_005157680.6	319079	gene-msi2b	5.8238245	-0.187701911909007	TRUE
NC_133190.1	33177611	33177686	76	*	17	Intron (XM_005157680.6/msi2b, intron 7 of 14)	16	33019803	33416702	396900	2	msi2b	XM_005157680.6	239016	gene-msi2b	5.8238245	-0.187701911909007	TRUE
NC_133190.1	33240062	33240232	171	*	21	Intron (XM_005157680.6/msi2b, intron 6 of 14)	16	33019803	33416702	396900	2	msi2b	XM_005157680.6	176470	gene-msi2b	5.8238245	-0.187701911909007	TRUE
NC_133190.1	35209169	35209479	311	*	31	Promoter (<=1kb)	16	35049948	35209775	159828	2	frem2b	XM_005157636.6	296	gene-frem2b	3.424085	-0.5321611170239	TRUE
NC_133190.1	37553631	37553711	81	*	17	Promoter (<=1kb)	16	37528615	37554635	26021	2	dhx16	XM_068213477.2	924	gene-dhx16	20.846588	0.627599823656008	TRUE
NC_133190.1	38319602	38319669	68	*	17	Intron (XM_073923890.1/mecom, intron 1 of 16)	16	38038641	38332185	293545	2	mecom	XM_073923890.1	12516	gene-mecom	7.581499	-0.0247721364552314	TRUE
NC_133190.1	38319876	38319924	49	*	16	Intron (XM_073923890.1/mecom, intron 1 of 16)	16	38038641	38332185	293545	2	mecom	XM_073923890.1	12261	gene-mecom	7.581499	-0.0247721364552314	TRUE
NC_133190.1	40250926	40250983	58	*	18	Promoter (<=1kb)	16	40164370	40250999	86630	2	kmt2bb	XM_002664671.7	16	gene-kmt2bb	6.1586385	-0.188620637829212	TRUE
NC_133190.1	46187138	46187231	94	*	16	5' UTR	16	46101760	46237732	135973	1	actn4	XM_021481336.3	85378	gene-actn4	101.8775595	1.59743722955589	TRUE
NC_133190.1	51591033	51591353	321	*	26	Promoter (<=1kb)	16	51590066	51592365	2300	1	gmfg	NM_001040047.1	967	gene-gmfg	1.24185	-1.38532163856077	TRUE
NC_133191.1	972827	972922	96	*	21	Intron (XM_073925679.1/tars2, intron 1 of 8)	17	727775	1329646	601872	1	tars2	XM_073925679.1	245052	gene-tars2	10.9581875	0.20032144105713	TRUE
NC_133191.1	6740260	6740381	122	*	20	Distal Intergenic	17	6637293	6724049	86757	2	mboat1	XM_073925274.1	-16211	gene-mboat1	20.268433	0.615739790230365	TRUE
NC_133191.1	8735477	8735666	190	*	36	Promoter (<=1kb)	17	8704578	8735531	30954	2	grb10b	XM_073925817.1	0	gene-grb10b	1.948879	-0.90841271467052	TRUE
NC_133191.1	13104222	13104286	65	*	21	5' UTR	17	13095241	13121545	26305	1	epn1a	NM_001328116.1	8981	gene-epn1a	22.366711	0.680588164138468	TRUE
NC_133191.1	14592097	14592183	87	*	17	Promoter (<=1kb)	17	14574761	14592188	17428	2	rnf115a	NM_001080073.1	5	gene-rnf115a	18.641327	0.572997502540076	TRUE
NC_133191.1	20886866	20887005	140	*	17	Promoter (<=1kb)	17	20880230	20887464	7235	2	LOC141378076	XR_012391692.1	459	gene-LOC141378076	0.372946	-1.97476424307393	TRUE
NC_133191.1	20887213	20887587	375	*	35	Promoter (<=1kb)	17	20880230	20887464	7235	2	LOC141378076	XR_012391692.1	0	gene-LOC141378076	0.372946	-1.97476424307393	TRUE
NC_133191.1	24893035	24893190	156	*	36	Promoter (2-3kb)	17	24891033	24973532	82500	1	kcnn3	XM_073925517.1	2002	gene-kcnn3	3.2282585	-0.524056687077634	TRUE
NC_133191.1	29861584	29861641	58	*	16	Intron (XM_683887.11/rad54b, intron 3 of 14)	17	29855138	29880770	25633	1	rad54b	XM_683887.11	6446	gene-rad54b	5.30904	-0.227495890022814	TRUE
NC_133191.1	34997704	34997772	69	*	23	Promoter (2-3kb)	17	34995146	35006003	10858	1	wnt4b	NM_131500.2	2558	gene-wnt4b	1.386441	-0.996765908635607	TRUE
NC_133191.1	35764350	35764432	83	*	19	Intron (XM_073926255.1/LOC137487924, intron 10 of 10)	17	35479582	35775562	295981	1	LOC137487924	XM_073926255.1	284768	gene-LOC137487924	0.0725245	-2.85751064134016	TRUE
NC_133191.1	35954572	35954694	123	*	37	Distal Intergenic	17	35957902	35964393	6492	1	prdm13	NM_001326454.1	-3208	gene-prdm13	2.462606	-0.698145332111351	TRUE
NC_133191.1	46764080	46764165	86	*	17	Intron (XM_073926571.1/cspg5a, intron 4 of 5)	17	46748332	46815701	67370	2	cspg5a	XM_073926571.1	51536	gene-cspg5a	22.4884525	0.649859391593828	TRUE
NC_133191.1	46941280	46941343	64	*	19	Intron (XM_021466746.3/tbx20, intron 6 of 7)	17	46933348	46950584	17237	2	tbx20	XM_021466746.3	9241	gene-tbx20	2.13127	-0.779085671429628	TRUE
NC_133191.1	48359955	48360097	143	*	25	Intron (XM_009292598.4/zfpm2a, intron 5 of 7)	17	48278184	48587357	309174	2	zfpm2a	XM_009292598.4	227260	gene-zfpm2a	0.1240365	-2.53714301670794	TRUE
NC_133191.1	48395460	48395499	40	*	17	Intron (XM_009292598.4/zfpm2a, intron 4 of 7)	17	48278184	48587357	309174	2	zfpm2a	XM_009292598.4	191858	gene-zfpm2a	0.1240365	-2.53714301670794	TRUE
NC_133191.1	48587088	48587134	47	*	16	Promoter (<=1kb)	17	48278184	48587357	309174	2	zfpm2a	XM_009292598.4	223	gene-zfpm2a	0.1240365	-2.53714301670794	TRUE
NC_133191.1	50430450	50430548	99	*	35	5' UTR	17	50399969	50452556	52588	1	otud7b	XM_005158386.6	30481	gene-otud7b	4.037283	-0.377764607247677	TRUE
NC_133191.1	54632506	54632592	87	*	31	3' UTR	17	54570181	54633075	62895	1	ube2e2	NM_001003494.1	62325	gene-ube2e2	74.2036275	1.40237623264619	TRUE
NC_133191.1	59527878	59527945	68	*	20	5' UTR	17	59516493	59553855	37363	1	dennd4b	XM_073925380.1	11385	gene-dennd4b	6.2934905	-0.132626781928057	TRUE
NC_133191.1	59736928	59737017	90	*	15	5' UTR	17	59686960	59738189	51230	1	vps13b	XR_012391852.1	49968	gene-vps13b	4.161013	-0.400881211002259	TRUE
NC_133192.1	610118	610163	46	*	15	3' UTR	18	595828	614084	18257	1	klhl28	XM_073927981.1	14290	gene-klhl28	5.194118	-0.230985866382211	TRUE
NC_133192.1	1295867	1295954	88	*	16	Intron (XM_073927954.1/LOC100148950, intron 16 of 20)	18	1166600	1337198	170599	1	LOC100148950	XM_073927954.1	129267	gene-LOC100148950	1.3356005	-1.01845212946975	TRUE
NC_133192.1	10832767	10832838	72	*	15	Intron (XM_009292848.5/npas3, intron 4 of 11)	18	10467054	11076017	608964	1	npas3	XM_009292848.5	365713	gene-npas3	0.14664	-2.45175433147931	TRUE
NC_133192.1	11072745	11072975	231	*	22	3' UTR	18	10467054	11076017	608964	1	npas3	XM_009292848.5	605691	gene-npas3	0.14664	-2.45175433147931	TRUE
NC_133192.1	11510474	11510537	64	*	15	Promoter (<=1kb)	18	11510321	11513209	2889	1	foxa1	NM_131284.2	153	gene-foxa1	12.5549965	0.284685826867977	TRUE
NC_133192.1	14129133	14129244	112	*	19	Promoter (1-2kb)	18	14128956	14130674	1719	2	insm2	XM_001332478.10	1430	gene-insm2	1.5272835	-1.07471905117156	TRUE
NC_133192.1	14129423	14129492	70	*	15	Promoter (1-2kb)	18	14128956	14130674	1719	2	insm2	XM_001332478.10	1182	gene-insm2	1.5272835	-1.07471905117156	TRUE
NC_133192.1	16289706	16289780	75	*	20	Promoter (<=1kb)	18	16289413	16369853	80441	1	samd4a	XM_009292907.5	293	gene-samd4a	2.8230395	-0.662643078467177	TRUE
NC_133192.1	16690933	16690997	65	*	16	Promoter (<=1kb)	18	16690879	16693228	2350	1	fabp7a	NM_131605.2	54	gene-fabp7a	209.2101315	1.96798713841421	TRUE
NC_133192.1	16691148	16691197	50	*	15	Promoter (<=1kb)	18	16690879	16693228	2350	1	fabp7a	NM_131605.2	269	gene-fabp7a	209.2101315	1.96798713841421	TRUE
NC_133192.1	18641177	18641385	209	*	28	Intron (XM_021467198.3/nrxn3a, intron 5 of 22)	18	18168906	18715777	546872	2	nrxn3a	XM_021467198.3	74392	gene-nrxn3a	0.655741	-1.48501333932261	TRUE
NC_133192.1	25508964	25509030	67	*	16	Intron (XR_012393389.1/ehbp1, intron 5 of 14)	18	25459238	25570688	111451	1	ehbp1	XR_012393389.1	49726	gene-ehbp1	9.068843	0.0826571706798103	TRUE
NC_133192.1	25658886	25658928	43	*	14	Promoter (<=1kb)	18	25658898	25664587	5690	1	otx1	NM_131250.2	0	gene-otx1	20.873483	0.632479208648902	TRUE
NC_133192.1	27801153	27801262	110	*	21	3' UTR	18	27309214	27801657	492444	1	grid1a	XM_073928578.1	491939	gene-grid1a	0.454066	-1.67589790643597	TRUE
NC_133192.1	30620637	30620741	105	*	22	Promoter (<=1kb)	18	30618405	30620718	2314	2	foxg1a	NM_131067.1	0	gene-foxg1a	12.124055	0.258358385478454	TRUE
NC_133192.1	31340892	31341065	174	*	40	Intron (XM_005158771.6/esrrga, intron 2 of 7)	18	31244246	31351551	107306	2	esrrga	XM_005158771.6	10486	gene-esrrga	2.32809	-0.781665076172484	TRUE
NC_133192.1	35003022	35003079	58	*	17	Promoter (<=1kb)	18	35002288	35014007	11720	1	dnajc27	XM_005158728.6	734	gene-dnajc27	2.4857495	-0.687655073958345	TRUE
NC_133192.1	36259750	36259831	82	*	17	Distal Intergenic	18	36349904	36401695	51792	1	LOC137488125	XR_012393044.1	-90073	gene-LOC137488125	0.28881	-1.88252339305827	TRUE
NC_133192.1	40105536	40105721	186	*	44	3' UTR	18	40104733	40112375	7643	2	pax9	NM_131298.1	6654	gene-pax9	4.867734	-0.278223260452438	TRUE
NC_133192.1	44189733	44189791	59	*	16	Promoter (<=1kb)	18	44189153	44213287	24135	1	slc4a1ap	XM_009293235.5	580	gene-slc4a1ap	4.9194785	-0.245621957405733	TRUE
NC_133192.1	44786940	44786996	57	*	16	Promoter (2-3kb)	18	44789149	44791347	2199	1	insm1b	NM_199658.1	-2153	gene-insm1b	13.831701	0.359453315701757	TRUE
NC_133192.1	45198523	45198617	95	*	16	Distal Intergenic	18	44916050	45125353	209304	2	ralgapa2	XR_012393092.1	-73170	gene-ralgapa2	2.818534	-0.645620523222371	TRUE
NC_133192.1	45210748	45210987	240	*	42	Distal Intergenic	18	44916050	45125353	209304	2	ralgapa2	XR_012393092.1	-85395	gene-ralgapa2	2.818534	-0.645620523222371	TRUE
NC_133192.1	49234116	49234234	119	*	31	Promoter (2-3kb)	18	49231423	49236484	5062	2	otx2b	XM_005158883.5	2250	gene-otx2b	17.53363	0.508905767166489	TRUE
NC_133192.1	55418988	55419127	140	*	22	Promoter (<=1kb)	18	55415630	55419224	3595	2	gpx2	NM_001329759.1	97	gene-gpx2	0.286057	-2.03212431263136	TRUE
NC_133192.1	56347894	56348176	283	*	24	3' UTR	18	56322703	56348426	25724	1	syncripl	XM_009293300.5	25191	gene-syncripl	30.274823	0.822146427978165	TRUE
NC_133192.1	58222125	58222268	144	*	17	Intron (XM_073927702.1/ift43, intron 5 of 8)	18	58197486	58231258	33773	1	ift43	XM_073927702.1	24639	gene-ift43	1.8189605	-0.881657033274143	TRUE
NC_133192.1	58955330	58955364	35	*	16	Promoter (<=1kb)	18	58955797	59056936	101140	1	meis2a	XM_073926911.1	-433	gene-meis2a	37.971354	1.00454892922219	TRUE
NC_133192.1	59045104	59045192	89	*	19	Intron (XM_073926911.1/meis2a, intron 9 of 11)	18	58955797	59056936	101140	1	meis2a	XM_073926911.1	89307	gene-meis2a	37.971354	1.00454892922219	TRUE
NC_133192.1	59056021	59056162	142	*	24	3' UTR	18	58955797	59056936	101140	1	meis2a	XM_073926911.1	100224	gene-meis2a	37.971354	1.00454892922219	TRUE
NC_133193.1	90017	90305	289	*	34	Promoter (1-2kb)	19	88614	98687	10074	1	hdgfl3	NM_001012372.1	1403	gene-hdgfl3	4.0695685	-0.315345547826038	TRUE
NC_133193.1	125053	125092	40	*	15	Promoter (<=1kb)	19	116766	125244	8479	2	whamm	XM_073930074.1	152	gene-whamm	9.487478	0.161806762778084	TRUE
NC_133193.1	950983	951048	66	*	19	Promoter (<=1kb)	19	944101	951860	7760	2	si:ch1073-459b3.2	XM_068214869.1	812	gene-si:ch1073-459b3.2	5.60632	-0.194497345452234	TRUE
NC_133193.1	1499598	1499756	159	*	39	Distal Intergenic	19	1501882	1513631	11750	2	parp6a	NM_001002537.1	13875	gene-parp6a	0.328724	-2.0127985121379	TRUE
NC_133193.1	2448092	2448162	71	*	17	Intron (XM_073930133.1/LOC101886077, intron 14 of 14)	19	2429784	2615692	185909	2	LOC101886077	XM_073930133.1	167530	gene-LOC101886077	0.1631965	-2.65495902923333	TRUE
NC_133193.1	2652837	2652901	65	*	16	3' UTR	19	2648918	2717760	68843	2	si:ch211-79l17.1	NM_001423511.1	64859	gene-si:ch211-79l17.1	7.063311	-0.0748379179473617	TRUE
NC_133193.1	2811636	2811734	99	*	29	Promoter (1-2kb)	19	2756630	2812946	56317	2	wtip	NM_001123278.2	1212	gene-wtip	4.3679715	-0.424743563079902	TRUE
NC_133193.1	2812579	2812680	102	*	23	Promoter (<=1kb)	19	2756630	2812946	56317	2	wtip	NM_001123278.2	266	gene-wtip	4.3679715	-0.424743563079902	TRUE
NC_133193.1	2813405	2813498	94	*	24	Promoter (<=1kb)	19	2756630	2812946	56317	2	wtip	NM_001123278.2	-459	gene-wtip	4.3679715	-0.424743563079902	TRUE
NC_133193.1	4169595	4169677	83	*	26	5' UTR	19	4128404	4221572	93169	2	pak1	NM_201328.1	51895	gene-pak1	9.6555625	0.145343990732707	TRUE
NC_133193.1	7033247	7033290	44	*	24	Promoter (<=1kb)	19	7033238	7069124	35887	1	wdr59	XM_009293383.5	9	gene-wdr59	4.6168015	-0.309163948524727	TRUE
NC_133193.1	7698721	7698791	71	*	15	Promoter (<=1kb)	19	7698401	7712454	14054	1	fkbp4	XM_005173616.6	320	gene-fkbp4	77.7490975	1.42879450511319	TRUE
NC_133193.1	12527731	12527799	69	*	16	Intron (XM_073929885.1/tspan9a, intron 3 of 9)	19	12354045	12746392	392348	2	tspan9a	XM_073929885.1	218593	gene-tspan9a	3.1060705	-0.595122726577831	TRUE
NC_133193.1	16952043	16952084	42	*	14	5' UTR	19	16941400	16988991	47592	2	bmal2	XM_073929553.1	36907	gene-bmal2	7.940531	-0.00688765108646157	TRUE
NC_133193.1	17020057	17020136	80	*	15	Promoter (2-3kb)	19	17022985	17045528	22544	1	nr1h4	XM_073929026.1	-2849	gene-nr1h4	0.101866	-2.58316782472657	TRUE
NC_133193.1	17157099	17157146	48	*	20	Promoter (<=1kb)	19	17157009	17172061	15053	1	ube2na	NM_213486.1	90	gene-ube2na	126.766412	1.72839002929613	TRUE
NC_133193.1	18286570	18286799	230	*	26	5' UTR	19	18260579	18300679	40101	2	swap70b	XM_073929238.1	13880	gene-swap70b	7.7094135	-0.00635797613358711	TRUE
NC_133193.1	18683792	18683903	112	*	39	Promoter (2-3kb)	19	18681752	18685276	3525	1	LOC141378742	XR_012394017.1	2040	gene-LOC141378742	0.1509785	-2.4675187799299	TRUE
NC_133193.1	18779389	18779444	56	*	19	Intron (NM_001039460.2/zfpm1, intron 1 of 8)	19	18655485	18784029	128545	2	zfpm1	NM_001039460.2	4585	gene-zfpm1	2.6673525	-0.681028385574643	TRUE
NC_133193.1	18938511	18938579	69	*	19	Intron (XM_009293522.4/nup93, intron 3 of 21)	19	18915956	18962410	46455	1	nup93	XM_009293522.4	22555	gene-nup93	71.189191	1.36410431493472	TRUE
NC_133193.1	19112425	19112475	51	*	17	Promoter (1-2kb)	19	19110794	19137012	26219	1	rspry1	NM_001045072.2	1631	gene-rspry1	12.917868	0.302114211147607	TRUE
NC_133193.1	19241769	19241857	89	*	26	Intron (XM_073929373.1/znf423, intron 5 of 7)	19	19161354	19271193	109840	1	znf423	XM_073929373.1	80415	gene-znf423	14.369633	0.372154026606644	TRUE
NC_133193.1	19241951	19242003	53	*	22	Intron (XM_073929373.1/znf423, intron 5 of 7)	19	19161354	19271193	109840	1	znf423	XM_073929373.1	80597	gene-znf423	14.369633	0.372154026606644	TRUE
NC_133193.1	19293647	19293745	99	*	16	Intron (XM_073929352.1/znf423, intron 8 of 10)	19	19161354	19380235	218882	1	znf423	XM_073929352.1	132293	gene-znf423	14.369633	0.372154026606644	TRUE
NC_133193.1	21625606	21625733	128	*	38	Intron (XM_073928833.1/tle3a, intron 5 of 20)	19	21614464	21646065	31602	1	tle3a	XM_073928833.1	11142	gene-tle3a	37.9729915	0.962381676983521	TRUE
NC_133193.1	22158086	22158216	131	*	17	Promoter (2-3kb)	19	22114098	22160824	46727	2	cttnbp2	XM_073930311.1	2608	gene-cttnbp2	5.3157745	-0.241285960213318	TRUE
NC_133193.1	25408542	25408590	49	*	14	Intron (XM_073928857.1/nr2f2, intron 2 of 5)	19	25291937	25446808	154872	2	nr2f2	XM_073928857.1	38218	gene-nr2f2	56.974326	1.23162770346284	TRUE
NC_133193.1	25454742	25454786	45	*	14	Distal Intergenic	19	25291937	25446808	154872	2	nr2f2	XM_073928863.1	-7934	gene-nr2f2	56.974326	1.23162770346284	TRUE
NC_133193.1	26652497	26652554	58	*	21	Promoter (<=1kb)	19	26651670	26654806	3137	1	si:dkeyp-59c12.1	XM_009293619.5	827	gene-si:dkeyp-59c12.1	1.3166805	-1.09898055471593	TRUE
NC_133193.1	32821252	32821561	310	*	43	Promoter (<=1kb)	19	32819525	32822432	2908	2	mc1r	XM_005159179.6	871	gene-mc1r	0.3557195	-2.00392015962334	TRUE
NC_133193.1	38383394	38383437	44	*	17	Promoter (<=1kb)	19	38352674	38384184	31511	2	itpkcb	NM_001305471.1	747	gene-itpkcb	12.345488	0.287667733884918	TRUE
NC_133193.1	39729756	39730008	253	*	27	Promoter (<=1kb)	19	39729841	39789069	59229	1	ttc9b	NM_001044905.2	0	gene-ttc9b	0.9130825	-1.54527691152203	TRUE
NC_133193.1	39730094	39730143	50	*	16	Promoter (<=1kb)	19	39729841	39789069	59229	1	ttc9b	NM_001044905.2	253	gene-ttc9b	0.9130825	-1.54527691152203	TRUE
NC_133193.1	41248219	41248284	66	*	17	Promoter (<=1kb)	19	41247956	41286779	38824	1	alx4b	NM_001310078.1	263	gene-alx4b	0.4381035	-1.84089874268407	TRUE
NC_133193.1	41248351	41248568	218	*	24	Promoter (<=1kb)	19	41247956	41286779	38824	1	alx4b	NM_001310078.1	395	gene-alx4b	0.4381035	-1.84089874268407	TRUE
NC_133193.1	41277098	41277140	43	*	17	Intron (NM_001310078.1/alx4b, intron 1 of 3)	19	41247956	41286779	38824	1	alx4b	NM_001310078.1	29142	gene-alx4b	0.4381035	-1.84089874268407	TRUE
NC_133193.1	42349451	42349501	51	*	14	Promoter (<=1kb)	19	42349258	42364755	15498	1	lysmd2	NM_001003507.1	193	gene-lysmd2	26.606938	0.789453152741229	TRUE
NC_133193.1	44464421	44464559	139	*	17	3' UTR	19	44450668	44465059	14392	1	ccnl1a	NM_001089363.1	13753	gene-ccnl1a	34.3851465	0.920039995893345	TRUE
NC_133193.1	46878334	46878436	103	*	16	5' UTR	19	46855800	46952689	96890	2	bcl9l	XM_005159238.6	74253	gene-bcl9l	5.7695515	-0.190885984109945	TRUE
NC_133193.1	47281961	47282063	103	*	22	3' UTR	19	47280369	47321136	40768	2	prdm10	NM_001347687.1	39073	gene-prdm10	5.494565	-0.225986851734356	TRUE
NC_133193.1	47528695	47528823	129	*	20	Promoter (<=1kb)	19	47528471	47552375	23905	1	dhx34	NM_001128333.1	224	gene-dhx34	4.498766	-0.36673367087422	TRUE
NC_133193.1	48888883	48889047	165	*	28	Promoter (<=1kb)	19	48888571	48947990	59420	1	dvl3b	XM_001920207.9	312	gene-dvl3b	2.2585095	-0.752724321979688	TRUE
NC_133193.1	49876378	49876497	120	*	16	5' UTR	19	49836534	49888371	51838	2	gramd1bb	XM_073929695.1	11874	gene-gramd1bb	0.5089495	-1.64996700637896	TRUE
NC_133193.1	53661265	53661316	52	*	16	3' UTR	19	53661222	53772841	111620	2	zgc:158464	XM_073929574.1	111525	gene-zgc:158464	3.9875555	-0.364431214043937	TRUE
NC_133194.1	1430855	1430984	130	*	17	Distal Intergenic	20	1488378	1490600	2223	1	scrt1a	NM_001113601.2	-57394	gene-scrt1a	3.4701855	-0.516341356700824	TRUE
NC_133194.1	2791139	2791224	86	*	16	Promoter (1-2kb)	20	2789169	2792281	3113	2	sp8a	NM_213241.2	1057	gene-sp8a	30.166457	0.836956356291028	TRUE
NC_133194.1	8813824	8813874	51	*	15	Promoter (<=1kb)	20	8813837	8854236	40400	1	ubap2l	XM_005159396.5	0	gene-ubap2l	29.8072205	0.836360039464221	TRUE
NC_133194.1	13097221	13097329	109	*	16	Promoter (<=1kb)	20	13059307	13097299	37993	2	parp10	XM_073931541.1	0	gene-parp10	3.6349135	-0.494204087924109	TRUE
NC_133194.1	15362647	15362709	63	*	22	Distal Intergenic	20	15329574	15333686	4113	2	tbxta	NM_131162.1	-28961	gene-tbxta	17.4644885	0.536104988995947	TRUE
NC_133194.1	15530185	15530319	135	*	19	Intron (XM_021468300.2/arid1ab, intron 1 of 19)	20	15494662	15579687	85026	1	arid1ab	XM_021468300.2	35523	gene-arid1ab	24.337023	0.68457879381837	TRUE
NC_133194.1	18572755	18572821	67	*	16	Promoter (1-2kb)	20	18571016	18577855	6840	1	nr1d2b	XM_005159500.5	1739	gene-nr1d2b	14.991689	0.399687497587345	TRUE
NC_133194.1	20878602	20878693	92	*	19	Promoter (<=1kb)	20	20869887	20879183	9297	2	rps18	NM_001423550.1	490	gene-rps18	3815.178397	3.85866107668606	TRUE
NC_133194.1	30384823	30384986	164	*	33	Promoter (<=1kb)	20	30369592	30385271	15680	2	ube2ql1	XM_680552.10	285	gene-ube2ql1	5.370659	-0.206343095655572	TRUE
NC_133194.1	31209856	31209963	108	*	15	Promoter (1-2kb)	20	31208088	31211348	3261	2	sox4a	NM_213122.2	1385	gene-sox4a	25.8905545	0.742345647435801	TRUE
NC_133194.1	31210193	31210257	65	*	18	Promoter (1-2kb)	20	31208088	31211348	3261	2	sox4a	NM_213122.2	1091	gene-sox4a	25.8905545	0.742345647435801	TRUE
NC_133194.1	32277908	32277963	56	*	16	Promoter (<=1kb)	20	32277852	32287811	9960	1	hdac1	XM_005159592.6	56	gene-hdac1	365.7857515	2.36513928376534	TRUE
NC_133194.1	33353456	33353514	59	*	17	Promoter (<=1kb)	20	33353108	33362941	9834	1	yars1	XM_005159598.6	348	gene-yars1	45.3564175	1.10002399548559	TRUE
NC_133194.1	34259274	34259587	314	*	21	Promoter (1-2kb)	20	34256650	34261400	4751	2	hey1	NM_212561.1	1813	gene-hey1	19.3860375	0.564849653751895	TRUE
NC_133194.1	34346007	34346278	272	*	46	Promoter (<=1kb)	20	34323711	34346031	22321	2	zbtb10	NM_001128539.1	0	gene-zbtb10	7.298389	-0.088891146536785	TRUE
NC_133194.1	35089757	35089859	103	*	28	3' UTR	20	34380484	35183072	802589	2	hpca	XR_012394495.1	93213	gene-hpca	18.7157245	0.539873590586311	TRUE
NC_133194.1	36195585	36195643	59	*	19	Intron (XM_073931135.1/runx1t1, intron 3 of 12)	20	36017754	36250819	233066	1	runx1t1	XM_073931135.1	177831	gene-runx1t1	3.988853	-0.429881667773713	TRUE
NC_133194.1	37553586	37553620	35	*	17	Intron (XM_068215299.1/macf1a, intron 54 of 95)	20	37493390	37653844	160455	2	macf1a	XM_068215299.1	100224	gene-macf1a	7.0122355	-0.101786154637069	TRUE
NC_133194.1	37553762	37553852	91	*	16	Intron (XM_068215299.1/macf1a, intron 54 of 95)	20	37493390	37653844	160455	2	macf1a	XM_068215299.1	99992	gene-macf1a	7.0122355	-0.101786154637069	TRUE
NC_133194.1	40101905	40102087	183	*	17	Promoter (<=1kb)	20	40095737	40102664	6928	2	ilf2	NM_213236.2	577	gene-ilf2	392.587087	2.42643119816664	TRUE
NC_133194.1	41343742	41343808	67	*	28	3' UTR	20	41336100	41886529	550430	2	adgrb2	XM_073931848.1	542721	gene-adgrb2	0.110063	-2.72135819129041	TRUE
NC_133194.1	42655643	42655761	119	*	18	Promoter (1-2kb)	20	42653967	42683352	29386	1	sfpq	XR_222585.5	1676	gene-sfpq	186.2502445	1.96251045754218	TRUE
NC_133194.1	45586208	45586309	102	*	18	3' UTR	20	45564156	45586930	22775	1	fbxl2	NM_200106.1	22052	gene-fbxl2	2.108848	-0.790669885828019	TRUE
NC_133194.1	46717505	46717653	149	*	17	Promoter (<=1kb)	20	46717355	46726457	9103	1	pithd1	NM_207074.1	150	gene-pithd1	13.638121	0.382822357348058	TRUE
NC_133194.1	48851584	48851679	96	*	18	Promoter (<=1kb)	20	48851344	48857006	5663	1	utp23	XM_068215127.1	240	gene-utp23	30.473557	0.872106391037779	TRUE
NC_133194.1	49520611	49520665	55	*	15	Promoter (<=1kb)	20	49298474	49520636	222163	2	ext1b	XR_012394556.1	0	gene-ext1b	3.1438185	-0.623085342346701	TRUE
NC_133194.1	50505973	50506022	50	*	14	Intron (XM_073930758.1/psmb2, intron 1 of 5)	20	50483810	50514677	30868	2	psmb2	XM_073930758.1	8655	gene-psmb2	291.241773	2.22320171045176	TRUE
NC_133195.1	495827	495928	102	*	16	Promoter (<=1kb)	21	495523	552109	56587	1	nt5dc1	XM_073933037.1	304	gene-nt5dc1	2.494959	-0.67821205412888	TRUE
NC_133195.1	2834769	2834830	62	*	16	3' UTR	21	2822053	2835934	13882	1	syncrip	XM_009294525.2	12716	gene-syncrip	278.5381405	2.2286920560717	TRUE
NC_133195.1	4166380	4166532	153	*	26	Promoter (<=1kb)	21	4165992	4178706	12715	1	sprtn	NM_001423865.1	388	gene-sprtn	4.494216	-0.309160012979445	TRUE
NC_133195.1	4972083	4972158	76	*	17	3' UTR	21	4957287	5029001	71715	2	zdhhc14	XM_073933097.1	56843	gene-zdhhc14	3.8879015	-0.415267500966039	TRUE
NC_133195.1	6632991	6633137	147	*	30	5' UTR	21	6621163	6696521	75359	1	si:ch211-191a24.4	XM_073932104.1	11828	gene-si:ch211-191a24.4	7.612907	0.0398653686664544	TRUE
NC_133195.1	12898797	12899040	244	*	20	Distal Intergenic	21	12913185	12940576	27392	1	zgc:153383	XM_073933231.1	-14145	gene-zgc:153383	1.7523245	-1.17442731649152	TRUE
NC_133195.1	16344004	16344095	92	*	24	Promoter (1-2kb)	21	16339688	16345263	5576	2	si:dkey-239i20.2	NM_001044829.2	1168	gene-si:dkey-239i20.2	7.0658145	0.00072900432489194	TRUE
NC_133195.1	17131266	17131351	86	*	21	5' UTR	21	17076091	17141603	65513	2	fam20b	NM_001044818.1	10252	gene-fam20b	10.2838675	0.165811282944998	TRUE
NC_133195.1	23041275	23041449	175	*	22	Intron (XM_073932552.1/prkchb, intron 1 of 14)	21	22904633	23068861	164229	2	prkchb	XM_073932552.1	27412	gene-prkchb	2.0015465	-0.825946706175695	TRUE
NC_133195.1	25350789	25350850	62	*	15	Promoter (<=1kb)	21	25350314	25547799	197486	1	scfd2	NM_001013564.2	475	gene-scfd2	4.619179	-0.324735939433588	TRUE
NC_133195.1	38076532	38076597	66	*	18	3' UTR	21	38053605	38081963	28359	2	stmn4	NM_213401.1	5366	gene-stmn4	6.804848	-0.0609305242921278	TRUE
NC_133195.1	39711562	39711670	109	*	20	Intron (XM_073932429.1/enah, intron 3 of 10)	21	39691531	39759011	67481	2	enah	XM_073932429.1	47341	gene-enah	16.1282725	0.491919688026576	TRUE
NC_133195.1	42505445	42505586	142	*	22	Promoter (<=1kb)	21	42504957	42535104	30148	1	reps1	XR_012395628.1	488	gene-reps1	12.9571175	0.319672164483075	TRUE
NC_133195.1	42869273	42869543	271	*	37	Intron (XR_012395470.1/esco2, intron 4 of 4)	21	42628019	42993856	365838	1	esco2	XR_012395470.1	241254	gene-esco2	69.630037	1.35201832863673	TRUE
NC_133195.1	49888195	49888277	83	*	17	Promoter (<=1kb)	21	49877387	49888436	11050	2	eif2b2	NM_212903.1	159	gene-eif2b2	42.4295945	1.02619070161257	TRUE
NC_133195.1	58535738	58535793	56	*	16	5' UTR	21	58483201	58574925	91725	1	pak5	XM_073932328.1	52537	gene-pak5	1.484505	-1.0206969287082	TRUE
NC_133196.1	93346	93456	111	*	19	5' UTR	22	82614	115640	33027	1	ppef2b	XM_073935576.1	10732	gene-ppef2b	0.245949	-2.01858769851638	TRUE
NC_133196.1	456520	456599	80	*	17	Promoter (1-2kb)	22	454213	458335	4123	2	LOC572200	NM_001386269.1	1736	gene-LOC572200	49.802617	1.0990979954377	TRUE
NC_133196.1	2256635	2256729	95	*	21	Intron (XM_001920273.9/onecut2, intron 1 of 1)	22	2216315	2263230	46916	2	onecut2	XM_001920273.9	6501	gene-onecut2	1.2236945	-1.26257595846962	TRUE
NC_133196.1	3766952	3767007	56	*	17	Promoter (<=1kb)	22	3766451	3773669	7219	1	hnrnpabb	NM_213302.1	501	gene-hnrnpabb	641.4176	2.72877314896975	TRUE
NC_133196.1	11354036	11354096	61	*	17	Promoter (<=1kb)	22	11349844	11354037	4194	2	esm1	NM_001076741.1	0	gene-esm1	2.095219	-0.727577814778238	TRUE
NC_133196.1	12121009	12121058	50	*	17	Promoter (<=1kb)	22	12121338	12124296	2959	1	rx3	NM_131227.1	-280	gene-rx3	4.0493985	-0.386303455236781	TRUE
NC_133196.1	12564987	12565236	250	*	24	Promoter (<=1kb)	22	12546100	12565554	19455	2	dnajc21	NM_200044.1	318	gene-dnajc21	18.702819	0.567040423213245	TRUE
NC_133196.1	17009586	17009681	96	*	15	Promoter (<=1kb)	22	17009569	17027092	17524	1	smarcb1b	XM_005161146.4	17	gene-smarcb1b	69.561556	1.35672557680049	TRUE
NC_133196.1	18694714	18694816	103	*	17	5' UTR	22	18689407	18726876	37470	1	tsc1b	NM_001282392.1	5307	gene-tsc1b	7.412948	-0.0296978136259138	TRUE
NC_133196.1	18871655	18871733	79	*	26	Downstream (<=300bp)	22	18875065	18878772	3708	2	barhl1b	NM_001018132.1	7039	gene-barhl1b	1.7147055	-0.985495440646086	TRUE
NC_133196.1	22405911	22405996	86	*	18	Promoter (1-2kb)	22	22401781	22407135	5355	2	rgs7bpb	XR_012396482.1	1139	gene-rgs7bpb	0.832763	-1.35747339608523	TRUE
NC_133196.1	22502271	22502351	81	*	17	Intron (XM_021469065.3/ank1b, intron 39 of 43)	22	22490111	22619255	129145	2	ank1b	XM_021469065.3	116904	gene-ank1b	0.930612	-1.33853555764798	TRUE
NC_133196.1	24558626	24558695	70	*	16	5' UTR	22	24548692	24572607	23916	1	htr3b	XM_073935342.1	9934	gene-htr3b	0.043795	-2.82615959126276	TRUE
NC_133196.1	26312893	26312961	69	*	16	Promoter (<=1kb)	22	26136724	26312995	176272	2	igsf9bb	XM_009295418.4	34	gene-igsf9bb	0.1304675	-2.43207386908665	TRUE
NC_133196.1	32684988	32685058	71	*	24	Promoter (<=1kb)	22	32672707	32685062	12356	2	pwwp2a	XM_073935987.1	4	gene-pwwp2a	17.6491545	0.514393950768127	TRUE
NC_133196.1	33455541	33455612	72	*	16	Promoter (<=1kb)	22	33441263	33456419	15157	2	rrm1	XR_012396452.1	807	gene-rrm1	213.137614	2.03657693065335	TRUE
NC_133196.1	38098888	38099036	149	*	26	Intron (XM_005161406.6/dacha, intron 7 of 11)	22	38052029	38346839	294811	2	dacha	XM_005161406.6	247803	gene-dacha	9.407282	0.12575255468238	TRUE
NC_133196.1	41099169	41099237	69	*	20	Promoter (<=1kb)	22	41098937	41102740	3804	1	pgrmc1	NM_001007392.1	232	gene-pgrmc1	81.902089	1.47111086297964	TRUE
NC_133196.1	41766865	41766959	95	*	19	Promoter (1-2kb)	22	41760535	41768292	7758	2	LOC100003704	XM_005170276.6	1333	gene-LOC100003704	7.723424	-0.0191567252693599	TRUE
NC_133196.1	42022476	42022642	167	*	34	Promoter (<=1kb)	22	42022452	42025026	2575	1	LOC141379899	XR_012396863.1	24	gene-LOC141379899	0.370446	-1.94660549530642	TRUE
NC_133196.1	42854459	42854618	160	*	22	Promoter (<=1kb)	22	42846047	42854837	8791	2	srsf1b	NM_200593.2	219	gene-srsf1b	18.3571865	0.576746985538589	TRUE
NC_133196.1	48867725	48867858	134	*	26	Promoter (<=1kb)	22	48867182	48904573	37392	1	tmem164	XR_012396986.1	543	gene-tmem164	2.434512	-0.803035940006885	TRUE
NC_133197.1	142668	142784	117	*	18	Promoter (<=1kb)	23	137422	143487	6066	2	tmem43	NM_213238.1	703	gene-tmem43	11.664855	0.265796064686101	TRUE
NC_133197.1	238656	238935	280	*	19	Promoter (2-3kb)	23	234336	241316	6981	2	slc25a34	NM_200580.1	2381	gene-slc25a34	11.199163	0.251360449846659	TRUE
NC_133197.1	292589	292634	46	*	16	Promoter (<=1kb)	23	276457	293254	16798	2	crocc	XM_073936842.1	620	gene-crocc	3.800201	-0.395785109211649	TRUE
NC_133197.1	3306143	3306261	119	*	18	Promoter (<=1kb)	23	3285028	3306603	21576	2	lonp1	XM_686620.11	342	gene-lonp1	10.342737	0.182744045361792	TRUE
NC_133197.1	10051284	10051348	65	*	14	Promoter (<=1kb)	23	10050338	10051650	1313	1	wu:fb55g09	XM_001332531.9	946	gene-wu:fb55g09	125.794817	1.70682473365376	TRUE
NC_133197.1	12122704	12122809	106	*	25	Promoter (<=1kb)	23	12122485	12137977	15493	1	rnd3a	NM_199522.1	219	gene-rnd3a	30.056105	0.82980619168487	TRUE
NC_133197.1	12122929	12123015	87	*	20	Promoter (<=1kb)	23	12122485	12137977	15493	1	rnd3a	NM_199522.1	444	gene-rnd3a	30.056105	0.82980619168487	TRUE
NC_133197.1	18044339	18044540	202	*	26	Promoter (<=1kb)	23	18044341	18079354	35014	1	gatad2ab	XM_005170447.6	0	gene-gatad2ab	21.376218	0.655093601122003	TRUE
NC_133197.1	18451101	18451336	236	*	36	5' UTR	23	18430109	18454616	24508	2	midn	XM_005170436.5	3280	gene-midn	47.519769	1.10716681936422	TRUE
NC_133197.1	19876793	19876857	65	*	16	Promoter (<=1kb)	23	19503395	19876907	373513	2	celf5a	NM_001130788.2	50	gene-celf5a	0.5239935	-1.67998748445778	TRUE
NC_133197.1	20270794	20270857	64	*	19	Promoter (<=1kb)	23	20258040	20270851	12812	2	pias4a	NM_213403.2	0	gene-pias4a	26.666888	0.77100324943308	TRUE
NC_133197.1	21164071	21164139	69	*	18	5' UTR	23	21153252	21198748	45497	1	shc2	XM_073936599.1	10819	gene-shc2	1.7792775	-0.901288245591172	TRUE
NC_133197.1	21321873	21322084	212	*	24	Promoter (1-2kb)	23	21319794	21323395	3602	2	s1pr3a	XM_005170501.6	1311	gene-s1pr3a	1.1858655	-1.17310329710837	TRUE
NC_133197.1	21984910	21985040	131	*	21	Promoter (2-3kb)	23	21982776	21987524	4749	2	LOC100332608	XM_005170537.6	2484	gene-LOC100332608	0.6629575	-1.50406435845379	TRUE
NC_133197.1	22415175	22415289	115	*	18	Intron (XM_073937819.1/LOC101884238, intron 21 of 23)	23	22334039	22459242	125204	1	LOC101884238	XM_073937819.1	81136	gene-LOC101884238	0.0960625	-2.73449852087949	TRUE
NC_133197.1	22552835	22553324	490	*	40	Intron (NM_001313729.1/nr5a2, intron 3 of 6)	23	22476818	22562315	85498	2	nr5a2	NM_001313729.1	8991	gene-nr5a2	1.588242	-0.960312260040174	TRUE
NC_133197.1	23079229	23079297	69	*	19	Intron (XM_073936493.1/lhx9, intron 3 of 4)	23	23072546	23083265	10720	2	lhx9	XM_073936493.1	3968	gene-lhx9	5.9802065	-0.187912013721819	TRUE
NC_133197.1	23138074	23138121	48	*	20	Intron (XM_009296375.5/dennd1b, intron 2 of 21)	23	23104964	23301089	196126	1	dennd1b	XM_009296375.5	33110	gene-dennd1b	0.624763	-1.61591459648117	TRUE
NC_133197.1	23138557	23138600	44	*	14	Intron (XM_009296375.5/dennd1b, intron 2 of 21)	23	23104964	23301089	196126	1	dennd1b	XM_009296375.5	33593	gene-dennd1b	0.624763	-1.61591459648117	TRUE
NC_133197.1	31803442	31803825	384	*	25	Promoter (<=1kb)	23	31791920	31803739	11820	2	dusp5	NM_212565.1	0	gene-dusp5	8.807995	0.157582039372446	TRUE
NC_133197.1	34162417	34162583	167	*	27	3' UTR	23	33768163	34164876	396714	1	dock3	XM_021469632.3	394254	gene-dock3	0.1376995	-2.59207130474581	TRUE
NC_133197.1	34184192	34184223	32	*	16	Promoter (<=1kb)	23	34184222	34189295	5074	1	rbm15b	NM_001430992.1	0	gene-rbm15b	13.811675	0.3811098159076	TRUE
NC_133197.1	34184755	34184846	92	*	15	Promoter (<=1kb)	23	34184222	34189295	5074	1	rbm15b	NM_001430992.1	533	gene-rbm15b	13.811675	0.3811098159076	TRUE
NC_133197.1	34241262	34241330	69	*	16	3' UTR	23	34238727	34442992	204266	2	pcbp4	NM_213117.2	201662	gene-pcbp4	11.6573405	0.249714680044409	TRUE
NC_133197.1	34241385	34241471	87	*	17	3' UTR	23	34238727	34442992	204266	2	pcbp4	NM_213117.2	201521	gene-pcbp4	11.6573405	0.249714680044409	TRUE
NC_133197.1	37097672	37097710	39	*	17	Promoter (<=1kb)	23	37097125	37142366	45242	1	srfa	XM_005174054.6	547	gene-srfa	5.8018885	-0.193752104378416	TRUE
NC_133197.1	38631981	38632084	104	*	16	5' UTR	23	38616130	38705135	89006	1	armc9	XM_073937623.1	15851	gene-armc9	5.1930275	-0.220726011278564	TRUE
NC_133197.1	39449361	39449511	151	*	24	Intron (XR_012397969.1/sox2ot, intron 3 of 4)	23	39403821	39640897	237077	2	sox2ot	XR_012397969.1	191386	gene-sox2ot	2.917892	-0.550300346989564	TRUE
NC_133197.1	39467275	39467365	91	*	29	Intron (XR_012397969.1/sox2ot, intron 3 of 4)	23	39403821	39640897	237077	2	sox2ot	XR_012397969.1	173532	gene-sox2ot	2.917892	-0.550300346989564	TRUE
NC_133197.1	40371693	40371828	136	*	16	Promoter (<=1kb)	23	40348569	40371888	23320	2	hps3	XM_005161859.4	60	gene-hps3	4.6471685	-0.330256043974626	TRUE
NC_133198.1	2945500	2945583	84	*	18	Intron (XR_012398934.1/dhx35, intron 17 of 17)	24	2918323	3304892	386570	1	dhx35	XR_012398934.1	27177	gene-dhx35	13.4294985	0.362813582847543	TRUE
NC_133198.1	2951817	2951914	98	*	23	Intron (XR_012398934.1/dhx35, intron 17 of 17)	24	2918323	3304892	386570	1	dhx35	XR_012398934.1	33494	gene-dhx35	13.4294985	0.362813582847543	TRUE
NC_133198.1	4648149	4648231	83	*	16	5' UTR	24	4559906	4687416	127511	1	iqsec1a	NM_001386594.1	88243	gene-iqsec1a	1.1852415	-1.18000246522204	TRUE
NC_133198.1	4886740	4886843	104	*	26	Promoter (<=1kb)	24	4866800	4887589	20790	2	slc6a1a	NM_001045287.2	746	gene-slc6a1a	0.1950885	-2.67813314616328	TRUE
NC_133198.1	15379478	15379581	104	*	19	Promoter (<=1kb)	24	15372066	15380122	8057	2	naa10	NM_213334.1	541	gene-naa10	122.05351	1.7384035201138	TRUE
NC_133198.1	20242978	20243078	101	*	18	3' UTR	24	20046502	20249031	202530	1	nol4lb	XM_073938733.1	196476	gene-nol4lb	2.1596655	-0.804245884824536	TRUE
NC_133198.1	24189221	24189351	131	*	18	Promoter (<=1kb)	24	24189209	24288589	99381	1	ubr4	XM_005162190.4	12	gene-ubr4	7.172732	-0.101730662283202	TRUE
NC_133198.1	27579755	27579902	148	*	16	Promoter (<=1kb)	24	27579874	27607905	28032	1	nckap5l	XM_005162213.6	0	gene-nckap5l	6.98668	-0.0481305785502591	TRUE
NC_133198.1	28235431	28235538	108	*	19	Promoter (<=1kb)	24	28235339	28244903	9565	1	pa2g4b	XM_073938069.1	92	gene-pa2g4b	228.904762	2.07915698889265	TRUE
NC_133198.1	31908650	31908758	109	*	31	Intron (XM_005162284.6/casz1, intron 8 of 18)	24	31890294	31960039	69746	2	casz1	XM_005162284.6	51281	gene-casz1	9.7584785	0.102443563785493	TRUE
NC_133198.1	32298232	32298375	144	*	31	Promoter (<=1kb)	24	32297793	32301037	3245	1	tardbpa	XM_021469761.3	439	gene-tardbpa	180.812283	1.94917473291961	TRUE
NC_133198.1	32510613	32510676	64	*	18	Promoter (<=1kb)	24	32510080	32514931	4852	1	lzic	NM_001002598.1	533	gene-lzic	17.6594905	0.545658022896523	TRUE
NC_133198.1	39175896	39175945	50	*	14	Distal Intergenic	24	39178950	39181865	2916	1	hoxc11a	NM_131165.2	-3005	gene-hoxc11a	5.334043	-0.226710426574242	TRUE
NC_133198.1	39205542	39205732	191	*	34	5' UTR	24	39191395	39254061	62667	1	hoxc3a	NM_001134685.2	14147	gene-hoxc3a	41.0626225	1.04011400930289	TRUE
NC_133198.1	39219439	39219499	61	*	15	Promoter (<=1kb)	24	39219444	39220749	1306	1	hoxc6a	NM_131123.1	0	gene-hoxc6a	10.382302	0.199158050655295	TRUE
NC_133198.1	39757305	39757453	149	*	23	Promoter (1-2kb)	24	39756151	39758415	2265	1	gpr182	NM_001020478.1	1154	gene-gpr182	9.743129	0.180243254158662	TRUE
NC_133198.1	39906239	39906370	132	*	29	3' UTR	24	39877150	39907167	30018	1	marchf9	XM_001339809.10	29089	gene-marchf9	1.027934	-1.23497558030775	TRUE
NC_133198.1	42229864	42229958	95	*	20	Promoter (<=1kb)	24	42229087	42237549	8463	1	sall4	XR_225243.6	777	gene-sall4	28.1592055	0.79821489749139	TRUE
NC_133199.1	4329988	4330093	106	*	24	3' UTR	25	4329283	4336718	7436	2	klf6a	NM_201461.2	6625	gene-klf6a	37.596167	0.973705106088809	TRUE
NC_133199.1	4793130	4793189	60	*	20	Distal Intergenic	25	4835392	4838584	3193	1	LOC137490636	XR_011010470.2	-42203	gene-LOC137490636	0.393413	-1.98693104222859	TRUE
NC_133199.1	5131306	5131360	55	*	15	Intron (XM_068217143.2/agtr1b, intron 1 of 4)	25	4958008	5208785	250778	2	agtr1b	XM_068217143.2	77425	gene-agtr1b	0.515855	-1.60698711726297	TRUE
NC_133199.1	5976001	5976177	177	*	20	Promoter (1-2kb)	25	5975040	5977431	2392	2	chst2b	XM_001923569.7	1254	gene-chst2b	0.7871715	-1.33473503040767	TRUE
NC_133199.1	7849317	7849387	71	*	18	Promoter (<=1kb)	25	7848860	7879919	31060	1	cavin1b	NM_001114549.2	457	gene-cavin1b	18.38664	0.532346510922506	TRUE
NC_133199.1	8945454	8945552	99	*	36	Intron (XM_073940556.1/tmem14ca, intron 3 of 6)	25	8912161	9090074	177914	1	tmem14ca	XM_073940556.1	33293	gene-tmem14ca	61.258455	1.28098246547165	TRUE
NC_133199.1	9060041	9060159	119	*	17	Intron (XM_073940556.1/tmem14ca, intron 3 of 6)	25	8912161	9090074	177914	1	tmem14ca	XM_073940556.1	147880	gene-tmem14ca	61.258455	1.28098246547165	TRUE
NC_133199.1	9079072	9079118	47	*	15	Promoter (<=1kb)	25	9069841	9079204	9364	2	tfap2a	NM_176859.4	86	gene-tfap2a	47.1947425	1.1237506402304	TRUE
NC_133199.1	9079175	9079205	31	*	14	Promoter (<=1kb)	25	9069841	9079204	9364	2	tfap2a	NM_176859.4	0	gene-tfap2a	47.1947425	1.1237506402304	TRUE
NC_133199.1	15399104	15399151	48	*	27	Intron (XM_073939993.1/eya1, intron 5 of 20)	25	15213737	15481440	267704	1	eya1	XM_073939993.1	185367	gene-eya1	29.571479	0.826330432764889	TRUE
NC_133199.1	15462929	15463015	87	*	17	Intron (XM_073939993.1/eya1, intron 15 of 20)	25	15213737	15481440	267704	1	eya1	XM_073939993.1	249192	gene-eya1	29.571479	0.826330432764889	TRUE
NC_133199.1	15682470	15682586	117	*	20	Promoter (<=1kb)	25	15682359	15702158	19800	1	tram1	NM_153669.2	111	gene-tram1	77.948422	1.44700305886316	TRUE
NC_133199.1	22747298	22747355	58	*	19	Promoter (<=1kb)	25	22607398	22747322	139925	2	arfgef1	XM_009297395.2	0	gene-arfgef1	4.927735	-0.271637091786152	TRUE
NC_133199.1	23582882	23583052	171	*	26	5' UTR	25	23576918	23589474	12557	2	csrnp1b	XM_073940025.1	6422	gene-csrnp1b	14.534974	0.378978109714748	TRUE
NC_133199.1	25652840	25652993	154	*	20	Intron (XM_073940364.1/flt1, intron 13 of 30)	25	25630716	25689634	58919	2	flt1	XM_073940364.1	36641	gene-flt1	2.436115	-0.698866367461083	TRUE
NC_133199.1	27759638	27759819	182	*	27	Promoter (<=1kb)	25	27758837	27760164	1328	2	rrs1	NM_200062.1	345	gene-rrs1	79.826375	1.44804783028738	TRUE
NC_133199.1	27848041	27848119	79	*	15	Intron (NM_001305464.1/pola1, intron 36 of 36)	25	27761338	27853068	91731	1	pola1	NM_001305464.1	86703	gene-pola1	28.230503	0.804785804862655	TRUE
NC_133199.1	27859468	27859570	103	*	19	Intron (NM_131384.1/arxa, intron 3 of 4)	25	27857372	27863155	5784	2	arxa	NM_131384.1	3585	gene-arxa	12.2734365	0.273812467643741	TRUE
NC_133199.1	29680429	29680514	86	*	18	Promoter (<=1kb)	25	29680213	29682461	2249	1	camk2n2	NM_001002642.1	216	gene-camk2n2	2.0293615	-0.806683082139292	TRUE
NC_133199.1	30006254	30006442	189	*	22	5' UTR	25	29988497	30070447	81951	1	map3k15	XM_073940827.1	17757	gene-map3k15	2.514186	-0.702898352340212	TRUE
NC_133199.1	32785695	32785831	137	*	24	Distal Intergenic	25	32799192	32800761	1570	2	LOC110438354	XR_002456638.3	14930	gene-LOC110438354	0.234499	-1.86326375876939	TRUE
NC_133199.1	34780846	34780982	137	*	22	Intron (XR_012399471.1/dpyda, intron 15 of 20)	25	34534357	34913339	378983	1	dpyda	XR_012399471.1	246489	gene-dpyda	0.669835	-1.58655898663393	TRUE
NC_133199.1	37175606	37175675	70	*	16	Promoter (<=1kb)	25	36890298	37176328	286031	2	LOC100330501	XM_009297569.5	653	gene-LOC100330501	0.0938865	-2.59785068860146	TRUE
NC_133199.1	38295670	38295769	100	*	27	Intron (XR_012399506.1/agap3, intron 13 of 13)	25	37677974	38663370	985397	2	agap3	XR_012399506.1	367601	gene-agap3	2.860013	-0.717449561496322	TRUE
NC_133199.1	38396284	38396318	35	*	15	Intron (XR_012399506.1/agap3, intron 12 of 13)	25	37677974	38663370	985397	2	agap3	XR_012399506.1	267052	gene-agap3	2.860013	-0.717449561496322	TRUE
NC_133199.1	38404401	38404545	145	*	47	Intron (XR_012399506.1/agap3, intron 12 of 13)	25	37677974	38663370	985397	2	agap3	XR_012399506.1	258825	gene-agap3	2.860013	-0.717449561496322	TRUE
NC_133199.1	39430062	39430195	134	*	33	5' UTR	25	39416424	39436907	20484	2	mapre2	XR_012399140.1	6712	gene-mapre2	53.8046995	1.19765371937624	TRUE
NC_133199.1	42511119	42511393	275	*	40	Promoter (1-2kb)	25	42510450	42512437	1988	2	nog2	NM_130992.2	1044	gene-nog2	6.614669	0.00146921987538366	TRUE
NC_133199.1	42511527	42511649	123	*	21	Promoter (<=1kb)	25	42510450	42512437	1988	2	nog2	NM_130992.2	788	gene-nog2	6.614669	0.00146921987538366	TRUE
NC_133199.1	44627889	44627950	62	*	16	Promoter (<=1kb)	25	44605578	44627955	22378	2	wdr48a	XM_068217122.2	5	gene-wdr48a	4.8741515	-0.304849681031656	TRUE
NC_133200.1	70463	70587	125	*	18	5' UTR	26	45816	84484	38669	2	pus7	XM_073941941.1	13897	gene-pus7	28.7817385	0.846337629813654	TRUE
NC_133200.1	2086313	2086498	186	*	24	Promoter (2-3kb)	26	2067236	2089245	22010	2	mon2	XM_073942497.1	2747	gene-mon2	13.572377	0.329365516396707	TRUE
NC_133200.1	3064725	3064815	91	*	20	5' UTR	26	3045432	3106768	61337	2	tead4	XM_073942602.1	41953	gene-tead4	2.0498275	-0.802953171276324	TRUE
NC_133200.1	3098749	3098887	139	*	47	5' UTR	26	3045432	3106768	61337	2	tead4	XM_073942602.1	7881	gene-tead4	2.0498275	-0.802953171276324	TRUE
NC_133200.1	9421166	9421242	77	*	16	Promoter (<=1kb)	26	9420278	9422170	1893	2	gdpgp1	NM_001077553.1	928	gene-gdpgp1	1.6883115	-0.895211343174751	TRUE
NC_133200.1	11440453	11440629	177	*	30	5' UTR	26	11420405	11448084	27680	2	ppp6r3	NM_199684.2	7455	gene-ppp6r3	45.8571405	1.08213684940123	TRUE
NC_133200.1	14804152	14804311	160	*	25	Promoter (<=1kb)	26	14780817	14804415	23599	2	cry2	NM_131786.2	104	gene-cry2	10.9163835	0.22484394587692	TRUE
NC_133200.1	15365613	15365713	101	*	17	Promoter (<=1kb)	26	15350390	15365831	15442	2	prmt7	XM_073941915.1	118	gene-prmt7	18.0488455	0.554983529581905	TRUE
NC_133200.1	15450104	15450170	67	*	17	Promoter (1-2kb)	26	15449024	15451934	2911	1	dbx1b	NM_131178.1	1080	gene-dbx1b	25.465819	0.739610845235177	TRUE
NC_133200.1	16029474	16029553	80	*	15	5' UTR	26	15811983	16048765	236783	1	dnajc24	XM_073941891.1	217491	gene-dnajc24	3.0727965	-0.573665374047977	TRUE
NC_133200.1	17915530	17915609	80	*	17	Intron (XM_073942381.1/ccnd2a, intron 5 of 6)	26	17907113	18182520	275408	2	ccnd2a	XM_073942381.1	266911	gene-ccnd2a	32.2994195	0.888119808958204	TRUE
NC_133200.1	26892569	26892653	85	*	16	Promoter (<=1kb)	26	26837122	26892846	55725	2	tbc1d2b	XM_002666866.8	193	gene-tbc1d2b	3.1350725	-0.552202590790068	TRUE
NC_133200.1	30654024	30654081	58	*	15	Promoter (<=1kb)	26	30653627	30656810	3184	1	fezf1	NM_001114348.1	397	gene-fezf1	6.2882845	-0.0929108767149845	TRUE
NC_133200.1	36117268	36117344	77	*	25	Intron (XM_073942163.1/roraa, intron 1 of 10)	26	35947501	36473677	526177	1	roraa	XM_073942163.1	169767	gene-roraa	0.62803	-1.48515629387125	TRUE
NC_133200.1	37044621	37044778	158	*	21	Promoter (<=1kb)	26	37011199	37045207	34009	2	klf13	XR_012399971.1	429	gene-klf13	4.3891565	-0.380794196047955	TRUE
NC_133200.1	38082979	38083028	50	*	15	Promoter (<=1kb)	26	38082429	38083390	962	1	fibina	NM_001256247.2	550	gene-fibina	16.0648555	0.465571554281354	TRUE
