ID	Description	Cluster	FoldEnrichment	pvalue	p.adjust	p.adjust_hyper	GeneHits	GeneSetSize	RegionHits
GO:0030900	forebrain development	actinopterygii	5.14963444892517	1.32166348535674e-18	6.92551666326933e-16	5.93632944049344e-14	25	170	45
GO:0021536	diencephalon development	actinopterygii	7.27352247795688	1.14354370849893e-17	2.9960845162672e-15	1.08563731942287e-13	19	89	32
GO:0071599	otic vesicle development	actinopterygii	8.33465130661198	2.77415994083616e-14	4.8455326966605e-12	8.55404532723188e-05	8	59	23
GO:0035270	endocrine system development	actinopterygii	5.51365547329142	1.55990279059188e-11	2.04347265567536e-09	1.59768967237763e-07	15	123	25
GO:0001708	cell fate specification	actinopterygii	4.76288177066756	6.1294760046112e-11	6.42369085283253e-09	4.52484675132312e-07	15	136	27
GO:0045165	cell fate commitment	actinopterygii	3.81060580840076	1.44404532769076e-10	1.2611329195166e-08	5.48651510955742e-07	18	206	33
GO:0048839	inner ear development	actinopterygii	3.64404748079596	8.0624179639784e-10	6.03529573303526e-08	0.000140436108969212	14	207	32
GO:0043583	ear development	actinopterygii	3.60857336016749	1.01809202903788e-09	6.66850279019812e-08	0.000152311765716553	14	209	32
GO:0071600	otic vesicle morphogenesis	actinopterygii	8.00104323181362	1.4483176690515e-09	8.43242731758875e-08	0.000231737351136908	6	35	15
GO:0048732	gland development	actinopterygii	3.32597375347117	2.3265152404412e-09	1.21909398599119e-07	7.1174620064693e-06	19	275	34
GO:0045892	negative regulation of DNA-templated transcription	actinopterygii	2.83677539971789	3.15782455749447e-09	1.37891672343925e-07	1.06851663458708e-08	30	438	42
GO:1902679	negative regulation of RNA biosynthetic process	actinopterygii	2.83677539971789	3.15782455749447e-09	1.37891672343925e-07	1.06851663458708e-08	30	438	42
GO:0042472	inner ear morphogenesis	actinopterygii	4.48724547601969	1.0327720548504e-08	4.1628658210893e-07	0.000152769923864048	10	107	22
GO:0042471	ear morphogenesis	actinopterygii	4.44458279580086	1.22031822827935e-08	4.56747679727414e-07	0.000157996339739916	10	108	22
GO:0071696	ectodermal placode development	actinopterygii	6.68471102736169	1.53416534681859e-08	5.35935094488627e-07	0.000105545837600755	7	44	15
GO:0060788	ectodermal placode formation	actinopterygii	7.56652274332969	3.39168169547283e-08	1.11077575526735e-06	0.000140436108969212	6	31	13
GO:0030855	epithelial cell differentiation	actinopterygii	2.71546444069177	3.63624971213627e-08	1.12082049950553e-06	3.59692690042396e-05	20	348	39
GO:0048562	embryonic organ morphogenesis	actinopterygii	2.40322667349397	3.93500233310854e-08	1.14552290141604e-06	9.3543684891245e-08	30	487	48
GO:0090596	sensory organ morphogenesis	actinopterygii	2.61886951053446	4.26268095696902e-08	1.17560253760619e-06	2.21545175264879e-07	25	367	41
GO:0051253	negative regulation of RNA metabolic process	actinopterygii	2.55685635916497	5.55383094742839e-08	1.45510370822624e-06	9.3543684891245e-08	30	488	42
GO:0043049	otic placode formation	actinopterygii	7.90131902794232	7.18005090427233e-08	1.78433898111974e-06	0.000349366214211767	5	24	12
GO:0021903	rostrocaudal neural tube patterning	actinopterygii	5.48615300749838	7.49637661475159e-08	1.78433898111974e-06	0.00728016143088608	5	53	16
GO:0045944	positive regulation of transcription by RNA polymerase II	actinopterygii	2.55915474178127	7.8320222453729e-08	1.78433898111974e-06	2.21545175264879e-07	27	426	41
GO:0071697	ectodermal placode morphogenesis	actinopterygii	6.99291431372072	8.3219333701872e-08	1.81695545249087e-06	0.000258087686217616	6	36	13
GO:0030901	midbrain development	actinopterygii	6.89607188788389	9.74361066873278e-08	2.04226079616639e-06	0.00249633133520733	5	40	13
GO:0072006	nephron development	actinopterygii	3.9081125235163	1.10681703699191e-07	2.23066202839908e-06	0.000235155704684087	10	115	22
GO:0060993	kidney morphogenesis	actinopterygii	6.59173188308492	1.61966635056625e-07	3.13037921308304e-06	0.0242977409472361	4	49	13
GO:0009952	anterior/posterior pattern specification	actinopterygii	3.01259031145026	1.6727217169146e-07	3.13037921308304e-06	5.82881592057188e-05	17	272	30
GO:0030916	otic vesicle formation	actinopterygii	7.1513873731417	2.05903079617194e-07	3.72045564549688e-06	0.000626833886530319	5	28	12
GO:0021538	epithalamus development	actinopterygii	9.21641778663685	2.20370971325869e-07	3.84914629915852e-06	0.00226005765415314	4	22	10
GO:0060839	endothelial cell fate commitment	actinopterygii	12.8951447470335	3.02396324202131e-07	5.11147335102957e-06	0.0292912369531419	2	10	8
GO:0021532	neural tube patterning	actinopterygii	4.85504503649348	3.75053425678865e-07	6.10075499440408e-06	0.0116699937991753	5	61	16
GO:0060070	canonical Wnt signaling pathway	actinopterygii	3.28471251896686	3.8420785270102e-07	6.10075499440408e-06	0.000276704443657661	13	198	25
GO:0021983	pituitary gland development	actinopterygii	9.29575516302887	8.26438970008871e-07	1.27368829495485e-05	1.29310066302146e-05	6	19	9
GO:0072148	epithelial cell fate commitment	actinopterygii	10.7585485121955	1.15697971045252e-06	1.7321639093632e-05	0.0550909574385982	2	15	8
GO:0016055	Wnt signaling pathway	actinopterygii	2.6230509460456	1.27126997331324e-06	1.85040407226705e-05	8.63463708344801e-06	20	309	32
GO:0045743	positive regulation of fibroblast growth factor receptor signaling pathway	actinopterygii	10.0787047938248	1.8670305259365e-06	2.64411890700196e-05	0.00934921600979633	3	17	8
GO:0035775	pronephric glomerulus morphogenesis	actinopterygii	9.81670969470997	2.26284338000777e-06	3.12034192401071e-05	0.000480849697188304	4	14	8
GO:0000122	negative regulation of transcription by RNA polymerase II	actinopterygii	2.7276845530609	2.83799595603739e-06	3.813102258881e-05	3.88843477543721e-05	18	291	28
GO:0021549	cerebellum development	actinopterygii	5.51671648012107	2.96757068784036e-06	3.88751760107088e-05	0.00143950356899458	6	53	12
GO:0030902	hindbrain development	actinopterygii	3.15166928901292	3.63495650258033e-06	4.645651725249e-05	3.62526510121839e-05	13	154	22
GO:0031076	embryonic camera-type eye development	actinopterygii	4.14733647467709	5.67995761151421e-06	7.08642330579392e-05	9.45021959116682e-05	8	60	15
GO:0072009	nephron epithelium development	actinopterygii	4.08584292165707	6.76478446135584e-06	8.243597808722e-05	0.00108175048320749	7	71	15
GO:0030917	midbrain-hindbrain boundary development	actinopterygii	5.33531627162791	1.03553266511327e-05	0.000123322526481671	0.0186937593344452	4	45	11
GO:0021915	neural tube development	actinopterygii	3.25111179576526	1.07980477962306e-05	0.000125737267671663	0.00101619691224752	9	118	19
GO:0072102	glomerulus morphogenesis	actinopterygii	7.75852186518604	1.23181246588745e-05	0.000140319506983701	0.00098084463819872	4	17	8
GO:0009880	embryonic pattern specification	actinopterygii	4.73060586536069	1.35840608141625e-05	0.000151447826949386	0.0269753847168741	5	79	12
GO:0072028	nephron morphogenesis	actinopterygii	7.49474203981578	1.5741412159677e-05	0.000171843749409808	0.0143933568279517	3	21	8
GO:0001822	kidney development	actinopterygii	2.63177795426005	1.72269191448087e-05	0.000184043632301349	0.00321081646120965	12	238	25
GO:0021984	adenohypophysis development	actinopterygii	8.9060591807226	1.80714977076187e-05	0.000184043632301349	0.000805579047706148	4	16	7
GO:0072001	renal system development	actinopterygii	2.61998273906739	1.85313997141225e-05	0.000184043632301349	0.00339147540170226	12	240	25
GO:0039019	pronephric nephron development	actinopterygii	4.58072839988566	1.85604545254673e-05	0.000184043632301349	0.00117497294408822	6	51	12
GO:0030111	regulation of Wnt signaling pathway	actinopterygii	2.83143047179623	1.8615100213686e-05	0.000184043632301349	2.51262769541897e-05	15	195	22
GO:0007156	homophilic cell adhesion via plasma membrane adhesion molecules	actinopterygii	2.66083032525052	2.12509727977122e-05	0.000206213143444467	5.48651510955742e-07	16	161	24
GO:0060562	epithelial tube morphogenesis	actinopterygii	2.47922500441134	2.25035698108377e-05	0.000214397646925072	2.60158857477016e-05	18	279	27
GO:0022037	metencephalon development	actinopterygii	4.15132871677881	2.32683764180683e-05	0.000217725522197639	0.00098084463819872	7	69	13
GO:0061061	muscle structure development	actinopterygii	2.11034038957485	2.48831061439174e-05	0.000226946668803844	7.25864210049187e-06	25	455	37
GO:0048596	embryonic camera-type eye morphogenesis	actinopterygii	4.12021742952292	2.5120051127143e-05	0.000226946668803844	0.000197633975024742	7	50	13
GO:0044093	positive regulation of molecular function	actinopterygii	4.08847697800501	2.71728951782221e-05	0.000241332153786244	0.0122193427837264	6	89	13
GO:0072088	nephron epithelium morphogenesis	actinopterygii	8.32435368495603	2.76645247575156e-05	0.000241603516215636	0.066169044590598	2	17	7
GO:0072073	kidney epithelium development	actinopterygii	3.5810648772298	3.06220491613158e-05	0.000263048422303762	0.00238881681161675	7	83	15
GO:0060041	retina development in camera-type eye	actinopterygii	2.30024571479105	3.18280709281803e-05	0.000268998534941395	3.47955297260263e-05	19	316	30
GO:0048066	developmental pigmentation	actinopterygii	3.66286984050553	4.39507595571717e-05	0.000361504933904707	5.21526502922435e-05	10	92	14
GO:0072175	epithelial tube formation	actinopterygii	3.66127550233767	4.41532743700405e-05	0.000361504933904707	0.000289326572305821	8	74	14
GO:0061386	closure of optic fissure	actinopterygii	4.950439572086	4.81885896977509e-05	0.000388474169255715	0.000449884904119977	5	26	10
GO:0035118	embryonic pectoral fin morphogenesis	actinopterygii	4.90898003233244	5.16340911737637e-05	0.000409943390531093	0.00870212600560957	4	34	10
GO:0048592	eye morphogenesis	actinopterygii	2.32111913542764	6.73906965548352e-05	0.000524450647664069	1.96866516499467e-05	18	271	27
GO:0021575	hindbrain morphogenesis	actinopterygii	5.30383997239098	6.80584809945738e-05	0.000524450647664069	0.0150174970684564	4	42	9
GO:0060828	regulation of canonical Wnt signaling pathway	actinopterygii	3.17056871407439	6.99539719017648e-05	0.000527709186031353	0.0020888772083622	9	133	16
GO:0035148	tube formation	actinopterygii	3.50144470559523	7.04955019507533e-05	0.000527709186031353	0.000449884904119977	8	81	14
GO:0051090	regulation of DNA-binding transcription factor activity	actinopterygii	7.10121836145163	7.43507084489678e-05	0.000548729172214917	0.000416666568976785	5	25	7
GO:0060173	limb development	actinopterygii	3.45716739134728	8.04529480578794e-05	0.000585518677532345	0.003504486502704	7	90	14
GO:0035850	epithelial cell differentiation involved in kidney development	actinopterygii	4.12755865326833	0.000102006848037096	0.000725908949623478	0.00647354545233161	5	51	11
GO:0061005	cell differentiation involved in kidney development	actinopterygii	4.11968439262216	0.000103703037736433	0.000725908949623478	0.00678807734316884	5	52	11
GO:0021772	olfactory bulb development	actinopterygii	6.70972721765538	0.000105284504143863	0.000725908949623478	0.0337260807879165	2	11	7
GO:0021988	olfactory lobe development	actinopterygii	6.70972721765538	0.000105284504143863	0.000725908949623478	0.0337260807879165	2	11	7
GO:0051091	positive regulation of DNA-binding transcription factor activity	actinopterygii	8.16684524818726	0.000114720580698744	0.000780695899820027	0.00098084463819872	4	17	6
GO:0060729	intestinal epithelial structure maintenance	actinopterygii	10.852953719198	0.000116531698803598	0.00078285397657802	0.255964955681298	1	11	5
GO:0048048	embryonic eye morphogenesis	actinopterygii	3.52166110734857	0.000119553860003377	0.000792990160022402	0.000449884904119977	7	60	13
GO:0060900	embryonic camera-type eye formation	actinopterygii	4.00601323446427	0.000131920286464884	0.000864077876344993	0.000442952315542338	6	41	11
GO:0033339	pectoral fin development	actinopterygii	3.47814146950849	0.000134841017544642	0.000872304854239411	0.00862772445625318	6	81	13
GO:0030277	maintenance of gastrointestinal epithelium	actinopterygii	10.4703788420303	0.000137528940470338	0.000878843473249475	0.271722804830978	1	12	5
GO:0050931	pigment cell differentiation	actinopterygii	3.97200682757086	0.000141904879461525	0.000895881407684806	0.000158311598639416	8	66	11
GO:0048593	camera-type eye morphogenesis	actinopterygii	2.3399633621209	0.000149317828417697	0.000931458834415156	2.60158857477016e-05	16	223	24
GO:0060537	muscle tissue development	actinopterygii	2.33753173212788	0.000151601492595854	0.000934578613179149	0.000196905781404446	16	276	24
GO:0098742	cell-cell adhesion via plasma-membrane adhesion molecules	actinopterygii	2.28375751872426	0.000158122570310488	0.000963444498170879	1.09403157674213e-06	17	193	25
GO:0014032	neural crest cell development	actinopterygii	2.56545996834394	0.000162330382651223	0.000966603642150462	0.00160154850166948	10	155	20
GO:0048864	stem cell development	actinopterygii	2.56545996834394	0.000162330382651223	0.000966603642150462	0.00160154850166948	10	155	20
GO:0002072	optic cup morphogenesis involved in camera-type eye development	actinopterygii	4.21902243266085	0.000175130342477654	0.0010311044882954	0.00098084463819872	5	31	10
GO:0008283	cell population proliferation	actinopterygii	1.97480027579852	0.000181588902414307	0.00105725094294552	0.000157996339739916	22	465	34
GO:0035138	pectoral fin morphogenesis	actinopterygii	4.16216240658737	0.000194952752011095	0.00112258507751444	0.0140879095139001	4	41	10
GO:0021537	telencephalon development	actinopterygii	4.56569535046899	0.000206369810008797	0.00117541065700663	0.0101797542058043	4	36	9
GO:0048793	pronephros development	actinopterygii	2.763414267319	0.000212392814325029	0.00119670790006791	0.00516793893198206	9	155	17
GO:0021555	midbrain-hindbrain boundary morphogenesis	actinopterygii	9.45477400329638	0.000219659489825592	0.00122448481562351	0.0383880719491398	2	12	5
GO:0035113	embryonic appendage morphogenesis	actinopterygii	4.09150836742558	0.000223076122644671	0.00123044092911376	0.0140879095139001	4	41	10
GO:0039021	pronephric glomerulus development	actinopterygii	5.06550809309043	0.000232160636971372	0.00126721014346874	0.00678807734316884	4	31	8
GO:0014706	striated muscle tissue development	actinopterygii	2.28957867738145	0.00027546107867315	0.00148805778582197	0.000368430895492548	15	266	23
GO:0021587	cerebellum morphogenesis	actinopterygii	5.54201238035905	0.000332909448596222	0.00178004643943286	0.0287371057617648	3	28	7
GO:0098900	regulation of action potential	actinopterygii	8.50920483050925	0.000354599845560557	0.00185890515421608	0.00249633133520733	3	10	5
GO:0048863	stem cell differentiation	actinopterygii	2.0885291121064	0.000354752892025969	0.00185890515421608	0.000601473898783106	15	282	27
GO:0021986	habenula development	actinopterygii	6.49695624865699	0.000386457373960756	0.002004986771836	0.0779650427164863	2	19	6
GO:0014033	neural crest cell differentiation	actinopterygii	2.32431010725109	0.000412126060614502	0.00209917391000374	0.00104348220581203	11	174	21
GO:0043473	pigmentation	actinopterygii	2.70038189887024	0.00041262387925646	0.00209917391000374	0.000183981401923708	12	160	16
GO:0015868	purine ribonucleotide transport	actinopterygii	8.18561864888266	0.000422380497600441	0.00212814789175607	0.137895199731443	2	28	5
GO:0015865	purine nucleotide transport	actinopterygii	8.07880433987389	0.000448093274063362	0.00221510260008681	0.15174516364809	2	30	5
GO:0051503	adenine nucleotide transport	actinopterygii	8.07880433987389	0.000448093274063362	0.00221510260008681	0.15174516364809	2	30	5
GO:0040036	regulation of fibroblast growth factor receptor signaling pathway	actinopterygii	4.5729249230427	0.000454542127662095	0.0022259820083639	0.060982407869786	3	40	8
GO:0007422	peripheral nervous system development	actinopterygii	3.72017522730535	0.000466317360139019	0.00226250274734116	0.0140274691838938	5	65	10
GO:0060485	mesenchyme development	actinopterygii	2.07414541607957	0.000500782233691815	0.00240743018765606	0.000334806068526419	15	263	26
GO:0071363	cellular response to growth factor stimulus	actinopterygii	2.03097255756226	0.000539063271907228	0.00256790140435807	0.000265354209486558	17	318	27
GO:0070848	response to growth factor	actinopterygii	2.01790219372084	0.000592995191850782	0.00279936468945775	0.000276704443657661	17	320	27
GO:0001755	neural crest cell migration	actinopterygii	2.59765062740457	0.000621410301528657	0.00290731248215193	0.010745969088563	7	115	16
GO:0007517	muscle organ development	actinopterygii	2.34193839208757	0.000697178056110424	0.00323293187081294	0.00249633133520733	12	230	19
GO:0033333	fin development	actinopterygii	2.63804748970039	0.000778864193549506	0.00358004243350825	0.0055563741409749	8	127	15
GO:0033334	fin morphogenesis	actinopterygii	3.03699314512489	0.000786628639840786	0.00358429049805715	0.00678807734316884	6	76	12
GO:0042692	muscle cell differentiation	actinopterygii	2.03789903070028	0.000813508428738358	0.00367481393671465	4.32844076409699e-05	19	324	25
GO:0031016	pancreas development	actinopterygii	2.62119198460433	0.000829801824693075	0.0037163774028989	0.00249633133520733	10	167	15
GO:0032330	regulation of chondrocyte differentiation	actinopterygii	5.58261708027942	0.000846372914914687	0.00373060029087599	0.0834456568979013	2	20	6
GO:0021854	hypothalamus development	actinopterygii	4.72104086113969	0.000848742269852437	0.00373060029087599	0.0050284081368834	4	28	7
GO:0090497	mesenchymal cell migration	actinopterygii	2.51912202213646	0.000854335944475418	0.00373060029087599	0.0116699937991753	7	117	16
GO:0033993	response to lipid	actinopterygii	2.6074714153953	0.000873845872730466	0.00378425815959309	0.15174516364809	6	185	15
GO:0035107	appendage morphogenesis	actinopterygii	2.98672531153302	0.000906092151989398	0.00389174006264299	0.00780849530329289	6	79	12
GO:0045446	endothelial cell differentiation	actinopterygii	3.40062518596803	0.000917681647275444	0.0039094730339214	0.0386395765897286	4	59	10
GO:0021761	limbic system development	actinopterygii	4.64685104495391	0.000929438076674545	0.00391250067408088	0.0055563741409749	4	29	7
GO:0008543	fibroblast growth factor receptor signaling pathway	actinopterygii	3.16151081788734	0.000933325542481126	0.00391250067408088	0.00862772445625318	6	81	11
GO:0030878	thyroid gland development	actinopterygii	6.82853560972207	0.000947181225024892	0.00391483421635606	0.347750246708305	1	19	5
GO:0003205	cardiac chamber development	actinopterygii	3.68157585156914	0.000948824323429808	0.00391483421635606	0.0323811870268287	4	55	9
GO:0048665	neuron fate specification	actinopterygii	4.62129332510326	0.000959230646550489	0.00392685045931606	0.000231737351136908	6	35	7
GO:0021548	pons development	actinopterygii	5.43567620055592	0.000969538998274742	0.00393828244260438	0.0719018251559544	2	18	6
GO:0021515	cell differentiation in spinal cord	actinopterygii	3.36572808983727	0.00099063379902663	0.00399041197575966	2.62542767878433e-05	9	65	10
GO:0044344	cellular response to fibroblast growth factor stimulus	actinopterygii	3.13203904853014	0.00100521828396999	0.00399041197575966	0.00891904033597677	6	82	11
GO:0071774	response to fibroblast growth factor	actinopterygii	3.13203904853014	0.00100521828396999	0.00399041197575966	0.00891904033597677	6	82	11
GO:0021522	spinal cord motor neuron differentiation	actinopterygii	5.36162285104948	0.00103944330984625	0.0040952503335296	0.00174466560712247	5	36	6
GO:0060113	inner ear receptor cell differentiation	actinopterygii	3.62226318201794	0.00106071944024677	0.00414788796036795	0.035530346201774	4	57	9
GO:0006862	nucleotide transport	actinopterygii	6.56982896986103	0.00112236209915778	0.00435642770339759	0.18814352950272	2	35	5
GO:0048736	appendage development	actinopterygii	2.53335071426107	0.00115818102319086	0.00446240335405889	0.00726750587789764	8	134	15
GO:0035051	cardiocyte differentiation	actinopterygii	2.85743520058436	0.00131201552854656	0.00501821997779853	0.00317859003363249	7	88	12
GO:0010669	epithelial structure maintenance	actinopterygii	6.27683075602293	0.001369885159247	0.00520159292351758	0.347750246708305	1	19	5
GO:0030509	BMP signaling pathway	actinopterygii	2.57027037940348	0.00146023864315386	0.00542670247526684	0.0019346995861521	9	131	14
GO:0071772	response to BMP	actinopterygii	2.57027037940348	0.00146023864315386	0.00542670247526684	0.0019346995861521	9	131	14
GO:0071773	cellular response to BMP stimulus	actinopterygii	2.57027037940348	0.00146023864315386	0.00542670247526684	0.0019346995861521	9	131	14
GO:0045879	negative regulation of smoothened signaling pathway	actinopterygii	4.98082982749032	0.00150621980094907	0.00555816320913601	0.00226005765415314	4	22	6
GO:0060119	inner ear receptor cell development	actinopterygii	3.72302519453514	0.00167150613354837	0.0061249595383171	0.0872442513336555	3	48	8
GO:0021953	central nervous system neuron differentiation	actinopterygii	2.35323818701492	0.001699120666073	0.00616468830054895	4.19131433047269e-06	14	142	16
GO:0062012	regulation of small molecule metabolic process	actinopterygii	3.37682407781031	0.00170587748774732	0.00616468830054895	0.066169044590598	4	72	9
GO:0048762	mesenchymal cell differentiation	actinopterygii	2.0614924657857	0.00179645419415895	0.00644754792972115	0.00300003343778002	11	203	21
GO:0090090	negative regulation of canonical Wnt signaling pathway	actinopterygii	3.34007531328583	0.0018352966147181	0.00654214575586587	0.0122193427837264	5	62	9
GO:0048706	embryonic skeletal system development	actinopterygii	2.06605632040268	0.00222515535727495	0.00787825275143293	0.00204914627393183	12	223	20
GO:0072348	sulfur compound transport	actinopterygii	5.57762515132241	0.00228043688859693	0.00801979147399187	0.15944341286089	2	31	5
GO:0035282	segmentation	actinopterygii	2.5322871457547	0.00240825874418724	0.00841285054636075	0.00202437707492751	9	132	13
GO:0065009	regulation of molecular function	actinopterygii	2.31253540993712	0.00274308913761727	0.00951906429212881	0.0706601988459143	8	225	15
GO:0061035	regulation of cartilage development	actinopterygii	3.8071426014628	0.00283317030000665	0.00976698182370714	0.0639508419236592	3	41	7
GO:0021517	ventral spinal cord development	actinopterygii	3.10932306307363	0.00294126812270174	0.010073362720887	7.72937411650207e-05	8	58	9
GO:0016331	morphogenesis of embryonic epithelium	actinopterygii	2.57314062725458	0.00306366923674947	0.0104244329873813	0.000442952315542338	8	80	12
GO:0021510	spinal cord development	actinopterygii	2.6842569695541	0.0032805676915042	0.011090435292569	5.95219710306309e-05	10	94	11
GO:0090287	regulation of cellular response to growth factor stimulus	actinopterygii	2.17942878022625	0.00356712086701884	0.0119351845718674	0.00373037983557583	10	178	16
GO:0060972	left/right pattern formation	actinopterygii	1.97878946888704	0.00358468458917637	0.0119351845718674	0.00898629855823894	13	315	20
GO:0042490	mechanoreceptor differentiation	actinopterygii	2.81102165280442	0.00359877702739512	0.0119351845718674	0.0322355448856519	5	84	10
GO:0022600	digestive system process	actinopterygii	4.91982241032366	0.00387690889318462	0.0127767311951493	0.452383937413309	1	29	5
GO:0008589	regulation of smoothened signaling pathway	actinopterygii	3.58681653603091	0.0039105213600606	0.0128069574541985	0.00361567377560623	5	44	7
GO:0035883	enteroendocrine cell differentiation	actinopterygii	4.09312274860932	0.0039392449209542	0.0128208965129193	0.00333870416001119	5	43	6
GO:0048663	neuron fate commitment	actinopterygii	3.57705321758832	0.00396804586920289	0.0128349137991501	0.00107693147747263	6	50	7
GO:0042461	photoreceptor cell development	actinopterygii	2.75440550791957	0.00413941720872812	0.0132444285519173	0.0140742122955127	6	93	10
GO:0045664	regulation of neuron differentiation	actinopterygii	2.94796797097243	0.00414520282922604	0.0132444285519173	0.0136077596834625	5	64	9
GO:0003158	endothelium development	actinopterygii	2.73763189392825	0.00431600632018375	0.0137065897683411	0.0729661803793881	4	75	10
GO:0061351	neural precursor cell proliferation	actinopterygii	3.50822296135847	0.00440185138445237	0.0138579908020582	0.0174482438039276	4	44	7
GO:0060841	venous blood vessel development	actinopterygii	4.76837298991196	0.00441657340447275	0.0138579908020582	0.0136077596834625	3	20	5
GO:0048857	neural nucleus development	actinopterygii	3.92930986087321	0.00478565418197338	0.0149266832818694	0.125374745569598	2	26	6
GO:0043547	positive regulation of GTPase activity	actinopterygii	3.90594053903168	0.00492281358706872	0.0151738489389648	0.532416562904006	1	40	6
GO:0051345	positive regulation of hydrolase activity	actinopterygii	3.90594053903168	0.00492281358706872	0.0151738489389648	0.532416562904006	1	40	6
GO:0006109	regulation of carbohydrate metabolic process	actinopterygii	3.88805076676004	0.00503088981972245	0.0153528328754472	0.245480148263543	2	43	6
GO:0003206	cardiac chamber morphogenesis	actinopterygii	3.88664802698724	0.0050394794934674	0.0153528328754472	0.173751726826928	2	33	6
GO:0060042	retina morphogenesis in camera-type eye	actinopterygii	2.22577742644623	0.00517258555519257	0.0156672533579243	0.00098084463819872	10	144	14
GO:0072080	nephron tubule development	actinopterygii	3.84650872284808	0.00529261154879355	0.015938669261884	0.0395946471333433	3	33	6
GO:2001234	negative regulation of apoptotic signaling pathway	actinopterygii	3.81297949312041	0.00551537576100367	0.016514610850091	0.0227255033076932	4	48	6
GO:0007586	digestion	actinopterygii	4.48310627462376	0.00569801184575452	0.0169645352680419	0.508533226733174	1	36	5
GO:0001946	lymphangiogenesis	actinopterygii	3.30142118115447	0.00606460001679477	0.017953957111867	0.00516793893198206	5	48	7
GO:0051146	striated muscle cell differentiation	actinopterygii	1.90683961841137	0.00650059703628494	0.0191365890281646	0.000303987953966367	15	260	19
GO:0048738	cardiac muscle tissue development	actinopterygii	2.32557732159157	0.00666665781468965	0.0194357641967791	0.0353332677655137	6	119	12
GO:0043087	regulation of GTPase activity	actinopterygii	3.66039325312413	0.00667640754851192	0.0194357641967791	0.554059522956869	1	43	6
GO:0061326	renal tubule development	actinopterygii	3.63980534604316	0.00685374911806653	0.0198417930268887	0.0488395426111152	3	36	6
GO:0061053	somite development	actinopterygii	2.20238782016952	0.00749205439593964	0.0215705302388592	0.00147609035969975	10	153	13
GO:0060872	semicircular canal development	actinopterygii	4.14311839101034	0.00785357583154528	0.0223073942269808	0.0307259447005499	3	29	5
GO:0031017	exocrine pancreas development	actinopterygii	3.52466738777698	0.00795179901203433	0.0223073942269808	0.306184432007195	2	53	6
GO:0035272	exocrine system development	actinopterygii	3.52466738777698	0.00795179901203433	0.0223073942269808	0.306184432007195	2	53	6
GO:0009799	specification of symmetry	actinopterygii	1.83429874173297	0.0079608448863462	0.0223073942269808	0.0136077596834625	13	336	20
GO:0009855	determination of bilateral symmetry	actinopterygii	1.83429874173297	0.0079608448863462	0.0223073942269808	0.0136077596834625	13	336	20
GO:0072114	pronephros morphogenesis	actinopterygii	4.11660752943035	0.0080593596619157	0.0224633216108714	0.490714652909813	1	34	5
GO:0030178	negative regulation of Wnt signaling pathway	actinopterygii	2.48761297342854	0.0081830651873336	0.0226874399902794	0.0140742122955127	6	93	10
GO:0006096	glycolytic process	actinopterygii	4.0897369814137	0.00827451913762053	0.0227007750162993	0.288432441914098	2	50	5
GO:0046032	ADP catabolic process	actinopterygii	4.0897369814137	0.00827451913762053	0.0227007750162993	0.288432441914098	2	50	5
GO:0009137	purine nucleoside diphosphate catabolic process	actinopterygii	4.06247746669661	0.00849981595555178	0.023077220521809	0.293894781170481	2	51	5
GO:0009181	purine ribonucleoside diphosphate catabolic process	actinopterygii	4.06247746669661	0.00849981595555178	0.023077220521809	0.293894781170481	2	51	5
GO:0098609	cell-cell adhesion	actinopterygii	1.55014249804024	0.00891290006883108	0.0240740187426159	1.87796048887856e-05	24	451	34
GO:0019364	pyridine nucleotide catabolic process	actinopterygii	3.99926345459061	0.00905098362270259	0.0241975276443681	0.306184432007195	2	53	5
GO:0072526	pyridine-containing compound catabolic process	actinopterygii	3.99926345459061	0.00905098362270259	0.0241975276443681	0.306184432007195	2	53	5
GO:0046890	regulation of lipid biosynthetic process	actinopterygii	3.97500394679365	0.00927372832084069	0.0246671758381752	0.00870212600560957	4	34	5
GO:0043085	positive regulation of catalytic activity	actinopterygii	3.0318712113328	0.00940267052118402	0.0248838351166688	0.366933902071425	2	65	7
GO:0048704	embryonic skeletal system morphogenesis	actinopterygii	1.91131986966168	0.00949448947962792	0.0250005652629398	0.00300003343778002	11	203	17
GO:1901264	carbohydrate derivative transport	actinopterygii	3.925208496755	0.00975170839427649	0.0255494759930044	0.325723140153561	2	57	5
GO:0046031	ADP metabolic process	actinopterygii	3.91332017646618	0.00987012032028683	0.0257310599394542	0.309121288012927	2	54	5
GO:0036303	lymph vessel morphogenesis	actinopterygii	2.99138678586294	0.0100644549027339	0.0260058113543912	0.00601683426715721	5	50	7
GO:0009135	purine nucleoside diphosphate metabolic process	actinopterygii	3.88835451868485	0.0101243998402592	0.0260058113543912	0.312381699394579	2	55	5
GO:0009179	purine ribonucleoside diphosphate metabolic process	actinopterygii	3.88835451868485	0.0101243998402592	0.0260058113543912	0.312381699394579	2	55	5
GO:0000381	regulation of alternative mRNA splicing, via spliceosome	actinopterygii	2.97622574836223	0.0103256479398468	0.0263933635145352	0.0373280943819762	4	58	7
GO:0010038	response to metal ion	actinopterygii	3.31211430998358	0.0105588516125376	0.0268584380823771	0.387398364940405	2	69	6
GO:0009191	ribonucleoside diphosphate catabolic process	actinopterygii	3.81539078841744	0.0109134483810965	0.0276057545122017	0.301712736551621	2	52	5
GO:0003309	type B pancreatic cell differentiation	actinopterygii	3.81145860201639	0.0109580094246908	0.0276057545122017	0.0136077596834625	4	40	5
GO:0003231	cardiac ventricle development	actinopterygii	3.67508611105795	0.0126462165444928	0.0317063036809294	0.18814352950272	2	35	5
GO:0007368	determination of left/right symmetry	actinopterygii	1.80972221767853	0.0129205018621884	0.0322397284561273	0.0165107526934196	12	308	18
GO:0009205	purine ribonucleoside triphosphate metabolic process	actinopterygii	2.81589423522124	0.0136082211298319	0.0337948240380658	0.164288466522454	4	105	7
GO:0009144	purine nucleoside triphosphate metabolic process	actinopterygii	2.7974502520685	0.0140558303643345	0.034741769391091	0.171904903707909	4	107	7
GO:0009134	nucleoside diphosphate catabolic process	actinopterygii	3.52896031129757	0.0148097689364278	0.0364334221722448	0.330422208587286	2	58	5
GO:0032835	glomerulus development	actinopterygii	2.38826148442808	0.014940017859298	0.0365820998050102	0.0290374450734783	5	81	9
GO:0055001	muscle cell development	actinopterygii	1.81434699411549	0.0150562853868905	0.0366953188033983	0.000334806068526419	15	263	17
GO:0009185	ribonucleoside diphosphate metabolic process	actinopterygii	3.48359635255206	0.0155689165986719	0.0377690384152965	0.335245923173756	2	59	5
GO:0141091	transforming growth factor beta receptor superfamily signaling pathway	actinopterygii	1.88691245087934	0.0157948514110385	0.0381405628543049	0.00780849530329289	10	201	15
GO:0046530	photoreceptor cell differentiation	actinopterygii	2.23792427852735	0.0160105343695171	0.038484036741408	0.038244639916578	6	122	10
GO:0043484	regulation of RNA splicing	actinopterygii	2.23523850794872	0.0161293521052108	0.0385926050371254	0.0414684192808168	6	125	10
GO:0000380	alternative mRNA splicing, via spliceosome	actinopterygii	2.70524230477748	0.0165561892695618	0.0393154055671847	0.0594984549216052	4	69	7
GO:0048705	skeletal system morphogenesis	actinopterygii	1.76018252673491	0.01658149738616	0.0393154055671847	0.0039142207889638	12	245	18
GO:0042445	hormone metabolic process	actinopterygii	2.60734269454182	0.0197700078501375	0.0466643428534777	0.0261488107558292	5	78	7
GO:0010817	regulation of hormone levels	actinopterygii	2.27133968942891	0.019899546711467	0.0467594729901735	0.0360080974189871	6	120	9
GO:0009953	dorsal/ventral pattern formation	actinopterygii	1.98989274879412	0.0202350465638303	0.0471315953263491	0.0055563741409749	9	157	12
GO:0007519	skeletal muscle tissue development	actinopterygii	2.06383269747544	0.0202378033366957	0.0471315953263491	0.00616148663818322	9	160	11
GO:0009132	nucleoside diphosphate metabolic process	actinopterygii	3.21779033338139	0.021070028512272	0.0488526324797811	0.377772789746151	2	67	5
GO:0046328	regulation of JNK cascade	actinopterygii	3.20246814563001	0.0214519748081655	0.049477125874711	0.0140879095139001	4	41	5
GO:0002062	chondrocyte differentiation	actinopterygii	2.81644757871807	0.021528215075256	0.049477125874711	0.224103295098814	2	40	6
GO:0055123	digestive system development	actinopterygii	2.04097091383272	0.0217260381508157	0.0497137292184603	0.095962795081652	6	160	11
GO:0001945	lymph vessel development	actinopterygii	2.36734656268548	0.0220298263655323	0.0501896913719085	0.00738853207477247	6	78	8
GO:1904888	cranial skeletal system development	actinopterygii	1.70209059329465	0.0222221964657288	0.0503023350470609	0.0140902217675529	11	263	18
GO:0001667	ameboidal-type cell migration	actinopterygii	1.66671211617553	0.023151732009304	0.0516234364803204	0.0354084400063025	9	229	19
GO:0055007	cardiac muscle cell differentiation	actinopterygii	2.47677894206522	0.025194662988815	0.0559406923988943	0.0488395426111152	4	64	7
GO:0090263	positive regulation of canonical Wnt signaling pathway	actinopterygii	3.06081731189753	0.0253997991445327	0.0561582057035237	0.0269753847168741	4	51	5
GO:0001503	ossification	actinopterygii	2.0642799498615	0.0260141857896929	0.0571764891422136	0.0120724381483835	7	118	10
GO:0030100	regulation of endocytosis	actinopterygii	2.95473954627155	0.0289249771536592	0.0626571861793677	0.0295178466064466	4	53	5
GO:0060538	skeletal muscle organ development	actinopterygii	1.92483132343066	0.0312715479285721	0.067433296767785	0.00898629855823894	9	173	11
GO:0031018	endocrine pancreas development	actinopterygii	2.56387917499725	0.031908633585806	0.0685250983564031	0.0177112821835948	5	70	6
GO:0021514	ventral spinal cord interneuron differentiation	actinopterygii	2.83041298319104	0.0338171081086231	0.07203318962975	0.000449884904119977	5	26	5
GO:0042127	regulation of cell population proliferation	actinopterygii	1.56920444390561	0.0346152476927863	0.0732598512613948	0.00678807734316884	14	338	20
GO:0007178	cell surface receptor protein serine/threonine kinase signaling pathway	actinopterygii	1.70192131164343	0.0346726013603548	0.0732598512613948	0.013814214494568	10	224	15
GO:2000026	regulation of multicellular organismal development	actinopterygii	1.43374241572897	0.0361435125922642	0.0757568023933858	0.000442952315542338	21	476	29
GO:0007219	Notch signaling pathway	actinopterygii	2.02797332002467	0.0368929006607256	0.0770194420168136	0.0136077596834625	7	122	9
GO:0055002	striated muscle cell development	actinopterygii	1.72164652060391	0.0372287567662492	0.0772935935011386	0.0020888772083622	12	224	14
GO:0003007	heart morphogenesis	actinopterygii	1.62247062966591	0.03765875411036	0.0776897132040498	0.00992065802831321	12	282	17
GO:0042462	eye photoreceptor cell development	actinopterygii	2.38794059249506	0.042531597976433	0.0850631959528661	0.035530346201774	4	57	6
GO:0008593	regulation of Notch signaling pathway	actinopterygii	2.33215461573298	0.0466986643259243	0.0926897731317588	0.0129732671323832	5	63	6
GO:0051960	regulation of nervous system development	actinopterygii	1.62082865443504	0.0489975206948857	0.0965214317448124	0.00024830357752919	12	167	15
GO:0030177	positive regulation of Wnt signaling pathway	actinopterygii	2.30088557523954	0.04923513309742	0.0966262537192812	0.0216178270001141	5	74	6
GO:0048701	embryonic cranial skeleton morphogenesis	actinopterygii	1.64181337416125	0.0512664844913994	0.100237454751841	0.0290374450734783	8	182	14
GO:0007224	smoothened signaling pathway	actinopterygii	2.08091119506084	0.0548104333978572	0.104438789456281	0.0261488107558292	5	78	7
GO:0001756	somitogenesis	actinopterygii	1.93785453049949	0.0585208480310238	0.110975919894547	0.00731301867176503	7	105	8
GO:1901880	negative regulation of protein depolymerization	actinopterygii	2.41755962978435	0.0587080398673945	0.110975919894547	0.00678807734316884	5	52	5
GO:0050767	regulation of neurogenesis	actinopterygii	1.69603893869027	0.0650325461086251	0.120413618943179	0.000449884904119977	10	129	11
GO:0007254	JNK cascade	actinopterygii	2.33508100158536	0.0659681550884139	0.121715891782848	0.0310290354836291	4	54	5
GO:0043242	negative regulation of protein-containing complex disassembly	actinopterygii	2.27252292534248	0.0721748364545463	0.131775659589485	0.00973570171015458	5	58	5
GO:0030510	regulation of BMP signaling pathway	actinopterygii	1.94349808446865	0.0728459909745695	0.132539233578731	0.0143115150118377	6	94	7
GO:0001501	skeletal system development	actinopterygii	1.36000652359633	0.0739843269790834	0.133682025300137	0.011931044554439	16	447	26
GO:0019216	regulation of lipid metabolic process	actinopterygii	2.05473017082854	0.0756130060440681	0.136155378581071	0.0322355448856519	5	84	6
GO:0051093	negative regulation of developmental process	actinopterygii	1.63950204643608	0.0780771738295672	0.140111092762648	0.0278516202199993	8	180	11
GO:0014902	myotube differentiation	actinopterygii	1.892219241042	0.0811521557073623	0.144753025265202	0.0278516202199993	6	111	7
GO:0097190	apoptotic signaling pathway	actinopterygii	1.7301501342681	0.0812163920381095	0.144753025265202	0.0189763227492845	8	166	9
GO:0090101	negative regulation of transmembrane receptor protein serine/threonine kinase signaling pathway	actinopterygii	2.17425475187737	0.0833425622567094	0.147538860211202	0.0488395426111152	4	64	5
GO:1901879	regulation of protein depolymerization	actinopterygii	2.14595995543642	0.0869194507113542	0.152327064122908	0.0102809206730508	5	59	5
GO:0002064	epithelial cell development	actinopterygii	1.72933152440091	0.0965557329776474	0.166980871552103	0.00790285573956389	7	107	8
GO:0051241	negative regulation of multicellular organismal process	actinopterygii	1.61028371249012	0.0980863286722675	0.169069856000882	0.0310290354836291	8	185	10
GO:1902904	negative regulation of supramolecular fiber organization	actinopterygii	2.00921224094816	0.106896048778285	0.1824544936802	0.0168570556518365	5	69	5
GO:1903313	positive regulation of mRNA metabolic process	actinopterygii	1.98642965578316	0.110711793569245	0.188353830617807	0.0205397057129271	5	73	5
GO:0009896	positive regulation of catabolic process	actinopterygii	1.66550040344738	0.112843129152682	0.191358575003254	0.0269753847168741	7	143	8
GO:1903311	regulation of mRNA metabolic process	actinopterygii	1.52168334267767	0.114302045375553	0.193207328312226	0.0384019226397482	8	195	11
GO:0051494	negative regulation of cytoskeleton organization	actinopterygii	1.96146219926447	0.115072841498549	0.193884787605273	0.0196044028998	5	72	5
GO:0043244	regulation of protein-containing complex disassembly	actinopterygii	1.90296516801122	0.126076443315426	0.2090634692952	0.0250661339988449	5	77	5
GO:0060284	regulation of cell development	actinopterygii	1.38705783576908	0.130868595234148	0.213982836102072	0.000778401628900348	14	257	15
GO:0001889	liver development	actinopterygii	1.51693391505995	0.144928862236035	0.232953140526634	0.0479137461844954	7	166	9
GO:0010639	negative regulation of organelle organization	actinopterygii	1.67577351770488	0.152640971768665	0.243566236961143	0.0311380431870307	6	115	6
GO:0003143	embryonic heart tube morphogenesis	actinopterygii	1.49800317656758	0.17041912907205	0.267364142616031	0.0395115602988036	7	159	8
GO:0051261	protein depolymerization	actinopterygii	1.67537630888216	0.181716590171558	0.282550425073877	0.0290374450734783	5	81	5
GO:0051129	negative regulation of cellular component organization	actinopterygii	1.33587305311838	0.253780617295509	0.368368541448328	0.0201209045022996	8	168	8
GO:0002040	sprouting angiogenesis	actinopterygii	1.31387926414997	0.267714851526887	0.383285743716089	0.0129830115986295	8	152	8
GO:0030239	myofibril assembly	actinopterygii	1.2541626090241	0.346064729578117	0.473467149605569	0.038244639916578	6	122	6
GO:0045597	positive regulation of cell differentiation	actinopterygii	1.14637164057562	0.366101106167628	0.493154189284928	0.0140879095139001	9	190	11
GO:0010720	positive regulation of cell development	actinopterygii	1.05318903740804	0.514663381133875	0.642103837414644	0.0269753847168741	5	79	5
GO:0001525	angiogenesis	actinopterygii	0.895792486757665	0.692712931843003	0.801283832860339	0.0461530342260557	12	367	13
GO:0030900	forebrain development	gnathostomata	5.35003099384736	2.52151158613935e-95	3.75705226334764e-92	1.50411143429198e-23	50	170	241
GO:0090596	sensory organ morphogenesis	gnathostomata	3.5438179513408	3.63822689310937e-73	2.71047903536648e-70	6.11319903682297e-21	69	367	286
GO:0021884	forebrain neuron development	gnathostomata	13.2263429679193	1.51692444227881e-58	7.5340580633181e-56	2.28437929591752e-05	7	15	78
GO:0021879	forebrain neuron differentiation	gnathostomata	10.858532125091	1.25378814614238e-57	4.67036084438037e-55	2.91380641386114e-07	11	27	86
GO:0048593	camera-type eye morphogenesis	gnathostomata	3.72597048010889	1.62685477044579e-53	4.84802721592845e-51	3.1030462471735e-14	44	223	197
GO:0021536	diencephalon development	gnathostomata	5.59981778783049	1.51753505705374e-52	3.76854539168346e-50	3.85703082378692e-17	31	89	127
GO:0048592	eye morphogenesis	gnathostomata	3.45206831028687	3.67344171888702e-51	7.81918308734524e-49	9.24654948353379e-14	48	271	207
GO:0021872	forebrain generation of neurons	gnathostomata	8.82004756632424	1.25324590135639e-50	2.33417049127628e-48	1.56924142771239e-06	11	32	86
GO:0048562	embryonic organ morphogenesis	gnathostomata	2.700061535061	3.23598097186934e-48	5.35734627565036e-46	4.92532317477009e-20	79	487	278
GO:0045944	positive regulation of transcription by RNA polymerase II	gnathostomata	2.91813312427591	3.47504976219428e-47	5.17782414566948e-45	1.55177949972721e-21	76	426	241
GO:0021953	central nervous system neuron differentiation	gnathostomata	4.194098319753	7.38742105947515e-46	1.00065976169254e-43	6.37890561881093e-13	33	142	147
GO:0030855	epithelial cell differentiation	gnathostomata	2.98501937587458	9.13489181223921e-45	1.13424906668637e-42	4.85399885416704e-12	52	348	221
GO:0021954	central nervous system neuron development	gnathostomata	7.15369731061954	2.88569309284116e-43	3.30744823717948e-41	0.000147919994789661	11	51	85
GO:0042472	inner ear morphogenesis	gnathostomata	4.70846641252234	5.018555301468e-42	5.34117671370523e-40	1.68610345127827e-11	27	107	119
GO:0042471	ear morphogenesis	gnathostomata	4.66370046469264	1.23904320276998e-41	1.23078291475152e-39	2.06085926675078e-11	27	108	119
GO:0060041	retina development in camera-type eye	gnathostomata	2.98967789804048	7.52189569012538e-41	7.00476536142926e-39	2.81092146043744e-10	46	316	201
GO:0048706	embryonic skeletal system development	gnathostomata	3.34660148508734	8.79623506766186e-40	7.70964132400951e-38	4.55111007967638e-13	42	223	167
GO:0048839	inner ear development	gnathostomata	3.4682394107103	3.3037550477825e-39	2.73477501177552e-37	2.00951512181352e-13	41	207	157
GO:0043583	ear development	gnathostomata	3.43447674876028	1.00271281879201e-38	7.86337947368468e-37	2.54396919242793e-13	41	209	157
GO:0045892	negative regulation of DNA-templated transcription	gnathostomata	2.68599308694347	2.56901878917582e-35	1.82277999803427e-33	3.49252095106265e-14	64	438	205
GO:1902679	negative regulation of RNA biosynthetic process	gnathostomata	2.68599308694347	2.56901878917582e-35	1.82277999803427e-33	3.49252095106265e-14	64	438	205
GO:0060042	retina morphogenesis in camera-type eye	gnathostomata	3.76260732242577	6.8537693408617e-34	4.6418710535836e-32	1.49420602208372e-08	27	144	122
GO:0048704	embryonic skeletal system morphogenesis	gnathostomata	3.20610067711783	3.3553251470014e-33	2.17366716044873e-31	1.92410006717969e-12	39	203	147
GO:0030902	hindbrain development	gnathostomata	3.44599792785783	5.89282054252408e-31	3.65845942015037e-29	1.46551149195296e-15	38	154	124
GO:0051253	negative regulation of RNA metabolic process	gnathostomata	2.44457155203355	2.4557651599588e-30	1.40797137057165e-28	4.03495734228459e-13	66	488	207
GO:0021538	epithalamus development	gnathostomata	8.93938260680922	2.4568627942861e-30	1.40797137057165e-28	3.69535035228718e-05	8	22	50
GO:0072009	nephron epithelium development	gnathostomata	4.491430675785	4.92471643630924e-29	2.68349687454306e-27	6.68003027323895e-08	18	71	85
GO:0048705	skeletal system morphogenesis	gnathostomata	2.86442539548504	5.04281291860441e-29	2.68349687454306e-27	1.0725771015721e-11	42	245	151
GO:0035270	endocrine system development	gnathostomata	4.02163672352476	1.8098626693223e-28	9.29894957686285e-27	2.68611546570895e-09	26	123	94
GO:0072073	kidney epithelium development	gnathostomata	4.1681065010459	2.1829792236069e-28	1.08421301439143e-26	4.6789762332199e-09	21	83	90
GO:0031076	embryonic camera-type eye development	gnathostomata	4.45175722655247	3.90577282390953e-28	1.87729080891136e-26	4.6789762332199e-09	18	60	83
GO:0021510	spinal cord development	gnathostomata	4.07103862898032	1.62130661871793e-26	7.54920894340538e-25	4.24663481700252e-08	21	94	86
GO:0048701	embryonic cranial skeleton morphogenesis	gnathostomata	2.93468053515025	7.03394362368276e-26	3.17593212099615e-24	3.95673076719712e-08	30	182	129
GO:0071599	otic vesicle development	gnathostomata	4.85047262281292	1.11506766211983e-25	4.8866200487016e-24	1.56737751627803e-07	16	59	69
GO:0061386	closure of optic fissure	gnathostomata	5.66592919601563	1.98529037511884e-25	8.45166473979161e-24	1.91358570511958e-07	11	26	59
GO:0072006	nephron development	gnathostomata	3.41157514060905	1.11865057742173e-24	4.62997044543993e-23	2.85871534386543e-07	22	115	99
GO:0030901	midbrain development	gnathostomata	5.76264442091148	1.47769538682031e-24	5.95071926043855e-23	2.11616523300079e-06	12	40	56
GO:1904888	cranial skeletal system development	gnathostomata	2.62314061444324	5.33658440400841e-24	2.09250283209803e-22	1.49420602208372e-08	38	263	143
GO:0001501	skeletal system development	gnathostomata	2.14104338008325	7.87145287965846e-24	3.00729866427977e-22	2.54396919242793e-13	63	447	211
GO:0048596	embryonic camera-type eye morphogenesis	gnathostomata	4.36526385241295	8.21948609383053e-24	3.06175856995187e-22	1.08492712690778e-07	15	50	71
GO:0035850	epithelial cell differentiation involved in kidney development	gnathostomata	4.73139593772681	1.01714341805118e-23	3.6964480314543e-22	8.12638136844193e-07	14	51	65
GO:0061005	cell differentiation involved in kidney development	gnathostomata	4.72236971957618	1.1227365332311e-23	3.98304151074843e-22	1.02998150051074e-06	14	52	65
GO:0001780	neutrophil homeostasis	gnathostomata	11.8994063205488	1.38199281472297e-23	4.78876579985402e-22	0.154538362701002	2	10	32
GO:0003310	pancreatic A cell differentiation	gnathostomata	11.2075762699683	8.01401990737788e-23	2.71383855954387e-21	6.62615873723431e-05	6	12	32
GO:0002072	optic cup morphogenesis involved in camera-type eye development	gnathostomata	4.91064402140506	8.6767076773684e-23	2.87295431983976e-21	1.40959109414539e-07	12	31	60
GO:0021986	habenula development	gnathostomata	8.19216454161304	1.07013802259746e-22	3.46631663841351e-21	0.00690550001111436	5	19	39
GO:0042490	mechanoreceptor differentiation	gnathostomata	3.98072722311299	3.41186602804118e-22	1.08163412378327e-20	5.94697428379297e-05	15	84	73
GO:0000122	negative regulation of transcription by RNA polymerase II	gnathostomata	2.57010217483501	3.98233460169878e-22	1.23618303261066e-20	2.6585131665879e-09	42	291	136
GO:0045743	positive regulation of fibroblast growth factor receptor signaling pathway	gnathostomata	8.79817521047552	4.62374571828385e-22	1.40599614698836e-20	0.00442087701816352	5	17	36
GO:0008283	cell population proliferation	gnathostomata	2.1520531706386	6.73900538127985e-22	2.0082236036214e-20	6.77739473016955e-09	55	465	191
GO:0051090	regulation of DNA-binding transcription factor activity	gnathostomata	7.6749366982372	1.00025412177365e-21	2.92231106165244e-20	9.91009258268091e-05	8	25	39
GO:0009952	anterior/posterior pattern specification	gnathostomata	2.57139099902653	1.56662902992174e-21	4.48899472035267e-20	3.61353842335095e-16	52	272	132
GO:0001822	kidney development	gnathostomata	2.61393373311372	1.71537167711466e-21	4.82245999792611e-20	2.71226742936013e-06	31	238	128
GO:0072001	renal system development	gnathostomata	2.60221849291592	2.46518059739433e-21	6.80207238910657e-20	3.17786507598884e-06	31	240	128
GO:0001776	leukocyte homeostasis	gnathostomata	9.95357439181562	2.53052182748854e-21	6.85541367810533e-20	0.285431129704055	2	17	32
GO:0021537	telencephalon development	gnathostomata	5.11732655195629	1.04158006277152e-20	2.77134695273136e-19	9.7134294162959e-09	14	36	52
GO:0021515	cell differentiation in spinal cord	gnathostomata	4.1786343412222	1.1261620156112e-20	2.94382702326435e-19	1.62371571438047e-08	18	65	64
GO:0060059	embryonic retina morphogenesis in camera-type eye	gnathostomata	6.28890124121952	1.36882412079032e-20	3.51646196547859e-19	5.02394367023203e-06	10	29	43
GO:0060900	embryonic camera-type eye formation	gnathostomata	4.30948027639668	2.07745704502062e-20	5.24645931708597e-19	4.4315708390021e-07	13	41	61
GO:0021592	fourth ventricle development	gnathostomata	10.5772584542346	3.64745601738214e-20	9.05784910983232e-19	0.000339147997973174	5	10	29
GO:0071542	dopaminergic neuron differentiation	gnathostomata	6.46900094249722	3.92863383550339e-20	9.32838804346264e-19	0.0170226410738338	5	24	41
GO:0021761	limbic system development	gnathostomata	5.79493531968444	3.9370898213355e-20	9.32838804346264e-19	5.65862727630863e-07	11	29	45
GO:0048048	embryonic eye morphogenesis	gnathostomata	3.73110890270111	3.94421776334326e-20	9.32838804346264e-19	1.02998150051074e-06	15	60	71
GO:0031016	pancreas development	gnathostomata	3.08478096467246	5.26641464582797e-20	1.22608715973183e-18	2.8204401174855e-06	25	167	91
GO:0040036	regulation of fibroblast growth factor receptor signaling pathway	gnathostomata	5.32256151563322	6.64256587560733e-20	1.52268048533153e-18	1.56864585194287e-05	11	40	48
GO:0048703	embryonic viscerocranium morphogenesis	gnathostomata	3.14355230762997	1.10729224901744e-19	2.49979613793331e-18	0.00127240143260839	15	112	87
GO:0060872	semicircular canal development	gnathostomata	6.42972943978302	1.37119594675298e-19	3.04937606068945e-18	0.000291889898409725	8	29	40
GO:0001755	neural crest cell migration	gnathostomata	2.96049259217142	1.78921960707949e-19	3.92049590374771e-18	0.00055892496573902	16	115	94
GO:0039019	pronephric nephron development	gnathostomata	4.29493561468465	2.04809399315988e-19	4.42269572435975e-18	8.12638136844193e-07	14	51	58
GO:0035118	embryonic pectoral fin morphogenesis	gnathostomata	4.856650031368	2.08950812756992e-19	4.44766730011312e-18	2.23984423549606e-05	10	34	51
GO:0035315	hair cell differentiation	gnathostomata	3.83062291271658	2.20993962767333e-19	4.6377606270891e-18	0.000358494137140768	13	77	66
GO:0045165	cell fate commitment	gnathostomata	2.57604409900152	5.4693972661099e-19	1.13186137868108e-17	1.85759012646587e-18	48	206	115
GO:0032330	regulation of chondrocyte differentiation	gnathostomata	6.67826551045511	9.31101900771211e-19	1.90046826321795e-17	0.0391780852980119	4	20	37
GO:0002064	epithelial cell development	gnathostomata	3.27083202949518	9.69738694255352e-19	1.9525819654601e-17	0.000813500576547558	15	107	78
GO:0090497	mesenchymal cell migration	gnathostomata	2.87099504707541	1.23279990704689e-18	2.44916248199983e-17	0.000668295680363479	16	117	94
GO:0060993	kidney morphogenesis	gnathostomata	4.81978460064711	1.41217028611647e-18	2.76859700830728e-17	1.89461558611819e-05	12	49	49
GO:0071696	ectodermal placode development	gnathostomata	4.49541810479657	2.26630703267366e-18	4.38545127101786e-17	1.43890022252279e-07	14	44	52
GO:0001708	cell fate specification	gnathostomata	2.97714959421199	2.82233488900948e-18	5.39138331362067e-17	1.01058571895044e-15	36	136	87
GO:0014032	neural crest cell development	gnathostomata	2.61276237556937	7.26875291173062e-18	1.35380522980983e-16	2.83511698935365e-05	22	155	105
GO:0048864	stem cell development	gnathostomata	2.61276237556937	7.26875291173062e-18	1.35380522980983e-16	2.83511698935365e-05	22	155	105
GO:0002089	lens morphogenesis in camera-type eye	gnathostomata	7.14912808552001	9.71610900384843e-18	1.78728424885607e-16	0.0391780852980119	4	20	33
GO:0043049	otic placode formation	gnathostomata	5.36466996908015	9.94217184713773e-18	1.80656537222381e-16	7.6725410915289e-08	11	24	42
GO:0009880	embryonic pattern specification	gnathostomata	4.12956824379333	1.79291962224148e-17	3.21861474354193e-16	0.000465383843859653	13	79	54
GO:0021854	hypothalamus development	gnathostomata	5.36412566922003	2.42103403224014e-17	4.29445322385454e-16	3.53374688813808e-06	10	28	41
GO:0035138	pectoral fin morphogenesis	gnathostomata	4.19853457264432	3.59678213099876e-17	6.30494750022136e-16	1.92147725420141e-05	11	41	52
GO:0009913	epidermal cell differentiation	gnathostomata	3.25320410324802	4.46986399285916e-17	7.74429924344204e-16	0.000161126466582114	17	114	71
GO:0071600	otic vesicle morphogenesis	gnathostomata	4.65632450862906	1.19305079041652e-16	2.04327089393173e-15	5.15370377111545e-07	12	35	45
GO:0033339	pectoral fin development	gnathostomata	3.37359243866179	1.72911803998437e-16	2.92771122679172e-15	1.93752731821278e-06	17	81	65
GO:0033333	fin development	gnathostomata	2.83168415390668	2.67848056426551e-16	4.48419779860182e-15	3.79021387578192e-07	23	127	83
GO:0048732	gland development	gnathostomata	2.29615202546918	2.9195484366244e-16	4.79954048915435e-15	4.77823074221124e-08	38	275	121
GO:0030916	otic vesicle formation	gnathostomata	4.8554972837166	2.97632812876763e-16	4.79954048915435e-15	4.28455151759712e-07	11	28	42
GO:0048736	appendage development	gnathostomata	2.78482783815374	2.98613508062616e-16	4.79954048915435e-15	2.49780528334031e-07	24	134	85
GO:0035113	embryonic appendage morphogenesis	gnathostomata	4.04789266000709	2.99568634557956e-16	4.79954048915435e-15	0.000115957592347195	10	41	51
GO:0021903	rostrocaudal neural tube patterning	gnathostomata	3.72487178166376	3.59045956937759e-16	5.69126038124745e-15	4.0282309642082e-05	12	53	56
GO:0014033	neural crest cell differentiation	gnathostomata	2.38326932153481	4.35493217535368e-16	6.83036730660735e-15	1.78869065694007e-06	26	174	111
GO:0060173	limb development	gnathostomata	3.20953815414333	6.34584379473846e-16	9.84927838975032e-15	1.8345904790897e-06	18	90	67
GO:0060788	ectodermal placode formation	gnathostomata	4.7421757757294	6.57885756947354e-16	1.01056678129027e-14	1.12435784525367e-06	11	31	42
GO:0008543	fibroblast growth factor receptor signaling pathway	gnathostomata	3.34525019916749	3.50949268996301e-15	5.33586133473967e-14	4.57244566162071e-07	18	81	60
GO:0008544	epidermis development	gnathostomata	2.89076748367882	3.91782327583048e-15	5.89652189998729e-14	6.47520145086375e-05	20	140	74
GO:0021532	neural tube patterning	gnathostomata	3.41410317603434	4.29978496830445e-15	6.40667960277363e-14	3.43149096089697e-05	13	61	58
GO:0072088	nephron epithelium morphogenesis	gnathostomata	6.68999587395156	4.68545198949702e-15	6.91220144985205e-14	0.00442087701816352	5	17	29
GO:0021522	spinal cord motor neuron differentiation	gnathostomata	5.72050433100817	5.04914782746243e-15	7.37571594403826e-14	0.000237227321924666	9	36	33
GO:0044344	cellular response to fibroblast growth factor stimulus	gnathostomata	3.31406560167879	5.23129525320745e-15	7.49483646853759e-14	5.15370377111545e-07	18	82	60
GO:0071774	response to fibroblast growth factor	gnathostomata	3.31406560167879	5.23129525320745e-15	7.49483646853759e-14	5.15370377111545e-07	18	82	60
GO:0048762	mesenchymal cell differentiation	gnathostomata	2.22804360793714	6.82590032046798e-15	9.68627759761647e-14	1.03516429574365e-06	29	203	117
GO:0034109	homotypic cell-cell adhesion	gnathostomata	7.93508889312361	8.42640318028254e-15	1.18446610741707e-13	0.0202148060265557	4	16	25
GO:0071697	ectodermal placode morphogenesis	gnathostomata	4.38267748412065	8.97351604923299e-15	1.24958307601469e-13	5.18878897422393e-06	11	36	42
GO:0039020	pronephric nephron tubule development	gnathostomata	5.95507944561076	1.16944217065965e-14	1.61339706878045e-13	1.79201357347056e-05	8	20	31
GO:0016331	morphogenesis of embryonic epithelium	gnathostomata	2.91176072426133	1.52286159143512e-14	2.08170988187002e-13	4.00973272532295e-07	18	80	70
GO:0021772	olfactory bulb development	gnathostomata	5.76426430500776	2.72227766655118e-14	3.65422857942456e-13	3.69535035228718e-05	6	11	31
GO:0021988	olfactory lobe development	gnathostomata	5.76426430500776	2.72227766655118e-14	3.65422857942456e-13	3.69535035228718e-05	6	11	31
GO:0090287	regulation of cellular response to growth factor stimulus	gnathostomata	2.43100523533449	4.68879860749514e-14	6.23777671889979e-13	2.91380641386114e-07	28	178	92
GO:0072028	nephron morphogenesis	gnathostomata	5.63383033873044	4.91385219680485e-14	6.47932723295507e-13	0.000241456846425205	7	21	31
GO:0060485	mesenchyme development	gnathostomata	2.04274968441142	6.72825851306343e-14	8.79395191619694e-13	4.6789762332199e-09	39	263	132
GO:0072080	nephron tubule development	gnathostomata	4.60142728223361	8.1798831715642e-14	1.05982834135919e-12	1.73893720199076e-05	10	33	37
GO:0048886	neuromast hair cell differentiation	gnathostomata	4.65016277370454	1.29996085395062e-13	1.6697773037814e-12	0.00664993221702195	7	37	36
GO:0030917	midbrain-hindbrain boundary development	gnathostomata	3.95177438695216	2.54014519188715e-13	3.23488575718961e-12	0.000251447814603643	10	45	42
GO:0061326	renal tubule development	gnathostomata	4.3541561525179	4.07636301236282e-13	5.1472719393395e-12	3.66985887673478e-05	10	36	37
GO:0048863	stem cell differentiation	gnathostomata	1.98073359721305	5.5909497356442e-13	7.00043286227719e-12	6.12146898840051e-07	36	282	132
GO:0035883	enteroendocrine cell differentiation	gnathostomata	4.49943314644153	1.47836542093038e-12	1.83563706432188e-11	0.00390364171099394	8	43	34
GO:0014706	striated muscle tissue development	gnathostomata	2.10489095367141	1.76674557522662e-12	2.17557926205592e-11	4.95165081818547e-07	35	266	109
GO:0003309	type B pancreatic cell differentiation	gnathostomata	4.73201975305809	1.83336851984046e-12	2.2391140119363e-11	0.00973371402314884	7	40	32
GO:0061035	regulation of cartilage development	gnathostomata	4.00922166557161	2.22224589074751e-12	2.69198892456405e-11	0.0942548050543338	5	41	38
GO:0070365	hepatocyte differentiation	gnathostomata	8.16496159000258	2.31941728117272e-12	2.78704173302206e-11	0.154538362701002	2	10	20
GO:0003406	retinal pigment epithelium development	gnathostomata	6.75326040769978	2.45776049800136e-12	2.92965051361762e-11	0.108130360581353	3	18	23
GO:0060537	muscle tissue development	gnathostomata	2.07832913792901	2.96756413418785e-12	3.50926234915865e-11	4.26068461508308e-07	36	276	110
GO:0061061	muscle structure development	gnathostomata	1.79242572875455	3.3969341793711e-12	3.98537947028578e-11	5.4188250147625e-08	52	455	162
GO:0035775	pronephric glomerulus morphogenesis	gnathostomata	5.95101900845255	4.13537857265384e-12	4.81383911972986e-11	0.0133770676582823	4	14	25
GO:0060839	endothelial cell fate commitment	gnathostomata	6.87914213883424	5.12454263059004e-12	5.91904536401485e-11	0.154538362701002	2	10	22
GO:0021782	glial cell development	gnathostomata	2.66299735450722	5.76605969640193e-12	6.60879149818375e-11	0.00290048506283114	14	109	65
GO:0072498	embryonic skeletal joint development	gnathostomata	6.75928505688489	7.15034826109285e-12	8.1328388618537e-11	0.0566972463256598	3	13	22
GO:0048793	pronephros development	gnathostomata	2.39654746134579	1.38175164771254e-11	1.55970451143309e-10	9.13283605723122e-06	23	155	76
GO:0072148	epithelial cell fate commitment	gnathostomata	6.00021620230056	2.48831407617067e-11	2.78766013044685e-10	0.0747337866474056	3	15	23
GO:0002262	myeloid cell homeostasis	gnathostomata	2.66065623314063	2.62514705190334e-11	2.91900679651938e-10	0.017745970426829	15	152	61
GO:0008284	positive regulation of cell population proliferation	gnathostomata	2.26692087612928	3.1867328320917e-11	3.5172088294938e-10	0.00205616520239158	19	170	82
GO:0002062	chondrocyte differentiation	gnathostomata	3.55132482113537	3.92075514895274e-11	4.29553321466146e-10	0.0874773018151549	5	40	39
GO:0072175	epithelial tube formation	gnathostomata	2.79024559620802	4.44794219957631e-11	4.83754297618154e-10	5.85034023176984e-07	17	74	55
GO:0060119	inner ear receptor cell development	gnathostomata	3.52083735278048	5.01005916810425e-11	5.40941171048938e-10	0.00190932736980749	9	48	39
GO:0002011	morphogenesis of an epithelial sheet	gnathostomata	2.44071031317591	5.50631646285457e-11	5.90245433788008e-10	0.00448199579778576	14	115	69
GO:0035148	tube formation	gnathostomata	2.71695616449038	7.85749576708528e-11	8.36262049496933e-10	4.57244566162071e-07	18	81	56
GO:0035107	appendage morphogenesis	gnathostomata	2.70381785252302	9.36071490208711e-11	9.89181929369489e-10	0.000122934192185694	14	79	56
GO:0032784	regulation of DNA-templated transcription elongation	gnathostomata	5.89603017519895	2.43299010450165e-10	2.55292623641371e-09	0.455868830747668	2	27	21
GO:0021549	cerebellum development	gnathostomata	3.38889710848879	2.50806259295901e-10	2.61329598846778e-09	0.000210962931850093	11	53	38
GO:0021575	hindbrain morphogenesis	gnathostomata	3.77256916123172	2.71264003236256e-10	2.79540792102517e-09	3.62245313236996e-06	12	42	33
GO:0043584	nose development	gnathostomata	15.6299161286094	2.72036341307818e-10	2.79540792102517e-09	0.449494930029526	1	9	11
GO:0001667	ameboidal-type cell migration	gnathostomata	1.90590119369952	2.77768567862578e-10	2.83476141174823e-09	0.00501400264209055	22	229	112
GO:0022037	metencephalon development	gnathostomata	2.9115013588488	2.91102718242032e-10	2.95063299442604e-09	1.14013351153862e-06	16	69	47
GO:0061351	neural precursor cell proliferation	gnathostomata	3.49999170645776	3.15577427754461e-10	3.17709707671721e-09	0.015466815316717	7	44	36
GO:0033334	fin morphogenesis	gnathostomata	2.65113408423205	3.95515647469486e-10	3.95515647469486e-09	0.000319630068229704	13	76	54
GO:0072102	glomerulus morphogenesis	gnathostomata	4.70331837581971	5.15760834343734e-10	5.11653491214268e-09	0.0243631520428369	4	17	25
GO:0033280	response to vitamin D	gnathostomata	7.94034290233916	5.18521323311104e-10	5.11653491214268e-09	0.449494930029526	1	9	16
GO:0031018	endocrine pancreas development	gnathostomata	3.23285539605324	5.43070083718038e-10	5.32351595223603e-09	0.000570488340250936	12	70	39
GO:0060841	venous blood vessel development	gnathostomata	4.62504104692421	7.20568526686119e-10	7.0173013383158e-09	0.0391780852980119	4	20	25
GO:0021983	pituitary gland development	gnathostomata	4.80871210168873	7.38650607784104e-10	7.14668445193711e-09	0.00106158575937198	6	19	24
GO:0007422	peripheral nervous system development	gnathostomata	3.03101478389564	7.9136718897484e-10	7.60733620369362e-09	1.06373855518261e-07	17	65	42
GO:0033273	response to vitamin	gnathostomata	6.15720481591445	8.48604777247983e-10	8.10526357756086e-09	0.229886465090838	2	14	19
GO:0060113	inner ear receptor cell differentiation	gnathostomata	3.1230062348149	8.64820702002892e-10	8.20753405085547e-09	0.00160565761479093	10	57	40
GO:0048882	lateral line development	gnathostomata	2.3449475162733	9.23808277636888e-10	8.71186287138584e-09	3.1704417041039e-05	20	133	65
GO:0071363	cellular response to growth factor stimulus	gnathostomata	1.7948194629478	1.27518741718158e-09	1.19498695069217e-08	3.57967143672968e-09	44	318	123
GO:0006513	protein monoubiquitination	gnathostomata	5.6554795339922	1.29172942217371e-09	1.20292302439926e-08	0.147484815899394	3	21	20
GO:0060562	epithelial tube morphogenesis	gnathostomata	1.88813660655716	1.34733300293732e-09	1.24691066731467e-08	2.6277964644872e-09	41	279	106
GO:0001946	lymphangiogenesis	gnathostomata	3.29367514004591	1.51927239002695e-09	1.3973554698396e-08	0.0617836201836881	6	48	36
GO:0010001	glial cell differentiation	gnathostomata	2.17588165474825	1.58000501697204e-09	1.44429906459407e-08	0.000397512988190651	19	148	74
GO:0070848	response to growth factor	gnathostomata	1.78326886699167	1.83775832273689e-09	1.66967067126705e-08	4.26465103797238e-09	44	320	123
GO:0048840	otolith development	gnathostomata	2.9781669525828	2.04123912516569e-09	1.84330078575568e-08	0.00147848833843353	11	67	41
GO:0048925	lateral line system development	gnathostomata	2.20103284436097	2.12086724303506e-09	1.90366999525436e-08	5.65862727630863e-07	25	152	71
GO:0021517	ventral spinal cord development	gnathostomata	2.88182206424323	2.17351984038164e-09	1.93924824081954e-08	6.67846944526146e-07	15	58	43
GO:0042127	regulation of cell population proliferation	gnathostomata	1.79600238398543	2.65260037235668e-09	2.34974417938322e-08	3.02165368875653e-05	36	338	118
GO:0043516	regulation of DNA damage response, signal transduction by p53 class mediator	gnathostomata	7.7012787649172	2.66514608265614e-09	2.34974417938322e-08	0.174708512537542	2	11	15
GO:0009799	specification of symmetry	gnathostomata	1.86811986820744	2.77063934022211e-09	2.41418281691868e-08	2.71700685023564e-05	36	336	105
GO:0009855	determination of bilateral symmetry	gnathostomata	1.86811986820744	2.77063934022211e-09	2.41418281691868e-08	2.71700685023564e-05	36	336	105
GO:0051091	positive regulation of DNA-binding transcription factor activity	gnathostomata	5.28090602764717	4.01903786523802e-09	3.48160838325852e-08	5.6494224674973e-05	7	17	20
GO:0048885	neuromast deposition	gnathostomata	5.16254156260971	5.82952230380961e-09	5.02080244663371e-08	0.266921334408317	2	16	20
GO:0042359	vitamin D metabolic process	gnathostomata	6.63010149268736	6.41366813903262e-09	5.49216409606817e-08	0.47457556563091	1	10	16
GO:0032926	negative regulation of activin receptor signaling pathway	gnathostomata	6.09011577790547	7.50345347094362e-09	6.38865466954628e-08	0.0315674965386894	3	10	17
GO:0002088	lens development in camera-type eye	gnathostomata	2.71680250862078	7.84433247491479e-09	6.64094056114945e-08	0.283559803863334	8	119	44
GO:0048872	homeostasis of number of cells	gnathostomata	2.27725722083855	8.4552446540605e-09	7.11769182742946e-08	0.0616494001442642	15	183	61
GO:0030866	cortical actin cytoskeleton organization	gnathostomata	3.69528134256585	8.99390970644204e-09	7.52860981044868e-08	0.841489937843871	1	35	28
GO:0021915	neural tube development	gnathostomata	2.19077414176174	9.10133836646511e-09	7.57597439443185e-08	7.11393488126301e-05	18	118	66
GO:0046530	photoreceptor cell differentiation	gnathostomata	2.38772026370303	9.57938994870457e-09	7.92960612420545e-08	0.0071899493523301	14	122	55
GO:0055007	cardiac muscle cell differentiation	gnathostomata	2.81415770184807	9.66037140196498e-09	7.95246043587172e-08	5.70284137366109e-05	13	64	41
GO:0072014	proximal tubule development	gnathostomata	4.76180117526208	9.72964067663164e-09	7.96547505944019e-08	0.0105241510510523	4	13	21
GO:0048263	determination of dorsal identity	gnathostomata	6.4227835518815	9.91829723734449e-09	8.07555348832967e-08	0.266921334408317	2	16	16
GO:0007584	response to nutrient	gnathostomata	5.25510834301371	1.04824108707741e-08	8.48847402035511e-08	0.248609156764607	2	15	19
GO:0042770	signal transduction in response to DNA damage	gnathostomata	3.54080574282934	1.23116463439189e-08	9.91586651483197e-08	0.0566972463256598	7	60	29
GO:0021591	ventricular system development	gnathostomata	3.51435735510425	1.44322115138136e-08	1.1561287718055e-07	0.0747337866474056	5	38	29
GO:0036303	lymph vessel morphogenesis	gnathostomata	2.98436817062319	1.79381003920737e-08	1.42665130897407e-07	0.0702110980932126	6	50	36
GO:0000289	nuclear-transcribed mRNA poly(A) tail shortening	gnathostomata	5.72909771590676	1.80007010796729e-08	1.42665130897407e-07	0.00557256798525281	5	18	17
GO:0071425	hematopoietic stem cell proliferation	gnathostomata	4.77340636721597	2.07826335862168e-08	1.63841926155889e-07	0.0566972463256598	4	23	20
GO:0048752	semicircular canal morphogenesis	gnathostomata	4.39744650043487	3.67302693850733e-08	2.88042638861891e-07	0.000241456846425205	7	21	21
GO:0035051	cardiocyte differentiation	gnathostomata	2.35581231830018	4.85827857357523e-08	3.78996600765817e-07	2.5978837140424e-05	16	88	51
GO:0046856	phosphatidylinositol dephosphorylation	gnathostomata	3.91709367360149	6.60941436277611e-08	5.12918093777938e-07	0.0596326526712952	5	35	23
GO:0045446	endothelial cell differentiation	gnathostomata	2.63872496611836	7.72132830240303e-08	5.9506015317401e-07	0.118081642024622	6	59	40
GO:0042063	gliogenesis	gnathostomata	1.9719462335079	7.74776306817167e-08	5.9506015317401e-07	0.00265378587897023	19	174	74
GO:0007517	muscle organ development	gnathostomata	1.91287776940853	8.0289680747133e-08	6.13495509298606e-07	0.00113912642595495	24	230	80
GO:0060972	left/right pattern formation	gnathostomata	1.80415072059481	8.68083342854706e-08	6.59920500435466e-07	1.74975926617062e-05	35	315	94
GO:0030878	thyroid gland development	gnathostomata	4.76875979239841	1.04713258288847e-07	7.91993679443566e-07	0.0336288713933978	4	19	18
GO:0048702	embryonic neurocranium morphogenesis	gnathostomata	3.35957854749014	1.07398343804755e-07	8.08199657924669e-07	0.0257326924032494	5	27	27
GO:0055123	digestive system development	gnathostomata	2.12359409898013	1.49362775970077e-07	1.11834440299203e-06	4.55090986297352e-06	24	160	59
GO:0001945	lymph vessel development	gnathostomata	2.46840078921474	1.5487844437007e-07	1.14918205993544e-06	0.00465295940569583	11	78	43
GO:0002065	columnar/cuboidal epithelial cell differentiation	gnathostomata	4.91329323176818	1.55023888622163e-07	1.14918205993544e-06	0.00690550001111436	5	19	17
GO:0021548	pons development	gnathostomata	3.8663429725264	1.5672373595505e-07	1.15603151768824e-06	8.29393776858063e-05	7	18	22
GO:0070306	lens fiber cell differentiation	gnathostomata	4.38282599680765	1.68273917737826e-07	1.23511397748453e-06	0.690414845337677	1	21	19
GO:0032474	otolith morphogenesis	gnathostomata	3.69774579794414	1.79232826179052e-07	1.30910250493523e-06	0.0462221898180966	5	32	23
GO:0048738	cardiac muscle tissue development	gnathostomata	2.14288942229704	1.80820995531771e-07	1.31425991874312e-06	6.49423089039605e-06	20	119	57
GO:0003158	endothelium development	gnathostomata	2.38980757520789	1.95609938768783e-07	1.41484858624023e-06	0.026169487531321	9	75	45
GO:0021511	spinal cord patterning	gnathostomata	4.8208516784364	2.01306389707932e-07	1.4490170080426e-06	0.0133770676582823	4	14	17
GO:0030330	DNA damage response, signal transduction by p53 class mediator	gnathostomata	5.41021833812995	2.48151301540996e-07	1.7776223043081e-06	0.304833783115511	2	18	15
GO:0009994	oocyte differentiation	gnathostomata	4.15050631667601	3.77618119602861e-07	2.69211003927399e-06	0.223643158018602	4	42	19
GO:0042670	retinal cone cell differentiation	gnathostomata	3.7948324126131	3.98389009590404e-07	2.82666487757001e-06	0.0124543723025287	5	22	21
GO:0060221	retinal rod cell differentiation	gnathostomata	3.93823684789786	4.23590568160851e-07	2.99123197421644e-06	0.0336288713933978	4	19	20
GO:0010906	regulation of glucose metabolic process	gnathostomata	3.92792433279651	4.40865968117951e-07	3.09853911554598e-06	0.186541524406177	3	24	20
GO:0060324	face development	gnathostomata	5.16177390785121	4.44098791691485e-07	3.10660657098738e-06	0.0483558625825359	3	12	15
GO:0060323	head morphogenesis	gnathostomata	4.82026082475563	4.54391849050711e-07	3.16375633217551e-06	0.00790778493347744	4	12	16
GO:0039021	pronephric glomerulus development	gnathostomata	3.19360899144484	4.66654113535679e-07	3.2340215310147e-06	0.0412045185796227	5	31	26
GO:0030865	cortical cytoskeleton organization	gnathostomata	3.01021656399902	5.46940524431711e-07	3.77287676575578e-06	0.916516107265575	1	49	28
GO:0042693	muscle cell fate commitment	gnathostomata	5.00445196277021	6.49424694662254e-07	4.45918338731225e-06	0.174708512537542	2	11	15
GO:0072015	podocyte development	gnathostomata	3.05032283831477	6.74269187207097e-07	4.58749355679714e-06	0.0116026171629366	6	31	27
GO:0072310	glomerular epithelial cell development	gnathostomata	3.05032283831477	6.74269187207097e-07	4.58749355679714e-06	0.0116026171629366	6	31	27
GO:0042692	muscle cell differentiation	gnathostomata	1.66037934041437	7.41186799287838e-07	5.01985604972218e-06	5.12984441590198e-06	37	324	105
GO:0072114	pronephros morphogenesis	gnathostomata	3.51372289403872	7.51750315201987e-07	5.06836185362426e-06	0.00432488940695282	7	34	22
GO:0060026	convergent extension	gnathostomata	1.94488756130552	8.83087109060234e-07	5.92702609234121e-06	0.0124543723025287	17	174	64
GO:0007368	determination of left/right symmetry	gnathostomata	1.7358203979572	9.01713347056682e-07	6.02490083907828e-06	6.23386699378474e-05	33	308	89
GO:0018205	peptidyl-lysine modification	gnathostomata	3.5752643519953	1.01313556232947e-06	6.739160660138e-06	0.331252975112159	4	53	21
GO:0003206	cardiac chamber morphogenesis	gnathostomata	3.14151645606602	1.02360242360439e-06	6.77852271631354e-06	0.0037180674840019	7	33	25
GO:0048884	neuromast development	gnathostomata	2.24406989377462	1.03070546716796e-06	6.79535905345248e-06	0.00228609610326918	13	94	45
GO:0006354	DNA-templated transcription elongation	gnathostomata	3.53843419007973	1.18920349177876e-06	7.8057850341425e-06	0.77536220941902	2	55	21
GO:0060729	intestinal epithelial structure maintenance	gnathostomata	5.47389757464103	1.34983933632053e-06	8.81240460470621e-06	0.494096894909766	1	11	13
GO:0044093	positive regulation of molecular function	gnathostomata	2.37934916786285	1.35438970099176e-06	8.81240460470621e-06	0.00427758256196737	12	89	39
GO:0021587	cerebellum morphogenesis	gnathostomata	3.37883901466664	1.40700069442662e-06	9.11491754215503e-06	0.0289794311080922	5	28	22
GO:0060232	delamination	gnathostomata	4.29621332756665	1.97055956322377e-06	1.27105357108373e-05	0.0979119909808813	3	17	16
GO:0030277	maintenance of gastrointestinal epithelium	gnathostomata	5.28093851976711	1.98826739832417e-06	1.2769475963375e-05	0.51831363559245	1	12	13
GO:0072089	stem cell proliferation	gnathostomata	3.5345720240801	2.14262449015802e-06	1.37017617610964e-05	0.0999597925657339	4	29	20
GO:0032925	regulation of activin receptor signaling pathway	gnathostomata	4.01830788625612	2.31449038557695e-06	1.4737566985084e-05	0.108130360581353	3	18	17
GO:0090101	negative regulation of transmembrane receptor protein serine/threonine kinase signaling pathway	gnathostomata	2.61503487542189	2.509742781334e-06	1.59128372093092e-05	0.0714101560647756	7	64	31
GO:0048663	neuron fate commitment	gnathostomata	2.77562480844164	2.52290224280509e-06	1.59284929736423e-05	2.11571449970762e-09	17	50	28
GO:0050821	protein stabilization	gnathostomata	5.14230243763175	2.64458917048933e-06	1.66263201013886e-05	0.172822449564757	3	23	13
GO:0071375	cellular response to peptide hormone stimulus	gnathostomata	2.30978971702716	2.69185103295034e-06	1.6852344702084e-05	0.331252975112159	6	89	39
GO:0045471	response to ethanol	gnathostomata	5.54652609029104	2.97779359898812e-06	1.85286182655177e-05	0.086803823867068	3	16	12
GO:0048384	retinoic acid receptor signaling pathway	gnathostomata	3.12252146474317	2.98447542531829e-06	1.85286182655177e-05	0.00577261557996011	7	36	23
GO:0061318	renal filtration cell differentiation	gnathostomata	2.80589813899308	3.10575668267103e-06	1.89654813818845e-05	0.0238203085006333	6	37	27
GO:0072010	glomerular epithelium development	gnathostomata	2.80589813899308	3.10575668267103e-06	1.89654813818845e-05	0.0238203085006333	6	37	27
GO:0072112	podocyte differentiation	gnathostomata	2.80589813899308	3.10575668267103e-06	1.89654813818845e-05	0.0238203085006333	6	37	27
GO:0072311	glomerular epithelial cell differentiation	gnathostomata	2.80589813899308	3.10575668267103e-06	1.89654813818845e-05	0.0238203085006333	6	37	27
GO:0003205	cardiac chamber development	gnathostomata	2.53931506588965	3.16496288987049e-06	1.92481416567634e-05	0.00123796886628538	10	55	32
GO:0003159	morphogenesis of an endothelium	gnathostomata	4.1219140584354	3.30534335191844e-06	1.98587161062842e-05	0.0202148060265557	4	16	16
GO:0061154	endothelial tube morphogenesis	gnathostomata	4.1219140584354	3.30534335191844e-06	1.98587161062842e-05	0.0202148060265557	4	16	16
GO:0072554	blood vessel lumenization	gnathostomata	4.1219140584354	3.30534335191844e-06	1.98587161062842e-05	0.0202148060265557	4	16	16
GO:0060319	primitive erythrocyte differentiation	gnathostomata	3.50331059946765	4.3018497929695e-06	2.57419927370464e-05	0.00726297638759697	6	28	19
GO:0016055	Wnt signaling pathway	gnathostomata	1.60602939179849	4.72478383780133e-06	2.81597116732959e-05	1.32957004092017e-08	42	309	101
GO:0001503	ossification	gnathostomata	2.00223001024682	6.12773139022755e-06	3.63757759818289e-05	1.49900862613766e-06	21	118	50
GO:0006479	protein methylation	gnathostomata	4.41183534685214	6.2608335649669e-06	3.68721028134414e-05	0.455868830747668	2	27	14
GO:0008213	protein alkylation	gnathostomata	4.41183534685214	6.2608335649669e-06	3.68721028134414e-05	0.455868830747668	2	27	14
GO:0010171	body morphogenesis	gnathostomata	3.54794865972382	6.41504910448955e-06	3.76315872664938e-05	0.00690550001111436	5	19	18
GO:0048483	autonomic nervous system development	gnathostomata	2.15832651587763	7.47703978125034e-06	4.36893697022079e-05	0.000193274196614726	13	72	41
GO:0048484	enteric nervous system development	gnathostomata	2.27287039422982	8.92605567687881e-06	5.19524334318337e-05	0.00208384944227344	10	59	36
GO:0009953	dorsal/ventral pattern formation	gnathostomata	1.86574284483051	9.22706440661181e-06	5.34954317737416e-05	0.000298148511487113	20	157	58
GO:0022600	digestive system process	gnathostomata	3.43579540870945	9.8085904521486e-06	5.66465107507807e-05	0.246456733812654	3	29	18
GO:0006109	regulation of carbohydrate metabolic process	gnathostomata	2.89123824707215	1.00861123048984e-05	5.80243526420799e-05	0.229886465090838	4	43	23
GO:0043434	response to peptide hormone	gnathostomata	2.08474188392895	1.03577477010954e-05	5.9357861825508e-05	0.326759764752162	7	107	43
GO:0030223	neutrophil differentiation	gnathostomata	3.73598116432557	1.10078434589665e-05	6.28417117006136e-05	0.0505052032925218	5	33	16
GO:0003007	heart morphogenesis	gnathostomata	1.62924337022249	1.11936290673989e-05	6.3658424848948e-05	1.61733784972732e-06	35	282	88
GO:0048262	determination of dorsal/ventral asymmetry	gnathostomata	3.1099974991976	1.34826945019344e-05	7.63848471782593e-05	0.0699794004610413	5	37	20
GO:0043484	regulation of RNA splicing	gnathostomata	1.99460576618814	1.5383394449679e-05	8.68229459470521e-05	0.0197703704687106	13	125	46
GO:0031017	exocrine pancreas development	gnathostomata	2.73497587201536	1.59459053830335e-05	8.9321048950075e-05	0.0346705199517644	7	53	24
GO:0035272	exocrine system development	gnathostomata	2.73497587201536	1.59459053830335e-05	8.9321048950075e-05	0.0346705199517644	7	53	24
GO:0098508	endothelial to hematopoietic transition	gnathostomata	4.66114747775934	1.65363143258553e-05	9.22813046648853e-05	0.229886465090838	2	14	12
GO:0007519	skeletal muscle tissue development	gnathostomata	1.89260731803309	1.79534878237547e-05	9.98160330499793e-05	0.0256698539107653	15	160	52
GO:1901701	cellular response to oxygen-containing compound	gnathostomata	1.61742377422601	1.8046771842128e-05	9.99616730288875e-05	0.0385178328519447	22	283	86
GO:0065009	regulation of molecular function	gnathostomata	1.79441855174544	1.99321298311149e-05	0.000109995827586523	0.186381950523418	15	225	60
GO:0033336	caudal fin development	gnathostomata	4.20098921715222	2.1862404755302e-05	0.000120202889614022	0.54354440940555	1	13	13
GO:0048665	neuron fate specification	gnathostomata	2.81749752859012	2.27572081448467e-05	0.000124662647558168	5.15370377111545e-07	12	35	22
GO:0032924	activin receptor signaling pathway	gnathostomata	2.81582359987881	2.29569891573923e-05	0.000125296387708844	0.0699794004610413	5	37	22
GO:0071907	determination of digestive tract left/right asymmetry	gnathostomata	4.15149905524229	2.46624090732627e-05	0.000134113100434896	0.229886465090838	2	14	13
GO:0048857	neural nucleus development	gnathostomata	2.79487942381706	2.56158226142589e-05	0.000138791184346348	0.000929739388758421	7	26	22
GO:0048634	regulation of muscle organ development	gnathostomata	4.8440032400813	2.60282331344215e-05	0.000140325996903599	0.0167204613491886	4	15	11
GO:0015868	purine ribonucleotide transport	gnathostomata	4.1285754300965	2.60874504310717e-05	0.000140325996903599	0.469955899887784	2	28	13
GO:0032835	glomerulus development	gnathostomata	2.05908713184172	2.69196879879908e-05	0.000144281780942829	0.0391780852980119	9	81	40
GO:0060538	skeletal muscle organ development	gnathostomata	1.83302808849339	2.9086146669017e-05	0.000155334618411596	0.0234266067071257	16	173	54
GO:0015865	purine nucleotide transport	gnathostomata	4.07470156293113	2.97957222505562e-05	0.000157991552147077	0.494096894909766	2	30	13
GO:0051503	adenine nucleotide transport	gnathostomata	4.07470156293113	2.97957222505562e-05	0.000157991552147077	0.494096894909766	2	30	13
GO:0048881	mechanosensory lateral line system development	gnathostomata	2.02283521164224	3.1785053384444e-05	0.000167942303343339	1.12064143395184e-05	17	92	41
GO:0007586	digestion	gnathostomata	3.13081137294456	3.25857798288568e-05	0.000171564706519423	0.333524637533643	3	36	18
GO:0001754	eye photoreceptor cell differentiation	gnathostomata	2.15373490682475	3.45913393449103e-05	0.000181482731070128	0.0321607186508847	9	78	35
GO:0035050	embryonic heart tube development	gnathostomata	1.74064149910131	3.47741994362238e-05	0.000181801954947275	0.000512692887076983	22	190	62
GO:1905330	regulation of morphogenesis of an epithelium	gnathostomata	3.22032813197269	3.78476412758577e-05	0.000197178270982615	0.0228292155480065	5	26	17
GO:0003407	neural retina development	gnathostomata	1.82978300854805	4.21680476447433e-05	0.000218921222963998	2.03659533380946e-05	21	140	52
GO:1901700	response to oxygen-containing compound	gnathostomata	1.50691122859939	4.2690834806218e-05	0.000220865777296058	0.0314479779370316	29	395	104
GO:0061448	connective tissue development	gnathostomata	1.58725897416472	4.6667640260523e-05	0.000240604788886434	8.20111915394177e-06	29	226	83
GO:0030851	granulocyte differentiation	gnathostomata	3.1253059687272	5.43136672158267e-05	0.000278960027463161	0.0424855508502216	6	43	17
GO:0060215	primitive hemopoiesis	gnathostomata	2.37400807722797	5.4515570783626e-05	0.000278960027463161	0.0133770676582823	9	66	27
GO:0048915	posterior lateral line system development	gnathostomata	2.0115888364791	5.46686765229819e-05	0.000278960027463161	2.91853920099773e-05	16	89	39
GO:0042461	photoreceptor cell development	gnathostomata	2.03042448783361	5.59442898373171e-05	0.000284494852756322	0.0714101560647756	9	93	38
GO:0030282	bone mineralization	gnathostomata	2.4548469321045	6.02472361847915e-05	0.0003053346323651	0.00460889199026561	9	55	25
GO:0060297	regulation of sarcomere organization	gnathostomata	3.54693713113205	6.5517924800376e-05	0.000330921043906984	0.229886465090838	2	14	14
GO:1901796	regulation of signal transduction by p53 class mediator	gnathostomata	3.36101958514261	6.62390784182503e-05	0.000333433198794571	0.39365984582662	2	23	15
GO:0021602	cranial nerve morphogenesis	gnathostomata	2.68062589537558	6.88329022221518e-05	0.000345323314178472	7.11393488126301e-05	8	24	21
GO:0060216	definitive hemopoiesis	gnathostomata	2.59249470224138	7.54790530454832e-05	0.000377395265227416	0.138637835066868	6	62	22
GO:0051216	cartilage development	gnathostomata	1.58449087234764	8.16894981379304e-05	0.000407081445570289	1.73893720199076e-05	27	210	78
GO:0016032	viral process	gnathostomata	4.24163199447263	8.39674615550415e-05	0.000417038392390039	0.248609156764607	2	15	11
GO:0048916	posterior lateral line development	gnathostomata	2.08136710878798	8.43195530963776e-05	0.000417395794397351	0.000221263008948808	13	73	34
GO:0042398	modified amino acid biosynthetic process	gnathostomata	3.66485958261438	8.55052871782651e-05	0.00042186383409144	0.789533764273648	1	29	13
GO:0060219	camera-type eye photoreceptor cell differentiation	gnathostomata	2.39840267151755	8.61080837511668e-05	0.000423435791383625	0.0124543723025287	7	42	25
GO:0060541	respiratory system development	gnathostomata	3.4337351134593	9.16407164270092e-05	0.000449160090382381	0.0508162258457142	4	22	14
GO:0006006	glucose metabolic process	gnathostomata	2.43053874317353	9.68185314281186e-05	0.000472982333861956	0.195552099920006	6	70	24
GO:0030510	regulation of BMP signaling pathway	gnathostomata	1.99279749579277	0.000100137239413345	0.000487596361849295	0.0162003131415383	11	94	37
GO:0110095	cellular detoxification of aldehyde	gnathostomata	5.02474616003836	0.00010504714485701	0.000508182616353716	0.0483558625825359	3	12	9
GO:0110096	cellular response to aldehyde	gnathostomata	5.02474616003836	0.00010504714485701	0.000508182616353716	0.0483558625825359	3	12	9
GO:0051146	striated muscle cell differentiation	gnathostomata	1.55749234403865	0.000113949537694828	0.000549465408301923	0.00123461117775654	26	260	80
GO:0048871	multicellular organismal-level homeostasis	gnathostomata	1.53058675009029	0.000124516585504802	0.000598482943232757	0.030577077880514	25	326	85
GO:0030500	regulation of bone mineralization	gnathostomata	3.13349618002766	0.000140956859058445	0.00067315935896501	0.0228292155480065	5	26	15
GO:0070167	regulation of biomineral tissue development	gnathostomata	3.13349618002766	0.000140956859058445	0.00067315935896501	0.0228292155480065	5	26	15
GO:0048385	regulation of retinoic acid receptor signaling pathway	gnathostomata	5.47192816968218	0.000141936586396049	0.000675672567827839	0.00790778493347744	4	12	8
GO:0030278	regulation of ossification	gnathostomata	2.86158567339156	0.00015324528257024	0.00072718302875687	0.00316326583459252	7	32	17
GO:0008015	blood circulation	gnathostomata	1.5242509064309	0.000154671573088571	0.000731621091752287	0.00501400264209055	27	305	84
GO:0030111	regulation of Wnt signaling pathway	gnathostomata	1.62282595567778	0.000161949303281802	0.000763621714841407	5.09815466707641e-07	29	195	65
GO:0010002	cardioblast differentiation	gnathostomata	3.42206698658052	0.000165949521602303	0.000780015101537637	0.0133770676582823	4	14	13
GO:0035282	segmentation	gnathostomata	1.775999437496	0.000184804011731419	0.000865905589559166	0.000291889898409725	18	132	47
GO:0070373	negative regulation of ERK1 and ERK2 cascade	gnathostomata	3.57244823944762	0.000198258970397499	0.000926037197154465	0.00027445374366322	6	15	12
GO:0003013	circulatory system process	gnathostomata	1.50975315796016	0.000207615998479891	0.000966711992921993	0.00654872623782898	27	312	84
GO:0048477	oogenesis	gnathostomata	2.53286760357793	0.000209871844305816	0.000974171489145376	0.340136649593341	5	72	20
GO:0046839	phospholipid dephosphorylation	gnathostomata	2.30263041354439	0.000212357297907455	0.00098264712385748	0.0907370801622774	6	54	24
GO:0006862	nucleotide transport	gnathostomata	3.31362058610035	0.000225394524834027	0.00103974564087523	0.562457664747115	2	35	13
GO:0019058	viral life cycle	gnathostomata	4.09987237636069	0.000226976282225587	0.00104381068060532	0.54354440940555	1	13	10
GO:0006805	xenobiotic metabolic process	gnathostomata	2.74667213659846	0.000244805059471385	0.0011223370418842	0.867967386597215	2	70	17
GO:0046328	regulation of JNK cascade	gnathostomata	2.48496443652232	0.000267070753660739	0.0012206608066089	0.214572063844471	4	41	20
GO:0043114	regulation of vascular permeability	gnathostomata	2.69226580186147	0.000306673421122448	0.00139738042040504	0.00106158575937198	6	19	17
GO:0060047	heart contraction	gnathostomata	1.65575282122832	0.000308597002912807	0.00140185833640269	0.0424348497672581	17	204	55
GO:0048844	artery morphogenesis	gnathostomata	3.36752168729376	0.000335186426719419	0.00151801755565938	0.339458479787617	2	20	12
GO:0010669	epithelial structure maintenance	gnathostomata	3.16584125767057	0.000345661160405713	0.00156071251213489	0.663658196421025	1	19	13
GO:0097305	response to alcohol	gnathostomata	2.75248405481887	0.00035855236829806	0.00161402727723296	0.0289794311080922	5	28	16
GO:0003015	heart process	gnathostomata	1.64135383268829	0.000377866425205169	0.00169541037030368	0.0472788808053363	17	207	55
GO:0031507	heterochromatin formation	gnathostomata	2.25425455036968	0.000378907149873239	0.00169541037030368	0.210410214472161	6	72	23
GO:0072178	nephric duct morphogenesis	gnathostomata	4.20889786937838	0.000381293371155509	0.00170097941024464	0.000339147997973174	5	10	9
GO:0033013	tetrapyrrole metabolic process	gnathostomata	2.97649066377889	0.000383484326533383	0.00170564670607385	0.345790978808834	3	37	14
GO:0055013	cardiac muscle cell development	gnathostomata	2.19555658452832	0.000414627818348254	0.00183867693255625	0.00252587122199102	9	50	24
GO:0080135	regulation of cellular response to stress	gnathostomata	1.84571436716421	0.000421614323127458	0.00186411080551903	0.0913497796350413	11	130	37
GO:0062012	regulation of small molecule metabolic process	gnathostomata	2.03797722121885	0.000464608808033159	0.00204812758570831	0.108130360581353	7	72	28
GO:0019985	translesion synthesis	gnathostomata	5.21263047083497	0.00048619362631038	0.00213695723658545	0.0566972463256598	3	13	7
GO:1902652	secondary alcohol metabolic process	gnathostomata	2.16142192292819	0.000514273238295485	0.00225372683841257	0.608667358811931	4	83	24
GO:0035476	angioblast cell migration	gnathostomata	3.18504097464003	0.00054456541296788	0.00237947937044616	0.285431129704055	2	17	12
GO:0030509	BMP signaling pathway	gnathostomata	1.67387877070276	0.000644274748923638	0.00279060865086111	0.00542947070735309	15	131	47
GO:0071772	response to BMP	gnathostomata	1.67387877070276	0.000644274748923638	0.00279060865086111	0.00542947070735309	15	131	47
GO:0071773	cellular response to BMP stimulus	gnathostomata	1.67387877070276	0.000644274748923638	0.00279060865086111	0.00542947070735309	15	131	47
GO:0032870	cellular response to hormone stimulus	gnathostomata	1.49508599688105	0.000669137030303662	0.00288989615986219	0.0466731407689797	20	256	73
GO:0048923	posterior lateral line neuromast hair cell differentiation	gnathostomata	3.29602308380855	0.000692476212435869	0.00298205074141458	0.0656221136636066	3	14	11
GO:0048339	paraxial mesoderm development	gnathostomata	3.83595198821709	0.00073241887052957	0.00314496863714427	6.62615873723431e-05	6	12	9
GO:0008360	regulation of cell shape	gnathostomata	1.91820116479967	0.00077653440990221	0.0033248168699836	0.731157605177975	3	75	30
GO:0009725	response to hormone	gnathostomata	1.4468754892142	0.000832924085660514	0.00355603692731853	0.0215016341086945	25	314	82
GO:0060971	embryonic heart tube left/right pattern formation	gnathostomata	3.45690029277774	0.000836409753504722	0.00356071580777724	0.449494930029526	1	9	10
GO:0046185	aldehyde catabolic process	gnathostomata	4.16243681710778	0.000849179985396274	0.00360478113458817	0.214572063844471	2	13	8
GO:0031214	biomineral tissue development	gnathostomata	2.0419281442081	0.00088001715509137	0.00372507261672199	0.0201242360520685	9	71	25
GO:0000288	nuclear-transcribed mRNA catabolic process, deadenylation-dependent decay	gnathostomata	2.36680997111444	0.000906757325071191	0.00382738927579624	0.026169487531321	6	38	18
GO:0042552	myelination	gnathostomata	1.94082616479449	0.000958780661206225	0.00403554572089626	0.0489107236036989	8	71	28
GO:0072348	sulfur compound transport	gnathostomata	2.81318335800817	0.00100913385554106	0.00423551956269348	0.508583664368408	2	31	13
GO:0019229	regulation of vasoconstriction	gnathostomata	3.33335606123566	0.00109491561156195	0.00458265241917781	0.304833783115511	2	18	10
GO:0040013	negative regulation of locomotion	gnathostomata	2.03741757556712	0.00113301211381178	0.00472881806604919	0.301920891627457	4	50	24
GO:0000479	endonucleolytic cleavage of tricistronic rRNA transcript (SSU-rRNA, 5.8S rRNA, LSU-rRNA)	gnathostomata	5.27112626585834	0.00114734322164577	0.00477525530796703	0.51831363559245	1	12	6
GO:0098900	regulation of action potential	gnathostomata	3.30137107152079	0.00117523206587156	0.00487770411740565	0.00427422173688382	4	10	10
GO:0035176	social behavior	gnathostomata	2.53493746485608	0.00121125169712954	0.00499934911003606	0.00363972980469624	6	24	15
GO:0051703	biological process involved in intraspecies interaction between organisms	gnathostomata	2.53493746485608	0.00121125169712954	0.00499934911003606	0.00363972980469624	6	24	15
GO:0031669	cellular response to nutrient levels	gnathostomata	2.02492549938341	0.00122756898495479	0.00505270107067025	0.202127262443623	6	71	24
GO:0060037	pharyngeal system development	gnathostomata	2.18915521433739	0.00123481962495369	0.00506854336413499	0.00126468616873087	8	36	20
GO:0006397	mRNA processing	gnathostomata	1.43621786097442	0.00124443379914824	0.00509397351849143	0.0133584873547995	28	348	79
GO:0061300	cerebellum vasculature development	gnathostomata	3.90082743236994	0.00127681811638983	0.00521221642033109	0.214572063844471	2	13	8
GO:0016071	mRNA metabolic process	gnathostomata	1.3546120413244	0.00158306210742716	0.00644470639362422	0.00399961859861095	39	491	104
GO:0055006	cardiac cell development	gnathostomata	1.98396325646443	0.00159762607031277	0.00648627478137883	0.0037180674840019	9	53	24
GO:0000077	DNA damage checkpoint signaling	gnathostomata	2.5531603895228	0.00162250695575793	0.0065693895763025	0.0999597925657339	5	42	14
GO:0045814	negative regulation of gene expression, epigenetic	gnathostomata	2.01432688596789	0.00163312661813799	0.00659446791605855	0.292197507326587	6	84	23
GO:0050931	pigment cell differentiation	gnathostomata	1.89128262668966	0.00167027380206652	0.00672623774345707	0.000333388118705077	12	66	27
GO:0021692	cerebellar Purkinje cell layer morphogenesis	gnathostomata	4.15343837657408	0.00178036557512565	0.0071502552747634	0.214572063844471	2	13	7
GO:0031297	replication fork processing	gnathostomata	3.35030434091154	0.001839980589498	0.00736981472675273	0.159006974425846	3	22	9
GO:0031570	DNA integrity checkpoint signaling	gnathostomata	2.42020626164548	0.00188186987911075	0.00751696476513695	0.0540245384563632	6	46	15
GO:0006090	pyruvate metabolic process	gnathostomata	2.1095009638521	0.00188680860547733	0.00751696476513695	0.0609437283909355	8	75	20
GO:1903313	positive regulation of mRNA metabolic process	gnathostomata	1.92671980867719	0.00190354207722359	0.00756340718683506	0.023246767696132	9	73	25
GO:0008380	RNA splicing	gnathostomata	1.42199051004238	0.00194947228461816	0.00772530240447089	0.00869592134443195	28	336	76
GO:0007272	ensheathment of neurons	gnathostomata	1.84417092685205	0.00197916123320347	0.00780145565469094	0.0551166798480243	8	73	28
GO:0008366	axon ensheathment	gnathostomata	1.84417092685205	0.00197916123320347	0.00780145565469094	0.0551166798480243	8	73	28
GO:0048534	hematopoietic or lymphoid organ development	gnathostomata	2.71831361207574	0.00204461432055164	0.00803819350296029	0.0631992091226483	4	24	12
GO:0035907	dorsal aorta development	gnathostomata	2.86286806562668	0.00208319512957319	0.00816831774490539	0.583783273776822	1	15	11
GO:0003313	heart rudiment development	gnathostomata	3.27316294256207	0.00214735342998451	0.00839778637972945	0.0483558625825359	3	12	9
GO:0048565	digestive tract development	gnathostomata	1.69129364392427	0.00216905983470142	0.00846046898875687	4.60339852290374e-05	18	114	36
GO:0030225	macrophage differentiation	gnathostomata	2.46530822778926	0.00222128601018875	0.00864155654094319	0.199822465628704	3	25	14
GO:0030336	negative regulation of cell migration	gnathostomata	2.03577960291363	0.00223889842713398	0.00868739233445217	0.468127083084978	3	47	21
GO:0007254	JNK cascade	gnathostomata	1.99310415580004	0.00230314183359523	0.00891345800534258	0.194809204286648	5	54	22
GO:0007292	female gamete generation	gnathostomata	2.07043526645564	0.0023265709910827	0.00898080512101872	0.445878883794122	5	84	20
GO:2000026	regulation of multicellular organismal development	gnathostomata	1.28514846500977	0.00250048313775191	0.00962718314018176	2.61199494632608e-09	57	476	134
GO:0008593	regulation of Notch signaling pathway	gnathostomata	1.88504388679998	0.00252013688973229	0.00967784527242554	0.0674587631654469	7	63	25
GO:0048382	mesendoderm development	gnathostomata	2.96274974962197	0.00255753715478006	0.00979622200674111	0.54354440940555	1	13	10
GO:0061157	mRNA destabilization	gnathostomata	1.97044753206933	0.00263466996018468	0.00996729788688582	0.026169487531321	8	62	22
GO:0071322	cellular response to carbohydrate stimulus	gnathostomata	3.46413605860275	0.00264139548810558	0.00996729788688582	0.154538362701002	2	10	8
GO:0071326	cellular response to monosaccharide stimulus	gnathostomata	3.46413605860275	0.00264139548810558	0.00996729788688582	0.154538362701002	2	10	8
GO:0071331	cellular response to hexose stimulus	gnathostomata	3.46413605860275	0.00264139548810558	0.00996729788688582	0.154538362701002	2	10	8
GO:0071333	cellular response to glucose stimulus	gnathostomata	3.46413605860275	0.00264139548810558	0.00996729788688582	0.154538362701002	2	10	8
GO:0006081	aldehyde metabolic process	gnathostomata	2.26078638412191	0.0026423373592751	0.00996729788688582	0.0747337866474056	6	51	16
GO:0021545	cranial nerve development	gnathostomata	1.78389385495501	0.00266208088937144	0.0100164154675844	1.73893720199076e-05	14	66	29
GO:0050779	RNA destabilization	gnathostomata	1.96809176836603	0.0026718099944004	0.0100276999789839	0.0284840113924329	8	63	22
GO:0021680	cerebellar Purkinje cell layer development	gnathostomata	3.78831694721587	0.00295356032491044	0.0110572987038104	0.229886465090838	2	14	7
GO:0035904	aorta development	gnathostomata	2.73174551000944	0.00296360065958451	0.0110670801573456	0.645377530428889	1	18	11
GO:1903522	regulation of blood circulation	gnathostomata	1.73214881286923	0.00298905149551616	0.0111342168207977	0.0362344871418049	11	108	31
GO:0055002	striated muscle cell development	gnathostomata	1.45519487440305	0.00313500972832614	0.0116420550121878	0.0152192295076528	20	224	61
GO:0141193	nuclear receptor-mediated signaling pathway	gnathostomata	1.908828965718	0.00314101081536878	0.0116420550121878	0.0407032276441822	7	55	23
GO:0001947	heart looping	gnathostomata	1.63838570098434	0.00317566732764583	0.011741301037698	0.00414479505805601	16	140	37
GO:1901264	carbohydrate derivative transport	gnathostomata	2.28433267954939	0.00320826626827655	0.0118324671775546	0.567447073175324	3	57	15
GO:0007281	germ cell development	gnathostomata	1.7581710072887	0.00325008915553824	0.0119571181277826	0.0809864795469596	11	127	29
GO:2000146	negative regulation of cell motility	gnathostomata	1.96866375676584	0.00327567332044237	0.0120215597228057	0.484396973402317	3	49	21
GO:0044057	regulation of system process	gnathostomata	1.5421428723852	0.00343100082439527	0.0125372246342982	0.0197703704687106	16	169	46
GO:0090092	regulation of transmembrane receptor protein serine/threonine kinase signaling pathway	gnathostomata	1.57697915430459	0.00343301184617024	0.0125372246342982	0.0061401072465591	15	133	42
GO:0055012	ventricular cardiac muscle cell differentiation	gnathostomata	4.20866552129403	0.00348456845921924	0.0126943936533904	0.00427422173688382	4	10	6
GO:0021546	rhombomere development	gnathostomata	2.53757019046615	0.00352869590260328	0.0128191247175933	0.000241456846425205	7	21	12
GO:0010038	response to metal ion	gnathostomata	2.03461871722677	0.00353601359659788	0.0128191247175933	0.316251385054209	5	69	19
GO:0045005	DNA-templated DNA replication maintenance of fidelity	gnathostomata	3.02750214878164	0.00356926789820068	0.012908274680386	0.199822465628704	3	25	9
GO:0061014	positive regulation of mRNA catabolic process	gnathostomata	1.91646065703193	0.00363350630737623	0.0131087757820595	0.0303983750454787	8	64	22
GO:0001709	cell fate determination	gnathostomata	3.27774876765059	0.00367258431535308	0.0132177551446282	0.00427422173688382	4	10	8
GO:0060897	neural plate regionalization	gnathostomata	3.20805583868266	0.00416754218461552	0.0149629827833184	0.0656221136636066	3	14	8
GO:0030258	lipid modification	gnathostomata	1.68936630216055	0.00425119276004076	0.015226627914569	0.417610664159321	7	120	31
GO:0071466	cellular response to xenobiotic stimulus	gnathostomata	1.9966861270539	0.00429938520330591	0.0153623116377118	0.720304602221663	4	98	19
GO:0006783	heme biosynthetic process	gnathostomata	2.92705006233954	0.00442608211702911	0.015777182665965	0.408716052220124	2	24	9
GO:0006779	porphyrin-containing compound biosynthetic process	gnathostomata	2.91438292609764	0.00454923913569384	0.0161389674099615	0.423944280049574	2	25	9
GO:0033014	tetrapyrrole biosynthetic process	gnathostomata	2.91438292609764	0.00454923913569384	0.0161389674099615	0.423944280049574	2	25	9
GO:0022604	regulation of cell morphogenesis	gnathostomata	1.65101973289923	0.00456254571769924	0.0161477271243987	0.666701324443237	4	90	33
GO:0060896	neural plate pattern specification	gnathostomata	3.15610435055639	0.00458476716673537	0.0161879219868145	0.0747337866474056	3	15	8
GO:0022412	cellular process involved in reproduction in multicellular organism	gnathostomata	1.70684055702979	0.00483689401608545	0.0170377590637525	0.100180424673106	11	133	29
GO:0003260	cardioblast migration	gnathostomata	2.55079102298835	0.00489470020085481	0.0171602430571145	0.0656221136636066	3	14	11
GO:0060975	cardioblast migration to the midline involved in heart field formation	gnathostomata	2.55079102298835	0.00489470020085481	0.0171602430571145	0.0656221136636066	3	14	11
GO:0007498	mesoderm development	gnathostomata	1.54956577035139	0.00505955546135644	0.0176965672239932	0.00764767366144985	14	123	41
GO:0001678	intracellular glucose homeostasis	gnathostomata	3.08970074494358	0.00518709374012658	0.0181001631681232	0.229886465090838	2	14	8
GO:0070536	protein K63-linked deubiquitination	gnathostomata	3.08424313785918	0.0052403754337098	0.0182433630752981	0.266921334408317	2	16	8
GO:0042058	regulation of epidermal growth factor receptor signaling pathway	gnathostomata	2.6488123779993	0.00552163717822068	0.0191777142087385	0.676138557988875	1	20	10
GO:0019318	hexose metabolic process	gnathostomata	1.78389263286649	0.00584292772679779	0.0202464239835551	0.408716052220124	6	99	24
GO:0055001	muscle cell development	gnathostomata	1.38714416280267	0.00588720949154427	0.0203525339730881	0.00305598252457396	25	263	67
GO:0007169	cell surface receptor protein tyrosine kinase signaling pathway	gnathostomata	1.27305222042886	0.00591540878625714	0.0203929425782322	1.40959109414539e-07	45	376	117
GO:1901184	regulation of ERBB signaling pathway	gnathostomata	2.62093525344834	0.00592627123246614	0.0203929425782322	0.690414845337677	1	21	10
GO:0000731	DNA synthesis involved in DNA repair	gnathostomata	3.31969536044429	0.00597013955655417	0.0204965620720408	0.108130360581353	3	18	7
GO:0016925	protein sumoylation	gnathostomata	3.01143994214052	0.00601237953108741	0.0205941275892419	0.134377757134184	3	20	8
GO:0021999	neural plate anterior/posterior regionalization	gnathostomata	3.27918220816321	0.00636461016486358	0.0217506173065292	0.154538362701002	2	10	7
GO:0048066	developmental pigmentation	gnathostomata	1.62412255179527	0.00646180182713699	0.0220322304861192	0.00016688727826803	15	92	32
GO:0070050	neuron cellular homeostasis	gnathostomata	2.58250910565799	0.00653731246407776	0.0222388026746024	0.0979119909808813	3	17	10
GO:0009410	response to xenobiotic stimulus	gnathostomata	1.84326712315519	0.00670575771378652	0.0227598610331251	0.63005583071144	5	108	21
GO:0045597	positive regulation of cell differentiation	gnathostomata	1.37472879387055	0.0067309581268456	0.0227934718386362	7.5754702168949e-09	32	190	68
GO:0031667	response to nutrient levels	gnathostomata	1.59141473807281	0.00685868607449937	0.0231733384376509	0.166062396160749	9	115	34
GO:0035162	embryonic hemopoiesis	gnathostomata	1.65888548387077	0.00700314119711363	0.0236078741712654	0.0234266067071257	11	100	29
GO:0017148	negative regulation of translation	gnathostomata	1.98480502688394	0.00702098544615248	0.0236146011620027	0.107455848742945	6	57	17
GO:0006301	postreplication repair	gnathostomata	3.19868963124545	0.00723880583708096	0.0242625209551502	0.120411197078738	3	19	7
GO:0000082	G1/S transition of mitotic cell cycle	gnathostomata	1.89605422240782	0.00724618914432339	0.0242625209551502	0.39365984582662	4	59	19
GO:0002573	myeloid leukocyte differentiation	gnathostomata	1.79989618019558	0.0072979296914745	0.0243809758751054	0.0703350319392789	8	78	22
GO:0043547	positive regulation of GTPase activity	gnathostomata	2.02055058562862	0.00744946863111612	0.0247761345097389	0.386801352038076	3	40	16
GO:0051345	positive regulation of hydrolase activity	gnathostomata	2.02055058562862	0.00744946863111612	0.0247761345097389	0.386801352038076	3	40	16
GO:0048008	platelet-derived growth factor receptor signaling pathway	gnathostomata	2.53066322046743	0.00747170976031044	0.0247947606745269	0.0287983574158531	4	18	10
GO:0061053	somite development	gnathostomata	1.47889835508511	0.00764069388907914	0.0252991864327287	0.00021948533572486	20	153	45
GO:0021675	nerve development	gnathostomata	1.61151928046553	0.00803678746952774	0.0265466181626793	1.51767857938757e-05	16	84	31
GO:0042573	retinoic acid metabolic process	gnathostomata	2.8601718933011	0.00805306806008794	0.0265466181626793	0.0133770676582823	4	14	8
GO:0022408	negative regulation of cell-cell adhesion	gnathostomata	1.87401764895005	0.00812816812861574	0.0267350342420253	0.247638338403769	5	61	19
GO:0071816	tail-anchored membrane protein insertion into ER membrane	gnathostomata	4.11025821424751	0.00816845879149013	0.0268083779720711	0.00790778493347744	4	12	5
GO:0060029	convergent extension involved in organogenesis	gnathostomata	2.18567611480407	0.00819528648376474	0.0268373117819988	0.0124543723025287	5	22	13
GO:0044843	cell cycle G1/S phase transition	gnathostomata	1.87044469458008	0.00828108347652315	0.027058803464955	0.421570956209191	4	62	19
GO:0120192	tight junction assembly	gnathostomata	2.10756230052096	0.00840128821260759	0.0273317018270422	0.936441700805954	1	57	14
GO:0120193	tight junction organization	gnathostomata	2.10756230052096	0.00840128821260759	0.0273317018270422	0.936441700805954	1	57	14
GO:0097237	cellular response to toxic substance	gnathostomata	2.47122275758382	0.00872321622721782	0.0282556351707708	0.0631992091226483	4	24	10
GO:1990748	cellular detoxification	gnathostomata	2.47122275758382	0.00872321622721782	0.0282556351707708	0.0631992091226483	4	24	10
GO:0030856	regulation of epithelial cell differentiation	gnathostomata	2.16642729815087	0.00877215100938134	0.028352505431623	0.0257326924032494	5	27	13
GO:0021984	adenohypophysis development	gnathostomata	2.46810086640947	0.0087948985939271	0.028364499794267	0.00348158336289677	5	16	10
GO:0000075	cell cycle checkpoint signaling	gnathostomata	1.85772808232428	0.00884932663548494	0.028478394572079	0.0703350319392789	8	78	19
GO:0048645	animal organ formation	gnathostomata	1.82323200343416	0.00892457503036982	0.0286586568863169	0.0111385668237305	7	41	20
GO:0030514	negative regulation of BMP signaling pathway	gnathostomata	2.03059860201993	0.00896673350136778	0.0287321138000817	0.229886465090838	4	43	15
GO:0060974	cell migration involved in heart formation	gnathostomata	2.33342799210392	0.0091579674569055	0.0292475431463315	0.0979119909808813	3	17	11
GO:0010996	response to auditory stimulus	gnathostomata	2.45232899184891	0.00916684741566228	0.0292475431463315	0.266921334408317	2	16	10
GO:0072331	signal transduction by p53 class mediator	gnathostomata	1.96849204687557	0.00936613584699138	0.0298195350684127	0.476913819970267	3	48	16
GO:0033338	medial fin development	gnathostomata	2.14611292225843	0.00942717708515098	0.0299481094104507	0.704079893839222	1	22	13
GO:0003006	developmental process involved in reproduction	gnathostomata	1.47366247236118	0.00944671907577975	0.0299481094104507	0.0197879274458674	19	215	43
GO:0071806	protein transmembrane transport	gnathostomata	2.13350513860174	0.00985921747187143	0.0311894565458353	0.0617836201836881	6	48	13
GO:0006974	DNA damage response	gnathostomata	1.30706160666474	0.0101065731943056	0.031904224702363	0.023982745821549	35	488	83
GO:0018193	peptidyl-amino acid modification	gnathostomata	1.59592347862226	0.0101726395540419	0.0320448899271086	0.552220472784817	7	141	30
GO:0045766	positive regulation of angiogenesis	gnathostomata	2.28798900485689	0.0104735239127742	0.0329231025950076	0.773171344351985	1	27	11
GO:0002520	immune system development	gnathostomata	1.93208221983206	0.0110011277140327	0.0345088006187551	0.112740846469672	5	44	16
GO:0001885	endothelial cell development	gnathostomata	2.17852268157554	0.0110399501538046	0.0345578271621193	0.44265442384929	2	26	12
GO:0007492	endoderm development	gnathostomata	1.64578340278588	0.01117909152909	0.0349187558965806	0.000319630068229704	13	76	26
GO:0003018	vascular process in circulatory system	gnathostomata	1.62835116662967	0.0112077381940644	0.0349187558965806	0.0638699983378545	8	76	27
GO:0048934	peripheral nervous system neuron differentiation	gnathostomata	2.37509466578518	0.0112489951881602	0.0349187558965806	0.0566972463256598	4	23	10
GO:0048935	peripheral nervous system neuron development	gnathostomata	2.37509466578518	0.0112489951881602	0.0349187558965806	0.0566972463256598	4	23	10
GO:0043409	negative regulation of MAPK cascade	gnathostomata	2.09402627521034	0.0113507276409512	0.0351612976819485	0.00754307413646817	7	38	13
GO:1902808	positive regulation of cell cycle G1/S phase transition	gnathostomata	2.68633067732944	0.0113980701541777	0.0352346981944498	0.0315674965386894	3	10	8
GO:0060021	roof of mouth development	gnathostomata	2.91754543946152	0.0115444956200385	0.0356134543972203	0.562457664747115	1	14	7
GO:1904018	positive regulation of vasculature development	gnathostomata	2.16385265425612	0.0115845785321965	0.0356632686218447	0.481337626255526	2	29	12
GO:0042476	odontogenesis	gnathostomata	2.02329853330635	0.0116204939808214	0.0357000742915957	0.108130360581353	4	30	14
GO:0060117	auditory receptor cell development	gnathostomata	2.01878076671677	0.0118255980118476	0.0362554342338536	0.408716052220124	2	24	14
GO:0001649	osteoblast differentiation	gnathostomata	2.06350387151185	0.0126640252655031	0.0387461963975351	0.0553102467555498	5	34	13
GO:0030150	protein import into mitochondrial matrix	gnathostomata	2.8545697787788	0.0128660411592276	0.0392836092771499	0.0453562270836631	4	21	7
GO:0043087	regulation of GTPase activity	gnathostomata	1.89352850032493	0.0130525049934968	0.0397714364832521	0.420915273405912	3	43	16
GO:0110020	regulation of actomyosin structure organization	gnathostomata	1.93852043611605	0.0131357405289456	0.0399433742614878	0.345790978808834	3	37	15
GO:0046164	alcohol catabolic process	gnathostomata	3.14729770229321	0.0133891531120754	0.0406310349022247	0.562457664747115	1	14	6
GO:2000781	positive regulation of double-strand break repair	gnathostomata	3.12928019686305	0.0137339406772617	0.0415926252217884	0.229886465090838	2	14	6
GO:0042491	inner ear auditory receptor cell differentiation	gnathostomata	1.87999164389169	0.0138619793492586	0.041895231704656	0.126726934965879	4	32	16
GO:0048318	axial mesoderm development	gnathostomata	2.79770800555879	0.0142065544821852	0.0428497291061861	0.154538362701002	2	10	7
GO:0034248	regulation of amide metabolic process	gnathostomata	2.78809020406291	0.0144484395834056	0.0434912625843927	0.0747337866474056	3	15	7
GO:0042168	heme metabolic process	gnathostomata	2.40773222497104	0.0144829933814083	0.0435073793110854	0.481337626255526	2	29	9
GO:0003143	embryonic heart tube morphogenesis	gnathostomata	1.45297488151736	0.0146176881408496	0.043823652575183	0.00557256798525281	17	159	40
GO:0006778	porphyrin-containing compound metabolic process	gnathostomata	2.3991545794725	0.0147851099366562	0.0442365739068628	0.494096894909766	2	30	9
GO:0006086	pyruvate decarboxylation to acetyl-CoA	gnathostomata	3.05985240829466	0.0151614215408894	0.0452715793505515	0.0483558625825359	3	12	6
GO:0001655	urogenital system development	gnathostomata	2.74490972018978	0.0155928528397005	0.0464667014623075	0.0167204613491886	4	15	7
GO:0044092	negative regulation of molecular function	gnathostomata	1.71521623988319	0.0161457464776349	0.048018287927497	0.95303961474625	2	101	20
GO:0050932	regulation of pigment cell differentiation	gnathostomata	2.68389114986339	0.0173871686082595	0.0508121452328711	0.039612868341643	3	11	7
GO:0048546	digestive tract morphogenesis	gnathostomata	1.9757847585386	0.0173920765562176	0.0508121452328711	0.00973371402314884	7	40	13
GO:0050935	iridophore differentiation	gnathostomata	2.1998830599272	0.0180996386123261	0.0527758542707747	0.00106158575937198	6	19	10
GO:0030177	positive regulation of Wnt signaling pathway	gnathostomata	1.6365972596942	0.0193944370636892	0.0554658564777292	0.024708093093767	9	74	22
GO:0141091	transforming growth factor beta receptor superfamily signaling pathway	gnathostomata	1.34214225149831	0.0202753887073203	0.057325102796788	0.00250727283222639	21	201	55
GO:0060419	heart growth	gnathostomata	2.20351894175518	0.0239026495959182	0.0666736912240795	0.00726297638759697	6	28	9
GO:0009060	aerobic respiration	gnathostomata	1.48209505044654	0.0246282048047212	0.0684627335056617	0.0335524619804359	14	151	30
GO:0001889	liver development	gnathostomata	1.37324747769707	0.0281202770120127	0.0771862221065306	0.00809636275138824	17	166	42
GO:0007276	gamete generation	gnathostomata	1.37900768346927	0.0281289386602994	0.0771862221065306	0.0291655777357096	18	210	41
GO:0007178	cell surface receptor protein serine/threonine kinase signaling pathway	gnathostomata	1.29860059341469	0.0291892860912896	0.0799485960956277	0.000327623967068978	25	224	59
GO:0045664	regulation of neuron differentiation	gnathostomata	1.5249895257339	0.0310123566702563	0.0844760720999668	0.000253291486465498	12	64	24
GO:0048919	posterior lateral line neuromast development	gnathostomata	1.73154463309162	0.0313489138831534	0.0852370103757272	0.00754307413646817	7	38	15
GO:0060038	cardiac muscle cell proliferation	gnathostomata	2.20713768565865	0.0317643077151636	0.0862091411577299	0.0124543723025287	5	22	8
GO:0060581	cell fate commitment involved in pattern specification	gnathostomata	2.8691277860475	0.0323665219586823	0.0876838503971576	0.00790778493347744	4	12	5
GO:0051094	positive regulation of developmental process	gnathostomata	1.22588587811583	0.0326044827364565	0.088027346533607	3.04815846161096e-08	40	294	89
GO:0072176	nephric duct development	gnathostomata	2.07956512538291	0.0327068722715784	0.0881252073863505	0.00690550001111436	5	19	9
GO:0014855	striated muscle cell proliferation	gnathostomata	2.07880550753545	0.0327704881498529	0.088137233471626	0.00991449251478374	6	30	9
GO:0030218	erythrocyte differentiation	gnathostomata	1.44221596958469	0.0358692480431387	0.0954378206862083	0.0388930425986012	13	139	29
GO:0006085	acetyl-CoA biosynthetic process	gnathostomata	2.27723290191817	0.0372973383226126	0.0988844023144001	0.0287983574158531	4	18	7
GO:0034101	erythrocyte homeostasis	gnathostomata	1.4329858064273	0.03836614199622	0.101177967388261	0.0443052262230136	13	142	29
GO:0010720	positive regulation of cell development	gnathostomata	1.38928264469741	0.0387064998445081	0.101715493418549	6.43902150170046e-08	19	79	34
GO:0048332	mesoderm morphogenesis	gnathostomata	1.56184292807069	0.0415068494813939	0.108691046972367	0.0474586618289586	7	57	19
GO:0033500	carbohydrate homeostasis	gnathostomata	1.6916826128166	0.0428594901329974	0.111449634028213	0.0190026844669782	7	46	14
GO:0042593	glucose homeostasis	gnathostomata	1.6916826128166	0.0428594901329974	0.111449634028213	0.0190026844669782	7	46	14
GO:0048892	lateral line nerve development	gnathostomata	2.19459559811336	0.0439093122865775	0.113584852963542	0.00442087701816352	5	17	7
GO:0055017	cardiac muscle tissue growth	gnathostomata	2.04837099620306	0.0456039818821747	0.117560437723945	0.0170226410738338	5	24	8
GO:0035384	thioester biosynthetic process	gnathostomata	1.85695747631148	0.0478918255317804	0.121772730447701	0.0150660312297721	6	33	10
GO:0071616	acyl-CoA biosynthetic process	gnathostomata	1.85695747631148	0.0478918255317804	0.121772730447701	0.0150660312297721	6	33	10
GO:0019953	sexual reproduction	gnathostomata	1.26460258729606	0.0504012487642446	0.126640574466652	0.00905022726012214	28	337	55
GO:0009755	hormone-mediated signaling pathway	gnathostomata	1.40391519656235	0.0505336609236874	0.126692781892944	0.0257326924032494	10	88	28
GO:0061008	hepaticobiliary system development	gnathostomata	1.31113933477057	0.0509675073565748	0.127418768391437	0.0113197492852062	17	172	42
GO:0006417	regulation of translation	gnathostomata	1.34107264166997	0.0543335819673205	0.134703888737617	0.00126468616873087	19	163	35
GO:0048609	multicellular organismal reproductive process	gnathostomata	1.30119046643126	0.058254856768548	0.143233888754351	0.0467315219939703	18	223	41
GO:0035844	cloaca development	gnathostomata	2.34812626888237	0.0650150362733089	0.157260396180569	0.0483558625825359	3	12	5
GO:0033002	muscle cell proliferation	gnathostomata	1.77905985744059	0.0718473421199538	0.17128406361397	0.0170035536842907	6	34	9
GO:0060070	canonical Wnt signaling pathway	gnathostomata	1.248903276192	0.0720435860100744	0.171477544976056	0.000136938259372396	24	198	49
GO:0030522	intracellular receptor signaling pathway	gnathostomata	1.35468205521151	0.074909590937947	0.177600182375317	0.0196614049510352	11	97	27
GO:0009896	positive regulation of catabolic process	gnathostomata	1.29234986372242	0.0907393930072498	0.208967071995057	0.0234266067071257	14	143	32
GO:0048918	posterior lateral line nerve development	gnathostomata	1.9313030354486	0.0949581576269054	0.217338947563885	0.0167204613491886	4	15	6
GO:0035265	organ growth	gnathostomata	1.56757027464463	0.0995161177716805	0.227421802883135	0.0206133385082036	7	47	11
GO:0045666	positive regulation of neuron differentiation	gnathostomata	1.65058263784444	0.101486618046956	0.231133201248709	0.0124543723025287	5	22	9
GO:0050769	positive regulation of neurogenesis	gnathostomata	1.31503476827317	0.101605534777117	0.231133201248709	1.73893720199076e-05	13	57	26
GO:0043473	pigmentation	gnathostomata	1.24412543791303	0.105657325548725	0.23858517664718	0.00103114995800695	19	160	38
GO:0022414	reproductive process	gnathostomata	1.17824508180599	0.112508514187519	0.250205501700601	0.00809636275138824	32	399	61
GO:0014044	Schwann cell development	gnathostomata	1.66084954027593	0.114794107213083	0.253773323067498	0.0453562270836631	4	21	8
GO:0039022	pronephric duct development	gnathostomata	1.7086644469898	0.120866518986895	0.26328649712522	0.0287983574158531	4	18	7
GO:0070372	regulation of ERK1 and ERK2 cascade	gnathostomata	1.41982685915123	0.12523346078639	0.271147082634472	0.00790778493347744	8	49	14
GO:0006206	pyrimidine nucleobase metabolic process	gnathostomata	1.90817894167687	0.125382778479967	0.271147082634472	0.0483558625825359	3	12	5
GO:0042663	regulation of endodermal cell fate specification	gnathostomata	1.67523590893541	0.129957567051826	0.278614064614706	0.0084297905436285	5	20	7
GO:0070371	ERK1 and ERK2 cascade	gnathostomata	1.3864633766104	0.132738892840054	0.283353797036791	0.00328975994340066	9	52	15
GO:0051240	positive regulation of multicellular organismal process	gnathostomata	1.13556280966854	0.135198320762865	0.286551206168804	9.9391535055555e-06	36	320	82
GO:0001714	endodermal cell fate specification	gnathostomata	1.54063395914544	0.136669276082623	0.288437990599304	0.000725166670839475	7	25	9
GO:0021593	rhombomere morphogenesis	gnathostomata	1.64836279712462	0.137786048098653	0.29038360914709	0.00690550001111436	5	19	7
GO:0097475	motor neuron migration	gnathostomata	1.63904725419801	0.140613701479255	0.295090725639563	0.00427422173688382	4	10	7
GO:0021555	midbrain-hindbrain boundary morphogenesis	gnathostomata	1.83411482059608	0.140920970730704	0.29531961517405	0.0483558625825359	3	12	5
GO:0001711	endodermal cell fate commitment	gnathostomata	1.52079932943145	0.144214235804577	0.300951276398908	0.000929739388758421	7	26	9
GO:1903224	regulation of endodermal cell differentiation	gnathostomata	1.56435592136237	0.145375284371415	0.302529428182241	0.0029469892828303	6	23	8
GO:0048846	axon extension involved in axon guidance	gnathostomata	1.5475861831282	0.151483308291183	0.31261790769233	0.0202148060265557	4	16	8
GO:1902284	neuron projection extension involved in neuron projection guidance	gnathostomata	1.5475861831282	0.151483308291183	0.31261790769233	0.0202148060265557	4	16	8
GO:0001704	formation of primary germ layer	gnathostomata	1.27124265473694	0.155675009058295	0.320824015901604	0.000412251462139965	14	89	22
GO:0030099	myeloid cell differentiation	gnathostomata	1.16406722136677	0.168354351579091	0.341754746393523	0.00227131244899235	25	257	46
GO:0001756	somitogenesis	gnathostomata	1.22174311815966	0.177604597793917	0.357609257720184	0.000667419390361519	15	105	26
GO:0061074	regulation of neural retina development	gnathostomata	1.50134060936547	0.190184986415376	0.378338624511228	0.0202148060265557	4	16	7
GO:0031101	fin regeneration	gnathostomata	1.20329249839825	0.192041909801736	0.380437142443556	0.00250727283222639	13	95	27
GO:1903311	regulation of mRNA metabolic process	gnathostomata	1.15391926692953	0.192123870545537	0.380437142443556	0.0164002633434284	18	195	43
GO:0022603	regulation of anatomical structure morphogenesis	gnathostomata	1.10531720706772	0.192153408989769	0.380437142443556	0.015466815316717	26	320	83
GO:0008045	motor neuron axon guidance	gnathostomata	1.30711019602324	0.19231520127823	0.380437142443556	0.0380383505259707	7	54	14
GO:0035675	neuromast hair cell development	gnathostomata	1.44349432612512	0.19558588005187	0.384463009600641	0.0329340858796699	5	29	8
GO:0033365	protein localization to organelle	gnathostomata	1.14446290445138	0.200536942591895	0.392641319923685	0.0432291907460336	23	304	45
GO:0060795	cell fate commitment involved in formation of primary germ layer	gnathostomata	1.36099029178767	0.206215625636892	0.401124389293693	0.00126468616873087	8	36	10
GO:0021514	ventral spinal cord interneuron differentiation	gnathostomata	1.31776029313487	0.207165138586665	0.402445966745933	0.000929739388758421	7	26	12
GO:0061371	determination of heart left/right asymmetry	gnathostomata	1.14472838946588	0.209304563207538	0.405707991872774	0.0129979666093006	20	220	42
GO:0048794	swim bladder development	gnathostomata	1.40279755155018	0.216077537903557	0.417040843881217	0.00618598195119373	6	27	8
GO:0043408	regulation of MAPK cascade	gnathostomata	1.12590994657819	0.220450519176636	0.422199580428261	0.00182832534865434	23	224	49
GO:0050885	neuromuscular process controlling balance	gnathostomata	1.55553590281228	0.221873441609902	0.424379240049748	0.039612868341643	3	11	5
GO:0006376	mRNA splice site recognition	gnathostomata	1.41414141585695	0.230425848782894	0.437926676896061	0.0391780852980119	4	20	7
GO:0010453	regulation of cell fate commitment	gnathostomata	1.33434688705351	0.238138765957939	0.450859925384155	0.0037180674840019	7	33	9
GO:0010629	negative regulation of gene expression	gnathostomata	1.09805548304203	0.23984471459601	0.452938687893606	0.0050387592301815	35	433	65
GO:0051093	negative regulation of developmental process	gnathostomata	1.12761086744487	0.246802737852615	0.463727716772253	0.000246682689550715	22	180	39
GO:0042659	regulation of cell fate specification	gnathostomata	1.33748037757906	0.253333133266051	0.47360899443716	0.00843489203657444	6	29	8
GO:0050767	regulation of neurogenesis	gnathostomata	1.10667532180027	0.290001870161529	0.525672489708854	1.60698627001655e-06	22	129	37
GO:2001222	regulation of neuron migration	gnathostomata	1.30626943896339	0.291848594177469	0.527735928791782	0.039612868341643	3	11	7
GO:0001706	endoderm formation	gnathostomata	1.19670537497717	0.296218927823295	0.534341649463328	0.000800445570414755	10	52	13
GO:0034655	nucleobase-containing compound catabolic process	gnathostomata	1.08658314522514	0.303136817008392	0.544841806203262	0.0339979062402167	23	296	47
GO:0006412	translation	gnathostomata	1.06863953100938	0.31305885606453	0.558631970701976	0.0202148060265557	34	464	64
GO:0002244	hematopoietic progenitor cell differentiation	gnathostomata	1.11094916316479	0.313840161376789	0.559356268482554	0.0131816772316458	15	146	28
GO:0035987	endodermal cell differentiation	gnathostomata	1.22784551824914	0.314719610022283	0.560253547112547	0.00432488940695282	7	34	9
GO:0010628	positive regulation of gene expression	gnathostomata	1.0901926067427	0.323981861184672	0.573317070267412	0.0249718291153819	17	190	36
GO:0051480	regulation of cytosolic calcium ion concentration	gnathostomata	1.32440540761464	0.327329369000848	0.577868198828511	0.0289794311080922	5	28	5
GO:0045596	negative regulation of cell differentiation	gnathostomata	1.09773862327416	0.3553065363202	0.620640960277958	0.0257326924032494	12	116	23
GO:0003170	heart valve development	gnathostomata	1.12116714283458	0.377746670565722	0.652949581372304	0.0124543723025287	7	42	13
GO:0000165	MAPK cascade	gnathostomata	1.04229958240968	0.399409178774166	0.680136772998294	0.00250727283222639	25	259	53
GO:0030903	notochord development	gnathostomata	1.08317773544552	0.403688523616338	0.68585621458192	0.0188711365897154	10	83	17
GO:0009117	nucleotide metabolic process	gnathostomata	1.04076359196532	0.418302967549228	0.705733244716123	0.016323645488515	24	289	42
GO:0001837	epithelial to mesenchymal transition	gnathostomata	1.08102495848643	0.426970664605556	0.716426002547611	0.0206133385082036	7	47	13
GO:0050890	cognition	gnathostomata	1.04890682922075	0.488023636191077	0.789527923913903	0.0289794311080922	5	28	9
GO:0010608	post-transcriptional regulation of gene expression	gnathostomata	1.00755456899879	0.499566576087428	0.801242409440546	0.00132776111820497	29	306	46
GO:0007369	gastrulation	gnathostomata	1.00312775990243	0.508848410063905	0.810835813321393	0.0134300197333808	25	300	56
GO:0040012	regulation of locomotion	gnathostomata	0.99965328886604	0.518124531969356	0.820409726497704	0.000667419390361519	30	307	65
GO:0006163	purine nucleotide metabolic process	gnathostomata	0.98426599933814	0.559898037154842	0.866301220519953	0.0346705199517644	20	247	33
GO:0031290	retinal ganglion cell axon guidance	gnathostomata	0.981303232056126	0.564548057542481	0.872058117229407	0.0190026844669782	7	46	12
GO:0042246	tissue regeneration	gnathostomata	0.975974573617144	0.579203018473611	0.885141023103262	0.00126468616873087	19	163	33
GO:0019725	cellular homeostasis	gnathostomata	0.97390375275818	0.59442376629014	0.90009289814259	0.00152170626250015	31	339	51
GO:0055074	calcium ion homeostasis	gnathostomata	0.958428008603625	0.607540568067027	0.914568478588181	0.0105241510510523	15	142	22
GO:0031099	regeneration	gnathostomata	0.963521361313503	0.619157347917005	0.927892150752296	0.000580083764488653	25	233	45
GO:0090090	negative regulation of canonical Wnt signaling pathway	gnathostomata	0.935906514462007	0.631066617692588	0.939461856377342	0.026169487531321	8	62	13
GO:0060284	regulation of cell development	gnathostomata	0.950724199465896	0.663107625548333	0.973777149188512	1.64086746492199e-06	33	257	53
GO:0030178	negative regulation of Wnt signaling pathway	gnathostomata	0.916878484845337	0.677860251615922	0.982501726563934	0.00208219843117926	13	93	19
GO:0030334	regulation of cell migration	gnathostomata	0.94057239849448	0.691908322147239	0.997934495118081	0.00320492666846195	25	264	53
GO:0006874	intracellular calcium ion homeostasis	gnathostomata	0.908502363341876	0.692536652014538	0.997934495118081	0.0252950706690284	13	130	19
GO:0051962	positive regulation of nervous system development	gnathostomata	0.914504720771629	0.704738022237683	1	0.000140956052454622	14	80	27
GO:0006753	nucleoside phosphate metabolic process	gnathostomata	0.929872276106475	0.719851367447082	1	0.00548804756737661	33	403	52
GO:0040011	locomotion	gnathostomata	0.940581028040359	0.722124282454677	1	0.00303824213865168	36	434	77
GO:0060828	regulation of canonical Wnt signaling pathway	gnathostomata	0.884138680377345	0.750133680326962	1	0.01387491046811	14	133	23
GO:0002040	sprouting angiogenesis	gnathostomata	0.892069869151712	0.752465818308013	1	0.017745970426829	15	152	28
GO:0060536	cartilage morphogenesis	gnathostomata	0.823799363440993	0.761735696656363	1	0.0170035536842907	6	34	9
GO:0055086	nucleobase-containing small molecule metabolic process	gnathostomata	0.913610110287085	0.766198653008977	1	0.00555573501569251	35	436	54
GO:0097553	calcium ion transmembrane import into cytosol	gnathostomata	0.835243119714976	0.770286743319063	1	0.0133770676582823	9	66	12
GO:0072521	purine-containing compound metabolic process	gnathostomata	0.894134853882784	0.784592397207146	1	0.0387719426460861	26	351	41
GO:0051246	regulation of protein metabolic process	gnathostomata	0.90743709106709	0.785575957023095	1	0.00913360337442206	33	419	56
GO:0007610	behavior	gnathostomata	0.904263294009559	0.793472456103213	1	0.00611899461234426	28	326	56
GO:0050772	positive regulation of axonogenesis	gnathostomata	0.787745146632617	0.793894215052421	1	0.0329340858796699	5	29	8
GO:0048675	axon extension	gnathostomata	0.837321289064305	0.804238697218088	1	0.00605873950997884	11	81	18
GO:2000145	regulation of cell motility	gnathostomata	0.891025312794354	0.81877546998244	1	0.00792324978204913	25	286	53
GO:0055082	intracellular chemical homeostasis	gnathostomata	0.871934573110215	0.819554473594402	1	0.00964982915807327	24	275	37
GO:1902532	negative regulation of intracellular signal transduction	gnathostomata	0.855758661825108	0.83366901040858	1	0.0291719988520209	19	226	32
GO:0070509	calcium ion import	gnathostomata	0.714565554958946	0.842812335056017	1	0.0462221898180966	5	32	6
GO:0048638	regulation of developmental growth	gnathostomata	0.796857796910971	0.848322071473331	1	0.0289794311080922	10	90	16
GO:1990138	neuron projection extension	gnathostomata	0.800934777130308	0.860820437353501	1	0.00501400264209055	12	91	19
GO:0048589	developmental growth	gnathostomata	0.882283572198505	0.872658178849058	1	1.18687965443362e-06	43	383	72
GO:0051960	regulation of nervous system development	gnathostomata	0.838457793762077	0.886691186291893	1	2.8204401174855e-06	25	167	40
GO:0048511	rhythmic process	gnathostomata	0.798763257616373	0.892275116321506	1	0.0403117534183031	13	140	25
GO:0001525	angiogenesis	gnathostomata	0.855498800730831	0.909667325721804	1	0.00134257670974357	33	367	64
GO:0055080	monoatomic cation homeostasis	gnathostomata	0.810320795745698	0.912127787771872	1	0.00690550001111436	25	282	35
GO:0040007	growth	gnathostomata	0.861095483531609	0.915604460722267	1	1.00628977677023e-06	45	407	74
GO:0048588	developmental cell growth	gnathostomata	0.75243584503555	0.92130574752647	1	0.00516584077084004	13	104	20
GO:0048514	blood vessel morphogenesis	gnathostomata	0.857542520778962	0.926575828464601	1	6.62615873723431e-05	43	454	78
GO:0040008	regulation of growth	gnathostomata	0.728855220009845	0.937711314496839	1	0.01387491046811	13	119	19
GO:0016049	cell growth	gnathostomata	0.750599814396225	0.939420360346792	1	0.00186904934073775	16	129	24
GO:0050801	monoatomic ion homeostasis	gnathostomata	0.780023613147033	0.945123083856626	1	0.0134300197333808	25	300	35
GO:0006873	intracellular monoatomic ion homeostasis	gnathostomata	0.738796025406028	0.958056918461621	1	0.0284840113924329	20	241	27
GO:0030003	intracellular monoatomic cation homeostasis	gnathostomata	0.738796025406028	0.958056918461621	1	0.0284840113924329	20	241	27
GO:0048878	chemical homeostasis	gnathostomata	0.803445699439953	0.959654110545613	1	0.00348158336289677	37	454	55
GO:0098771	inorganic ion homeostasis	gnathostomata	0.734101989814327	0.963752203847573	1	0.026169487531321	21	255	28
GO:0060560	developmental growth involved in morphogenesis	gnathostomata	0.732435588143162	0.964808572764261	1	0.00278583797662862	18	161	28
GO:0040017	positive regulation of locomotion	gnathostomata	0.696568752127089	0.970102268867029	1	0.0370846644840679	13	138	22
GO:0001558	regulation of cell growth	gnathostomata	0.599193634860238	0.974893187387345	1	0.0464253802285592	8	70	11
GO:0050770	regulation of axonogenesis	gnathostomata	0.583596482378667	0.980455111128389	1	0.0243631520428369	8	61	11
GO:0043410	positive regulation of MAPK cascade	gnathostomata	0.62846894406134	0.986794068760653	1	0.0336288713933978	13	136	18
GO:0070588	calcium ion transmembrane transport	gnathostomata	0.618567215692253	0.992180184504393	1	0.0131103831883842	17	175	20
GO:0010975	regulation of neuron projection development	gnathostomata	0.64217826653979	0.995428007853917	1	0.00622582283396536	16	147	28
GO:0007156	homophilic cell adhesion via plasma membrane adhesion molecules	gnathostomata	0.645212187638218	0.996147988791147	1	0.000148294939877524	21	161	30
GO:0007411	axon guidance	gnathostomata	0.709652033034837	0.997421286025491	1	0.000558467113058941	29	289	56
GO:0097485	neuron projection guidance	gnathostomata	0.709652033034837	0.997421286025491	1	0.000558467113058941	29	289	56
GO:0098609	cell-cell adhesion	gnathostomata	0.73408468904988	0.998873681650811	1	0.00171112318383003	38	451	83
GO:0006816	calcium ion transport	gnathostomata	0.542230691817948	0.999135662908728	1	0.0407529894773227	17	203	20
GO:0007409	axonogenesis	gnathostomata	0.708477388001853	0.999579990579099	1	9.21303453479051e-06	46	459	79
GO:0098742	cell-cell adhesion via plasma-membrane adhesion molecules	gnathostomata	0.549347361739857	0.999924459888159	1	0.000624773754291736	22	193	31
GO:0007416	synapse assembly	gnathostomata	0.382118142622147	0.999994140554367	1	0.0166512242059127	12	108	14
GO:0034330	cell junction organization	gnathostomata	0.501559504596757	0.999999990864298	1	0.00593833278034736	31	373	50
GO:0050808	synapse organization	gnathostomata	0.420275428386492	0.999999992022957	1	0.000555390365010504	25	232	30
