gene	observed	raw_count	domain_width	expected	obs_exp	per_100kb	fdr	rank_raw_domain_count	rank_domain_normalised	rank_change	is_ohnologue
hmgb1a	4	4	11168	0.014062558847821944	284.44325412508647	35.816618911174785	1.3292551794582788e-5	28	1	27	TRUE
bud31	2	2	6000	0.007555099667526116	264.72185517241377	33.333333333333336	0.020014340182406044	168	2	166	FALSE
pdap1b	2	NA	6000	0.007555099667526116	264.72185517241377	33.333333333333336	0.020014340182406044	168	2	166	TRUE
cpsf6	2	NA	6000	0.007555099667526116	264.72185517241377	33.333333333333336	0.020014340182406044	168	2	166	FALSE
hspa14	2	2	6000	0.007555099667526116	264.72185517241377	33.333333333333336	0.020014340182406044	168	2	166	FALSE
opn1lw2	2	1	6000	0.007555099667526116	264.72185517241377	33.333333333333336	0.020014340182406044	168	2	166	FALSE
LOC108192084	2	1	6000	0.007555099667526116	264.72185517241377	33.333333333333336	0.020014340182406044	168	2	166	FALSE
LOC108192085	2	1	6000	0.007555099667526116	264.72185517241377	33.333333333333336	0.020014340182406044	168	2	166	FALSE
LOC101884096	2	1	6000	0.007555099667526116	264.72185517241377	33.333333333333336	0.020014340182406044	168	2	166	FALSE
LOC100538188	2	1	6000	0.007555099667526116	264.72185517241377	33.333333333333336	0.020014340182406044	168	2	166	FALSE
psmb9a	2	NA	6000	0.007555099667526116	264.72185517241377	33.333333333333336	0.020014340182406044	168	2	166	TRUE
tap2a	2	NA	6000	0.007555099667526116	264.72185517241377	33.333333333333336	0.020014340182406044	168	2	166	TRUE
ora1	2	2	6000	0.007555099667526116	264.72185517241377	33.333333333333336	0.020014340182406044	168	2	166	FALSE
zgc:153713	2	NA	6000	0.007555099667526116	264.72185517241377	33.333333333333336	0.020014340182406044	168	2	166	FALSE
pola1	2	1	6000	0.007555099667526116	264.72185517241377	33.333333333333336	0.020014340182406044	168	2	166	FALSE
aag-211	2	NA	6057	0.0076268731143676145	262.23066386568973	33.01964668978042	0.020014340182406044	168	16	152	FALSE
LOC103908739	2	2	6071	0.007644501680258507	261.6259481196645	32.94350189425136	0.020014340182406044	168	17	151	FALSE
LOC137487555	2	2	6071	0.007644501680258507	261.6259481196645	32.94350189425136	0.020014340182406044	168	17	151	FALSE
pcdh2g3	4	NA	12230	0.015399811488974065	259.7434392533905	32.70645952575634	1.4322208202507814e-5	28	19	9	FALSE
pcdh2g2	4	NA	12230	0.015399811488974065	259.7434392533905	32.70645952575634	1.4322208202507814e-5	28	19	9	FALSE
rras	2	1	6255	0.007876191403395976	253.92983709584055	31.974420463629098	0.020951642571808145	168	21	147	FALSE
foxd3	2	1	6720	0.00846171162762925	236.35879926108376	29.761904761904763	0.023528502038083522	168	22	146	FALSE
LOC141375058	2	2	6842	0.008615331987535613	232.14427521696624	29.231218941829876	0.023754614647941787	168	23	145	FALSE
atad3	2	2	7892	0.009937474429352684	201.2583795025954	25.34211860111505	0.029651767858508638	168	24	144	FALSE
hoxd11a	2	2	8563	0.010782386408837687	185.48769485396272	23.356300362022655	0.03326591331522805	168	25	143	TRUE
si:ch73-233f7.7	5	2	21620	0.027223542468652436	183.66456186800218	23.12673450508788	6.022818435632799e-6	16	26	-10	FALSE
dnajc8	2	1	8982	0.011309984202286596	176.83490659479878	22.266755733689603	0.036167653747146714	168	27	141	FALSE
LOC141378777	3	NA	13589	0.01711104156366873	175.32538792786255	22.076679667378023	0.002071480991440011	70	28	42	FALSE
rbm15	4	5	18143	0.022845362211321055	175.09024208063525	22.04707049550791	5.014823113933934e-5	28	29	-1	FALSE
zmp:0000001082	3	NA	14031	0.01766760057250982	169.8023445621641	21.381227282446012	0.0021130258196773548	70	30	40	FALSE
lrtm2a	2	2	9801	0.012341255306903911	162.05806866998088	20.40608101214162	0.04160002942668303	168	31	137	TRUE
porcn	2	NA	9912	0.012481024650753143	160.24325373632797	20.177562550443906	0.042076166105284675	168	32	136	FALSE
drd4-rs	3	NA	15184	0.019119438891952757	156.90837042621996	19.75763962065332	0.002275526910911217	70	33	37	FALSE
cdnf	2	NA	10691	0.013461928424253618	148.56712478107593	18.707323917313627	0.04812665705887032	168	34	134	FALSE
ftr82	2	2	10837	0.013645769182830086	146.56557451642362	18.45529205499677	0.04865288426448081	168	35	133	FALSE
fbxo42	2	NA	11206	0.014110407812382942	141.73934776320567	17.84758165268606	0.051459034685178595	168	36	132	FALSE
LOC141375947	5	NA	28453	0.035827541806686757	139.55743955246223	17.572839419393386	6.612069156513689e-6	16	37	-21	FALSE
pcdh2g12	3	NA	17814	0.022431090912885036	133.7429379449716	16.840687100033684	0.003272751895485078	70	38	32	FALSE
cep97	1	NA	6000	0.007555099667526116	132.36092758620688	16.666666666666668	0.9389850967623983	564	39	525	FALSE
mgarpb	1	NA	6000	0.007555099667526116	132.36092758620688	16.666666666666668	0.9389850967623983	564	39	525	TRUE
lias	1	NA	6000	0.007555099667526116	132.36092758620688	16.666666666666668	0.9389850967623983	564	39	525	FALSE
alg11	1	NA	6000	0.007555099667526116	132.36092758620688	16.666666666666668	0.9389850967623983	564	39	525	FALSE
serhl	1	NA	6000	0.007555099667526116	132.36092758620688	16.666666666666668	0.9389850967623983	564	39	525	FALSE
zgc:66388	1	NA	6000	0.007555099667526116	132.36092758620688	16.666666666666668	0.9389850967623983	564	39	525	FALSE
mfap4.5	1	NA	6000	0.007555099667526116	132.36092758620688	16.666666666666668	0.9389850967623983	564	39	525	FALSE
angptl1b	1	NA	6000	0.007555099667526116	132.36092758620688	16.666666666666668	0.9389850967623983	564	39	525	TRUE
LOC137488409	1	NA	6000	0.007555099667526116	132.36092758620688	16.666666666666668	0.9389850967623983	564	39	525	FALSE
LOC137488422	1	NA	6000	0.007555099667526116	132.36092758620688	16.666666666666668	0.9389850967623983	564	39	525	FALSE
ece2a	1	NA	6000	0.007555099667526116	132.36092758620688	16.666666666666668	0.9389850967623983	564	39	525	TRUE
LOC141381223	1	NA	6000	0.007555099667526116	132.36092758620688	16.666666666666668	0.9389850967623983	564	39	525	FALSE
bik	1	NA	6000	0.007555099667526116	132.36092758620688	16.666666666666668	0.9389850967623983	564	39	525	FALSE
c2cd2l	1	NA	6000	0.007555099667526116	132.36092758620688	16.666666666666668	0.9389850967623983	564	39	525	FALSE
ttc33	1	NA	6000	0.007555099667526116	132.36092758620688	16.666666666666668	0.9389850967623983	564	39	525	FALSE
tprn	1	1	6000	0.007555099667526116	132.36092758620688	16.666666666666668	0.9389850967623983	564	39	525	FALSE
opn1mw2	1	NA	6000	0.007555099667526116	132.36092758620688	16.666666666666668	0.9389850967623983	564	39	525	FALSE
tifa	1	NA	6000	0.007555099667526116	132.36092758620688	16.666666666666668	0.9389850967623983	564	39	525	TRUE
rbm4.2	1	NA	6000	0.007555099667526116	132.36092758620688	16.666666666666668	0.9389850967623983	564	39	525	FALSE
LOC141375412	1	1	6000	0.007555099667526116	132.36092758620688	16.666666666666668	0.9389850967623983	564	39	525	FALSE
LOC141375108	1	NA	6000	0.007555099667526116	132.36092758620688	16.666666666666668	0.9389850967623983	564	39	525	FALSE
znf142	1	NA	6000	0.007555099667526116	132.36092758620688	16.666666666666668	0.9389850967623983	564	39	525	FALSE
LOC141376485	1	NA	6000	0.007555099667526116	132.36092758620688	16.666666666666668	0.9389850967623983	564	39	525	FALSE
gca-10	1	NA	6000	0.007555099667526116	132.36092758620688	16.666666666666668	0.9389850967623983	564	39	525	FALSE
gca-11	1	NA	6000	0.007555099667526116	132.36092758620688	16.666666666666668	0.9389850967623983	564	39	525	FALSE
mir726	1	NA	6000	0.007555099667526116	132.36092758620688	16.666666666666668	0.9389850967623983	564	39	525	FALSE
LOC141376611	1	NA	6000	0.007555099667526116	132.36092758620688	16.666666666666668	0.9389850967623983	564	39	525	FALSE
tex264b	1	NA	6000	0.007555099667526116	132.36092758620688	16.666666666666668	0.9389850967623983	564	39	525	TRUE
phf3	1	NA	6000	0.007555099667526116	132.36092758620688	16.666666666666668	0.9389850967623983	564	39	525	FALSE
stag3	1	NA	6000	0.007555099667526116	132.36092758620688	16.666666666666668	0.9389850967623983	564	39	525	FALSE
pcdh2ab9	1	NA	6000	0.007555099667526116	132.36092758620688	16.666666666666668	0.9389850967623983	564	39	525	FALSE
LOC137487633	1	1	6000	0.007555099667526116	132.36092758620688	16.666666666666668	0.9389850967623983	564	39	525	FALSE
LOC108192083	1	1	6000	0.007555099667526116	132.36092758620688	16.666666666666668	0.9389850967623983	564	39	525	FALSE
LOC137487556	1	1	6000	0.007555099667526116	132.36092758620688	16.666666666666668	0.9389850967623983	564	39	525	FALSE
LOC100150033	1	1	6000	0.007555099667526116	132.36092758620688	16.666666666666668	0.9389850967623983	564	39	525	FALSE
LOC108192086	1	1	6000	0.007555099667526116	132.36092758620688	16.666666666666668	0.9389850967623983	564	39	525	FALSE
LOC100334341	1	1	6000	0.007555099667526116	132.36092758620688	16.666666666666668	0.9389850967623983	564	39	525	FALSE
pcdha8l	1	NA	6000	0.007555099667526116	132.36092758620688	16.666666666666668	0.9389850967623983	564	39	525	FALSE
LOC137488379	1	NA	6000	0.007555099667526116	132.36092758620688	16.666666666666668	0.9389850967623983	564	39	525	FALSE
LOC137488377	1	1	6000	0.007555099667526116	132.36092758620688	16.666666666666668	0.9389850967623983	564	39	525	FALSE
akap9	1	NA	6000	0.007555099667526116	132.36092758620688	16.666666666666668	0.9389850967623983	564	39	525	FALSE
fam114a2	1	NA	6000	0.007555099667526116	132.36092758620688	16.666666666666668	0.9389850967623983	564	39	525	FALSE
bysl	1	NA	6000	0.007555099667526116	132.36092758620688	16.666666666666668	0.9389850967623983	564	39	525	FALSE
LOC137489191	1	NA	6000	0.007555099667526116	132.36092758620688	16.666666666666668	0.9389850967623983	564	39	525	FALSE
nmnat1-rbp7a	1	NA	6000	0.007555099667526116	132.36092758620688	16.666666666666668	0.9389850967623983	564	39	525	TRUE
LOC141380535	1	NA	6000	0.007555099667526116	132.36092758620688	16.666666666666668	0.9389850967623983	564	39	525	FALSE
dcaf11	1	NA	6000	0.007555099667526116	132.36092758620688	16.666666666666668	0.9389850967623983	564	39	525	FALSE
napepld	2	NA	12004	0.015115236068163916	132.3168219788806	16.661112962345886	0.057792813329149595	168	86	82	FALSE
sprtn	1	1	6113	0.007697387377931191	129.9142099651957	16.35858007524947	0.9528885111891386	564	87	477	FALSE
dhx16	2	1	12259	0.015436327804033775	129.56449392564505	16.31454441634717	0.05964647974364918	168	88	80	FALSE
tmem43	2	1	12331	0.01552698900004409	128.80797429523014	16.21928472954343	0.05973598146195536	168	89	79	FALSE
hoxb7a	1	NA	6212	0.007822046522445373	127.84378066922751	16.097875080489374	0.9627295649143757	564	90	474	TRUE
hoxd9a	1	1	6223	0.007835897538502503	127.61779937606322	16.069419893941827	0.9627295649143757	564	91	473	TRUE
ora2	2	NA	12573	0.015831711353300974	126.32873069549693	15.907102521275748	0.06147016420585569	168	92	76	FALSE
zic5	1	NA	6425	0.008090252560642549	123.6055354890648	15.56420233463035	0.9840621232736685	564	93	471	FALSE
ugt5a4	2	1	12961	0.016320274465134333	122.54695864782676	15.43090810894221	0.06278979148999803	168	94	74	FALSE
timm29	1	NA	6525	0.00821617088843465	121.71119778042014	15.32567049808429	0.9919855084767667	564	95	469	FALSE
eif3hb	1	NA	6525	0.00821617088843465	121.71119778042014	15.32567049808429	0.9919855084767667	564	95	469	TRUE
pcdh2aa15	1	NA	6560	0.008260242303161885	121.06182401177462	15.243902439024389	0.9936085787226299	564	97	467	FALSE
hectd3	1	1	6610	0.008323201467057938	120.14607647764619	15.1285930408472	0.9936085787226299	564	98	466	FALSE
pcdh2ab7	1	NA	6621	0.00833705248311507	119.94646813430619	15.103458692040476	0.9936085787226299	564	99	465	FALSE
ifi27.7	1	NA	6632	0.0083509034991722	119.74752194168296	15.078407720144751	0.9936085787226299	564	100	464	FALSE
olfch1	2	NA	13337	0.016793727377632635	119.09208450434751	14.995876134063135	0.06583177287515425	168	101	67	FALSE
mbd4	3	NA	20122	0.02533728591832675	118.40257909510606	14.90905476592784	0.004392727703161106	70	102	-32	FALSE
gapdh	2	2	13424	0.016903276322811762	118.32025707944598	14.898688915375446	0.06605944404787256	168	103	65	FALSE
rnf139	1	1	6755	0.008505783042356484	117.56707113504686	14.803849000740193	1	564	104	460	FALSE
ucu-186	2	NA	13547	0.01705815586599605	117.24596818738337	14.763416254521296	0.06663994399855672	168	105	63	FALSE
fem1a	1	1	6781	0.008538521807582432	117.11629044642993	14.74708745022858	1	564	106	458	TRUE
brk1	1	NA	6820	0.00858762995542135	116.44656385883306	14.66275659824047	1	564	107	457	FALSE
LOC141378585	1	1	6825	0.008593925871810957	116.36125502084121	14.652014652014651	1	564	108	456	FALSE
esm1	1	1	6899	0.008687105434377111	115.11314183464872	14.494854326714018	1	564	109	455	FALSE
chd5	1	1	6904	0.008693401350766716	115.02977484316939	14.484356894553882	1	564	110	454	FALSE
pcdh2aa1	3	5	20778	0.026163310148642937	114.66439005446743	14.438348252959862	0.004406727786352216	70	111	-41	FALSE
folr	3	NA	20798	0.02618849381420136	114.55412523087432	14.424463890758727	0.004406727786352216	70	112	-42	FALSE
lman2	2	2	13947	0.017561829177164458	113.88335348350775	14.340001434000142	0.06995591656328981	168	113	55	FALSE
sema7a	1	NA	6998	0.008811764578891294	113.48464783041459	14.289797084881394	1	564	114	450	TRUE
mir93	1	NA	7070	0.008902425774901607	112.32893430229721	14.144271570014144	1	564	115	449	FALSE
hnrnpl	4	2	28314	0.03565251533105574	112.194047540756	14.127286854559582	2.698953043369331e-4	28	116	-88	FALSE
LOC101885347	1	NA	7152	0.00900567880369113	111.0410466327239	13.982102908277405	1	564	117	447	FALSE
crybb1	2	2	14572	0.018348818725865093	108.99884237129308	13.724951962668131	0.07493847638546162	168	118	50	FALSE
nf2b	1	1	7340	0.009242405259940282	108.19694353095932	13.623978201634877	1	564	119	445	TRUE
si:ch211-284e13.4	2	2	14687	0.018493624802826007	108.14537557258004	13.617484850548104	0.07543286321267419	168	120	48	FALSE
vps52	3	NA	22530	0.028369399251560564	105.74774507553148	13.315579227696405	0.0052378024766892	70	121	-51	FALSE
LOC141376488	1	NA	7547	0.009503056198469933	105.22930509039902	13.250298131707964	1	564	122	442	FALSE
ciroz	1	1	7614	0.00958742147809064	104.3033314312111	13.133701076963488	1	564	123	441	FALSE
tardbpa	1	1	7642	0.00962267860987243	103.92116795567146	13.08557969118032	1	564	124	440	TRUE
psmc2	1	NA	7709	0.009707043889493137	103.01797451254915	12.971851083149565	1	564	125	439	FALSE
slc34a2aas	1	NA	7812	0.009836739767119003	101.65969860691774	12.800819252432156	1	564	126	438	FALSE
arl11	2	1	15684	0.019749030530913265	101.27079386855922	12.751849018107626	0.08296033899326856	168	127	41	FALSE
acvr1bb	1	NA	7858	0.00989466219790337	101.06459220122696	12.725884448969204	1	564	128	436	TRUE
camk2n2	1	1	7864	0.009902217297570896	100.9874828989371	12.71617497456765	1	564	129	435	FALSE
hcar1-1	1	NA	7896	0.009942511162464368	100.578212451525	12.664640324214792	1	564	130	434	FALSE
anp32b	1	2	7913	0.009963917278189027	100.36213389577168	12.637432073802602	1	564	131	433	TRUE
zdhhc16a	1	NA	7939	0.009996656043414973	100.0334507516364	12.596044841919637	1	564	132	432	TRUE
pgam1a	1	1	7939	0.009996656043414973	100.0334507516364	12.596044841919637	1	564	132	432	TRUE
cpsf4	2	NA	15910	0.020033605951723415	99.83225210776133	12.57071024512885	0.08461645989053337	168	134	34	FALSE
rbm4.3	1	1	7968	0.01003317235847468	99.66937318238472	12.550200803212851	1	564	135	429	FALSE
foxf1	2	2	16188	0.02038365890298546	98.11781140563892	12.354830738818878	0.08683041749357827	168	136	32	FALSE
LOC141378948	1	NA	8191	0.010313970229451068	96.95587419329037	12.208521548040533	1	564	137	427	FALSE
gsdf	1	NA	8192	0.01031522941272899	96.94403875942888	12.207031249999998	1	564	138	426	FALSE
pnpla7b	1	NA	8218	0.010347968177954936	96.6373284883477	12.168410805548795	1	564	139	425	TRUE
nup133	1	NA	8234	0.010368115110401673	96.44954645582237	12.144765606023805	1	564	140	424	FALSE
dnajb4	1	1	8256	0.010395817142515935	96.1925345829992	12.112403100775195	1	564	141	423	FALSE
LOC141377656	4	NA	33152	0.04174444402963763	95.8211348355745	12.065637065637066	4.326843194834967e-4	28	142	-114	FALSE
spc24	2	NA	16680	0.0210031770757226	95.22368891094023	11.990407673860911	0.09092946743846234	168	143	25	FALSE
prrg2	1	NA	8416	0.010597286466983298	94.36377917267602	11.88212927756654	1	564	144	420	FALSE
zgc:152986	1	NA	8469	0.010664023180713113	93.77323952264038	11.807769512339119	1	564	145	419	FALSE
pgp	1	1	8479	0.010676615013492322	93.662644830433	11.793843613633683	1	564	146	418	FALSE
prss12	1	1	8547	0.010762239476390953	92.91746408298131	11.7000117000117	1	564	147	417	FALSE
zgc:77748	1	1	8668	0.010914600653019395	91.62039288385341	11.536686663590217	1	564	148	416	FALSE
si:ch73-30b17.2	1	1	8724	0.010985114916582973	91.0322748185742	11.462631820265933	1	564	149	415	FALSE
smim1	1	NA	8730	0.010992670016250497	90.96970968124187	11.45475372279496	1	564	150	414	FALSE
LOC137496161	1	1	8746	0.011012816948697235	90.80328899122357	11.43379830779785	1	564	151	413	FALSE
si:dkey-184p9.7	1	NA	8769	0.011041778164089418	90.56512322012104	11.403808872163301	1	564	152	412	FALSE
srsf1a	1	NA	8790	0.011068221012925759	90.34875603154055	11.376564277588168	1	564	153	411	TRUE
si:dkey-204f11.64	1	NA	8836	0.011126143443710126	89.87840261625638	11.317338162064283	1	564	154	410	FALSE
LOC108179658	1	NA	8896	0.011201694440385388	89.27220835400645	11.241007194244604	1	564	155	409	FALSE
ulk2	1	NA	8923	0.011235692388889254	89.00208063624805	11.20699316373417	1	564	156	408	FALSE
klhl42	1	NA	8951	0.011270949520671043	88.72366948019678	11.171936096525528	1	564	157	407	FALSE
ing2	1	1	9007	0.01134146378423462	88.17204013736443	11.102475852115022	1	564	158	406	FALSE
exosc6	1	1	9025	0.011364129083237199	87.99618454484668	11.0803324099723	1	564	159	405	FALSE
lzic	1	1	9049	0.011394349481907304	87.76279870894479	11.05094485578517	1	564	160	404	FALSE
LOC108192077	2	NA	18121	0.022817660179206792	87.65140616050343	11.036918492356934	0.10249695185350415	168	161	7	FALSE
cenps	2	NA	18370	0.023131196815409125	86.46331687721735	10.887316276537833	0.10363955259601694	168	162	6	FALSE
LOC141380531	2	NA	18583	0.023399402853606303	85.47226664340971	10.762524888338804	0.1045016911438054	168	163	5	FALSE
LOC141379991	2	1	18786	0.02365501705902427	84.54866022753555	10.646225912913872	0.10508050778692025	168	164	4	FALSE
kptn	3	1	28314	0.03565251533105574	84.145535655567	10.595465140919686	0.008886076444723322	70	165	-95	FALSE
tmed9	2	NA	18880	0.023773380287148843	84.12770821157218	10.593220338983052	0.10508050778692025	168	166	2	FALSE
yeats4	2	NA	19090	0.02403780877551226	83.20225935225159	10.476689366160294	0.10508050778692025	168	167	1	FALSE
si:ch73-352p4.8	2	NA	19095	0.024044104691901862	83.18047295284016	10.473946059177795	0.10508050778692025	168	168	0	FALSE
mst1	2	NA	19189	0.02416246792002644	82.77300177364546	10.422637969670124	0.10508050778692025	168	169	-1	FALSE
acad8	1	NA	9625	0.01211963904998981	82.51070810568741	10.38961038961039	1	564	170	394	FALSE
zbtb34	1	NA	9737	0.012260667577116965	81.56162735105694	10.270103728047653	1	564	171	393	FALSE
yipf4	1	NA	9747	0.012273259409896176	81.47794865263582	10.259567046270647	1	564	172	392	FALSE
LOC141386156	2	2	19604	0.02468502898036366	81.02076775323826	10.201999591920016	0.10765627177207333	168	173	-5	FALSE
si:dkey-57a22.15	1	1	9813	0.012356365506238962	80.92994655225124	10.19056353816366	1	564	174	390	FALSE
crygm1	1	NA	9813	0.012356365506238962	80.92994655225124	10.19056353816366	1	564	174	390	FALSE
myl9b	1	NA	10037	0.012638422560493271	79.12379849728418	9.963136395337251	1	564	176	388	TRUE
cul4b	2	2	20322	0.025589122573910952	78.15820938069496	9.841551028442082	0.11236020422032493	168	177	-9	TRUE
gja9b	1	1	10232	0.01288396329968787	77.6158684047343	9.773260359655982	1	564	178	386	TRUE
nr1d2b	2	2	20495	0.02580696128099129	77.49846943325117	9.758477677482313	0.11277979745262662	168	179	-11	TRUE
srsf4	1	1	10298	0.012967069396030657	77.11842741476416	9.710623422023694	1	564	180	384	FALSE
exo1	2	2	20638	0.025987024489733997	76.96148517465271	9.690861517588914	0.11345412561951285	168	181	-13	FALSE
ppfia4	1	NA	10439	0.013144614238217521	76.07678566119756	9.579461634256155	1	564	182	382	FALSE
pus10	1	NA	10448	0.01315594688771881	76.0112524423087	9.571209800918837	1	564	183	381	FALSE
eefsec	1	NA	10465	0.013177353003443467	75.8877750135921	9.555661729574773	1	564	184	380	FALSE
kdelr2b	1	1	10469	0.013182389736555151	75.85877978004025	9.552010698251982	1	564	185	379	TRUE
bzw1b	2	2	21027	0.02647684678484527	75.53769586885826	9.511580349074999	0.11539004136948262	168	186	-18	TRUE
pcdh2g29	2	NA	21031	0.026481883517956956	75.52332894462853	9.509771290000476	0.11539004136948262	168	187	-19	FALSE
hoxb8a	1	1	10551	0.013285642765344675	75.26922239761552	9.477774618519572	1	564	188	376	TRUE
hdhd5	1	NA	10553	0.013288161131900516	75.25495740711091	9.47597839476926	1	564	189	375	FALSE
zgc:194202	1	NA	10553	0.013288161131900516	75.25495740711091	9.47597839476926	1	564	189	375	FALSE
atg5	1	NA	10565	0.013303271331235569	75.16948088189696	9.46521533364884	1	564	191	373	FALSE
xkr9	2	NA	21131	0.026607801845749058	75.16592357363507	9.464767403341064	0.11569848539666036	168	192	-24	FALSE
meig1	1	NA	10691	0.013461928424253618	74.28356239053797	9.353661958656813	1	564	193	371	FALSE
gja12.1	1	1	10693	0.013464446790809458	74.26966852307504	9.351912466099318	1	564	194	370	FALSE
hoxc11b	1	1	10841	0.013650805915941769	73.25574813368152	9.22424130615257	1	564	195	369	TRUE
scara5	1	NA	10866	0.013682285497889796	73.08720463070507	9.203018590097551	1	564	196	368	FALSE
LOC141385843	1	1	10939	0.01377420587717803	72.5994666347236	9.141603437242892	1	564	197	367	FALSE
dtymk	2	2	21952	0.027641591316922214	72.3547344676787	9.110787172011662	0.12394594003253352	168	198	-30	FALSE
kcns2	2	1	22087	0.027811581059441554	71.9124883883951	9.055100285235659	0.12463006352547905	168	199	-31	FALSE
LOC137496395	1	NA	11047	0.0139101976711935	71.8897044914675	9.052231375033946	1	564	200	364	FALSE
rps6kb1b	1	1	11071	0.013940418069863606	71.73386013162688	9.032607713846987	1	564	201	363	TRUE
zgc:76872	1	1	11076	0.01394671398625321	71.7014775656592	9.028530155290719	1	564	202	362	FALSE
siah2l	1	NA	11124	0.014007154783593418	71.39208607670275	8.989572096368212	1	564	203	361	FALSE
myh7	2	NA	22320	0.028104970763197148	71.16178902484242	8.960573476702509	0.12586407896629614	168	204	-36	FALSE
capslb	2	NA	22345	0.028136450345145177	71.08217189682178	8.95054822107854	0.12586407896629614	168	205	-37	TRUE
gspt1	2	NA	22442	0.028258591123103513	70.77493677187786	8.911861687906603	0.1261245559079562	168	206	-38	FALSE
mcm7	1	1	11374	0.014321950603073673	69.82289128866199	8.791981712678037	1	564	207	357	FALSE
usp28	2	NA	22944	0.028890701128619866	69.22642656182369	8.716875871687588	0.13092462849429543	168	208	-40	FALSE
trappc5	1	1	11528	0.014515864827873511	68.89014274091268	8.674531575294935	1	564	209	355	FALSE
selenot1b	2	NA	23080	0.029061950054417123	68.81850654395507	8.665511265164644	0.13161711209746968	168	210	-42	TRUE
LOC137489060	1	NA	11540	0.014530975027208562	68.81850654395507	8.665511265164644	1	564	210	354	FALSE
trim35-34	1	NA	11540	0.014530975027208562	68.81850654395507	8.665511265164644	1	564	210	354	FALSE
bricd5	2	1	23182	0.02919038674876507	68.5157074900562	8.627383314640669	0.13192600844358232	168	213	-45	FALSE
smg8	1	1	11603	0.014610303573717587	68.44484749782309	8.618460742911317	1	564	214	350	FALSE
nek8	1	NA	11615	0.01462541377305264	68.37413392313744	8.609556607834696	1	564	215	349	FALSE
LOC137487223	3	2	34867	0.04390394335127218	68.3309919566273	8.604124243554077	0.01572481311122656	70	216	-146	FALSE
si:ch211-198e13.3	1	NA	11631	0.014645560705499376	68.28007613423105	8.597713008339781	1	564	217	347	FALSE
tbc1d32	1	NA	11661	0.014683336203837006	68.1044134737365	8.575593859874797	1	564	218	346	FALSE
cdk11b	3	1	35167	0.044281698334648484	67.74807906707208	8.530724827252822	0.01576307074431496	70	219	-149	TRUE
hoxc5a	1	NA	11799	0.014857103496190108	67.30787062609046	8.475294516484448	1	564	220	344	TRUE
myh11b	4	NA	47265	0.05951529763093698	67.20961096094288	8.462921823759652	0.0015018818730082118	28	221	-193	TRUE
safb	1	NA	11837	0.014904952460751106	67.09179399486705	8.448086508405845	1	564	222	342	TRUE
fam32a	1	NA	11837	0.014904952460751106	67.09179399486705	8.448086508405845	1	564	222	342	TRUE
tshba	1	NA	11865	0.014940209592532895	66.93346527747504	8.428150021070374	1	564	224	340	TRUE
LOC137488408	1	NA	11867	0.014942727959088735	66.92218467323177	8.426729586247577	1	564	225	339	FALSE
f7	1	1	11868	0.014943987142366657	66.916545796869	8.426019548365353	1	564	226	338	FALSE
pcdh1a6	6	NA	71229	0.08969036570303628	66.89681721073508	8.423535357789664	6.612069156513689e-6	6	227	-221	FALSE
pcdh1g1	6	NA	71229	0.08969036570303628	66.89681721073508	8.423535357789664	6.612069156513689e-6	6	227	-221	FALSE
kmt2bb	1	1	11942	0.015037166704932811	66.501889592802	8.373806732540613	1	564	229	335	TRUE
micall1a	1	NA	11960	0.01505983200393539	66.4018031368931	8.361204013377927	1	564	230	334	TRUE
nt5c2a	1	NA	11969	0.01507116465343668	66.35187279783118	8.354916868577158	1	564	231	333	TRUE
abcd3a	1	NA	11970	0.0150724238367146	66.34632961714632	8.35421888053467	1	564	232	332	TRUE
LOC141379039	1	1	11977	0.015081238119660048	66.30755327020468	8.349336227769893	1	564	233	331	FALSE
best4	2	1	23962	0.030172549705543464	66.28541570129717	8.346548702111678	0.1390893173578672	168	234	-66	FALSE
kat7a	4	2	47966	0.06039798510875961	66.22737485028908	8.339240295209107	0.0015018818730082118	28	235	-207	TRUE
trmt10a	2	NA	24057	0.03029217211694596	66.02365760628852	8.31358856050214	0.1393070831073694	168	236	-68	TRUE
ugt5a5	1	NA	12068	0.01519582379795086	65.8075543186312	8.286377195889957	1	564	237	327	FALSE
creld1b	3	3	36269	0.04566931830691745	65.68961638180606	8.271526648101684	0.016697788345429492	70	238	-168	TRUE
LOC141381541	2	2	24227	0.030506233274192537	65.56037194182039	8.255252404342261	0.13951879749726612	168	239	-71	FALSE
LOC100006797	3	1	36398	0.04583175294976926	65.45680247683181	8.242211110500577	0.016697788345429492	70	240	-170	FALSE
myhz1.1	2	2	24328	0.030633410785262556	65.28819183798433	8.220979940808945	0.13980959040907598	168	241	-73	FALSE
tmem243b	1	NA	12204	0.01536707272374812	65.07420235310073	8.19403474270731	1	564	242	322	TRUE
tagln3b	1	1	12228	0.015397293122418224	64.94648066055294	8.177952240758914	1	564	243	321	TRUE
prph	1	NA	12238	0.015409884955197435	64.89341113884959	8.171269815329302	1	564	244	320	FALSE
mul2	1	NA	12389	0.015600021630163509	64.10247522134485	8.071676487206393	1	564	245	319	FALSE
opn1lw1	1	1	12440	0.01566423997733748	63.8396756846657	8.038585209003216	1	564	246	318	FALSE
myh7l	2	2	24899	0.03135240443695546	63.79096072269902	8.032451102453914	0.14373414909275373	168	247	-79	FALSE
foxf2b	1	NA	12455	0.015683127726506294	63.7627912900234	8.028904054596548	1	564	248	316	TRUE
zgc:112334	1	1	12573	0.015831711353300974	63.164365347748465	7.953551260637874	1	564	249	315	FALSE
aoc2	2	2	25462	0.032061324622424996	62.380454443267716	7.854842510407666	0.14933726813166243	168	250	-82	FALSE
LOC108181183	1	1	12758	0.016064660259716364	62.248437491553645	7.838219156607619	1	564	251	313	FALSE
tmem186	1	NA	12758	0.016064660259716364	62.248437491553645	7.838219156607619	1	564	251	313	FALSE
mdm1	1	NA	12802	0.016120064323944888	62.03449191667251	7.811279487580066	1	564	253	311	FALSE
zgc:100846	1	1	12804	0.01612258269050073	62.02480205539218	7.810059356451109	1	564	254	310	FALSE
rnd3a	3	3	38457	0.04842441131900864	61.95222447283262	7.800920508620017	0.019238481970209668	70	255	-185	TRUE
si:dkey-282h22.5	1	NA	12916	0.016263611217627885	61.486959237940646	7.74233508826262	1	564	256	308	FALSE
psph	2	2	25846	0.032544851001146666	61.45365360343894	7.738141298460109	0.15291056945860046	168	257	-89	FALSE
si:ch211-201h21.5	1	NA	12937	0.016290054066464228	61.38715046125387	7.729767334003245	1	564	258	306	FALSE
btbd11a	1	1	12938	0.01629131324974215	61.38240574410584	7.72916988715412	1	564	259	305	TRUE
eif2ak1	1	NA	12968	0.016329088748079777	61.24040449701121	7.711289327575571	1	564	260	304	FALSE
LOC137488136	1	NA	13008	0.01637945607919662	61.05208837002163	7.687576875768758	1	564	261	303	FALSE
chrm1a	1	NA	13179	0.01659477641972111	60.25992605791346	7.587829122088171	1	564	262	302	TRUE
LOC110438156	1	1	13338	0.016794986560910555	59.54157786154156	7.49737591842855	1	564	263	301	FALSE
tomt	2	1	26700	0.03362019352049121	59.48805734211546	7.49063670411985	0.16210097161109357	168	264	-96	FALSE
vps26a	1	1	13365	0.016828984509414422	59.42129184565967	7.482229704451927	1	564	265	299	TRUE
bet1l	1	1	13370	0.01683528042580403	59.39906997137183	7.479431563201196	1	564	266	298	FALSE
nhsl3	1	NA	13388	0.016857945724806606	59.319208658294095	7.469375560203167	1	564	267	297	FALSE
syt13	1	NA	13445	0.016929719171648105	59.0677252151165	7.437709185570845	1	564	268	296	FALSE
si:ch211-259g3.4	4	4	53892	0.06785990521371957	58.94496886493293	7.422251911229868	0.002071480991440011	28	269	-241	FALSE
olfcg5	1	2	13482	0.016976308952931184	58.90561975354111	7.417297136923305	1	564	270	294	FALSE
rapgef5b	2	NA	27052	0.03406342603431941	58.71400011217222	7.393168712110011	0.16440860830949355	168	271	-103	TRUE
rcn3	1	1	13681	0.017226886425237464	58.048795082029194	7.309407207075507	1	564	272	292	FALSE
si:dkey-9i23.6	1	NA	13691	0.017239478258016677	58.00639584524442	7.304068366079906	1	564	273	291	FALSE
slc5a8l	1	1	13692	0.017240737441294597	58.00215932787331	7.303534910896875	1	564	274	290	FALSE
cog5	1	NA	13707	0.01725962519046341	57.93868574576796	7.295542423579193	1	564	275	289	FALSE
si:ch211-284e13.5	2	NA	27439	0.03455072996287485	57.88589711849858	7.288895367906993	0.16810839949956133	168	276	-108	FALSE
hoxb2a	3	1	41176	0.05184813065167589	57.861295331059935	7.285797551972022	0.020014340182406044	70	277	-207	TRUE
exoc8	1	NA	13738	0.017298659872078962	57.807946245249774	7.279079924297569	1	564	278	286	FALSE
sec22c	1	1	13752	0.017316288437969857	57.74909580550039	7.271669575334497	1	564	279	285	FALSE
usp44	1	1	13807	0.017385543518255515	57.519053054048044	7.242702976750923	1	564	280	284	FALSE
marchf7	1	NA	13810	0.017389321068089277	57.506557966491044	7.24112961622013	1	564	281	283	FALSE
baz2ba	1	NA	13810	0.017389321068089277	57.506557966491044	7.24112961622013	1	564	281	283	TRUE
rnf125	1	NA	13812	0.017391839434645118	57.49823092363462	7.240081088908196	1	564	283	281	FALSE
fblim1	1	NA	13845	0.01743339248281651	57.36118205252737	7.2228241242325755	1	564	284	280	FALSE
slc25a34	1	1	13855	0.017445984315595724	57.319780982839504	7.217610970768675	1	564	285	279	FALSE
amt	1	1	13865	0.017458576148374934	57.27843963341084	7.21240533717995	1	564	286	278	FALSE
rcbtb1	1	1	13939	0.017551755710941086	56.97435723633269	7.174115790228855	1	564	287	277	FALSE
hoxc11a	1	1	13967	0.017587012842722877	56.86013929385275	7.1597336579079265	1	564	288	276	TRUE
LOC137488417	1	NA	13986	0.017610937325003375	56.78289471737748	7.150007150007149	1	564	289	275	FALSE
calml4a	1	1	14076	0.017724263820016267	56.41983273069348	7.104290991759022	1	564	290	274	TRUE
rfx7a	1	NA	14076	0.017724263820016267	56.41983273069348	7.104290991759022	1	564	290	274	TRUE
hoxc8a	1	NA	14153	0.017821220932416185	56.11287822491637	7.065639793683318	1	564	292	272	TRUE
hoxc6a	1	1	14153	0.017821220932416185	56.11287822491637	7.065639793683318	1	564	292	272	TRUE
slc17a8	1	NA	14165	0.01783633113175124	56.065341723772775	7.059654076950229	1	564	294	270	FALSE
ftsj3	2	1	28422	0.03578850712507121	55.88386218543673	7.036802476954472	0.1791790995190709	168	295	-127	FALSE
rpf2	1	NA	14270	0.017968545375932943	55.65280767464902	7.007708479327261	1	564	296	268	FALSE
rbm15b	3	3	42819	0.05391696877730013	55.64111017426198	7.006235549639179	0.020014340182406044	70	297	-227	TRUE
tmem167b	1	NA	14312	0.01802143107360563	55.489488926581984	6.98714365567356	1	564	298	266	TRUE
abhd17ab	3	1	42946	0.05407688505359609	55.47656816820482	6.985516695384902	0.020014340182406044	70	299	-229	TRUE
ddx49	1	NA	14317	0.018027726989995232	55.470110045207896	6.984703499336454	1	564	300	264	FALSE
kera	1	1	14329	0.018042837189330283	55.42365590880323	6.978854072161351	1	564	301	263	TRUE
mrpl42	1	NA	14349	0.018068020854888706	55.34640501200372	6.969126768415917	1	564	302	262	FALSE
nsd3	1	1	14350	0.01806928003816663	55.34254811966838	6.968641114982579	1	564	303	261	FALSE
ccdc112	1	NA	14365	0.018088167787335442	55.28475917279787	6.9613644274277755	1	564	304	260	FALSE
fem1c	1	1	14365	0.018088167787335442	55.28475917279787	6.9613644274277755	1	564	304	260	FALSE
nt5c1aa	1	NA	14371	0.01809572288700297	55.261677372294294	6.9584580057059355	1	564	306	258	TRUE
myhz1.2	2	NA	28837	0.036311068185408434	55.079624476696004	6.935534209522488	0.18294552500191094	168	307	-139	FALSE
zgc:64065	1	1	14445	0.018188902449569125	54.97857843663837	6.922810661128419	1	564	308	256	FALSE
c1qtnf9	1	NA	14475	0.018226677947906757	54.864633196355186	6.908462867012091	1	564	309	255	FALSE
enpp7.1	1	NA	14476	0.018227937131184674	54.860843155377275	6.907985631389887	1	564	310	254	FALSE
sycp3	1	NA	14489	0.01824430651379765	54.81162023032931	6.901787562978812	1	564	311	253	FALSE
fam120a	2	2	28992	0.03650624159348619	54.785152146608816	6.898454746136865	0.18294552500191094	168	312	-144	TRUE
LOC100006777	2	2	29057	0.036588088506551056	54.662598720944445	6.883023023712014	0.18294552500191094	168	313	-145	FALSE
htr3a	3	1	43792	0.05514215410671727	54.40483870459728	6.850566313481915	0.020014340182406044	70	314	-244	TRUE
lonp1	2	2	29255	0.03683740679557942	54.292638216868326	6.836438215689626	0.18362973803667437	168	315	-147	FALSE
lrit1b	2	2	29278	0.0368663680109716	54.24998739785787	6.831067695880867	0.18362973803667437	168	316	-148	TRUE
rars1	1	NA	14652	0.018449553388098776	54.20185404840577	6.825006825006825	1	564	317	247	FALSE
LOC141385557	1	NA	14752	0.018575471715890874	53.8344336711796	6.778741865509761	1	564	318	246	FALSE
cavin4a	1	1	14828	0.01867116964501287	53.55850859976002	6.743997841920691	1	564	319	245	TRUE
ical1	1	NA	14862	0.01871398187646219	53.43598206952237	6.728569506122998	1	564	320	244	FALSE
opn9	2	NA	29795	0.03751736576565677	53.30864678753088	6.712535660345695	0.18903390927924563	168	321	-153	FALSE
rps28	1	NA	14942	0.018814716538695868	53.149883918969444	6.692544505420961	1	564	322	242	FALSE
hoxb13a	1	1	14987	0.018871379786202316	52.990295957646055	6.672449456195369	1	564	323	241	TRUE
pigh	1	NA	15084	0.018993520564160656	52.649533646064796	6.629541235746486	1	564	324	240	FALSE
wu:fi09b08	1	NA	15122	0.019041369528721652	52.51723088991148	6.612881893929375	1	564	325	239	FALSE
si:dkey-32e6.6	1	NA	15150	0.019076626660503443	52.42016934107204	6.600660066006601	1	564	326	238	FALSE
sub1b	1	NA	15152	0.019079145027059284	52.413250100134725	6.599788806758184	1	564	327	237	TRUE
hoxb4a	2	NA	30424	0.03830939204746909	52.20651890068639	6.5737575598211935	0.1937664206194664	168	328	-160	TRUE
LOC141378962	1	1	15218	0.01916225112340207	52.18593543942971	6.571165724799579	1	564	329	235	FALSE
tars3	2	NA	30512	0.03842020017592614	52.055949496410676	6.554798112218144	0.19381551910479047	168	330	-162	FALSE
dnajc27	1	1	15272	0.019230247020409808	52.001412095157235	6.5479308538501835	1	564	331	233	FALSE
LOC137490349	1	NA	15376	0.019361202081313592	51.649685582546915	6.503642039542143	1	564	332	232	FALSE
frk	1	NA	15462	0.019469491843214802	51.362408842144696	6.4674686327771305	1	564	333	231	FALSE
LOC141385820	1	NA	15503	0.01952111835760956	51.226573277252236	6.450364445591176	1	564	334	230	FALSE
LOC108191765	2	NA	31073	0.03912660199483983	51.116117884802975	6.436456087278344	0.1977659687715745	168	335	-167	FALSE
acads	2	NA	31079	0.039134157094507356	51.106249590864664	6.435213488207471	0.1977659687715745	168	336	-168	FALSE
zgc:101559	1	NA	15547	0.019576522421838088	51.081595517928946	6.432109088570142	1	564	337	227	FALSE
LOC137489190	1	NA	15591	0.01963192648606661	50.93743605395686	6.413956769931371	1	564	338	226	FALSE
stoml1	1	1	15648	0.01970369993290811	50.751889411889145	6.3905930470347645	1	564	339	225	FALSE
fggy	1	NA	15700	0.019769177463360002	50.5837939819899	6.369426751592357	1	564	340	224	FALSE
LOC141377657	3	1	47228	0.0594687078496539	50.446698919109934	6.352163970525959	0.022445269540524775	70	341	-271	FALSE
LOC141380536	1	NA	15748	0.01982961826070021	50.429614269573364	6.3500127000254	1	564	342	222	FALSE
LOC141381242	4	NA	63040	0.07937891384014106	50.39121608611937	6.34517766497462	0.0029560889007884624	28	343	-315	FALSE
gmfg	1	1	15761	0.019845987643313186	50.38801887679978	6.344775077723495	1	564	344	220	FALSE
paf1	1	NA	15761	0.019845987643313186	50.38801887679978	6.344775077723495	1	564	344	220	FALSE
LOC137488496	2	NA	31582	0.03976752628330163	50.29229089463881	6.332721170286873	0.2019732609045062	168	346	-178	FALSE
cul3b	1	1	15813	0.01991146517376508	50.22232122413466	6.323910706380826	1	564	347	217	TRUE
rpl9	1	1	15882	0.019998348819941628	50.00412829097352	6.296436217101121	1	564	348	216	FALSE
LOC141385572	1	NA	15882	0.019998348819941628	50.00412829097352	6.296436217101121	1	564	348	216	FALSE
pgrmc1	1	1	15893	0.020012199835998758	49.96951900316123	6.292078273453722	1	564	350	214	FALSE
ifitm1	1	NA	15898	0.020018495752388364	49.953803341127276	6.29009938357026	1	564	351	213	FALSE
kyat1	1	1	15898	0.020018495752388364	49.953803341127276	6.29009938357026	1	564	351	213	FALSE
frem3	5	5	79557	0.10017684404156253	49.911734072252685	6.284802091582136	2.942015581436463e-4	16	353	-337	FALSE
skor1a	1	1	15929	0.020057530434003917	49.85658644718698	6.277857994852157	1	564	354	210	TRUE
ccdc86	1	NA	15984	0.02012678551428957	49.6850328777053	6.256256256256256	1	564	355	209	FALSE
hoxc12a	1	NA	16005	0.020153228363125913	49.61984164431374	6.248047485160887	1	564	356	208	TRUE
stmn4	1	1	16046	0.020204854877520675	49.49305531080901	6.232082762059081	1	564	357	207	FALSE
trappc8	1	NA	16077	0.020243889559136224	49.397621789963395	6.220065932698887	1	564	358	206	FALSE
LOC101883359	3	NA	48513	0.061086758361782414	49.11047959416494	6.183909467565395	0.02365885335086869	70	359	-289	FALSE
LOC141378344	1	NA	16186	0.02038114053642962	49.064967596518066	6.178178672927221	1	564	360	204	FALSE
phf20l1	1	1	16186	0.02038114053642962	49.064967596518066	6.178178672927221	1	564	360	204	FALSE
LOC141378076	2	2	32394	0.0407899831049735	49.03164570705942	6.173982836327715	0.2112307344187739	168	362	-194	FALSE
LOC137487705	1	NA	16249	0.020460469082938644	48.87473478474006	6.154224875376946	1	564	363	201	FALSE
si:dkey-14k9.3	1	NA	16288	0.02050957723077756	48.75770908136305	6.139489194499018	1	564	364	200	FALSE
tmem59	2	1	32598	0.04104685649366938	48.72480308713672	6.1353457267317015	0.21163532527752307	168	365	-197	FALSE
pias4a	1	1	16401	0.020651864941182638	48.42177705732829	6.097189195780746	1	564	366	198	TRUE
LOC141375898	1	1	16447	0.020709787371967003	48.286347997643425	6.080136195050769	1	564	367	197	FALSE
tor3a	1	1	16451	0.02071482410507869	48.27460735014537	6.0786578323506175	1	564	368	196	TRUE
polr3c	2	1	32971	0.04151653185633393	48.173580753828595	6.065936732279882	0.21531732125420389	168	369	-201	FALSE
cry5	1	NA	16557	0.020848297532538317	47.965547231819855	6.03974149906384	1	564	370	194	FALSE
stx3a	1	1	16570	0.02086466691515129	47.92791584292344	6.035003017501509	1	564	371	193	TRUE
aldoca	3	1	49984	0.06293901696360422	47.665186790807546	6.001920614596671	0.024859814906544108	70	372	-302	TRUE
il17ra1a	1	NA	16687	0.021011991358668047	47.59187184738068	5.992688919518188	1	564	373	191	TRUE
gdpgp1	2	1	33602	0.04231107650470209	47.268946224465296	5.95202666507946	0.222367572057017	168	374	-206	FALSE
pold2	1	1	16898	0.021277679030309384	46.99760714387746	5.917860101787194	1	564	375	189	FALSE
LOC141380683	7	NA	118871	0.1496803754297495	46.76631776144467	5.888736529515189	6.612069156513689e-6	5	376	-371	FALSE
elp3	1	1	17027	0.021440113673161194	46.6415437550503	5.873025195278087	1	564	377	187	FALSE
c1qtnf13	1	NA	17088	0.021516923853114378	46.4750447985277	5.8520599250936325	1	564	378	186	FALSE
si:dkey-239i20.2	1	1	17090	0.02151944221967022	46.46960594015456	5.851375073142188	1	564	379	185	FALSE
hcfc2	1	1	17115	0.021550921801618245	46.40172746229865	5.842827928717499	1	564	380	184	FALSE
tbc1d15	1	NA	17154	0.021600029949457165	46.296232104304615	5.8295441296490615	1	564	381	183	FALSE
LOC110439362	1	NA	17243	0.021712097261192134	46.05727341629887	5.799454851243983	1	564	382	182	FALSE
mir124-5	1	NA	17423	0.021938750251217918	45.58144782857381	5.739539688916949	1	564	383	181	FALSE
gtf2b	2	NA	34931	0.043984531081059125	45.47053136281477	5.7255732730239615	0.2375890383353405	168	384	-216	TRUE
LOC137489288	1	NA	17636	0.022206956289415096	45.030934765096475	5.670220004536176	1	564	385	179	FALSE
LOC108180196	1	NA	17680	0.02226236035364362	44.91886682789827	5.656108597285067	1	564	386	178	FALSE
kcnj19b	1	NA	17713	0.022303913401815013	44.83518125203192	5.645571049511658	1	564	387	177	TRUE
rps18	3	3	53264	0.06706913811518517	44.72996201095908	5.632322018624212	0.02924883245326428	70	388	-318	FALSE
LOC100333734	1	1	17805	0.02241975826338375	44.603513929640066	5.616399887672002	1	564	389	175	FALSE
pcdh2g9	1	NA	17814	0.022431090912885036	44.580979314990536	5.613562366677894	1	564	390	174	FALSE
mogs	1	1	17885	0.02252049292561743	44.404001426739804	5.5912776069331835	1	564	391	173	FALSE
kcnj1b	1	1	17993	0.0226564847196329	44.137473768534505	5.557716889901628	1	564	392	172	TRUE
akr1b1.2	1	1	17997	0.022661521452744585	44.12766380603664	5.556481635828193	1	564	393	171	FALSE
zbtb37	1	NA	18031	0.0227043336841939	44.0444548564828	5.546004104043037	1	564	394	170	FALSE
shank3b	2	2	36190	0.045569842827961685	43.88867452430182	5.5263885051119095	0.252356741875385	168	395	-227	TRUE
gtf2e1	1	NA	18238	0.02296498462272355	43.54455343333925	5.483057352779911	1	564	396	168	FALSE
LOC141380905	2	NA	36477	0.04593122842872502	43.543359679646976	5.482907037311183	0.2548498550510139	168	397	-229	FALSE
leg1.2	1	NA	18260	0.02299268665483781	43.492090115949694	5.476451259583789	1	564	398	166	FALSE
heatr5b	1	NA	18294	0.02303549888628713	43.41125863765395	5.466273095003826	1	564	399	165	TRUE
ccnb1ip1	1	1	18315	0.023061941735123468	43.36148323872462	5.46000546000546	1	564	400	164	FALSE
arxa	1	1	18325	0.023074533567902678	43.337820764924494	5.457025920873124	1	564	401	163	TRUE
LOC141376755	1	NA	18328	0.023078311117736443	43.330727057902735	5.456132693147097	1	564	402	162	FALSE
pah	1	1	18342	0.023095939683627335	43.29765377370197	5.451968160505943	1	564	403	161	FALSE
actmap	1	NA	18387	0.023152602931133782	43.19168790543544	5.438625115570783	1	564	404	160	FALSE
zgc:113090	2	NA	36809	0.046349277276994796	43.150618898489036	5.43345377489201	0.2570775413882979	168	405	-237	FALSE
acadm	1	NA	18412	0.023184082513081808	43.13304179433203	5.431240495329133	1	564	406	158	FALSE
depdc5	3	3	55247	0.06956609855530255	43.1244537540812	5.430159103661737	0.031414431152785034	70	407	-337	FALSE
afg1lb	2	NA	36918	0.04648652825428819	43.02321715787645	5.41741156075627	0.2570775413882979	168	408	-240	TRUE
ostm1	2	NA	36918	0.04648652825428819	43.02321715787645	5.41741156075627	0.2570775413882979	168	408	-240	FALSE
LOC110438852	1	NA	18510	0.02330748247431807	42.90467668920807	5.4024851431658565	1	564	410	154	FALSE
LOC141377151	1	NA	18542	0.023347776339211538	42.830631297445876	5.393161471254449	1	564	411	153	FALSE
gnl3l	1	NA	18549	0.023356590622156986	42.81446792372858	5.391126206264489	1	564	412	152	FALSE
morn2	1	NA	18752	0.02361220482757495	42.350979389784634	5.332764505119454	1	564	413	151	FALSE
nob1	2	NA	37546	0.047277295352822594	42.303604406181286	5.326799126404943	0.26444938721575845	168	414	-246	FALSE
st7	1	NA	18788	0.02365753542558011	42.269829972175934	5.322546306152864	1	564	415	149	FALSE
ywhah	3	NA	56432	0.07105823073963896	42.2188952465219	5.316132690671958	0.03304881524838587	70	416	-346	FALSE
dus4l	1	1	18815	0.02369153337408398	42.20917169902957	5.3149083178315175	1	564	417	147	FALSE
LOC141376493	2	NA	37697	0.047467432027788664	42.134152081982194	5.305461973101307	0.26524051450334246	168	418	-250	FALSE
gadd45ba	1	1	18860	0.02374819662159042	42.10846052583465	5.302226935312832	1	564	419	145	TRUE
neff2	1	1	18870	0.023760788454369634	42.08614549640919	5.299417064122946	1	564	420	144	FALSE
marchf5l	1	NA	18897	0.023794786402873504	42.026012886555606	5.291845266444409	1	564	421	143	FALSE
LOC141386369	1	NA	18951	0.023862782299881237	41.906261702139275	5.27676639755158	1	564	422	142	FALSE
sae1	1	NA	19037	0.023971072061782443	41.716949388939504	5.252928507643011	1	564	423	141	FALSE
ccnc	1	NA	19095	0.024044104691901862	41.59023647642008	5.236973029588897	1	564	424	140	FALSE
lmbrd2b	2	2	38272	0.048191462412593256	41.501126960558175	5.225752508361204	0.2706093965291559	168	425	-257	TRUE
heatr1	1	NA	19203	0.024180096485917332	41.35632794444834	5.20751965838671	1	564	426	138	FALSE
LOC141385657	1	1	19228	0.02421157606786536	41.30255697510096	5.200748907842729	1	564	427	137	FALSE
cdk2	1	NA	19251	0.024240537283257542	41.25321102889416	5.194535348813049	1	564	428	136	FALSE
myo10l1	1	NA	19319	0.02432616174615617	41.10800587593775	5.176251358765982	1	564	429	135	FALSE
ift20	1	NA	19330	0.024340012762213304	41.08461280482366	5.173305742369374	1	564	430	134	FALSE
purba	2	NA	38784	0.04883616425088881	40.95325729771253	5.156765676567656	0.2751083928403846	168	431	-263	TRUE
tmem187	1	NA	19468	0.024513780054566402	40.79338224354024	5.1366344770906105	1	564	432	132	FALSE
mnx1	1	1	19506	0.024561629019127403	40.7139118997868	5.126627704296114	1	564	433	131	FALSE
lmbr1	1	NA	19506	0.024561629019127403	40.7139118997868	5.126627704296114	1	564	433	131	FALSE
tmem70	1	NA	19582	0.0246573269482494	40.55589651298342	5.10673067102441	1	564	435	129	FALSE
stk38l	2	NA	39204	0.049365021227615644	40.51451716749522	5.101520253035405	0.278324244726048	168	436	-268	FALSE
pald1a	2	NA	39504	0.04974277621099195	40.20684313068253	5.0627784528149045	0.28119034579977753	168	437	-269	TRUE
fibinb	1	1	19781	0.024907904420555682	40.14789775629348	5.0553561498407555	1	564	438	126	TRUE
supt16h	4	4	79217	0.09974872172706939	40.1007645084889	5.049421210093793	0.0052378024766892	28	439	-411	FALSE
ube2na	1	1	19867	0.025016194182456892	39.97410608130273	5.033472592741732	1	564	440	124	TRUE
tktb	1	1	19877	0.0250287860152361	39.95399534724764	5.030940282738844	1	564	441	123	TRUE
aldh3a1	1	NA	19891	0.025046414581126993	39.92587429074664	5.02739932632849	1	564	442	122	FALSE
LOC141381590	1	NA	19931	0.025096781912243835	39.84574609990675	5.017309718528925	1	564	443	121	FALSE
cyp1b1	1	1	20118	0.025332249185215067	39.475373571788516	4.970673029128144	1	564	444	120	FALSE
clpp	1	1	20141	0.025361210400607247	39.430294698239486	4.964996772752097	1	564	445	119	FALSE
fgf23	1	1	20159	0.02538387569960983	39.395087331576036	4.960563520015874	1	564	446	118	FALSE
actr6	1	1	20208	0.02544557568022796	39.29956282250799	4.948535233570863	1	564	447	117	FALSE
myo1ha	2	2	40434	0.05091381665945849	39.28206783980024	4.946332294603552	0.29024452756874175	168	448	-280	TRUE
ube3b	2	NA	40434	0.05091381665945849	39.28206783980024	4.946332294603552	0.29024452756874175	168	448	-280	TRUE
cdk10	2	NA	40435	0.05091507584273641	39.281096353022946	4.9462099666130825	0.29024452756874175	168	450	-282	FALSE
zzef1	2	2	40681	0.051224834929104984	39.0435616389588	4.91629999262555	0.29100681251527843	168	451	-283	FALSE
mars2	1	NA	20354	0.025629416438804425	39.01766559483352	4.913039206052864	1	564	452	112	FALSE
zgc:154093	1	NA	20383	0.025665932753864137	38.96215304504937	4.906049158612569	1	564	453	111	FALSE
ddx11	1	NA	20456	0.02575785313315237	38.82311133737004	4.888541259288228	1	564	454	110	FALSE
wdr59	1	2	20497	0.025809479647547134	38.745453750170334	4.878762745767673	1	564	455	109	FALSE
si:ch1073-443f11.2	1	NA	20542	0.025866142895053578	38.66057664868276	4.868075163080518	1	564	456	108	FALSE
LOC141386393	1	1	20550	0.025876216361276946	38.64552630254216	4.866180048661801	1	564	457	107	FALSE
rtn4rl2a	3	3	61711	0.07770545926378401	38.607326028612796	4.861369934047414	0.04107154277678722	70	458	-388	TRUE
olfcg4	1	1	20577	0.025910214309780813	38.5948177828275	4.859794916654517	1	564	459	105	FALSE
magi1a	1	NA	20702	0.02606761221952094	38.36177980471652	4.83045116413873	1	564	460	104	TRUE
tmem18	1	NA	20714	0.026082722418855994	38.339556122296095	4.827652795210969	1	564	461	103	FALSE
ccdc85b	1	1	20723	0.026094055068357283	38.32290525103708	4.825556145345751	1	564	462	102	TRUE
fosl1a	1	NA	20723	0.026094055068357283	38.32290525103708	4.825556145345751	1	564	462	102	TRUE
LOC101885660	1	NA	20746	0.026123016283749467	38.28041865984967	4.8202063048298465	1	564	464	100	FALSE
LOC141376486	1	1	20758	0.026138126483084518	38.258289118279286	4.817419789960497	1	564	465	99	FALSE
crygs2	1	1	20777	0.026162050965365016	38.22330295602067	4.813014390913029	1	564	466	98	FALSE
xpnpep3	1	1	20840	0.026241379511874042	38.10775266397511	4.798464491362764	1	564	467	97	FALSE
rbx1	1	1	20840	0.026241379511874042	38.10775266397511	4.798464491362764	1	564	467	97	FALSE
atp6v1b2	1	1	20992	0.02643277537011804	37.83182000367956	4.763719512195122	1	564	469	95	FALSE
si:dkey-3n22.9	1	NA	21000	0.026442848836341404	37.8174078817734	4.761904761904762	1	564	470	94	FALSE
psmb12	1	1	21070	0.026530991665795877	37.6917686529303	4.746084480303749	1	564	471	93	FALSE
tmprss9	1	NA	21193	0.02668587120898016	37.47301304757427	4.718539140282169	1	564	472	92	FALSE
timm13	1	1	21193	0.02668587120898016	37.47301304757427	4.718539140282169	1	564	472	92	FALSE
pmela	1	NA	21234	0.02673749772337492	37.400657696017774	4.709428275407365	1	564	474	90	TRUE
ccdc146	1	1	21235	0.026738756906652842	37.398896421814996	4.709206498704968	1	564	475	89	FALSE
nipal2	1	NA	21254	0.026762681388933347	37.36546370176161	4.704996706502305	1	564	476	88	FALSE
hyou1	1	NA	21308	0.02683067728594108	37.27076992290414	4.693073024216257	1	564	477	87	FALSE
echdc3	1	1	21404	0.026951558880621496	37.1036051914241	4.6720239207624745	1	564	478	86	FALSE
hnf1ba	2	1	42825	0.05392452387696765	37.088876381424	4.670169293636894	0.32042833239164303	168	479	-311	TRUE
rnf220b	1	1	21560	0.027147991471977172	36.83513754718189	4.638218923933209	1	564	480	84	TRUE
smarcad1b	1	NA	21560	0.027147991471977172	36.83513754718189	4.638218923933209	1	564	480	84	TRUE
emsy	1	1	21585	0.0271794710539252	36.792474659126306	4.632846884410471	1	564	482	82	FALSE
smyhc3	1	NA	21664	0.027278946532880963	36.65830712321092	4.6159527326440175	1	564	483	81	FALSE
cspp1b	1	NA	21666	0.027281464899436805	36.654923175354995	4.615526631588664	1	564	484	80	TRUE
atp5if1a	1	NA	21722	0.027351979163000383	36.5604256291889	4.603627658594973	1	564	485	79	TRUE
LOC137488466	1	NA	21726	0.027357015896112065	36.55369444523803	4.602780079167817	1	564	486	78	FALSE
fam3c	1	NA	21749	0.02738597711150425	36.51503818645645	4.597912547703343	1	564	487	77	FALSE
ube2z	1	1	21776	0.02741997506000812	36.46976329524436	4.592211609110947	1	564	488	76	FALSE
LOC141380673	2	NA	43599	0.054899131734078524	36.430448657870194	4.58726117571504	0.32756672208275667	168	489	-321	FALSE
tymp	2	NA	43612	0.054915501116691495	36.41958935693118	4.585893790699807	0.32756672208275667	168	490	-322	FALSE
klhl15	1	NA	21888	0.027561003587135268	36.28314900937689	4.568713450292398	1	564	491	73	FALSE
fanca	1	NA	21922	0.027603815818584586	36.226875536777726	4.561627588723657	1	564	492	72	TRUE
si:dkey-234h16.7	2	NA	43897	0.05527436835089898	36.18313622877378	4.556120008201016	0.3300540275767498	168	493	-325	FALSE
slc7a6os	2	NA	43989	0.05539021321246772	36.10746166165366	4.546591193252858	0.3300540275767498	168	494	-326	FALSE
u2surp	1	1	22023	0.027730993329654608	36.06073493698594	4.540707442219498	1	564	495	69	FALSE
exorh	3	2	66111	0.08324586568663651	36.03782572569956	4.537822752643282	0.04812665705887032	70	496	-426	FALSE
hspa13	2	2	44151	0.05559420090349092	35.97497522218031	4.529908722339245	0.3300540275767498	168	497	-329	FALSE
LOC101884680	2	NA	44184	0.05563575395166231	35.94810635149563	4.526525439072968	0.3300540275767498	168	498	-330	FALSE
si:dkey-33c14.7	1	NA	22110	0.02784054227483374	35.91884059327188	4.522840343735866	1	564	499	65	FALSE
wrnip1	1	1	22110	0.02784054227483374	35.91884059327188	4.522840343735866	1	564	499	65	FALSE
daglb	1	NA	22244	0.02800927283407515	35.70246203548109	4.4955943175687825	1	564	501	63	TRUE
LOC141378736	1	1	22253	0.028020605483576443	35.68802253706203	4.493776120073698	1	564	502	62	FALSE
pip5kl1	1	1	22261	0.02803067894979981	35.67519722911106	4.4921611787430935	1	564	503	61	FALSE
kmt5ab	1	NA	22302	0.02808230546419457	35.609611941406214	4.4839027889875345	1	564	504	60	TRUE
rilpl2	1	1	22302	0.02808230546419457	35.609611941406214	4.4839027889875345	1	564	504	60	FALSE
LOC141386124	1	NA	22316	0.02809993403008547	35.58727215976167	4.481089801039613	1	564	506	58	FALSE
herpud2	2	NA	44639	0.05620868234311638	35.58169159332608	4.48038710544591	0.33290996427976044	168	507	-339	FALSE
LOC137487862	2	NA	44639	0.05620868234311638	35.58169159332608	4.48038710544591	0.33290996427976044	168	507	-339	FALSE
atp6v0a2b	1	NA	22324	0.028110007496308834	35.57451915056627	4.479483963447411	1	564	509	55	TRUE
gnpda1	1	NA	22338	0.02812763606219973	35.55222336454658	4.476676515355001	1	564	510	54	FALSE
tmem9b	2	NA	44685	0.05626660477390075	35.54506279589309	4.4757748685241125	0.33290996427976044	168	511	-343	TRUE
rbpja	1	1	22398	0.02820318705887499	35.456985691456445	4.4646843468166795	1	564	512	52	TRUE
tnfsf13b	1	NA	22473	0.028297625804719066	35.33865374081081	4.449784185467005	1	564	513	51	TRUE
pou2f1a	1	NA	22587	0.028441172698402063	35.16029421867629	4.427325452694028	1	564	514	50	TRUE
pnpla7a	4	NA	90451	0.11389438667123411	35.12025585199684	4.422283888514223	0.00812597296483523	28	515	-487	TRUE
ubap1la	2	NA	45452	0.05723239834806617	34.94524181630033	4.400246413799173	0.3412822270756906	168	516	-348	TRUE
lrrc8c	1	1	22823	0.02873833995199142	34.796721093512744	4.381544932743285	1	564	517	47	FALSE
LOC103911305	4	NA	91384	0.11506920466953442	34.7616898151642	4.377133852753217	0.008247095186894215	28	518	-490	FALSE
hcn2b	1	NA	22959	0.028909588877788685	34.59059913398847	4.355590400278758	1	564	519	45	TRUE
higd2a	1	NA	22987	0.02894484600957047	34.548465024459105	4.3502849436638105	1	564	520	44	TRUE
tsg101a	1	1	23008	0.028971288858406812	34.516931741882885	4.346314325452017	1	564	521	43	TRUE
foxi1	1	1	23013	0.02897758477479642	34.50943229988447	4.345370008256203	1	564	522	42	FALSE
abcc1	1	4	23036	0.029006545990188596	34.47497679793547	4.341031429067546	1	564	523	41	FALSE
LOC137488006	2	NA	46276	0.058269965369073085	34.32299963338411	4.3218947186446535	0.35067153704286935	168	524	-356	FALSE
fkbp9	1	NA	23155	0.0291563888002612	34.29780028146152	4.318721658389117	1	564	525	39	FALSE
nxnl1	1	1	23177	0.02918409083237546	34.26524422993664	4.3146222548215905	1	564	526	38	FALSE
si:ch1073-205c8.3	1	NA	23194	0.02920549694810012	34.24012958166946	4.3114598603087	1	564	527	37	FALSE
tmcc1b	2	2	46392	0.05841603062931193	34.23717733735305	4.311088118641145	0.35067153704286935	168	528	-360	TRUE
LOC563780	2	NA	46392	0.05841603062931193	34.23717733735305	4.311088118641145	0.35067153704286935	168	528	-360	FALSE
nsun2	1	1	23212	0.029228162247102698	34.213577697623705	4.30811649146993	1	564	530	34	FALSE
lpar6b	1	1	23217	0.029234458163492304	34.20620948086494	4.307188697936857	1	564	531	33	TRUE
chst2b	1	1	23272	0.02930371324377796	34.12536806107087	4.297009281540048	1	564	532	32	TRUE
gna13b	2	NA	46759	0.05887815089230894	33.96845807298023	4.277251438225796	0.35308869732144815	168	533	-365	TRUE
cog1	2	2	46759	0.05887815089230894	33.96845807298023	4.277251438225796	0.35308869732144815	168	533	-365	FALSE
LOC141377617	1	NA	23436	0.02951021930135701	33.886566202305914	4.266939750810718	1	564	535	29	FALSE
nampt1	2	1	47008	0.05919168752851127	33.78852814487923	4.2545949625595645	0.3552668214386695	168	536	-368	FALSE
dusp1	1	1	23537	0.02963739681242703	33.741155011991395	4.248629816884055	1	564	537	27	FALSE
ppa1a	2	NA	47330	0.05959714454400185	33.55865478627683	4.225649693640397	0.3585281227885284	168	538	-370	TRUE
rab3gap1	1	2	23737	0.029889233468011235	33.45686335751112	4.212832287146648	1	564	539	25	FALSE
hsp90b1	1	NA	23817	0.029989968130244914	33.344483583878805	4.198681613973212	1	564	540	24	FALSE
dynll2b	1	1	23839	0.030017670162359174	33.31371137703937	4.194806829145518	1	564	541	23	TRUE
nt5dc1	1	1	24014	0.030238027235995356	33.07094051458488	4.164237528108603	1	564	542	22	FALSE
ugg-60	1	NA	24041	0.030272025184499226	33.03379915632633	4.15956075038476	1	564	543	21	FALSE
LOC110438041	1	NA	24077	0.030317355782504385	32.98440692433614	4.153341363126636	1	564	544	20	FALSE
abhd14b	1	1	24114	0.030363945563787458	32.93379636382356	4.14696856597827	1	564	545	19	TRUE
ube4a	1	NA	24165	0.03042816391096143	32.864289903465405	4.138216428719222	1	564	546	18	TRUE
arg2	1	NA	24249	0.030533935306306798	32.75044601910352	4.123881397171017	1	564	547	17	FALSE
fsd2	1	NA	24323	0.030627114868872953	32.65080645961606	4.111334950458414	1	564	548	16	FALSE
pabpn1	2	2	48745	0.061378888882260084	32.58449340515915	4.102984921530413	0.37664520544743174	168	549	-381	FALSE
pex19	1	NA	24389	0.03071022096521574	32.56244887109932	4.100209110664644	1	564	550	14	FALSE
si:dkey-110c1.10	2	2	48954	0.06164205818734558	32.44537996965483	4.085467990358295	0.3782265020474046	168	551	-383	FALSE
zgc:77058	1	NA	24520	0.030875173974623395	32.388481464814085	4.078303425774878	1	564	552	12	FALSE
rcan1b	1	NA	24621	0.031002351485693413	32.255617786330426	4.061573453555908	1	564	553	11	TRUE
LOC137488814	2	NA	49262	0.062029886636945246	32.24252224908617	4.059924485404571	0.38130691721237175	168	554	-386	FALSE
pan3	1	NA	24714	0.03111945553054007	32.13423830692083	4.046289552480376	1	564	555	9	FALSE
pigv	1	NA	24725	0.031133306546597204	32.11994198249712	4.044489383215369	1	564	556	8	FALSE
tuba5	1	1	24745	0.031158490212155623	32.09398122922778	4.04122044857547	1	564	557	7	FALSE
wtip	3	3	74561	0.09388596438506912	31.953658032372477	4.023551186277008	0.062318321070075886	70	558	-488	FALSE
igf2bp2a	1	1	24939	0.031402771768072296	31.844322768244176	4.0097838726492645	1	564	559	5	TRUE
tmem35	1	1	24962	0.03143173298346448	31.814981392406114	4.006089255668616	1	564	560	4	FALSE
LOC137488297	1	NA	25049	0.03154128192864361	31.704481836290526	3.992175336340772	1	564	561	3	FALSE
LOC141376814	2	2	50213	0.06322736993424814	31.63187085086497	3.9830322824766498	0.39421436373294266	168	562	-394	FALSE
cdk5rap3	1	1	25215	0.0317503063527785	31.495759092494207	3.96589331746976	1	564	563	1	FALSE
ifrd2	1	NA	25218	0.031754083902612265	31.49201227366331	3.9654215243080335	1	564	564	0	FALSE
LOC568883	1	1	25246	0.031789341034394056	31.457084905222263	3.961023528479759	1	564	565	-1	FALSE
si:ch211-265o23.1	1	1	25272	0.03182207979962	31.42472164914694	3.9569484013928458	1	564	566	-2	FALSE
slc1a8b	1	NA	25294	0.03184978183173426	31.397389322259883	3.9535067604965604	1	564	567	-3	TRUE
mlf2	1	NA	25342	0.03191022262907447	31.33791987677537	3.946018467366428	1	564	568	-4	FALSE
sox4a	2	2	50751	0.06390481053776964	31.296548462778723	3.940809048097574	0.3992133866715044	168	569	-401	TRUE
pcgf1	1	1	25403	0.03198703280902765	31.262668405985178	3.9365429280006303	1	564	570	-6	FALSE
epyc	1	NA	25461	0.03206006543914707	31.191452241358995	3.9275755076391343	1	564	571	-7	FALSE
LOC141378125	2	NA	51275	0.06456462257540026	30.976716353671048	3.9005363237445145	0.405652139578898	168	572	-404	FALSE
ttc5	1	NA	25651	0.03229931026195207	30.960413454338674	3.89848348992242	1	564	573	-9	FALSE
ccdc59	1	NA	25656	0.03230560617834167	30.95437969742912	3.897723729342064	1	564	574	-10	FALSE
arhgap32a	2	NA	51383	0.06470061436941572	30.911607555699025	3.892337932779324	0.40566351553791047	168	575	-407	TRUE
ugt5c2	1	NA	25723	0.03238997145796238	30.873753664706346	3.887571434125102	1	564	576	-12	FALSE
LOC141377866	1	1	25730	0.03239878574090783	30.865354275835266	3.88651379712398	1	564	577	-13	FALSE
timm44	1	1	25792	0.03247685510413893	30.791158712672196	3.8771712158808938	1	564	578	-14	FALSE
LOC141381609	2	NA	51717	0.06512118158424135	30.711973452336423	3.8672003403136297	0.4091698495476294	168	579	-411	FALSE
LOC141376819	1	NA	25916	0.032632993830601136	30.64383259442975	3.8586201574317025	1	564	580	-16	FALSE
klf2b	1	1	25934	0.03265565912960371	30.62256364298764	3.85594200663222	1	564	581	-17	TRUE
supv3l1	1	NA	26020	0.032763948891504927	30.521351480293667	3.8431975403535743	1	564	582	-18	FALSE
LOC137488572	1	NA	26056	0.032809279489510075	30.479181974103525	3.8378876266502915	1	564	583	-19	FALSE
papss2b	1	NA	26142	0.03291756925141128	30.378913836632297	3.825262030449086	1	564	584	-20	TRUE
ppp1caa	1	1	26143	0.032918828434689205	30.377751808026677	3.82511570975022	1	564	585	-21	TRUE
tmem65	1	NA	26155	0.03293393863402426	30.363814395612362	3.8233607340852607	1	564	586	-22	FALSE
ppp1r3da	1	NA	26183	0.03296919576580604	30.331343448697304	3.81927204674789	1	564	587	-23	TRUE
psme3ip1	1	NA	26189	0.032976750865473574	30.324394421980273	3.818397036923899	1	564	588	-24	FALSE
LOC569391	1	1	26268	0.03307622634442934	30.23319497172382	3.806913354652048	1	564	589	-25	FALSE
mlst8	1	NA	26360	0.03319207120599807	30.127676992308093	3.793626707132018	1	564	590	-26	FALSE
ugt5a3	1	1	26396	0.033237401804003225	30.086587570739557	3.7884527958781637	1	564	591	-27	FALSE
wnt4b	1	1	26456	0.03331295280067848	30.018353701135528	3.7798609011188384	1	564	592	-28	TRUE
pou4f2	5	3	132567	0.16692614960415575	29.953365676120054	3.7716777176823797	0.0021130258196773548	16	593	-577	FALSE
si:ch211-261a10.5	1	NA	26552	0.0334338343953589	29.909820936925332	3.7661946369388373	1	564	594	-30	FALSE
trappc4	1	1	26552	0.0334338343953589	29.909820936925332	3.7661946369388373	1	564	594	-30	FALSE
wipi2	1	1	26555	0.033437611945192666	29.90644193248885	3.765769158350593	1	564	596	-32	FALSE
adcy5	1	1	26669	0.03358115883887566	29.778603079127127	3.7496719037084256	1	564	597	-33	FALSE
si:dkey-29h14.10	1	NA	26705	0.03362648943688082	29.73845967111932	3.744617112900206	1	564	598	-34	FALSE
ganaba	1	NA	26789	0.03373226083222619	29.645211300057532	3.732875433946769	1	564	599	-35	TRUE
LOC141385682	1	NA	26789	0.03373226083222619	29.645211300057532	3.732875433946769	1	564	599	-35	FALSE
mtx1b	1	NA	26891	0.03386069752657413	29.532764326995704	3.7187162991335394	1	564	601	-37	TRUE
ankrd34c	2	2	53802	0.06774657871870668	29.52178601231335	3.7173339281067617	0.431779188964447	168	602	-434	FALSE
inka2	1	NA	27005	0.03400424442025713	29.408093520357017	3.703017959637104	1	564	603	-39	FALSE
LOC101882057	1	NA	27017	0.03401935461959218	29.395031480817316	3.7013732094607095	1	564	604	-40	FALSE
LOC141385810	1	NA	27028	0.03403320563564931	29.383068133685118	3.699866804795027	1	564	605	-41	FALSE
gen1	1	NA	27034	0.03404076073531683	29.376546775069965	3.699045646223274	1	564	606	-42	FALSE
nufip2	1	NA	27061	0.034074758683820705	29.34723644792289	3.6953549388418754	1	564	607	-43	FALSE
creld2	1	NA	27103	0.034127644381493384	29.301758680487083	3.6896284544146405	1	564	608	-44	FALSE
hemgn	2	NA	54239	0.06829684181115817	29.283930954377528	3.6873836169545897	0.4366777911985887	168	609	-441	FALSE
LOC100535315	1	NA	27127	0.03415786478016349	29.27583461190848	3.686364139049655	1	564	610	-46	FALSE
il17a/f3	1	NA	27198	0.03424726679289588	29.199410453608408	3.676740936833591	1	564	611	-47	FALSE
rx3	1	1	27219	0.03427370964173222	29.17688252754478	3.6739042580550354	1	564	612	-48	FALSE
gca-9	1	NA	27349	0.034437403467861956	29.038193919969338	3.65644082050532	1	564	613	-49	FALSE
phf1	1	1	27419	0.03452554629731643	28.96406015964263	3.6471060213720414	1	564	614	-50	FALSE
fam189b	1	1	27434	0.034544434046485245	28.948223573567155	3.645111904935482	1	564	615	-51	TRUE
si:ch211-225b7.5	1	NA	27498	0.034625021776272184	28.880848262318768	3.6366281184086113	1	564	616	-52	FALSE
fabp7a	3	2	82814	0.10427800397775129	28.76925032665641	3.622575892964958	0.07732647180830676	70	617	-547	TRUE
LOC137488161	1	NA	27685	0.034860489049243416	28.68577083320359	3.612064294744447	1	564	618	-54	FALSE
p2ry13	1	1	27696	0.034874340065300546	28.674377726647943	3.610629693818602	1	564	619	-55	FALSE
cacna2d4a	1	NA	27704	0.03488441353152392	28.666097513616855	3.609587063239965	1	564	620	-56	TRUE
opn6b	1	NA	27714	0.034897005364303124	28.655753969735205	3.6082846214909434	1	564	621	-57	TRUE
apex2	1	NA	27731	0.034918411480027785	28.638187065639226	3.606072626302694	1	564	622	-58	FALSE
ube2wb	1	NA	27743	0.03493352167936284	28.625799860045465	3.6045128500883106	1	564	623	-59	TRUE
tbc1d30	1	NA	27804	0.03501033185931602	28.56299688955695	3.5966048050640196	1	564	624	-60	FALSE
st13	1	NA	27813	0.03502166450881731	28.55375419829725	3.5954409808362997	1	564	625	-61	FALSE
mlf1	1	NA	27860	0.035080846122879594	28.505583830482465	3.5893754486719307	1	564	626	-62	FALSE
rnf26	1	1	27870	0.03509343795565881	28.495355777439592	3.588087549336204	1	564	627	-63	FALSE
lum	2	NA	55743	0.07019065346115137	28.493822202509424	3.5878944441454532	0.4578088352232696	168	628	-460	FALSE
vps4a	2	2	55791	0.07025109425849159	28.469307433716597	3.5848075854528507	0.4578088352232696	168	629	-461	TRUE
macrod1	1	NA	27955	0.03520046853428209	28.408712771140816	3.577177606868181	1	564	630	-66	FALSE
gsr	1	1	27961	0.03520802363394962	28.402616698874912	3.5764099996423586	1	564	631	-67	FALSE
strada	1	1	28026	0.03528987054701449	28.336743221196077	3.5681153214871904	1	564	632	-68	TRUE
snrnp70	1	NA	28026	0.03528987054701449	28.336743221196077	3.5681153214871904	1	564	632	-68	FALSE
si:ch211-76l23.4	1	NA	28078	0.03535534807746638	28.284264032952535	3.561507229859677	1	564	634	-70	FALSE
septin3	1	1	28101	0.035384309292858566	28.261114035701265	3.5585922209174052	1	564	635	-71	FALSE
insm2	2	2	56257	0.07083787366600279	28.233484384778475	3.5551131414757275	0.45989712850342396	168	636	-468	FALSE
cd58	1	NA	28144	0.03543845417380917	28.21793510223285	3.553155201819215	1	564	637	-73	FALSE
hdac1	1	1	28185	0.03549008068820393	28.17688719238039	3.547986517651233	1	564	638	-74	FALSE
LOC101884216	1	NA	28280	0.03560970309960643	28.082233575574303	3.536067892503536	1	564	639	-75	FALSE
boka	1	1	28286	0.03561725819927395	28.076276798318652	3.535317825072474	1	564	640	-76	TRUE
gnrhr2	1	1	28330	0.03567266226350248	28.032670861886388	3.5298270384751147	1	564	641	-77	FALSE
chadla	1	NA	28434	0.03580361732440626	27.930138760541656	3.5169163677287756	1	564	642	-78	TRUE
mief1	1	1	28434	0.03580361732440626	27.930138760541656	3.5169163677287756	1	564	642	-78	FALSE
zdhhc5a	3	NA	85542	0.10771305595991983	27.851776864601298	3.5070491688293473	0.08296033899326856	70	644	-574	TRUE
pithd1	1	1	28523	0.03591568463614123	27.84298865888025	3.50594257266066	1	564	645	-81	FALSE
LOC137490239	3	4	85578	0.10775838655792498	27.840060489281406	3.5055738624412816	0.08296033899326856	70	646	-576	FALSE
zbtb10	1	1	28541	0.03593834993514381	27.82542887485517	3.503731474019831	1	564	647	-83	FALSE
suclg1	1	1	28582	0.03598997644953857	27.785514152866888	3.49870547897278	1	564	648	-84	FALSE
zgc:77486	1	2	28613	0.03602901113115413	27.755410670577753	3.4949148988222136	1	564	649	-85	FALSE
hcar1-2	1	NA	28664	0.0360932294783281	27.70602726476561	3.488696622941669	1	564	650	-86	FALSE
atp23	1	NA	28673	0.036104562127829386	27.697330782172823	3.4876015763959125	1	564	651	-87	FALSE
LOC103909016	1	NA	28682	0.036115894777330675	27.688639757242917	3.486507217069939	1	564	652	-88	FALSE
sema6bb	1	NA	28789	0.036250627388068224	27.58572946324087	3.473548924936608	1	564	653	-89	TRUE
srsf1b	1	1	28792	0.03625440493790199	27.58285515133514	3.473186996387885	1	564	654	-90	TRUE
wdr37	2	NA	57603	0.07253273435808448	27.573757113943415	3.4720413867333297	0.4742733080759176	168	655	-487	FALSE
opn1sw2	1	NA	28815	0.03628336615329417	27.56083864366619	3.4704147145583897	1	564	656	-92	FALSE
tomm22	1	NA	28830	0.036302253902462986	27.546498977358354	3.46860908775581	1	564	657	-93	FALSE
LOC141380634	2	NA	57833	0.07282234651200631	27.464097159657683	3.4582331886639115	0.47615918849633604	168	658	-490	FALSE
pwwp2a	1	1	28991	0.03650498241020827	27.393520938127054	3.44934634886689	1	564	659	-95	TRUE
tnpo3	1	1	29023	0.03654527627510174	27.363317559082155	3.4455431898838853	1	564	660	-96	FALSE
LOC141377880	2	NA	58090	0.07314595661443202	27.342591341616156	3.4429333792391117	0.478172594793085	168	661	-493	FALSE
tmem121b	1	1	29052	0.03658179259016145	27.336003218960535	3.4421038138510256	1	564	662	-98	TRUE
cept1b	1	NA	29058	0.03658934768982898	27.330358783028473	3.4413930759171314	1	564	663	-99	TRUE
bud23	1	NA	29062	0.03659438442294066	27.326597120543713	3.440919413667332	1	564	664	-100	FALSE
olfcg6	2	2	58280	0.07338520143723701	27.253451115897093	3.431708991077557	0.478172594793085	168	665	-497	FALSE
bmal2	2	2	58296	0.07340534836968374	27.24597109637853	3.430767119527926	0.478172594793085	168	666	-498	FALSE
glt8d2	1	1	29288	0.03687895984375081	27.115732228805022	3.414367659109533	1	564	667	-103	FALSE
sh3glb2b	1	NA	29325	0.03692554962503389	27.08151971073287	3.4100596760443307	1	564	668	-104	TRUE
prmt7	1	1	29332	0.036934363907979335	27.075056781577846	3.409245874812491	1	564	669	-105	FALSE
linc.sox4a	2	NA	58785	0.07402108899258711	27.019326886696998	3.402228459641065	0.48294747179593966	168	670	-502	TRUE
pacsin1b	1	NA	29396	0.03701495163776628	27.016109862472494	3.401823377330249	1	564	671	-107	TRUE
si:ch211-254p10.2	2	2	58819	0.07406390122403644	27.003708513141714	3.400261820160152	0.48294747179593966	168	672	-504	FALSE
mix23	1	NA	29411	0.0370338393869351	27.0023312881997	3.40008840229846	1	564	673	-109	FALSE
si:ch211-161h7.8	1	NA	29411	0.0370338393869351	27.0023312881997	3.40008840229846	1	564	673	-109	FALSE
LOC141375106	1	NA	29503	0.03714968424850383	26.918129190836233	3.389485815001864	1	564	675	-111	FALSE
ppp6r3	1	2	29595	0.03726552911007257	26.83445060034605	3.3789491468153408	1	564	676	-112	FALSE
atp5f1d	1	1	29659	0.03734611683985951	26.776545585395375	3.371657844161974	1	564	677	-113	FALSE
synrg	1	NA	29771	0.03748714536698666	26.675810873576346	3.3589734976991035	1	564	678	-114	FALSE
kcnab2b	3	1	89378	0.11254328301402487	26.656410935036853	3.356530689878941	0.09092946743846234	70	679	-609	TRUE
LOC141385792	2	NA	59708	0.07518331515810822	26.601646865319264	3.3496348897970116	0.4936041500792495	168	680	-512	FALSE
atp1a1a.3	1	NA	29859	0.03759795349544372	26.597192321150786	3.349073981044241	1	564	681	-117	FALSE
slc25a55a	1	1	29876	0.03761935961116837	26.582058023739503	3.3471682956219038	1	564	682	-118	TRUE
dhx35	3	2	89808	0.11308473182353089	26.52878024843805	3.3404596472474615	0.09110544813286074	70	683	-613	FALSE
mettl27	1	NA	29968	0.03773520447273711	26.50045266675258	3.3368926855312333	1	564	684	-120	FALSE
dlx3b	1	NA	30031	0.03781453301924613	26.44485916277318	3.3298924444740434	1	564	685	-121	TRUE
mmd2a	1	NA	30038	0.03782334730219158	26.438696501672595	3.3291164524935084	1	564	686	-122	TRUE
kcnc4	2	2	60086	0.07565928643716237	26.43429635912663	3.328562393902074	0.49787228715952286	168	687	-519	FALSE
arfgap1	1	NA	30063	0.0378548268841396	26.41671042534815	3.3263480025280243	1	564	688	-124	FALSE
kif1aa	4	4	120380	0.1515804829961323	26.38862154900287	3.322811098189068	0.020014340182406044	28	689	-661	TRUE
si:ch211-81a5.8	1	NA	30144	0.03795682072965121	26.3457260322864	3.3174097664543525	1	564	690	-126	FALSE
LOC141383305	1	NA	30150	0.03796437582931873	26.340483101732715	3.316749585406302	1	564	691	-127	FALSE
map3k15	2	2	60341	0.07598037817303223	26.322585489708203	3.3144959480287035	0.5001547934738587	168	692	-524	FALSE
cdk13	1	NA	30185	0.03800844724404597	26.309940881803588	3.3129037601457676	1	564	693	-129	FALSE
ndufaf5	1	NA	30260	0.03810288598989005	26.244731180345052	3.304692663582287	1	564	694	-130	FALSE
LOC137489311	2	NA	60719	0.07645634945208636	26.158716893138603	3.2938618883710205	0.5044266864569271	168	695	-527	FALSE
reps1	1	1	30369	0.03824013696718344	26.150533949660552	3.2928315058118476	1	564	696	-132	FALSE
si:dkey-248f6.3	4	4	121556	0.15306128253096743	26.133323423516448	3.2906643851393595	0.020014340182406044	28	697	-669	FALSE
spred3	1	NA	30473	0.03837109202808722	26.06128590940312	3.2815935418239097	1	564	698	-134	FALSE
rnf41l	1	NA	30497	0.038401312426757324	26.040776650727658	3.2790110502672394	1	564	699	-135	FALSE
rrs1	3	2	91602	0.1153437066241212	26.00922137673549	3.2750376629331237	0.09450685522029344	70	700	-630	FALSE
troap	1	NA	30579	0.03850456545554685	25.97094625452897	3.270218123548841	1	564	701	-137	FALSE
tmem102	1	1	30592	0.03852093483815982	25.959909960683888	3.268828451882845	1	564	702	-138	FALSE
rarga	1	NA	30615	0.038549896053552	25.94040717025123	3.2663726931242856	1	564	703	-139	TRUE
mtmr12	1	NA	30626	0.03856374706960913	25.931090103743273	3.2651995036896757	1	564	704	-140	FALSE
sarnp	1	NA	30727	0.03869092458067916	25.8458543143568	3.2544667556220914	1	564	705	-141	FALSE
si:dkey-13a21.4	1	NA	30772	0.03874758782818561	25.808058154076473	3.249707526322631	1	564	706	-142	FALSE
LOC137488812	1	NA	30803	0.03878662250980116	25.78208504097787	3.246437035353699	1	564	707	-143	FALSE
mfsd5	1	1	30873	0.03887476533925563	25.723627944068973	3.2390762154633497	1	564	708	-144	FALSE
lrrc8db	1	NA	30971	0.03899816530049189	25.64223194334188	3.22882696716283	1	564	709	-145	TRUE
adssl	1	NA	30996	0.039029644882439915	25.621550055402032	3.22622273841786	1	564	710	-146	FALSE
si:ch211-241j12.3	1	1	31182	0.03926385297213322	25.46871802697843	3.2069783849656854	1	564	711	-147	FALSE
pop1	1	1	31199	0.03928525908785788	25.454840396078126	3.205230936889003	1	564	712	-148	FALSE
LOC137487936	1	NA	31270	0.03937466110059028	25.397043988399147	3.197953309881676	1	564	713	-149	FALSE
homer2	1	NA	31321	0.039438879447764245	25.355689968942286	3.1927460809041857	1	564	714	-150	FALSE
pus7	1	1	31349	0.03947413657954603	25.333043016276164	3.1898944144948804	1	564	715	-151	FALSE
hadhb	1	NA	31425	0.03956983450866803	25.2717761501111	3.182179793158314	1	564	716	-152	TRUE
zc3h13	1	NA	31462	0.03961642428995111	25.242055988724218	3.1784374801347655	1	564	717	-153	FALSE
LOC137490508	2	NA	62999	0.07932728732574629	25.212005445078223	3.1746535659296176	0.53959166232659	168	718	-550	FALSE
si:ch211-245j22.3	2	NA	63107	0.07946327911976177	25.168858146235483	3.1692205302105947	0.53959166232659	168	719	-551	FALSE
trmt1	1	NA	31608	0.03980026504852758	25.125460817427275	3.163756011136421	1	564	720	-156	FALSE
kiz	6	NA	189773	0.23895898820090558	25.108911136481208	3.1616721029861994	6.940236729402406e-4	6	721	-715	FALSE
LOC141378113	1	1	31654	0.03985818747931194	25.08894817455113	3.159158400202186	1	564	722	-158	FALSE
pax7b	3	NA	95058	0.11969544403261625	25.063610601440427	3.155967935365777	0.1035861492667243	70	723	-653	TRUE
LOC141376129	1	NA	31694	0.039908554810428785	25.057284202601167	3.155171325802991	1	564	724	-160	FALSE
brsk1b	1	1	31704	0.039921146643208	25.049380693831736	3.1541761291950543	1	564	725	-161	TRUE
faim2b	1	NA	31713	0.03993247929270929	25.042271797598502	3.153280988868918	1	564	726	-162	TRUE
nemp1	1	NA	31715	0.03993499765926513	25.04069259080061	3.1530821377896894	1	564	727	-163	FALSE
ormdl2	1	1	31715	0.03993499765926513	25.04069259080061	3.1530821377896894	1	564	727	-163	FALSE
tubd1	1	NA	31768	0.040001734372994945	24.998916063876898	3.147821707378494	1	564	729	-165	FALSE
fam83d	1	1	31801	0.040043287421166335	24.9729746082589	3.1445552026665826	1	564	730	-166	FALSE
LOC100333521	1	1	31831	0.04008106291950397	24.94943814260442	3.1415915302692348	1	564	731	-167	FALSE
klhl12	1	1	31864	0.04012261596767536	24.923599219094946	3.1383379362289734	1	564	732	-168	FALSE
gamt	1	NA	31876	0.04013772616701041	24.914216511395452	3.137156481365291	1	564	733	-169	FALSE
grin3ba	1	1	32032	0.040334158758366094	24.792881041372418	3.121878121878122	1	564	734	-170	TRUE
pik3c3	1	1	32032	0.040334158758366094	24.792881041372418	3.121878121878122	1	564	734	-170	FALSE
abcc3	3	3	96126	0.1210402517734359	24.785143421672846	3.1209038137444605	0.1045016911438054	70	736	-666	FALSE
pgbd5	1	1	32050	0.04035682405736867	24.778956802410026	3.1201248049921997	1	564	737	-173	FALSE
pcdhb	1	2	32051	0.04035808324064659	24.77818369215442	3.1200274562416146	1	564	738	-174	TRUE
LOC141378831	2	2	64103	0.0807174256645711	24.777797155117277	3.119978784144268	0.5500956053541955	168	739	-571	FALSE
kat2a	2	2	64116	0.08073379504718407	24.77277327086036	3.119346185039616	0.5500956053541955	168	740	-572	TRUE
foxk2a	1	1	32082	0.04039711792226214	24.754241179391602	3.1170126550713797	1	564	741	-177	TRUE
hlcs	1	1	32097	0.04041600567143096	24.742672695804636	3.1155559709630185	1	564	742	-178	FALSE
usp15	1	1	32104	0.040424819954376405	24.737277769662388	3.114876650884625	1	564	743	-179	FALSE
rogdi	1	1	32109	0.040431115870766005	24.733425691153304	3.114391603600237	1	564	744	-180	FALSE
olfce1p	1	1	32150	0.04048274238516077	24.701883841904863	3.1104199066874028	1	564	745	-181	FALSE
mcts1	1	1	32166	0.0405028893176075	24.689596639844602	3.1088727227507307	1	564	746	-182	FALSE
slc38a10	2	2	64358	0.08103851740044096	24.679622285255643	3.1076167687000837	0.5500956053541955	168	747	-579	FALSE
tepsin	2	NA	64358	0.08103851740044096	24.679622285255643	3.1076167687000837	0.5500956053541955	168	747	-579	FALSE
gem	1	NA	32212	0.04056081174839187	24.654338927022273	3.1044331305103685	1	564	749	-185	FALSE
nop14	2	NA	64430	0.08112917859645127	24.652043008450764	3.104144032283098	0.5500956053541955	168	750	-582	FALSE
cremb	1	NA	32293	0.04066280559390348	24.59249885477476	3.0966463320224196	1	564	751	-187	TRUE
scly	4	NA	129207	0.16269529379034112	24.58583716105912	3.0958075026894827	0.020014340182406044	28	752	-724	FALSE
LOC141378372	2	2	64834	0.08163788864073136	24.49842877247251	3.0848011845636547	0.5541882966955751	168	753	-585	FALSE
slc5a7a	2	2	64912	0.0817361049364092	24.468990803464425	3.081094404732561	0.5541882966955751	168	754	-586	TRUE
btr30	1	1	32464	0.040878125934427974	24.462960988086536	3.0803351404632826	1	564	755	-191	FALSE
whamm	1	1	32489	0.04090960551637599	24.44413695457667	3.077964849641417	1	564	756	-192	FALSE
LOC141380318	3	NA	97529	0.1228068859123591	24.428597612522676	3.076008161674989	0.10508050778692025	70	757	-687	FALSE
onecut3a	2	2	65046	0.08190483549565061	24.418582711227177	3.074747102050856	0.5544573740140823	168	758	-590	TRUE
cyp11a1.2	1	NA	32550	0.04098641569632918	24.398327665660258	3.0721966205837172	1	564	759	-195	FALSE
LOC141377753	1	NA	32675	0.0411438136060693	24.304990528454216	3.0604437643458304	1	564	760	-196	FALSE
cdk4	1	1	32711	0.04118914420407446	24.27824173878027	3.0570756014796245	1	564	761	-197	FALSE
LOC141376620	2	NA	65470	0.08243872920548914	24.26044189757878	3.0548342752405686	0.558363281830696	168	762	-594	FALSE
LOC141386125	2	2	65517	0.08249791081955142	24.243038158561635	3.052642825526199	0.558363281830696	168	763	-595	FALSE
rabggtb	1	1	32763	0.041254621734526355	24.239708375827654	3.052223544852425	1	564	764	-200	TRUE
zgc:152948	3	NA	98337	0.12382430600091927	24.22787655258676	3.0507337014552003	0.10508050778692025	70	765	-695	FALSE
si:ch73-233f7.1	1	1	32817	0.04132261763153409	24.19982221157453	3.0472011457476307	1	564	766	-202	FALSE
LOC141385549	1	NA	32840	0.04135157884692627	24.182873493216853	3.045066991473812	1	564	767	-203	FALSE
si:ch211-102c2.4	1	NA	32854	0.04136920741281717	24.172568500555226	3.0437694040299506	1	564	768	-204	FALSE
dennd4b	2	2	65819	0.08287818416948356	24.131802838610174	3.038636260046491	0.5614179109129345	168	769	-601	TRUE
LOC563567	1	1	32931	0.041466164525217085	24.11604766078289	3.036652394400413	1	564	770	-206	FALSE
ap1m1	1	1	33118	0.04170163179818832	23.979876970748276	3.0195060088169576	1	564	771	-207	FALSE
pik3r1	1	1	33140	0.04172933383030258	23.96395792146172	3.0175015087507546	1	564	772	-208	FALSE
icmt	1	1	33140	0.04172933383030258	23.96395792146172	3.0175015087507546	1	564	772	-208	FALSE
alx4b	3	3	99469	0.12524970147152586	23.95215289740245	3.0160150398616654	0.10765627177207333	70	774	-704	TRUE
si:ch73-234b20.5	1	NA	33258	0.04187791745709726	23.87893335489931	3.006795357507968	1	564	775	-211	FALSE
hnrnpd	1	1	33258	0.04187791745709726	23.87893335489931	3.006795357507968	1	564	775	-211	FALSE
cited4b	1	1	33287	0.04191443377215697	23.858129765891828	3.0041758043680717	1	564	777	-213	TRUE
srpk2	1	NA	33291	0.041919470505268654	23.85526314971738	3.0038148448529634	1	564	778	-214	FALSE
pmelb	1	NA	33297	0.04192702560493618	23.850964516840598	3.0032735681893263	1	564	779	-215	TRUE
fbxl2	1	1	33370	0.04201894598422441	23.798788298389013	2.9967036260113873	1	564	780	-216	FALSE
lhx9	1	1	33390	0.04204412964978283	23.784533258976982	2.994908655286014	1	564	781	-217	FALSE
psat1	1	1	33397	0.04205294393272828	23.77954802878227	2.994280923436237	1	564	782	-218	FALSE
ptch2	3	NA	100585	0.1266549500096857	23.68640151664487	2.982552070388229	0.10979426591460621	70	783	-713	FALSE
man2a2	1	NA	33602	0.04231107650470209	23.634473112232648	2.97601333253973	1	564	784	-220	FALSE
naga	1	1	33605	0.042314854054535854	23.632363205393286	2.9757476565987204	1	564	785	-221	TRUE
plxnd1	2	NA	67226	0.08464985504151844	23.62673862842476	2.9750394192723055	0.578939359486661	168	786	-618	FALSE
tram1	1	2	33617	0.04232996425387091	23.62392734382132	2.9746854270160927	1	564	787	-223	FALSE
onecut2	3	2	100857	0.12699744786128025	23.6225219523853	2.974508462476576	0.1098687412243466	70	788	-718	FALSE
npas4b	1	NA	33736	0.04247980706394351	23.54059655908351	2.9641925539483047	1	564	789	-225	TRUE
LOC141377861	1	NA	33765	0.04251632337900322	23.520378069516994	2.9616466755516067	1	564	790	-226	FALSE
pmchl	1	NA	33767	0.04251884174555906	23.51898497104396	2.961471258921432	1	564	791	-227	FALSE
stmn2b	1	NA	33768	0.042520100928836985	23.518288483689922	2.961383558398484	1	564	792	-228	TRUE
LOC137488040	1	NA	33987	0.04279586206670168	23.366745094219596	2.9423014682084325	1	564	793	-229	FALSE
stk3	1	1	34085	0.04291926202793794	23.299561845892367	2.933841865923427	1	564	794	-230	FALSE
nxpe3	1	NA	34131	0.042977184458722305	23.26815989913104	2.929887785297823	1	564	795	-231	FALSE
me3	1	1	34131	0.042977184458722305	23.26815989913104	2.929887785297823	1	564	795	-231	FALSE
rpl10	1	1	34218	0.043086733403901435	23.20900010278922	2.92243848266994	1	564	797	-233	FALSE
cptp	1	NA	34227	0.043098066053402724	23.202897289193952	2.921670026587197	1	564	798	-234	FALSE
gstcd	3	NA	102761	0.12939493282244185	23.184833706870545	2.919395490507099	0.11277979745262662	70	799	-729	FALSE
myhc4	1	NA	34288	0.04317487623335591	23.16161821970489	2.916472235184321	1	564	800	-236	FALSE
si:dkey-31g6.6	1	NA	34308	0.04320005989891433	23.148116052152307	2.9147720648245308	1	564	801	-237	FALSE
LOC137487664	2	NA	68692	0.08649581772695066	23.12250525584468	2.91154719618005	0.5966523173418556	168	802	-634	FALSE
LOC141380135	1	NA	34351	0.043254204779864934	23.11913963253592	2.911123402521033	1	564	803	-239	FALSE
LOC141378078	1	1	34353	0.043256723146420775	23.117793657533298	2.9109539195994527	1	564	804	-240	FALSE
tusc2a	1	NA	34362	0.043268055795922064	23.111738708958775	2.9101914906000816	1	564	805	-241	TRUE
scn5lab	1	NA	34375	0.04328442517853504	23.102998269592476	2.909090909090909	1	564	806	-242	TRUE
pim2	2	NA	68840	0.08668217685208297	23.072793884870464	2.905287623474724	0.5966523173418556	168	807	-639	FALSE
prrc2c	2	1	68840	0.08668217685208297	23.072793884870464	2.905287623474724	0.5966523173418556	168	807	-639	FALSE
med16	1	1	34494	0.04343426798860764	23.023295805567386	2.8990549080999592	1	564	809	-245	FALSE
mcmbp	1	NA	34524	0.04347204348694527	23.003289465798904	2.896535743251072	1	564	810	-246	FALSE
LOC141378790	2	NA	69158	0.08708259713446186	22.96670133656963	2.8919286272014806	0.5993089662742644	168	811	-643	FALSE
fbxo32	1	1	34593	0.04355892713312182	22.957406571191896	2.890758245887896	1	564	812	-248	FALSE
rabl6b	1	1	34605	0.04357403733245687	22.949445615293783	2.889755815633579	1	564	813	-249	TRUE
dusp27	1	1	34684	0.04367351281141263	22.897173495480377	2.8831737977165264	1	564	814	-250	FALSE
LOC141379891	1	1	34708	0.04370373321008274	22.88134048395878	2.881180131381814	1	564	815	-251	FALSE
kcnk13b	1	1	34757	0.043765433190700864	22.849082645718603	2.8771182783324223	1	564	816	-252	TRUE
LOC110437909	1	NA	34822	0.04384728010376573	22.80643172469248	2.87174774567802	1	564	817	-253	FALSE
LOC100536607	1	NA	34882	0.043922831100441	22.767202726828774	2.8668080958660624	1	564	818	-254	FALSE
hfm1	1	NA	34931	0.043984531081059125	22.735265681407384	2.8627866365119807	1	564	819	-255	FALSE
uap1l1	1	1	34931	0.043984531081059125	22.735265681407384	2.8627866365119807	1	564	819	-255	FALSE
cratb	1	1	34963	0.0440248249459526	22.714457155199536	2.8601664616880704	1	564	821	-257	TRUE
LOC103910221	1	NA	35026	0.04410415349246162	22.673601482248657	2.8550219836692743	1	564	822	-258	FALSE
si:ch1073-459b3.2	1	1	35071	0.04416081673996807	22.64450872564915	2.851358672407402	1	564	823	-259	FALSE
tsc22d1	1	1	35105	0.04420362897141738	22.62257699806983	2.848597065945022	1	564	824	-260	FALSE
hpdb	1	1	35185	0.04430436363365106	22.57114013122755	2.842120221685377	1	564	825	-261	TRUE
nkx2.1	1	1	35211	0.04433710239887701	22.554473474688063	2.84002158416404	1	564	826	-262	FALSE
cisd2	1	NA	35311	0.04446302072666911	22.490599686138637	2.8319787035201496	1	564	827	-263	FALSE
zic2a	1	1	35372	0.044539830906622294	22.45181402005093	2.8270948773040825	1	564	828	-264	TRUE
gmcl1	1	NA	35399	0.04457382885512616	22.434689271370416	2.824938557586372	1	564	829	-265	FALSE
parp10	1	1	35502	0.04470352473275203	22.36960074128898	2.816742718720072	1	564	830	-266	FALSE
pfkma	1	1	35628	0.04486218182577007	22.290489657495268	2.806781183338947	1	564	831	-267	TRUE
hhip	4	1	142885	0.17991840266574485	22.23230053587826	2.7994541064492426	0.024007029982448278	28	832	-804	FALSE
LOC103911387	1	NA	35727	0.044986840970284256	22.228722409305046	2.7990035547345147	1	564	833	-269	FALSE
ppm1lb	1	NA	35736	0.044998173619785545	22.223124174984367	2.7982986344302665	1	564	834	-270	TRUE
cry2	1	1	35829	0.0451152776646322	22.165440439790153	2.7910351949538086	1	564	835	-271	FALSE
atxn7l2a	1	1	35849	0.04514046133019062	22.15307443770374	2.7894780886496138	1	564	836	-272	TRUE
LOC141381241	1	1	35883	0.04518327356163994	22.132083870279555	2.7868349915001533	1	564	837	-273	FALSE
c6.2	1	NA	35901	0.04520593886064251	22.120987312811383	2.7854377315395116	1	564	838	-274	FALSE
LOC100005923	1	NA	36022	0.045358300037270954	22.04668162559662	2.7760812836599857	1	564	839	-275	FALSE
si:cabz01071907.1	1	NA	36022	0.045358300037270954	22.04668162559662	2.7760812836599857	1	564	839	-275	FALSE
mta3	2	2	72070	0.09074933883976787	22.03872805653507	2.775079783543777	0.6470786841791217	168	841	-673	FALSE
notch1b	2	1	72215	0.09093192041506641	21.99447664660365	2.76950772000277	0.6474267430233167	168	842	-674	TRUE
fam78ba	1	NA	36138	0.04550436529750979	21.975913595584743	2.767170291659749	1	564	843	-279	TRUE
pax2a	5	2	180895	0.22777995905952278	21.951009301452263	2.764034384587744	0.005651883584411143	16	844	-828	TRUE
mrpl19	1	NA	36203	0.04558621221057466	21.936457352076935	2.762202027456288	1	564	845	-281	FALSE
LOC137490324	1	NA	36276	0.0456781325898629	21.89231352732499	2.756643510861175	1	564	846	-282	FALSE
atp8b3	2	NA	72563	0.09137011619578293	21.888994818771035	2.756225624629632	0.6513066413917172	168	847	-679	FALSE
zgc:165539	1	NA	36325	0.045739832570481025	21.86278225787313	2.7529249827942186	1	564	848	-284	FALSE
rnf207b	1	NA	36550	0.04602314880801325	21.72819604698335	2.735978112175103	1	564	849	-285	TRUE
ccdc80	1	1	36731	0.04625106098131696	21.621125630046592	2.722495984318423	1	564	850	-286	FALSE
slc35a5	1	NA	36731	0.04625106098131696	21.621125630046592	2.722495984318423	1	564	850	-286	FALSE
si:ch211-126c2.4	1	NA	36836	0.04638327522549867	21.55949520895975	2.714735584754045	1	564	852	-288	FALSE
katnal1	2	NA	73894	0.0930460891386958	21.494723942870635	2.7065796952391263	0.6724222974140375	168	853	-685	FALSE
atoh7	1	NA	36960	0.04653941395196087	21.48716356918943	2.705627705627706	1	564	854	-290	FALSE
bag3	1	NA	36960	0.04653941395196087	21.48716356918943	2.705627705627706	1	564	854	-290	FALSE
slc38a6	1	NA	36970	0.046552005784740086	21.481351515208043	2.704895861509332	1	564	856	-292	FALSE
kcnn2	1	2	36976	0.04655956088440761	21.47786579179039	2.704456945045435	1	564	857	-293	FALSE
drd3	1	1	37096	0.04671066287775813	21.4083881150863	2.6957084321759757	1	564	858	-294	FALSE
lmln	1	1	37171	0.046805101623602206	21.365192368169847	2.6902692959565253	1	564	859	-295	FALSE
ralgapa2	6	2	223848	0.2818656583960643	21.286736504697153	2.680390264822558	0.0015018818730082118	6	860	-854	FALSE
tcf7l2	8	8	298704	0.37612308184812016	21.269633229343867	2.6782366489903047	3.502675747577591e-5	2	861	-859	FALSE
btf3	1	1	37525	0.047250852503986245	21.163639320912498	2.6648900732844774	1	564	862	-298	FALSE
LOC137488547	1	NA	37531	0.047258407603653775	21.160255935553046	2.6644640430577393	1	564	863	-299	FALSE
larp6b	1	NA	37570	0.047307515751492696	21.138290271952126	2.6616981634282673	1	564	864	-300	TRUE
zfx	1	NA	37618	0.047367956548832905	21.111318132735427	2.658301876761125	1	564	865	-301	FALSE
tbc1d12a	1	NA	37627	0.047379289198334194	21.106268517746336	2.6576660376857046	1	564	866	-302	TRUE
LOC141375149	2	NA	75292	0.09480642736122938	21.095616148255896	2.6563247091324445	0.6903902812559916	168	867	-699	FALSE
LOC141381108	1	NA	37705	0.047477505494012036	21.06260616674821	2.652168147460549	1	564	868	-304	FALSE
LOC137496734	3	NA	113119	0.14243755321514778	21.061861372110116	2.652074364165171	0.1357822018805143	70	869	-799	FALSE
tmub2	1	1	37729	0.04750772589268214	21.049207917443912	2.6504810623128097	1	564	870	-306	FALSE
hdlbpa	1	1	37740	0.04752157690873927	21.043072748204594	2.649708532061473	1	564	871	-307	TRUE
csde1	1	1	37749	0.047532909558240556	21.038055723787156	2.6490767967363373	1	564	872	-308	FALSE
mlh1	1	NA	37749	0.047532909558240556	21.038055723787156	2.6490767967363373	1	564	872	-308	FALSE
muc13b	1	NA	37861	0.047673938085367705	20.975821175279087	2.6412403264573046	1	564	874	-310	TRUE
gon4lb	1	1	37905	0.04772934214959623	20.951472510677785	2.6381743833267377	1	564	875	-311	TRUE
sesn4	1	1	37983	0.047827558445274074	20.908447608594408	2.63275675960298	1	564	876	-312	FALSE
phf8	1	1	37992	0.04783889109477536	20.903494565099006	2.6321330806485577	1	564	877	-313	FALSE
tmem184ba	1	NA	38016	0.04786911149344547	20.890297914489725	2.6304713804713806	1	564	878	-314	TRUE
si:ch73-40a17.4	1	NA	38129	0.048011399203850544	20.828386936904753	2.6226756537019065	1	564	879	-315	FALSE
erlin2	1	NA	38162	0.04805295225202194	20.81037591104348	2.620407735443635	1	564	880	-316	FALSE
si:ch73-170d6.3	1	1	38163	0.04805421143529986	20.80983060863248	2.6203390718759008	1	564	881	-317	FALSE
opn1mw1	1	1	38191	0.04808946856708165	20.794573735100975	2.618417951873478	1	564	882	-318	FALSE
npat	1	NA	38315	0.04824560729354386	20.72727562357409	2.609943886206447	1	564	883	-319	FALSE
LOC103911981	3	NA	115049	0.14486777694153535	20.708538940379526	2.6075845943902163	0.13951879749726612	70	884	-814	FALSE
LOC137489012	1	NA	38397	0.048348860322333376	20.68301079556323	2.604370133083314	1	564	885	-321	FALSE
fhdc4	1	NA	38520	0.04850373986551766	20.616966913739393	2.596053997923157	1	564	886	-322	FALSE
nacc1b	1	1	38602	0.048606992894307186	20.573171481198937	2.590539350292731	1	564	887	-323	TRUE
tmem259	1	NA	38796	0.048851274450223865	20.470295017971992	2.577585318074028	1	564	888	-324	FALSE
camlg	1	1	38815	0.04887519893250437	20.460274778236283	2.5763235862424323	1	564	889	-325	FALSE
LOC141386318	1	NA	38862	0.04893438054656665	20.43552996544803	2.5732077607946064	1	564	890	-326	FALSE
wu:fb55g09	1	1	38877	0.048953268295735465	20.427645279142975	2.5722149342799083	1	564	891	-327	FALSE
cenpp	1	NA	38877	0.048953268295735465	20.427645279142975	2.5722149342799083	1	564	891	-327	FALSE
clcn1a	3	3	116698	0.1469441701668271	20.415917124130015	2.57073814461259	0.14227991755130237	70	893	-823	TRUE
ckba	1	NA	38959	0.04905652132452499	20.384649644940616	2.5668009959187863	1	564	894	-330	TRUE
cracd	1	NA	38959	0.04905652132452499	20.384649644940616	2.5668009959187863	1	564	894	-330	FALSE
gja1a	1	1	38967	0.04906659479074836	20.38046463718637	2.566274026740575	1	564	896	-332	TRUE
LOC141375034	1	NA	39088	0.0492189559673768	20.317375294649032	2.55832992222677	1	564	897	-333	FALSE
usp49	1	NA	39114	0.04925169473260275	20.303869855224253	2.5566293398783047	1	564	898	-334	FALSE
kdm5bb	1	NA	39124	0.04926428656538196	20.29868023507927	2.5559758715877723	1	564	899	-335	TRUE
phc2b	1	NA	39166	0.04931717226305464	20.27691276916819	2.5532349486799775	1	564	900	-336	TRUE
sypl1	1	NA	39228	0.049395241626285745	20.24486503306927	2.549199551340879	1	564	901	-337	FALSE
cyb5d2	2	NA	78490	0.0988332954840208	20.236095439348745	2.548095298764174	0.7409536927379304	168	902	-734	FALSE
dop1a	1	1	39278	0.049458200790181796	20.219093780672168	2.545954478333927	1	564	903	-339	TRUE
srfa	1	1	39351	0.04955012116947003	20.18158536040358	2.5412314807755836	1	564	904	-340	TRUE
efemp2b	1	1	39358	0.04955893545241548	20.17799597330254	2.5407795111540223	1	564	905	-341	TRUE
ccni	1	NA	39430	0.04964959664842579	20.141150533026664	2.53613999492772	1	564	906	-342	FALSE
LOC137487557	2	1	79021	0.09950192180459687	20.100114286512227	2.5309727793877577	0.7455957413912452	168	907	-739	FALSE
fzr1b	1	1	39515	0.04975662722704908	20.097825269321557	2.5306845501708213	1	564	908	-344	TRUE
grik6	1	NA	39598	0.04986113943911652	20.0556989119966	2.52538006970049	1	564	909	-345	FALSE
LOC141377108	2	NA	79277	0.09982427272374464	20.035207324122794	2.5227998032216155	0.7456451288745208	168	910	-742	FALSE
eml2	1	1	39643	0.049917802686622964	20.032933065540988	2.5225134323840273	1	564	911	-347	FALSE
si:ch1073-513e17.1	1	NA	39801	0.05011675364453449	19.953407339444773	2.5124996859375393	1	564	912	-348	FALSE
LOC141376631	1	1	39812	0.05013060466059162	19.947894240863093	2.511805485783181	1	564	913	-349	FALSE
idh2	2	NA	79678	0.10032920521819097	19.934374997295148	2.5101031652400914	0.7472966207328692	168	914	-746	FALSE
LOC141386273	2	NA	79722	0.10038460928241949	19.923372858614723	2.508717794335315	0.7472966207328692	168	915	-747	FALSE
kcnv2a	2	1	79764	0.10043749498009218	19.912882140244758	2.5073968206208312	0.7472966207328692	168	916	-748	TRUE
larp4aa	1	NA	39886	0.05022378422315778	19.910885160638855	2.5071453642882213	1	564	917	-353	TRUE
asic4b	1	2	39984	0.05034718418439404	19.862083971519642	2.501000400160064	1	564	918	-354	TRUE
tsc1b	1	1	40098	0.05049073107807703	19.805615380249424	2.4938899695745422	1	564	919	-355	TRUE
ttc9b	2	2	80364	0.1011930049468448	19.76421197345183	2.488676521825693	0.7557883174113547	168	920	-752	TRUE
tspan6	1	NA	40193	0.05061035348947953	19.7588029138716	2.4879954220884235	1	564	921	-357	FALSE
LOC141385673	1	NA	40195	0.050612871856035364	19.757819766569014	2.487871625824108	1	564	922	-358	FALSE
shoc2	1	NA	40240	0.050669535103541816	19.73572478919586	2.485089463220676	1	564	923	-359	FALSE
mansc4	2	NA	80600	0.10149017220043416	19.70634157611021	2.4813895781637716	0.7576715881055793	168	924	-756	FALSE
s1pr5a	2	2	80809	0.10175334150551965	19.655374166670576	2.4749718471952384	0.7590639221110891	168	925	-757	TRUE
LOC141384037	1	NA	40428	0.050906261559790965	19.643948884863	2.4735331948154746	1	564	926	-362	FALSE
si:ch211-125o16.4	1	NA	40523	0.05102588397119346	19.597896639371257	2.4677343730720827	1	564	927	-363	FALSE
grk7a	1	1	40650	0.051185800247489435	19.53666827840692	2.4600246002460024	1	564	928	-364	TRUE
tuba8l5	1	1	40790	0.05136208590639838	19.46961425636777	2.4515812699190977	1	564	929	-365	FALSE
hdgfl3	1	1	40878	0.05147289403485542	19.42770109881211	2.446303635207202	1	564	930	-366	FALSE
ilvbl	1	1	40906	0.05150815116663721	19.414402911974804	2.444629149757982	1	564	931	-367	FALSE
LOC141376042	2	2	81826	0.10303393089916532	19.41108120932812	2.4442108865152887	0.7721022196327	168	932	-764	FALSE
shdb	2	NA	81924	0.10315733086040159	19.387861078981526	2.441287046530931	0.7721022196327	168	933	-765	TRUE
si:ch211-147k10.6	1	NA	40997	0.05162273684492803	19.371309254756234	2.4392028685025733	1	564	934	-370	FALSE
si:ch73-14h10.2	1	NA	41069	0.051713398040938344	19.33734849928757	2.434926586963403	1	564	935	-371	FALSE
LOC141377494	1	NA	41079	0.05172598987371755	19.33264114309602	2.4343338445434406	1	564	936	-372	FALSE
efcab7	1	NA	41157	0.05182420616939539	19.296002272207435	2.4297203391889592	1	564	937	-373	FALSE
marchf6	1	1	41161	0.051829242902507074	19.294127098885873	2.429484220499988	1	564	938	-374	FALSE
LOC137490786	3	NA	123699	0.15575971229555216	19.260436192303285	2.4252419178813085	0.1633954249107181	70	939	-869	FALSE
hoxc4a	1	NA	41385	0.052111299956761385	19.189695916811438	2.416334420683823	1	564	940	-376	TRUE
zgc:112496	1	NA	41425	0.05216166728787822	19.171166337169375	2.4140012070006036	1	564	941	-377	FALSE
anks3	1	1	41425	0.05216166728787822	19.171166337169375	2.4140012070006036	1	564	941	-377	FALSE
LOC101884976	1	1	41488	0.052240995834387245	19.14205470298017	2.4103355187042035	1	564	943	-379	FALSE
mfap2	1	NA	41559	0.05233039784711964	19.10935213833926	2.406217666450107	1	564	944	-380	FALSE
crocc	1	1	41559	0.05233039784711964	19.10935213833926	2.406217666450107	1	564	944	-380	FALSE
kctd16b	1	1	41705	0.05251423860569611	19.042454514260672	2.3977940294928666	1	564	946	-382	TRUE
wdr20b	1	1	41737	0.05255453247058958	19.027854553926765	2.39595562690179	1	564	947	-383	TRUE
mgat2	1	NA	41737	0.05255453247058958	19.027854553926765	2.39595562690179	1	564	947	-383	FALSE
tspan10	1	NA	41774	0.05260112225187266	19.011001233236975	2.3938334849427876	1	564	949	-385	FALSE
alg6	1	NA	41877	0.05273081812949852	18.96424207840202	2.387945650356998	1	564	950	-386	FALSE
dnajc21	1	1	41927	0.05279377729339458	18.941626291345464	2.3850979082691346	1	564	951	-387	FALSE
aga	1	NA	41981	0.05286177319040231	18.917261749773502	2.3820299659369715	1	564	952	-388	TRUE
LOC141375662	1	NA	42003	0.05288947522251657	18.907353415642724	2.3807823250720186	1	564	953	-389	FALSE
LOC100537455	1	NA	42060	0.05296124866935807	18.881730040828373	2.3775558725630055	1	564	954	-390	FALSE
tcerg1b	1	NA	42074	0.05297887723524897	18.875447200580915	2.37676474782526	1	564	955	-391	TRUE
fgd4b	2	NA	84156	0.1059678279367213	18.87365287126863	2.376538808878749	0.8095806550809027	168	956	-788	TRUE
ofcc1	4	NA	168393	0.2120376497189542	18.864574311693275	2.3753956518382595	0.04001537144036373	28	957	-929	FALSE
LOC137496824	6	NA	252707	0.318204428613587	18.855802938198977	2.374291175155417	0.002260739156488994	6	958	-952	FALSE
LOC110438354	2	2	84301	0.10615040951201984	18.84118967787432	2.3724510978517452	0.8095806550809027	168	959	-791	FALSE
chst2a	2	2	84368	0.10623477479164056	18.82622713628962	2.370567039635881	0.8095806550809027	168	960	-792	TRUE
cdkn3	1	NA	42212	0.053152644527602065	18.813739351777727	2.368994598692315	1	564	961	-397	FALSE
cgg-74	1	NA	42225	0.053169013910215036	18.80794708152141	2.3682652457075193	1	564	962	-398	FALSE
kmt5c	1	NA	42237	0.0531841241095501	18.80260353522365	2.3675923952932263	1	564	963	-399	FALSE
zdhhc12b	1	NA	42318	0.05328611795506169	18.766613864484178	2.3630606361359234	1	564	964	-400	TRUE
tex36	1	NA	42332	0.05330374652095259	18.76040738725412	2.362279126901635	1	564	965	-401	FALSE
b3galt6	1	1	42404	0.0533944077169629	18.7285530968126	2.3582680879162345	1	564	966	-402	FALSE
trim25	1	NA	42425	0.05342085056579925	18.71928262857375	2.3571007660577488	1	564	967	-403	FALSE
si:cabz01021433.2	1	NA	42569	0.05360217295781987	18.655960100477845	2.349127299208344	1	564	968	-404	FALSE
gata6	2	2	85198	0.107279896912315	18.642821791996088	2.347472945374305	0.8224642783414231	168	969	-801	FALSE
arfgef1	1	1	42604	0.0536462443725471	18.640633872811037	2.3471974462491785	1	564	970	-406	FALSE
chst14	1	NA	42618	0.053663872938438	18.63451043026987	2.346426392604064	1	564	971	-407	FALSE
LOC141376786	1	1	42655	0.053710462719721075	18.618346395902975	2.34439104442621	1	564	972	-408	FALSE
mdfic	2	3	85453	0.10760098864818486	18.587189812346935	2.340467859525119	0.8246664150177347	168	973	-805	FALSE
ccnb1	1	1	42775	0.0538615647130716	18.56611491565731	2.33781414377557	1	564	974	-410	FALSE
tgfb3	1	NA	42808	0.05390311776124299	18.55180259571205	2.3360119603812373	1	564	975	-411	FALSE
hip1r	1	NA	42838	0.05394089325958062	18.538810530772714	2.3343760212895095	1	564	976	-412	FALSE
olfcg1	2	NA	85897	0.1081600660235818	18.491112972915033	2.3283700245643035	0.830387886306206	168	977	-809	FALSE
hps3	1	1	42977	0.054115919735211654	18.47885067634412	2.3268259766852037	1	564	978	-414	FALSE
gpatch4	1	NA	43001	0.05414614013388175	18.468537139072147	2.325527313318295	1	564	979	-415	FALSE
LOC141386347	1	NA	43089	0.054256948262338796	18.43081913057257	2.32077792476038	1	564	980	-416	FALSE
LOC141378670	1	1	43089	0.054256948262338796	18.43081913057257	2.32077792476038	1	564	980	-416	FALSE
dcaf15	1	1	43171	0.05436020129112833	18.395811204680026	2.316369785272521	1	564	982	-418	FALSE
rln3b	1	NA	43171	0.05436020129112833	18.395811204680026	2.316369785272521	1	564	982	-418	TRUE
tlnrd1	1	NA	43219	0.05442064208846853	18.375380400223083	2.313797172539855	1	564	984	-420	FALSE
zdhhc18b	3	NA	130131	0.16385877913914015	18.30844838318098	2.3053692048781613	0.18294552500191094	70	985	-915	TRUE
kctd12.1	1	1	43399	0.054647295078494314	18.299167389046783	2.304200557616535	1	564	986	-422	FALSE
LOC141378261	1	NA	43423	0.05467751547716442	18.28905339376002	2.3029270202427283	1	564	987	-423	FALSE
LOC137491554	2	1	86936	0.10946835744934172	18.27011975515877	2.3005429281310388	0.8472565933127798	168	988	-820	FALSE
LOC141380964	1	NA	43492	0.05476439912334097	18.26003783494071	2.299273429596248	1	564	989	-425	FALSE
unc93b1	1	NA	43573	0.054866392968852574	18.226093349488018	2.294999196750281	1	564	990	-426	FALSE
cryba1l2	1	1	43573	0.054866392968852574	18.226093349488018	2.294999196750281	1	564	990	-426	FALSE
LOC100538118	1	NA	43609	0.05491172356685772	18.211047387402633	2.2931046343644663	1	564	992	-428	FALSE
LOC101885646	5	NA	218507	0.2751403605086882	18.17254288231593	2.288256211471486	0.012311965267130135	16	993	-977	FALSE
cxcr4a	2	2	87520	0.11020372048364761	18.148207621509172	2.2851919561243146	0.8556364617143223	168	994	-826	TRUE
tmem200b	1	NA	43761	0.05510311942510172	18.14779290960539	2.2851397362948744	1	564	995	-431	TRUE
ndufb7	1	NA	43893	0.0552693316177873	18.093216811729466	2.2782676053129203	1	564	996	-432	FALSE
rnf157	1	1	43917	0.0552995520164574	18.08332913261929	2.2770225652936222	1	564	997	-433	FALSE
LOC141380680	2	1	87912	0.11069732032859265	18.067284682801922	2.275002275002275	0.8604059109747737	168	998	-830	FALSE
neb	2	NA	88192	0.11104989164641052	18.009923020619592	2.2677793904208996	0.863062642862812	168	999	-831	TRUE
aplnrb	1	1	44110	0.05554257438909616	18.00420688091683	2.2670596236681027	1	564	1000	-436	TRUE
atg4b	1	NA	44238	0.055703749848670055	17.952112788038367	2.260500022605	1	564	1001	-437	TRUE
drgx	1	1	44240	0.055706268215225896	17.95130120970256	2.260397830018083	1	564	1002	-438	FALSE
col9a2	1	NA	44267	0.05574026616372976	17.9403520798166	2.259019133892064	1	564	1003	-439	FALSE
cdx1b	1	1	44282	0.055759153912898575	17.93427499926023	2.258253918070548	1	564	1004	-440	TRUE
LOC100329748	1	1	44282	0.055759153912898575	17.93427499926023	2.258253918070548	1	564	1004	-440	FALSE
usp14	1	1	44297	0.055778041662067394	17.92820203438701	2.2574892204889725	1	564	1006	-442	FALSE
si:dkeyp-59c12.1	1	1	44339	0.055830927359740073	17.911219592621425	2.255350819820023	1	564	1007	-443	FALSE
frrs1a	1	NA	44405	0.05591403345608286	17.884597804689594	2.251998648800811	1	564	1008	-444	TRUE
LOC137490743	1	NA	44512	0.0560487660668204	17.841605983043706	2.246585190510424	1	564	1009	-445	FALSE
slc16a9b	1	1	44542	0.05608654156515804	17.82958927567782	2.2450720668133446	1	564	1010	-446	TRUE
gaa-173	1	NA	44557	0.05610542931432686	17.823586990085538	2.244316269048634	1	564	1011	-447	FALSE
bbs2	1	NA	44720	0.056310676188627985	17.758621769169082	2.23613595706619	1	564	1012	-448	FALSE
mir-138	1	NA	44720	0.056310676188627985	17.758621769169082	2.23613595706619	1	564	1012	-448	FALSE
LOC141379020	3	NA	134392	0.16922415908636163	17.727965180603935	2.2322757306982557	0.1937664206194664	70	1014	-944	FALSE
slc2a11l	1	NA	44827	0.05644540879936553	17.716232750735973	2.2307984027483436	1	564	1015	-451	FALSE
fgf5	1	1	44830	0.0564491863491993	17.715047189766704	2.230649118893598	1	564	1016	-452	FALSE
mmp19	1	NA	44893	0.056528514895708315	17.690187011722127	2.227518766845611	1	564	1017	-453	FALSE
zbtb8b	1	NA	45078	0.056761463802123706	17.617586528178744	2.21837703536093	1	564	1018	-454	TRUE
LOC137496576	1	1	45088	0.05677405563490292	17.613679150045275	2.2178850248403124	1	564	1019	-455	FALSE
map3k21	2	1	90298	0.11370173162971219	17.589881625667047	2.2148884803650137	0.8975699204663096	168	1020	-852	FALSE
slc25a24	1	1	45151	0.056853384181411934	17.589102467658336	2.2147903700914706	1	564	1021	-457	FALSE
mymk	2	NA	90405	0.11383646424044976	17.56906289513282	2.21226702062939	0.8975699204663096	168	1022	-854	FALSE
swap70b	2	2	90431	0.1138692030056757	17.56401157826943	2.2116309672568035	0.8975699204663096	168	1023	-855	TRUE
LOC141376053	1	NA	45280	0.05701581882426375	17.53899217131717	2.208480565371025	1	564	1024	-460	FALSE
si:ch211-212o1.2	6	1	271708	0.3421301700773643	17.53718474650525	2.2082529774610977	0.0030420811392267615	6	1025	-1019	FALSE
eif2b2	1	1	45296	0.05703596575671049	17.53279683674588	2.2077004592016958	1	564	1026	-462	FALSE
slc25a17l	1	NA	45394	0.057159365717946754	17.49494570906378	2.2029343084989206	1	564	1027	-463	FALSE
mmp28	1	NA	45448	0.05722736161495448	17.474158720235025	2.2003168456257702	1	564	1028	-464	FALSE
dcn	2	2	90976	0.11455545789214264	17.458792769900665	2.198381990854731	0.9052832208008663	168	1029	-861	FALSE
edem1	1	NA	45501	0.0572940983286843	17.45380465302392	2.1977538955187796	1	564	1030	-466	FALSE
LOC137487398	1	1	45572	0.057383500341416684	17.42661207577551	2.194329851663302	1	564	1031	-467	FALSE
fsd1	1	1	45725	0.05757615538293861	17.36830105013103	2.1869874248223073	1	564	1032	-468	FALSE
LOC141375611	1	NA	45725	0.05757615538293861	17.36830105013103	2.1869874248223073	1	564	1032	-468	FALSE
zmat4a	1	NA	45749	0.05760637578160871	17.359189611078744	2.1858401276530635	1	564	1034	-470	TRUE
cep89	1	NA	45767	0.05762904108061129	17.352362302909114	2.1849804444250225	1	564	1035	-471	FALSE
LOC141375079	1	NA	45792	0.05766052066255931	17.342888834670717	2.1837875611460515	1	564	1036	-472	FALSE
zfhx4	9	7	412567	0.5194974674220412	17.324434793997515	2.1814638592034745	2.600380501513398e-5	1	1037	-1036	FALSE
lin52	1	1	45844	0.05772599819301121	17.323217117119828	2.181310531367245	1	564	1038	-474	FALSE
nisch	1	NA	45913	0.05781288183918776	17.297183053105687	2.178032365560952	1	564	1039	-475	FALSE
frs2a	3	NA	138074	0.1738604719156668	17.255216018596727	2.1727479467531903	0.2019732609045062	70	1040	-970	TRUE
jam3b	4	NA	184541	0.23237094129082284	17.213856335822204	2.167540004660211	0.05206070960771506	28	1041	-1013	TRUE
nr1h4	1	1	46191	0.058162934790449795	17.19308015668077	2.164923902924812	1	564	1042	-478	FALSE
tcirg1a	1	1	46270	0.05826241026940556	17.163725211092313	2.161227577263886	1	564	1043	-479	TRUE
osbpl8	1	NA	46288	0.058285075568408146	17.157050758668365	2.1603871413757343	1	564	1044	-480	FALSE
ndufs7	1	1	46302	0.058302704134299034	17.151863105637798	2.15973392078096	1	564	1045	-481	FALSE
pcnx2	1	NA	46344	0.05835558983197172	17.136318952124146	2.1577766269635767	1	564	1046	-482	FALSE
slc5a8	1	NA	46345	0.05835684901524964	17.135949196617574	2.1577300679684974	1	564	1047	-483	FALSE
eomesb	1	NA	46377	0.05839714288014311	17.124125439705917	2.1562412402699613	1	564	1048	-484	TRUE
park7	2	NA	92839	0.1169013163389095	17.108447215442677	2.1542670644879847	0.9356618019745166	168	1049	-881	FALSE
dbx1a	1	NA	46564	0.05863261015311434	17.055355328520776	2.1475818228674513	1	564	1050	-486	TRUE
LOC141377658	1	NA	46668	0.058763565214018126	17.01734733687412	2.1427959201165683	1	564	1051	-487	FALSE
slc25a38a	2	NA	93629	0.11789607112846713	16.964093721330812	2.136090313898472	0.9389850967623983	168	1052	-884	TRUE
rhcgb	1	NA	46960	0.059131246731171073	16.911532485460846	2.1294718909710393	1	564	1053	-489	TRUE
LOC141375066	2	NA	94195	0.1186087688637704	16.862159679754583	2.1232549498381017	0.9389850967623983	168	1054	-886	FALSE
LOC141380820	2	1	94285	0.1187220953587833	16.846063859940426	2.1212281911226603	0.9389850967623983	168	1055	-887	FALSE
drd4b	2	2	94327	0.118774981056456	16.838562988693404	2.1202836939582514	0.9389850967623983	168	1056	-888	TRUE
six1b	1	NA	47221	0.05945989356670845	16.818059031304745	2.1177018699307513	1	564	1057	-493	TRUE
LOC141379382	1	NA	47280	0.0595341853801058	16.797072028706456	2.1150592216582065	1	564	1058	-494	FALSE
ipo9	1	1	47403	0.05968906492329008	16.753487448415527	2.109571124190452	1	564	1059	-495	FALSE
znf367	1	NA	47428	0.0597205445052381	16.744656437489276	2.1084591380619044	1	564	1060	-496	FALSE
ldha	1	NA	47516	0.059831352633695156	16.713645204083704	2.1045542554087042	1	564	1061	-497	TRUE
fam83fb	1	1	47635	0.05998119544376775	16.671891792111712	2.099296735593576	1	564	1062	-498	TRUE
ep300b	2	1	95599	0.12037666218597153	16.6145161668478	2.092072092804318	0.9389850967623983	168	1063	-895	TRUE
dvl3a	1	1	47808	0.06019903415084808	16.61156219706412	2.0917001338688084	1	564	1064	-500	TRUE
LOC137487981	2	NA	95642	0.12043080706692212	16.60704639211312	2.091131511260743	0.9389850967623983	168	1065	-897	FALSE
drd7	1	NA	47970	0.060403021841871296	16.555463112721313	2.0846362309776945	1	564	1066	-502	FALSE
crtc1b	1	NA	48010	0.060453389172988134	16.54166976707439	2.082899395959175	1	564	1067	-503	TRUE
LOC101883005	1	NA	48034	0.06048360957165824	16.533404786552055	2.0818586834325687	1	564	1068	-504	FALSE
LOC137490453	1	NA	48147	0.06062589728206331	16.494601232002854	2.0769726047313437	1	564	1069	-505	FALSE
LOC103910189	1	1	48164	0.06064730339778797	16.488779285716333	2.076239514990449	1	564	1070	-506	FALSE
cbfa2t3	2	2	96347	0.12131853127785644	16.48552763484574	2.0758300725502608	0.9389850967623983	168	1071	-903	FALSE
esrrga	6	5	289443	0.3644617855112936	16.462631306003075	2.0729470051098144	0.004061202797978861	6	1072	-1066	TRUE
LOC141375945	1	NA	48292	0.06080847885736186	16.44507507490353	2.070736353847428	1	564	1073	-509	FALSE
golm2	1	1	48356	0.06088906658714881	16.423309734412303	2.067995698568947	1	564	1074	-510	FALSE
kdm2aa	1	NA	48396	0.060939433918265645	16.40973562933386	2.0662864699561947	1	564	1075	-511	TRUE
LOC141380928	1	1	48478	0.061042686947055176	16.381978743290592	2.062791369280911	1	564	1076	-512	FALSE
LOC141380702	2	NA	96993	0.12213196367539342	16.375729496298526	2.0620044745497097	0.9389850967623983	168	1077	-909	FALSE
LOC137488884	1	NA	48557	0.06114216242601093	16.355326019260694	2.0594353028399612	1	564	1078	-514	FALSE
letm2	1	1	48606	0.06120386240662907	16.338838117048127	2.057359173764556	1	564	1079	-515	FALSE
odad4	1	1	48760	0.0613977766314289	16.28723473169076	2.0508613617719442	1	564	1080	-516	FALSE
sos2	1	NA	48771	0.06141162764748603	16.28356124576575	2.0503988025670994	1	564	1081	-517	FALSE
atxn7l3a	1	NA	48779	0.0614217011137094	16.280890660268586	2.0500625269070705	1	564	1082	-518	TRUE
zgc:136908	1	NA	48920	0.06159924595589626	16.233964953336905	2.044153720359771	1	564	1083	-519	FALSE
ube3c	1	1	49010	0.06171257245090915	16.204153550647654	2.0403999183840034	1	564	1084	-520	FALSE
def6a	1	NA	49060	0.06177553161480521	16.18763892207993	2.038320423970648	1	564	1085	-521	TRUE
arid2	2	2	98355	0.12384697129992185	16.14896173081676	2.033450256723095	0.9389850967623983	168	1086	-918	FALSE
her6	4	NA	196714	0.2476989793329554	16.14863335639032	2.0334089083644273	0.062318321070075886	28	1087	-1059	FALSE
LOC137496020	1	NA	49197	0.06194803972388038	16.142560837393365	2.032644266926845	1	564	1088	-524	FALSE
LOC137496481	4	NA	197069	0.24814598939661733	16.119543216177917	2.0297459265536437	0.062318321070075886	28	1089	-1061	FALSE
tulp3	1	1	49308	0.062087809067729614	16.10622141472462	2.0280684675914658	1	564	1090	-526	FALSE
psmd4a	1	1	49422	0.06223135596141261	16.06906975673266	2.023390392942414	1	564	1091	-527	TRUE
meis2a	6	5	297353	0.37442192523964885	16.02470260297844	2.0178037551327885	0.004406727786352216	6	1092	-1086	TRUE
prdx1	1	NA	49610	0.06246808241766176	16.00817507593714	2.015722636565209	1	564	1093	-529	FALSE
alg5	1	NA	49642	0.06250837628255523	15.99785595901135	2.0144232706176224	1	564	1094	-530	FALSE
slc43a2a	1	1	49642	0.06250837628255523	15.99785595901135	2.0144232706176224	1	564	1094	-530	TRUE
thoc1	1	NA	49754	0.0626494048096824	15.961843580762176	2.00988865216867	1	564	1096	-532	FALSE
tet3	1	NA	49924	0.06286346596692896	15.907490696203057	2.003044627834308	1	564	1097	-533	FALSE
LOC103909585	1	NA	49942	0.06288613126593154	15.901757348869518	2.0023226943254175	1	564	1098	-534	FALSE
polr2eb	1	1	50052	0.06302464142650285	15.86680982812358	1.9979221609526094	1	564	1099	-535	TRUE
prkar2ab	1	NA	50075	0.06305360264189505	15.85952202730387	1.9970044932601096	1	564	1100	-536	TRUE
wnt7aa	2	2	100475	0.1265164398491144	15.80822225463531	1.9905449116695695	0.9389850967623983	168	1101	-933	TRUE
tspan4a	2	NA	100523	0.12657688064645461	15.800673786441738	1.989594421177243	0.9389850967623983	168	1102	-934	TRUE
th2	1	NA	50336	0.06338224947743243	15.777287935418812	1.986649713922441	1	564	1103	-539	FALSE
rflna	1	1	50458	0.06353586983733879	15.739140780792766	1.9818462880019025	1	564	1104	-540	TRUE
LOC141377198	3	2	151762	0.19109617262384973	15.698901546841265	1.9767794309510944	0.252356741875385	70	1105	-1035	FALSE
LOC108182894	1	NA	50589	0.06370082284674644	15.6983843427868	1.976714305481429	1	564	1106	-542	FALSE
gpatch8	1	1	50589	0.06370082284674644	15.6983843427868	1.976714305481429	1	564	1106	-542	FALSE
pdp1	1	1	50603	0.06371845141263734	15.694041173788934	1.976167420903899	1	564	1108	-544	FALSE
nktr	1	NA	50625	0.0637461534447516	15.687221047254152	1.9753086419753088	1	564	1109	-545	FALSE
LOC103908928	2	1	101423	0.12771014559658353	15.660462922951233	1.971939303708232	0.9389850967623983	168	1110	-942	FALSE
zgc:154006	1	NA	50713	0.06385696157320865	15.659999714417237	1.9718809772642125	1	564	1111	-547	FALSE
LOC137489124	2	NA	101748	0.12811938016190785	15.610440805072168	1.9656406022722805	0.9389850967623983	168	1112	-944	FALSE
chchd6b	1	1	51037	0.06426493695525506	15.560584781966835	1.959362815212493	1	564	1113	-549	TRUE
alad	1	NA	51101	0.064345524685042	15.541096368314543	1.9569088667540755	1	564	1114	-550	FALSE
soul4	1	1	51115	0.0643631532509329	15.536839783179914	1.9563728846718185	1	564	1115	-551	FALSE
pdpk1a	1	1	51163	0.06442359404827311	15.522263462213736	1.954537458710396	1	564	1116	-552	TRUE
chrnb3b	1	NA	51192	0.06446011036333282	15.513470181224436	1.9534302234724175	1	564	1117	-553	TRUE
zbtb18	1	1	51238	0.06451803279411718	15.499542634709425	1.9516764901050003	1	564	1118	-554	FALSE
bcl6ab	1	1	51292	0.06458602869112492	15.483224781978501	1.9496217733759649	1	564	1119	-555	TRUE
ctdspl2b	1	NA	51411	0.06473587150119753	15.447386075299864	1.9451090233607595	1	564	1120	-556	TRUE
olig2	1	1	51498	0.06484542044637664	15.421289477596051	1.9418229834168317	1	564	1121	-557	FALSE
ptpn2b	1	1	51579	0.06494741429188824	15.397071783424291	1.9387735318637431	1	564	1122	-558	TRUE
rgs9a	1	NA	51587	0.06495748775811162	15.394684038948599	1.9384728710721693	1	564	1123	-559	TRUE
cdh16	1	NA	51629	0.06501037345578431	15.382160520584193	1.9368959305816498	1	564	1124	-560	FALSE
tmem183a	1	1	51688	0.06508466526918165	15.3646023354984	1.9346850332765826	1	564	1125	-561	TRUE
hoxc1a	1	NA	51786	0.0652080652304179	15.335526310532604	1.9310238288340478	1	564	1126	-562	TRUE
LOC103910324	1	1	51934	0.065394424355550207	15.291823574483796	1.9255208533908421	1	564	1127	-563	FALSE
LOC100535964	1	NA	51980	0.06545234678633458	15.27829098724974	1.923816852635629	1	564	1128	-564	FALSE
nbr1a	1	NA	51980	0.06545234678633458	15.27829098724974	1.923816852635629	1	564	1128	-564	TRUE
cavin1b	1	1	51990	0.06546493861911379	15.275352289233341	1.9234468166955183	1	564	1130	-566	TRUE
tfap2a	4	2	208046	0.2619680442383564	15.269037915023434	1.9226517212539536	0.07234945981789385	28	1131	-1103	TRUE
LOC141377871	2	NA	104082	0.13105831393257553	15.260382496824453	1.9215618454679961	0.9684897632071204	168	1132	-964	FALSE
doc2g	1	NA	52060	0.06555308144856827	15.254813014161378	1.920860545524395	1	564	1133	-569	FALSE
LOC141377105	2	2	104231	0.13124593224098577	15.238567518631527	1.9188149398931218	0.9687407610049581	168	1134	-966	FALSE
cdh17	1	NA	52318	0.06587795073427188	15.179585716526653	1.9113880500019114	1	564	1135	-571	FALSE
ywhaba	1	1	52336	0.06590061603327446	15.174364978547107	1.9107306634056862	1	564	1136	-572	TRUE
slc2a9l1	1	NA	52423	0.06601016497845359	15.149181952906957	1.907559658928333	1	564	1137	-573	FALSE
wfikkn2b	3	NA	157315	0.19808841736614516	15.144752226753482	1.9070018752185105	0.27008119407471903	70	1138	-1068	TRUE
tle3a	3	2	157995	0.19894466199513144	15.079570217739322	1.8987942656413177	0.27078314438197915	70	1139	-1069	TRUE
pabpn1l	2	NA	105349	0.13265369914570146	15.076850573185153	1.898451812546868	0.9840621232736685	168	1140	-972	FALSE
rap1ab	1	NA	52700	0.06635895874643771	15.069555322907807	1.8975332068311195	1	564	1141	-577	TRUE
pes	1	1	52727	0.06639295669494158	15.061838631388879	1.8965615339389685	1	564	1142	-578	FALSE
clk2a	1	1	52744	0.06641436281066625	15.056984026946028	1.895950250265433	1	564	1143	-579	TRUE
ampd1	1	1	52842	0.0665377627719025	15.029059564687964	1.8924340486734037	1	564	1144	-580	FALSE
snrpe	1	NA	52998	0.06673419536325817	14.984821418114674	1.8868636552322728	1	564	1145	-581	FALSE
cdk19	1	NA	53079	0.06683618920876978	14.961954172407946	1.883984249891671	1	564	1146	-582	FALSE
LOC137487411	1	NA	53150	0.06692559122150217	14.941967366269829	1.8814675446848543	1	564	1147	-583	FALSE
cdc14b	1	1	53186	0.06697092181950734	14.931853599015554	1.8801940360245177	1	564	1148	-584	TRUE
hoxc13a	1	1	53263	0.06706787893190726	14.910267268408488	1.8774759213713081	1	564	1149	-585	TRUE
nphs1	3	1	159823	0.20124644902717106	14.907095327654494	1.8770765158957097	0.27713538310911623	70	1150	-1080	FALSE
LOC101884290	2	NA	106634	0.13427174965782995	14.895165998035177	1.875574394658364	0.9936085787226299	168	1151	-983	FALSE
fam124b	1	1	53349	0.06717616869380846	14.886231522938411	1.8744493804944797	1	564	1152	-588	TRUE
LOC141381623	1	1	53356	0.0671849829767539	14.884278535070871	1.8742034635280005	1	564	1153	-589	FALSE
si:ch1073-335m2.2	1	1	53379	0.06721394419214609	14.877865181386714	1.8733959047565523	1	564	1154	-590	FALSE
myhz2	1	1	53469	0.06732727068715898	14.852822486248881	1.8702425704613888	1	564	1155	-591	FALSE
LOC141381106	2	NA	106963	0.134686020956266	14.84935100020084	1.8698054467432663	0.9936085787226299	168	1156	-988	FALSE
otud5b	1	NA	53518	0.0673889706677771	14.839223541934329	1.8685302141335627	1	564	1157	-593	TRUE
LOC141378680	1	NA	53670	0.0675803665260211	14.79719704708853	1.8632383081796162	1	564	1158	-594	FALSE
zgc:194209	1	1	53716	0.06763828895680547	14.784525383819371	1.8616427135304194	1	564	1159	-595	FALSE
as.1666	1	1	53797	0.06774028280231707	14.762264912862081	1.8588397122516127	1	564	1160	-596	FALSE
si:dkey-188g12.1	1	NA	53797	0.06774028280231707	14.762264912862081	1.8588397122516127	1	564	1160	-596	FALSE
dhx34	1	1	53836	0.067789390950156	14.751570798670802	1.8574931272754291	1	564	1162	-598	FALSE
nfe2l2a	1	NA	53935	0.06791405009467018	14.72449365935369	1.8540836191712247	1	564	1163	-599	TRUE
LOC141378602	5	NA	269762	0.33967979941853	14.719744914354902	1.8534856651418656	0.020014340182406044	16	1164	-1148	FALSE
prox2	1	NA	53965	0.0679518255930078	14.716308079630156	1.8530529046604283	1	564	1165	-601	FALSE
fam83hb	1	1	53969	0.06795686232611949	14.715217356579544	1.8529155626378107	1	564	1166	-602	TRUE
rnf115a	2	2	108322	0.13639725103096065	14.66305211346248	1.8463470024556414	1	168	1167	-999	TRUE
LOC141385717	1	NA	54239	0.06829684181115817	14.641965477188764	1.8436918084772949	1	564	1168	-604	FALSE
emx2	1	1	54402	0.06850208868545929	14.598095024396923	1.8381677144222641	1	564	1169	-605	FALSE
gipc2	1	1	54412	0.0685146805182385	14.595412142858953	1.8378298904653383	1	564	1170	-606	FALSE
nfil3-6	1	1	54444	0.06855497438313198	14.586833544876228	1.8367496877525529	1	564	1171	-607	FALSE
rab3da	1	NA	54752	0.06894280283273166	14.50477727785727	1.826417299824664	1	564	1172	-608	TRUE
nck1b	1	1	54812	0.06901835382940691	14.488899611713519	1.824418010654601	1	564	1173	-609	TRUE
cyp39a1	1	NA	54865	0.06908509054313672	14.47490322641468	1.8226556092226376	1	564	1174	-610	FALSE
ppp1r9ala	2	1	109800	0.13825832391572793	14.46567514603354	1.8214936247723132	1	168	1175	-1007	TRUE
psmb2	1	1	54905	0.06913545787425357	14.46435780925674	1.8213277479282395	1	564	1176	-612	FALSE
LOC141378740	2	NA	109879	0.13835779939468368	14.455274720688054	1.8201840206044833	1	168	1177	-1009	FALSE
LOC141378586	1	NA	54997	0.0692513027358223	14.440161563671497	1.818280997145299	1	564	1178	-614	FALSE
LOC141376116	2	2	110003	0.1385139381211459	14.438980128128165	1.8181322327572884	1	168	1179	-1011	FALSE
phlpp1	1	1	55212	0.06952202714057532	14.38393040493446	1.8112004636673185	1	564	1180	-616	FALSE
fkbp4	1	1	55254	0.06957491283824799	14.37299680597317	1.8098237231693632	1	564	1181	-617	FALSE
neurl4	2	1	110582	0.13924300523906216	14.3633785881471	1.808612613264365	1	168	1182	-1014	FALSE
parp6a	1	1	55293	0.06962402098608692	14.362859051186252	1.8085471940390283	1	564	1183	-619	TRUE
acer1	1	NA	55448	0.06981919439416469	14.322708943825589	1.803491559659501	1	564	1184	-620	FALSE
zhx3a	1	NA	55483	0.0698632658088919	14.313673837341915	1.8023538741596523	1	564	1185	-621	TRUE
grm6b	1	1	55559	0.06995896373801391	14.294093945485724	1.799888406918771	1	564	1186	-622	TRUE
LOC103912062	1	NA	55794	0.07025487180832536	14.233888330595427	1.79230741656809	1	564	1187	-623	FALSE
kctd5a	1	NA	55892	0.07037827176956162	14.208930893817385	1.7891648178630217	1	564	1188	-624	TRUE
ndufa12	1	1	55914	0.07040597380167588	14.203340228158266	1.7884608505919806	1	564	1189	-625	FALSE
LOC141381153	1	NA	56139	0.0706892900392081	14.146414533875584	1.7812928623595008	1	564	1190	-626	FALSE
noto	1	NA	56151	0.07070440023854316	14.143391311236511	1.7809121832202455	1	564	1191	-627	FALSE
LOC141378479	1	NA	56178	0.07073839818704702	14.136593782570426	1.7800562497774932	1	564	1192	-628	FALSE
LOC572200	2	2	112394	0.14152464533865503	14.131814251957248	1.7794544192750503	1	168	1193	-1025	FALSE
LOC141380868	1	NA	56259	0.07084039203255862	14.116240344073685	1.7774933788371636	1	564	1194	-630	FALSE
zgpat	1	1	56338	0.07093986751151439	14.09644583615395	1.7750008875004437	1	564	1195	-631	FALSE
plekhh2	1	NA	56449	0.07107963685536361	14.068726913093968	1.7715105670605324	1	564	1196	-632	FALSE
si:dkey-5g14.1	1	NA	56491	0.0711325225530363	14.058267078246825	1.7701934821475986	1	564	1197	-633	FALSE
rps6kl1	1	NA	56521	0.07117029805137394	14.050805285066458	1.7692539056279968	1	564	1198	-634	FALSE
LOC141379836	1	1	56552	0.07120933273298949	14.043103082423986	1.7682840571509406	1	564	1199	-635	FALSE
morn4	1	NA	56565	0.07122570211560246	14.039875638950612	1.7678776628657298	1	564	1200	-636	FALSE
LOC141385620	1	NA	56618	0.07129243882933227	14.026732938592698	1.7662227560139885	1	564	1201	-637	FALSE
s1pr3a	2	2	113456	0.14286189797980717	13.999534013489658	1.7627979128472713	1	168	1202	-1034	TRUE
LOC103909189	1	NA	56803	0.07152538773574767	13.981049689580502	1.7604703976902627	1	564	1203	-639	FALSE
dennd6a	1	1	56808	0.07153168365213726	13.979819136692745	1.7603154485283763	1	564	1204	-640	TRUE
midn	4	2	227306	0.2862199141711152	13.975267973872073	1.759742373716488	0.09110544813286074	28	1205	-1177	FALSE
LOC141378040	1	NA	56841	0.07157323670030866	13.971702917211896	1.7592934677433543	1	564	1206	-642	FALSE
suz12a	1	NA	56978	0.07174574480938384	13.93810884055673	1.7550633577872163	1	564	1207	-643	TRUE
ttc14	1	NA	57137	0.07194595495057328	13.899322077064623	1.750179393387822	1	564	1208	-644	FALSE
fkbp3	3	NA	171476	0.21591971176478472	13.89405337511794	1.749515967249061	0.32460043797145943	70	1209	-1139	FALSE
cdc25b	1	1	57201	0.07202654268036023	13.88377065990527	1.748221184944319	1	564	1210	-646	TRUE
LOC137496444	1	NA	57223	0.07205424471247449	13.878432894417305	1.747549062439928	1	564	1211	-647	FALSE
cuedc2	1	1	57299	0.07214994264159649	13.860024878571027	1.7452311558665945	1	564	1212	-648	FALSE
ckmb	1	1	57324	0.07218142222354451	13.85398027906708	1.7444700300048845	1	564	1213	-649	TRUE
LOC141386344	6	NA	344135	0.43332903734734995	13.846291115705895	1.7435018234123236	0.00812597296483523	6	1214	-1208	FALSE
LOC141378836	1	NA	57427	0.07231111810117037	13.82913203749528	1.7413411809775892	1	564	1215	-651	FALSE
naa10	1	1	57657	0.0726007302550922	13.7739661362409	1.7343947829404929	1	564	1216	-652	FALSE
zfpm1	2	1	115337	0.1452304217255766	13.77121939216802	1.7340489175199632	1	168	1217	-1049	FALSE
mapk8ip1a	1	NA	57681	0.07263095065376231	13.768235043033952	1.7336731332674535	1	564	1218	-654	TRUE
LOC141375930	2	1	115397	0.14530597272225185	13.764059126619262	1.7331473088555163	1	168	1219	-1051	FALSE
cnnm2a	1	1	57706	0.07266243023571033	13.762270223499142	1.7329220531660485	1	564	1220	-656	TRUE
inaa	1	1	57706	0.07266243023571033	13.762270223499142	1.7329220531660485	1	564	1220	-656	TRUE
LOC141375935	1	NA	57715	0.07267376288521163	13.760124153465155	1.7326518236160442	1	564	1222	-658	FALSE
kdsr	2	1	115520	0.14546085226543615	13.749403835132295	1.7313019390581716	1	168	1223	-1055	FALSE
haao	1	NA	57761	0.07273168531599598	13.749165795558275	1.7312719655130626	1	564	1224	-660	FALSE
rrm1	1	1	57778	0.07275309143172065	13.745120383489242	1.7307625739901003	1	564	1225	-661	FALSE
si:ch211-199g17.9	1	NA	58003	0.07303640766925287	13.691801553665181	1.7240487560988222	1	564	1226	-662	FALSE
LOC141380493	2	NA	116267	0.14640146217404315	13.661065745520936	1.7201785545339605	1	168	1227	-1059	FALSE
LOC141377795	1	NA	58206	0.07329202187467085	13.64404984910905	1.7180359413118922	1	564	1228	-664	FALSE
crlf3	1	1	58223	0.0733134279903955	13.640066048077932	1.7175343077477971	1	564	1229	-665	FALSE
LOC137490365	1	NA	58321	0.07343682795163177	13.61714589114112	1.7146482399135816	1	564	1230	-666	FALSE
syncripl	1	1	58383	0.07351489731486287	13.60268512267683	1.7128273641299694	1	564	1231	-667	FALSE
LOC141386343	5	NA	292331	0.3680983068179295	13.583327897438886	1.7103899346973124	0.025656730593843276	16	1232	-1216	FALSE
txndc5	2	NA	117038	0.14737229248132028	13.571072053815705	1.7088466993626001	1	168	1233	-1065	FALSE
nog2	2	2	117135	0.1474944332592786	13.55983379036567	1.7074315960216846	1	168	1234	-1066	FALSE
LOC101882204	3	NA	175766	0.22132160802706585	13.554934950739758	1.7068147423278677	0.33290996427976044	70	1235	-1165	FALSE
wnt2	1	1	58618	0.0738108053851743	13.548151856379294	1.705960626428742	1	564	1236	-672	FALSE
skila	1	1	58701	0.07391531759724175	13.52899551144344	1.7035484915078107	1	564	1237	-673	TRUE
tut7	1	NA	58726	0.07394679717918977	13.523236139312084	1.7028232809998978	1	564	1238	-674	FALSE
LOC137496480	1	NA	58855	0.07410923182204159	13.493595540179108	1.6990909863223176	1	564	1239	-675	FALSE
LOC141384207	1	NA	58859	0.07411426855515328	13.492678528640331	1.6989755177627892	1	564	1240	-676	FALSE
klhl38a	2	2	117921	0.1484841513157245	13.469450997146248	1.6960507458383154	1	168	1241	-1073	TRUE
cpamd8	1	1	58992	0.07428173993111677	13.462258704862379	1.6951451044209385	1	564	1242	-678	FALSE
si:ch211-106k21.5	1	1	59010	0.07430440523011934	13.458152271093738	1.6946280291476021	1	564	1243	-679	FALSE
frmd4ba	1	NA	59037	0.07433840317862322	13.451997315535024	1.6938530074360147	1	564	1244	-680	TRUE
zgc:113054	1	NA	59037	0.07433840317862322	13.451997315535024	1.6938530074360147	1	564	1244	-680	FALSE
olfce2	1	NA	59057	0.07436358684418164	13.447441717615886	1.6932793741639431	1	564	1246	-682	FALSE
prpf4bb	2	NA	118316	0.14898152871050332	13.424483003435569	1.690388451266101	1	168	1247	-1079	TRUE
aimp2	1	1	59238	0.07459149901748534	13.406353447402704	1.6881056078868293	1	564	1248	-684	FALSE
LOC141379081	1	NA	59259	0.07461794186632167	13.401602550114607	1.6875073828448002	1	564	1249	-685	FALSE
appb	1	NA	59263	0.07462297859943336	13.40069799904226	1.6873934832863675	1	564	1250	-686	TRUE
prkd1	1	1	59310	0.07468216021349566	13.39007866324804	1.686056314280897	1	564	1251	-687	FALSE
six1a	1	NA	59342	0.07472245407838912	13.382858102477865	1.685147113342995	1	564	1252	-688	TRUE
aagab	1	NA	59370	0.07475771121017091	13.376546496837484	1.684352366515075	1	564	1253	-689	TRUE
LOC141377186	1	NA	59514	0.07493903360219153	13.344180621656106	1.6802769096347079	1	564	1254	-690	FALSE
gatd3	1	NA	59543	0.07497554991725125	13.337681432195916	1.6794585425658768	1	564	1255	-691	FALSE
acbd6	2	1	119294	0.1502130099563101	13.314425964713083	1.6765302529884154	1	168	1256	-1088	FALSE
csrp2	1	1	59696	0.07516820495877317	13.303497144151054	1.6751541141785042	1	564	1257	-693	FALSE
cpt1ab	1	1	59859	0.0753734518330743	13.26727084510669	1.6705925591807416	1	564	1258	-694	TRUE
otud5a	2	2	120113	0.15124428106092738	13.223640497152537	1.6650986987253669	1	168	1259	-1091	TRUE
ngdn	2	NA	120132	0.15126820554320788	13.221549054660564	1.6648353477841042	1	168	1260	-1092	FALSE
recql4	1	NA	60097	0.07567313745321949	13.214728946823326	1.6639765712098773	1	564	1261	-697	FALSE
LOC141378393	4	NA	240764	0.30316600272537625	13.194091567131988	1.6613779468691334	0.10508050778692025	28	1262	-1234	FALSE
znf770	1	NA	60202	0.0758053516974012	13.191680766706114	1.6610743829108667	1	564	1263	-699	FALSE
wu:fc21g02	1	NA	60303	0.075932529208471225	13.169586347565485	1.658292290599141	1	564	1264	-700	FALSE
btbd10a	1	NA	60489	0.07616673729816453	13.129090669662936	1.6531931425548445	1	564	1265	-701	TRUE
borcs5	1	NA	60489	0.07616673729816453	13.129090669662936	1.6531931425548445	1	564	1265	-701	FALSE
LOC141375883	1	NA	60588	0.07629139644267872	13.107637907130806	1.650491846570278	1	564	1267	-703	FALSE
vstm4a	1	NA	60766	0.07651553106614867	13.0692421011296	1.6456571108843763	1	564	1268	-704	TRUE
phf20a	1	1	60770	0.07652056779926034	13.068381858108301	1.6455487905216388	1	564	1269	-705	TRUE
epn1a	1	1	60885	0.07666537387622127	13.04369821002285	1.6424406668309108	1	564	1270	-706	TRUE
pip5k1ca	1	NA	60885	0.07666537387622127	13.04369821002285	1.6424406668309108	1	564	1270	-706	TRUE
LOC141375660	2	2	121802	0.153371041617336	13.040271350507238	1.6420091624111262	1	168	1272	-1104	FALSE
adgrd2	1	1	60911	0.0766981126414472	13.038130477536757	1.6417395872666676	1	564	1273	-709	FALSE
prrx1a	1	NA	60958	0.07675729425550949	13.028077783346589	1.6404737688244364	1	564	1274	-710	TRUE
cbx4	1	1	61053	0.07687691666691199	13.007805767402772	1.637921150475816	1	564	1275	-711	FALSE
serpinc1	1	1	61070	0.07689832278263664	13.004184796417904	1.6374652038644177	1	564	1276	-712	FALSE
atn1	1	NA	61281	0.07716401045427798	12.959409368601058	1.6318271568675446	1	564	1277	-713	FALSE
LOC100536923	3	NA	183854	0.23150588237889108	12.958634006068534	1.6317295245140164	0.36379070107686035	70	1278	-1208	FALSE
scn8ab	2	2	122638	0.15442371883767797	12.951378292490768	1.6308158971933657	1	168	1279	-1111	TRUE
bmp8a	5	1	306622	0.38609329504269874	12.95023784198853	1.6306722935731943	0.030932266287996786	16	1280	-1264	TRUE
sox4b	1	2	61332	0.07722822880145196	12.948633103718146	1.6304702276136438	1	564	1281	-717	TRUE
tmcc3	1	NA	61412	0.07732896346368565	12.93176521717647	1.628346251546929	1	564	1282	-718	FALSE
hpse2	1	NA	61438	0.07736170222891159	12.926292612344824	1.6276571502978612	1	564	1283	-719	FALSE
c1qtnf5	1	NA	61452	0.07737933079480248	12.923347743234416	1.6272863373039121	1	564	1284	-720	FALSE
pgd	2	NA	123010	0.15489213501706459	12.91221145463363	1.6258840744654905	1	168	1285	-1117	FALSE
ccnb2	1	1	61520	0.07746495525770111	12.909063158602752	1.6254876462938883	1	564	1286	-722	FALSE
bsg	1	1	61561	0.07751658177209586	12.900465644113018	1.624405061646172	1	564	1287	-723	FALSE
fbxo10	1	NA	61576	0.07753546952126468	12.897323072580898	1.6240093542938807	1	564	1288	-724	FALSE
actb2	1	1	61805	0.0778238224919086	12.849535887343118	1.617992071838848	1	564	1289	-725	FALSE
snrnp27	1	NA	61826	0.07785026534074495	12.845171376398946	1.6174424999191277	1	564	1290	-726	FALSE
chchd3a	1	NA	61909	0.07795477755281238	12.827950144845522	1.6152740312393996	1	564	1291	-727	TRUE
atp5po	1	1	61941	0.07799507141770586	12.821322960837593	1.6144395473111508	1	564	1292	-728	FALSE
spire1a	2	NA	123922	0.15604051016652856	12.817184446946326	1.6139184325624183	1	168	1293	-1125	TRUE
lin7c	1	NA	62002	0.07807188159765904	12.808708840315495	1.6128511983484404	1	564	1294	-730	FALSE
LOC100536924	1	1	62182	0.07829853458768482	12.771631107350059	1.6081824322151104	1	564	1295	-731	FALSE
rhof	1	NA	62210	0.07833379171946661	12.76588274420899	1.6074586079408455	1	564	1296	-732	FALSE
LOC141379191	1	NA	62214	0.0783388284525783	12.765061971859089	1.6073552576590477	1	564	1297	-733	FALSE
gpx2	1	1	62258	0.07839423251680683	12.756040436847334	1.6062192810562497	1	564	1298	-734	FALSE
psmg2	1	NA	62262	0.07839926924991851	12.755220929575685	1.6061160900709905	1	564	1299	-735	FALSE
LOC101884756	1	NA	62387	0.07855666715965863	12.729664281296445	1.6028980396556973	1	564	1300	-736	FALSE
scn1lab	1	NA	62447	0.0786322181563339	12.71743343182605	1.6013579515429084	1	564	1301	-737	TRUE
ilf2	1	1	62488	0.07868384467072866	12.709089193400995	1.6003072589937268	1	564	1302	-738	FALSE
cimap1d	1	NA	62551	0.07876317321723768	12.696288876552595	1.5986954645009672	1	564	1303	-739	FALSE
LOC101887159	4	NA	250404	0.3153045295245349	12.686148232731767	1.5974185715883134	0.11236020422032493	28	1304	-1276	FALSE
LOC101885033	1	NA	62636	0.07887020379586096	12.679059414988847	1.5965259595121015	1	564	1305	-741	FALSE
psmc1a	1	1	62678	0.07892308949353365	12.670563284042908	1.5954561409106864	1	564	1306	-742	TRUE
akap6	1	1	62678	0.07892308949353365	12.670563284042908	1.5954561409106864	1	564	1306	-742	FALSE
znf362b	1	NA	62775	0.07904523027149198	12.650984715527542	1.5929908403026682	1	564	1308	-744	TRUE
LOC141380871	1	NA	62890	0.07919003634845291	12.627851256435703	1.590077913817777	1	564	1309	-745	FALSE
LOC141381636	1	NA	62907	0.07921144246417755	12.624438703439068	1.5896482108509387	1	564	1310	-746	FALSE
LOC137488716	1	NA	62997	0.07932476895919045	12.60640293215933	1.5873771766909535	1	564	1311	-747	FALSE
best2	1	1	63021	0.07935498935786056	12.601602093226724	1.5867726630805603	1	564	1312	-748	FALSE
adgrg3	1	NA	63371	0.07979570350513292	12.53200305371923	1.5780088684098406	1	564	1313	-749	FALSE
si:dkey-195m11.8	2	NA	126753	0.15960525802632294	12.530915489451791	1.5778719241359178	1	168	1314	-1146	FALSE
add2	1	1	63390	0.07981962798741342	12.528246813649492	1.5775358889414735	1	564	1315	-751	FALSE
arid1ab	4	3	254108	0.3199685443859544	12.501228855718692	1.5741338328584695	0.1148193507505916	28	1316	-1288	TRUE
LOC100147899	2	NA	127402	0.1604224679736937	12.467081608094714	1.5698340685389556	1	168	1317	-1149	FALSE
erp44	1	NA	63733	0.08025152785174032	12.460821952791198	1.5690458632105817	1	564	1318	-754	FALSE
chp2	1	NA	63749	0.08027167478418706	12.457694481752519	1.5686520572871732	1	564	1319	-755	FALSE
zmp:0000000606	1	NA	63834	0.08037870536281035	12.441106080102161	1.5665632734906163	1	564	1320	-756	FALSE
osr1	1	1	63939	0.08051091960699205	12.420675417464167	1.5639906786155555	1	564	1321	-757	FALSE
lmo4b	2	NA	127988	0.16116034937455542	12.410000398744279	1.5626464981091979	1	168	1322	-1154	TRUE
LOC137487409	1	NA	64204	0.08084460317564113	12.36940946852597	1.5575353560525822	1	564	1323	-759	FALSE
LOC137489842	1	NA	64310	0.08097807660310075	12.349021388854633	1.5549681231534753	1	564	1324	-760	FALSE
si:ch211-151h10.2	1	NA	64325	0.08099696435226957	12.346141710334106	1.554605518849592	1	564	1325	-761	FALSE
gal3st1a	1	NA	64480	0.08119213776034732	12.31646348506888	1.5508684863523572	1	564	1326	-762	TRUE
nid1b	1	1	64564	0.0812979091556927	12.30043933952731	1.5488507527414659	1	564	1327	-763	TRUE
lhx4	2	1	129177	0.1626575182920035	12.29577348161424	1.5482632357153363	1	168	1328	-1160	FALSE
insra	1	NA	64648	0.08140368055103805	12.28445683574498	1.5468382625912633	1	564	1329	-765	TRUE
slc6a4b	2	NA	129752	0.1633815486768081	12.241284381238692	1.5414020593131512	1	168	1330	-1162	TRUE
foxa1	1	1	65128	0.08200808852444015	12.193919136427363	1.5354379068910453	1	564	1331	-767	FALSE
LOC103910417	2	2	130290	0.1640589892803296	12.190737056063265	1.535037224652698	1	168	1332	-1164	FALSE
six3a	3	3	195836	0.24659341641494073	12.16577491652058	1.5318940337833697	0.4154856762870112	70	1333	-1263	TRUE
LOC108179575	2	NA	130619	0.16447326057876563	12.160031320362908	1.5311708097596828	1	168	1334	-1166	FALSE
slc23a4	1	NA	65313	0.08224103743085553	12.159379687309439	1.5310887572152558	1	564	1335	-771	FALSE
fgd4a	1	NA	65313	0.08224103743085553	12.159379687309439	1.5310887572152558	1	564	1335	-771	TRUE
si:ch211-125e6.11	1	NA	65363	0.08230399659475159	12.150078263195407	1.5299175374447316	1	564	1337	-773	FALSE
hid1a	1	1	65418	0.08237325167503724	12.139863118977061	1.5286312635666024	1	564	1338	-774	TRUE
zgc:152863	1	NA	65424	0.08238080677470477	12.138749778632326	1.52849107361213	1	564	1339	-775	FALSE
LOC141379386	1	1	65439	0.08239969452387358	12.135967320974364	1.528140711196687	1	564	1340	-776	FALSE
podxl	1	NA	65476	0.08244628430515666	12.129109376217873	1.527277170260859	1	564	1341	-777	FALSE
ttl	1	NA	65548	0.08253694550116697	12.115786378184557	1.5255995606273267	1	564	1342	-778	FALSE
LOC141377841	1	NA	65555	0.08254575978411241	12.114492647658324	1.5254366562428496	1	564	1343	-779	FALSE
LOC141383310	3	1	196851	0.24787148744203058	12.103045941101259	1.5239953060944573	0.4198875142877178	70	1344	-1274	FALSE
fbxw4	1	1	65622	0.08263012506373313	12.102123762110898	1.523879186858066	1	564	1345	-781	FALSE
cyth1a	3	NA	197997	0.24931451147852807	12.03299391683573	1.51517447234049	0.4251004476295535	70	1346	-1276	TRUE
pcdh2g1	1	15	66022	0.08313379837490154	12.028801998080056	1.5146466329405348	1	564	1347	-783	FALSE
si:ch211-69b7.6	1	NA	66068	0.0831917208056859	12.020426916468507	1.5135920566688865	1	564	1348	-784	FALSE
ap3m2	1	1	66110	0.08324460650335858	12.012790281610066	1.5126304643775526	1	564	1349	-785	FALSE
mipa	1	1	66133	0.08327356771875077	12.008612425222527	1.5121043956874782	1	564	1350	-786	TRUE
heyl	1	1	66251	0.08342215134554544	11.987223823296878	1.5094111786991893	1	564	1351	-787	FALSE
LOC141378158	1	NA	66306	0.0834914064258311	11.977280570645815	1.5081591409525534	1	564	1352	-788	FALSE
osbp2a	1	1	66353	0.0835505880398934	11.968796671096127	1.5070908625081008	1	564	1353	-789	TRUE
renbp	1	NA	66535	0.08377975939647501	11.936057195720169	1.502968362515969	1	564	1354	-790	FALSE
otx1	3	1	199661	0.25140979245298867	11.93270942523439	1.5025468168545686	0.431779188964447	70	1355	-1285	FALSE
abcc10	1	1	66596	0.0838565695764282	11.9251241143198	1.5015916871884198	1	564	1356	-792	FALSE
mef2b	1	NA	66681	0.0839636001550515	11.90992284934601	1.4996775693225957	1	564	1357	-793	TRUE
mir9-4	1	NA	66681	0.0839636001550515	11.90992284934601	1.4996775693225957	1	564	1357	-793	FALSE
stx10	1	1	66701	0.08398878382060991	11.906351711627131	1.4992278976327191	1	564	1359	-795	FALSE
atp1a1a.5	1	1	66750	0.08405048380122804	11.897611468423092	1.4981273408239701	1	564	1360	-796	FALSE
dock4b	2	2	133535	0.1681450390171833	11.894493062002342	1.4977346763020931	1	168	1361	-1193	TRUE
si:dkey-105h11.2	1	NA	66799	0.08411218378184616	11.888884047923494	1.497028398628722	1	564	1362	-798	FALSE
b2m	1	NA	66822	0.08414114499723836	11.884791917590633	1.496513124420101	1	564	1363	-799	FALSE
tespa1	1	NA	66840	0.08416381029624093	11.881591345260942	1.4961101137043686	1	564	1364	-800	FALSE
ero1a	1	NA	66863	0.08419277151163311	11.877504232793045	1.4955954713369128	1	564	1365	-801	TRUE
itm2cb	1	NA	66948	0.0842998020902564	11.862424053253887	1.4936966003465377	1	564	1366	-802	TRUE
LOC141378728	1	NA	66992	0.08435520615448493	11.85463287433188	1.4927155481251493	1	564	1367	-803	FALSE
slc2a1b	1	NA	67014	0.08438290818659919	11.850741121515524	1.4922255051183335	1	564	1368	-804	TRUE
itgb8	1	NA	67105	0.08449749386489	11.834670524062908	1.4902019223604797	1	564	1369	-805	FALSE
pa2g4b	1	1	67256	0.08468763053985608	11.808099879821002	1.4868561912691804	1	564	1370	-806	TRUE
LOC141379825	1	NA	67351	0.08480725295125857	11.7914443069478	1.4847589493845672	1	564	1371	-807	FALSE
macroh2a1	1	1	67407	0.08487776721482215	11.781648278624495	1.4835254498790929	1	564	1372	-808	FALSE
lrrc52	2	2	134997	0.16998596496950386	11.765677244934944	1.4815144040237933	1	168	1373	-1205	FALSE
admp	1	NA	67633	0.0851623426356323	11.742279146529674	1.4785681545990863	1	564	1374	-810	FALSE
LOC141381992	1	NA	67664	0.08520137731724785	11.736899466736247	1.477890754315441	1	564	1375	-811	FALSE
bcl2l13	1	NA	67686	0.08522907934936211	11.733084618935104	1.4774103950595396	1	564	1376	-812	FALSE
car15	1	NA	67710	0.08525929974803222	11.728925794081249	1.476886722788362	1	564	1377	-813	FALSE
nos1apb	1	1	67719	0.0852706323975335	11.727366994746546	1.476690441382773	1	564	1378	-814	TRUE
gpr78b	1	1	67738	0.085294556879814007	11.724077556426842	1.4762762408101804	1	564	1379	-815	TRUE
nckap5l	1	1	67810	0.08538521807582432	11.711629044642994	1.474708745022858	1	564	1380	-816	FALSE
LOC567883	1	NA	68204	0.08588133628732521	11.643973454888881	1.466189666295232	1	564	1381	-817	FALSE
LOC141377785	2	2	136540	0.17192888476733598	11.632716647388918	1.4647722279185587	1	168	1382	-1214	FALSE
otud7b	1	1	68391	0.08611680356029644	11.61213559557897	1.4621806962904476	1	564	1383	-819	TRUE
trpm7	1	1	68625	0.08641145244732995	11.572540116826833	1.4571948998178506	1	564	1384	-820	FALSE
LOC100332608	2	1	137314	0.17290349262444682	11.567146329103245	1.4565157230872308	1	168	1385	-1217	FALSE
mir-26b	1	NA	68726	0.08653862995839998	11.555533066339397	1.4550534004597968	1	564	1386	-822	TRUE
LOC141380325	3	NA	206199	0.25964233272403625	11.554356211968653	1.4549052129253777	0.45993663130777585	70	1387	-1317	FALSE
LOC137495584	1	NA	68995	0.08687735026016073	11.510479969812904	1.449380389883325	1	564	1388	-824	FALSE
prlh2r	1	NA	68997	0.08687986862671657	11.51014631820574	1.4493383770308854	1	564	1389	-825	FALSE
tfap2c	1	1	69048	0.08694408697389054	11.501644732899452	1.448267871625536	1	564	1390	-826	FALSE
LOC141380307	3	1	207699	0.2615311076409178	11.470910772568592	1.4443979027342453	0.46579440366382924	70	1391	-1321	FALSE
prdm16	1	3	69287	0.08724503177731366	11.461970723472533	1.44327218670169	1	564	1392	-828	FALSE
dnajb6b	1	NA	69298	0.0872588827933708	11.460151310531925	1.4430430892666455	1	564	1393	-829	TRUE
frrs1b	1	NA	69458	0.08746035211783816	11.433752275004194	1.4397189668576695	1	564	1394	-830	TRUE
lamb1b	1	1	69513	0.08752960719812382	11.424705674006896	1.438579833987887	1	564	1395	-831	TRUE
alx4a	2	2	139244	0.17533371635083442	11.406819188148019	1.4363275975984604	1	168	1396	-1228	TRUE
gabpa	1	1	69630	0.08767693164164057	11.405508624403868	1.4361625736033319	1	564	1397	-833	TRUE
LOC101883507	1	1	69674	0.0877323357058691	11.398305903453819	1.4352556190257484	1	564	1398	-834	FALSE
xbp1	1	1	69693	0.0877562601881496	11.395198449159047	1.4348643335772602	1	564	1399	-835	FALSE
rybpb	1	1	69693	0.0877562601881496	11.395198449159047	1.4348643335772602	1	564	1399	-835	TRUE
LOC110437989	1	1	69722	0.08779277650320931	11.390458757884762	1.4342675195777517	1	564	1401	-837	FALSE
sik1	2	2	139744	0.17596330798979493	11.366005918211034	1.4311884588962673	1	168	1402	-1234	FALSE
irf4a	1	1	70112	0.0882838579815985	11.327099006122225	1.4262893655864903	1	564	1403	-839	TRUE
ankhb	1	1	70138	0.08831659674682445	11.322900075811136	1.4257606433032022	1	564	1404	-840	TRUE
LOC141379463	1	NA	70585	0.08887945167205515	11.25119452457663	1.4167316001983425	1	564	1405	-841	FALSE
gnrh2	1	1	70642	0.08895122511889665	11.242116099731623	1.415588460122873	1	564	1406	-842	FALSE
insig1	1	1	70792	0.0891401026105848	11.218295365539063	1.4125889931065658	1	564	1407	-843	FALSE
cryaa	1	1	70827	0.08918417402531202	11.212751712161202	1.4118909455433664	1	564	1408	-844	TRUE
LOC141380758	2	NA	141742	0.1784791561790811	11.205790316451601	1.4110143782365143	1	168	1409	-1241	FALSE
znf335	1	1	70982	0.0893793474333898	11.188266962289614	1.408807866783128	1	564	1410	-846	FALSE
LOC563292	1	NA	71066	0.08948511882873515	11.175042432629407	1.4071426561224778	1	564	1411	-847	FALSE
LOC141378400	2	2	142270	0.1791440049498234	11.164202790711203	1.4057777465382721	1	168	1412	-1244	FALSE
fto	2	3	142283	0.17916037433243637	11.16318274870844	1.4056493045550065	1	168	1413	-1245	FALSE
bptf	1	1	71261	0.08973065956792975	11.144462827033601	1.4032921233213118	1	564	1414	-850	FALSE
LOC141378682	1	NA	71413	0.08992205542617375	11.120742239049493	1.4003052665481075	1	564	1415	-851	FALSE
LOC100332713	2	NA	143304	0.18044600045919373	11.083648265467	1.3956344554234354	1	168	1416	-1248	FALSE
jakmip2	1	1	71744	0.0903388450911656	11.06943529099634	1.3938447814451382	1	564	1417	-853	FALSE
camk2b2	1	NA	71795	0.09040306343833958	11.061572052611483	1.3928546556166865	1	564	1418	-854	FALSE
map3k10	1	1	71832	0.09044965321962266	11.05587433897485	1.3921372090433235	1	564	1419	-855	FALSE
LOC110438184	1	NA	71904	0.09054031441563297	11.04480370378896	1.3907432131731197	1	564	1420	-856	FALSE
col1a2	1	1	71921	0.09056172053135762	11.042193038434412	1.3904144825572502	1	564	1421	-857	FALSE
six6a	1	1	71983	0.09063978989458873	11.032682237712256	1.3892168984343527	1	564	1422	-858	TRUE
uau-48	1	NA	72070	0.09074933883976787	11.019364028267535	1.3875398917718884	1	564	1423	-859	FALSE
asic1a	1	1	72109	0.09079844698760678	11.013404228560116	1.386789443758754	1	564	1424	-860	TRUE
trappc14	1	1	72127	0.09082111228660936	11.010655725556884	1.3864433568566557	1	564	1425	-861	FALSE
adprm	1	NA	72147	0.09084629595216778	11.007603441823518	1.3860590183930033	1	564	1426	-862	FALSE
LOC100333572	1	1	72147	0.09084629595216778	11.007603441823518	1.3860590183930033	1	564	1426	-862	FALSE
LOC141375389	1	NA	72155	0.09085636941839115	11.00638300210992	1.385905342665096	1	564	1428	-864	FALSE
LOC141378528	2	NA	144382	0.1818034000327926	11.000894370728226	1.3852142233796456	1	168	1429	-1261	FALSE
fxr1	1	1	72227	0.09094703061440146	10.995411210727863	1.3845237930413834	1	564	1430	-866	FALSE
chd7	1	NA	72248	0.09097347346323781	10.992215224189477	1.3841213597608237	1	564	1431	-867	FALSE
gnas	1	1	72248	0.09097347346323781	10.992215224189477	1.3841213597608237	1	564	1431	-867	FALSE
unc13a	1	1	72389	0.09115101830542467	10.9708044802006	1.3814253546809598	1	564	1433	-869	TRUE
LOC141378375	1	NA	72500	0.0912907876492739	10.954007800237813	1.3793103448275863	1	564	1434	-870	FALSE
atf7ip	1	NA	72505	0.0912970835656635	10.953252403520327	1.379215226536101	1	564	1435	-871	FALSE
LOC141385579	1	NA	72545	0.09134745089678034	10.947212978389157	1.3784547522227582	1	564	1436	-872	FALSE
nsd2	1	NA	72598	0.09141418761051015	10.939220991173881	1.3774484145568748	1	564	1437	-873	FALSE
rpl8	1	NA	72607	0.09142552026001144	10.937865020139125	1.3772776729516438	1	564	1438	-874	FALSE
sall1a	8	4	581216	0.7318574680601432	10.93109020422344	1.3764245994604414	0.002260739156488994	2	1439	-1437	TRUE
usp9	1	1	72679	0.09151618145602176	10.927029341587547	1.3759132624279364	1	564	1440	-876	FALSE
LOC137496366	2	NA	145364	0.18303991801171104	10.926578320866808	1.3758564706529814	1	168	1441	-1273	FALSE
mipb	1	1	72686	0.0915249957389672	10.925977017819681	1.375780755578791	1	564	1442	-878	TRUE
pcdh17	1	1	72854	0.09173653852965795	10.900781913378006	1.3726082301589482	1	564	1443	-879	FALSE
acvr1c	1	1	72862	0.0917466119958813	10.89958504456701	1.3724575224396804	1	564	1444	-880	FALSE
cyfip2	1	1	72877	0.09176549974505012	10.897341623794084	1.3721750346474195	1	564	1445	-881	FALSE
marveld1	1	1	72898	0.09179194259388647	10.894202385761494	1.3717797470438147	1	564	1446	-882	FALSE
LOC141379829	1	NA	73264	0.09225280367360555	10.839778957158241	1.3649268399213803	1	564	1447	-883	FALSE
zmp:0000000845	1	1	73328	0.0923333914033925	10.830318098369537	1.3637355444032293	1	564	1448	-884	FALSE
arid3a	1	1	73400	0.09242405259940281	10.819694353095931	1.3623978201634879	1	564	1449	-885	TRUE
ccdc142	2	NA	146815	0.18486699294797446	10.818588911449666	1.3622586247999182	1	168	1450	-1282	FALSE
fam118b	1	NA	73520	0.09257515459275334	10.802034351431466	1.3601741022850926	1	564	1451	-887	TRUE
mylipa	2	2	147111	0.18523971119823907	10.796820978951152	1.3595176431402138	1	168	1452	-1284	TRUE
nbn	1	NA	73570	0.09263811375664939	10.794693020487173	1.3592496941688188	1	564	1453	-889	FALSE
col4a6	2	NA	147279	0.18545125398892978	10.784505129953917	1.357966852029142	1	168	1454	-1286	FALSE
LOC141376438	1	NA	73666	0.09275899535132981	10.780625600918217	1.3574783482203459	1	564	1455	-891	FALSE
foxa3	1	NA	73687	0.09278543820016615	10.777553238932802	1.3570914815367703	1	564	1456	-892	FALSE
cbx7a	1	NA	73786	0.09291009734468034	10.763092802391258	1.3552706475483154	1	564	1457	-893	TRUE
slc16a6b	1	1	73800	0.09292772591057122	10.761051023268854	1.3550135501355014	1	564	1458	-894	TRUE
LOC141376693	1	NA	73853	0.09299446262430104	10.753328443221553	1.3540411357697046	1	564	1459	-895	FALSE
cspg5a	2	2	147766	0.18606447624527733	10.748962082173726	1.3534913308880256	1	168	1460	-1292	TRUE
LOC141378733	1	NA	74121	0.09333192374278387	10.714447531971254	1.349145316442034	1	564	1461	-897	FALSE
LOC103910029	2	1	148331	0.1867759147973027	10.70801876232536	1.3483358165184622	1	168	1462	-1294	FALSE
ubap2a	1	NA	74172	0.09339614208995785	10.707080374228028	1.3482176562584263	1	564	1463	-899	TRUE
LOC141379899	1	1	74274	0.09352457878430578	10.692376410550683	1.346366157740259	1	564	1464	-900	FALSE
LOC141380324	3	NA	223315	0.28119451370893245	10.66877145087309	1.3433938606900566	0.53959166232659	70	1465	-1395	FALSE
mef2aa	1	NA	74743	0.09411513574165074	10.62528351173008	1.337917932114044	1	564	1466	-902	TRUE
hnrnpm	1	1	74787	0.09417053980587926	10.619032258510723	1.3371307847620575	1	564	1467	-903	FALSE
ppox	2	NA	149879	0.18872513051152445	10.597422794617543	1.3344097572041447	1	168	1468	-1300	FALSE
prkab2	1	1	75038	0.09448659480863744	10.58351189420349	1.3326581198859244	1	564	1469	-905	FALSE
dlx4b	1	1	75051	0.09450296419125041	10.581678665404077	1.3324272827810422	1	564	1470	-906	TRUE
LOC137490210	1	NA	75091	0.09455333152236726	10.576041942672775	1.331717516080489	1	564	1471	-907	FALSE
LOC141378835	1	1	75232	0.09473087636455413	10.556220298772349	1.329221607826457	1	564	1472	-908	FALSE
cblb	1	1	75443	0.09499656403619545	10.52669651945497	1.3255040229047095	1	564	1473	-909	TRUE
zgc:162898	1	NA	75482	0.09504567218403438	10.521257591442216	1.3248191621843617	1	564	1474	-910	FALSE
trmt2a	1	1	75555	0.09513759256332262	10.511092125170292	1.323539143670174	1	564	1475	-911	TRUE
ap2b1	1	1	75610	0.09520684764360828	10.503446177982294	1.3225763787858749	1	564	1476	-912	FALSE
LOC141385645	1	NA	75610	0.09520684764360828	10.503446177982294	1.3225763787858749	1	564	1476	-912	FALSE
slc6a4a	1	1	75631	0.09523329049244461	10.500529749933776	1.3222091470428792	1	564	1478	-914	TRUE
ubap2l	1	1	75721	0.0953466169874575	10.488049094930618	1.3206376038351315	1	564	1479	-915	FALSE
si:ch211-107p11.3	1	NA	75755	0.09538942921890681	10.483341898452135	1.320044881525972	1	564	1480	-916	FALSE
ccdc30	1	1	75839	0.0954952006142522	10.471730448941063	1.3185827872202955	1	564	1481	-917	FALSE
dusp5	1	1	75928	0.09560726792598716	10.45945587289592	1.3170371931303342	1	564	1482	-918	FALSE
tubb4b	1	1	76091	0.09581251480028828	10.437049920716529	1.3142158730993154	1	564	1483	-919	TRUE
LOC141376393	1	NA	76125	0.09585532703173759	10.43238838117887	1.3136288998357963	1	564	1484	-920	FALSE
si:dkey-4m13.3	1	NA	76146	0.09588176988057394	10.429511274620353	1.3132666193890683	1	564	1485	-921	FALSE
myoc	1	NA	76226	0.09598250454280761	10.418565391300099	1.3118883320651746	1	564	1486	-922	FALSE
foxj2	1	NA	76278	0.09604798207325951	10.411462879431046	1.3109939956474999	1	564	1487	-923	FALSE
syncrip	1	1	76373	0.09616760448466201	10.398512111835876	1.309363256648292	1	564	1488	-924	FALSE
LOC141386260	1	NA	76376	0.09617138203449577	10.398103664989543	1.3093118257044098	1	564	1489	-925	FALSE
cap1	1	1	76821	0.09673171859317062	10.3378707061512	1.3017273922495152	1	564	1490	-926	FALSE
pik3c2a	1	1	76879	0.09680475122329005	10.330071482683715	1.3007453270724125	1	564	1491	-927	TRUE
supt7l	1	NA	77016	0.09697725933236523	10.311695823169748	1.298431494754337	1	564	1492	-928	FALSE
LOC141379555	1	NA	77154	0.09715102662471833	10.29325200919254	1.2961090805402182	1	564	1493	-929	FALSE
casd1	1	NA	77367	0.0974192326629155	10.264913535709558	1.2925407473470603	1	564	1494	-930	FALSE
kcnc2	2	4	154895	0.1950411938335763	10.254244042961249	1.2911972626618031	1	168	1495	-1327	FALSE
LOC141379151	4	NA	309916	0.39024104476017063	10.250075059270788	1.2906723112069076	0.1937664206194664	28	1496	-1468	FALSE
LOC101886033	1	NA	77539	0.09763581218671791	10.242143508650376	1.2896735836159867	1	564	1497	-933	FALSE
brip1	3	3	232923	0.29329274664319754	10.228688006558924	1.2879792892930282	0.578939359486661	70	1498	-1428	FALSE
zgc:113278	1	NA	77737	0.09788513047574628	10.216056260432502	1.2863887209436948	1	564	1499	-935	FALSE
tle3b	3	2	233795	0.2943907544615447	10.190537421894069	1.2831754314677388	0.5815695516993121	70	1500	-1430	TRUE
brwd1	1	1	77987	0.09819992629522653	10.1833070321623	1.2822649928834293	1	564	1501	-937	FALSE
csgalnact2	1	1	78124	0.09837243440430171	10.16544935637245	1.2800163842097179	1	564	1502	-938	FALSE
LOC110439935	1	1	78286	0.09857642209532491	10.144413631009904	1.277367600848172	1	564	1503	-939	FALSE
pitx1	1	NA	78704	0.0991027607054959	10.090536256317867	1.2705834519211223	1	564	1504	-940	FALSE
ankrd44	1	1	78712	0.09911283417171927	10.0895106910921	1.270454314462852	1	564	1505	-941	FALSE
arhgef16	1	NA	78742	0.0991506096700569	10.085666677468712	1.269970282695385	1	564	1506	-942	FALSE
cited4a	2	2	157538	0.19836921523712153	10.082209568703949	1.2695349693407305	1	168	1507	-1339	TRUE
LOC141378200	1	NA	79014	0.09949310752165141	10.05094749686437	1.2655985015313742	1	564	1508	-944	FALSE
LOC100330485	2	1	158468	0.19954025568558809	10.023040178676343	1.2620844586919755	1	168	1509	-1341	FALSE
LOC796453	1	NA	79239	0.09977642375918365	10.022407722425086	1.2620048208584156	1	564	1510	-946	FALSE
clec3a	1	1	79245	0.09978397885885118	10.021648880273094	1.261909268723579	1	564	1511	-947	TRUE
obi1	2	NA	158640	0.1997568352093905	10.01217303980385	1.2607160867372667	1	168	1512	-1344	FALSE
ugt5d1	1	1	79455	0.10004840734721458	9.995161607416039	1.2585740356176451	1	564	1513	-949	FALSE
osbpl11	1	NA	79541	0.10015669710911579	9.984354804657238	1.257213261085478	1	564	1514	-950	FALSE
si:dkey-38l22.2	2	2	159360	0.20066344716949364	9.966937318238472	1.2550200803212852	1	168	1515	-1347	FALSE
stox2a	1	NA	79785	0.10046393782892853	9.95382046145568	1.2533684276493076	1	564	1516	-952	TRUE
LOC137489112	1	NA	79834	0.10052563780954665	9.947711069434595	1.252599143222186	1	564	1517	-953	FALSE
grxcr2	1	NA	79894	0.10060118880622192	9.940240387478926	1.2516584474428618	1	564	1518	-954	FALSE
arhgap45b	1	NA	80004	0.10073969896679322	9.926573240303503	1.2499375031248439	1	564	1519	-955	TRUE
uuc-149	1	NA	80111	0.10087443157753077	9.91331484461861	1.248268028110996	1	564	1520	-956	FALSE
dlgap4b	1	1	80146	0.10091850299225802	9.908985670117552	1.2477229056971029	1	564	1521	-957	TRUE
gjd6	1	1	80363	0.10119174576356688	9.882228955081834	1.2443537448825952	1	564	1522	-958	FALSE
trim35-14	1	NA	80384	0.10121818861240321	9.879647262107403	1.2440286624203822	1	564	1523	-959	FALSE
LOC141378161	1	NA	80489	0.10135040285658492	9.866759004550204	1.242405794580626	1	564	1524	-960	FALSE
kctd4	1	NA	80504	0.10136929060575374	9.864920569378432	1.2421743018980425	1	564	1525	-961	FALSE
pitpnaa	1	NA	80537	0.10141084365392512	9.860878422554123	1.241665321529235	1	564	1526	-962	TRUE
ctsl.1	1	1	80584	0.10147002526798742	9.855127140837405	1.2409411297528046	1	564	1527	-963	FALSE
ebf3a	4	NA	322481	0.4060626826472482	9.850695892374947	1.2403831543563806	0.21163532527752307	28	1528	-1500	TRUE
per2	1	1	80791	0.10173067620651706	9.8298766634556	1.2377616318649354	1	564	1529	-965	FALSE
LOC141381027	1	NA	81127	0.10215376178789853	9.789164711097925	1.2326352509029053	1	564	1530	-966	FALSE
dvl3b	1	1	81177	0.10221672095179458	9.783135192446645	1.231876023996945	1	564	1531	-967	TRUE
tmem164	1	1	81218	0.10226834746618935	9.778196526844312	1.2312541554827747	1	564	1532	-968	FALSE
tex2	2	NA	162688	0.20485400911841478	9.76305032353021	1.2293469708890636	1	168	1533	-1365	FALSE
casz1	1	2	81344	0.10242700455920739	9.76305032353021	1.2293469708890636	1	564	1533	-969	FALSE
vat1l	1	NA	81598	0.10274683711179933	9.732659691625303	1.2255202333390525	1	564	1535	-971	FALSE
fscn2a	1	1	81620	0.1027745391439136	9.730036333217855	1.2251899044351875	1	564	1536	-972	TRUE
LOC141378173	1	NA	81858	0.1030742247640588	9.701746506355413	1.2216276967431405	1	564	1537	-973	FALSE
LOC141386189	1	NA	81989	0.10323917777346645	9.68624529531085	1.219675810169657	1	564	1538	-974	FALSE
ttll9	1	1	82107	0.10338776140026114	9.672324716738418	1.2179229541939178	1	564	1539	-975	FALSE
LOC141380236	2	1	164280	0.20685862889686504	9.668438830256164	1.2174336498660823	1	168	1540	-1372	FALSE
LOC141375136	1	NA	82146	0.10343686954810005	9.66773264087407	1.2173447276799845	1	564	1541	-977	FALSE
abhd8a	1	NA	82208	0.10351493891133115	9.660441386692796	1.2164266251459712	1	564	1542	-978	TRUE
scaf11	1	NA	82273	0.10359678582439602	9.652809129571565	1.2154655840919866	1	564	1543	-979	FALSE
LOC141381625	2	NA	164761	0.20746429605354505	9.640212981436644	1.2138794981822154	1	168	1544	-1376	FALSE
rnf207a	1	NA	82639	0.1040576469041151	9.610057787693963	1.2100824066118903	1	564	1545	-981	TRUE
LOC141379073	1	NA	82662	0.1040866081195073	9.607383870669006	1.209745711451453	1	564	1546	-982	FALSE
spegb	2	2	166218	0.20929892608947598	9.555710759571664	1.20323911971026	1	168	1547	-1379	TRUE
si:ch211-63o20.10	1	NA	83247	0.1048232303370911	9.539870091621816	1.2012444892909053	1	564	1548	-984	FALSE
LOC141376154	1	NA	83276	0.1048597466521508	9.536547931183552	1.200826168403862	1	564	1549	-985	FALSE
apeh	1	1	83378	0.10498818334649875	9.52488144974983	1.1993571445705102	1	564	1550	-986	FALSE
lipt1	1	NA	83507	0.10515061798935055	9.510167596934885	1.197504400828673	1	564	1551	-987	FALSE
ryk	1	NA	83566	0.1052249098027479	9.503453145025984	1.196658928272264	1	564	1552	-988	FALSE
helt	1	NA	83643	0.10532186691514782	9.494704464417122	1.1955573090396088	1	564	1553	-989	FALSE
slc25a4	1	NA	83643	0.10532186691514782	9.494704464417122	1.1955573090396088	1	564	1553	-989	FALSE
mir732	2	NA	167444	0.21084268478820717	9.485745270266374	1.1944291822937818	1	168	1555	-1387	FALSE
rgcc	1	NA	83754	0.10546163625899704	9.48212103920101	1.193972825178499	1	564	1556	-992	FALSE
hey1	1	1	83860	0.10559510968645668	9.47013552965945	1.1924636298592892	1	564	1557	-993	FALSE
ppp1r27b	1	1	83879	0.10561903416873718	9.467990385164837	1.1921935168516553	1	564	1558	-994	TRUE
LOC141377788	2	NA	168124	0.21169892941719343	9.447378905061043	1.1895981537436653	1	168	1559	-1391	FALSE
LOC100007225	1	1	84166	0.1059804197695005	9.435705219652133	1.1881282227978045	1	564	1560	-996	FALSE
LOC137487757	2	NA	168459	0.212120755815297	9.428591710947368	1.1872325016769658	1	168	1561	-1393	FALSE
tbx2b	2	NA	168459	0.212120755815297	9.428591710947368	1.1872325016769658	1	168	1561	-1393	TRUE
dcp1b	2	NA	168476	0.21214216193102164	9.427640322861908	1.1871127044801633	1	168	1563	-1395	TRUE
im:7160157	5	5	421616	0.5308918169039485	9.418114653111378	1.1859132480740768	0.09182415564955855	16	1564	-1548	FALSE
prdm13	1	1	84378	0.10624736662441976	9.41199797953544	1.1851430467657447	1	564	1565	-1001	FALSE
med30	1	1	84497	0.10639720943449237	9.39874274254993	1.1834739694900411	1	564	1566	-1002	FALSE
LOC141385764	1	NA	84670	0.1066150481415727	9.37953898095242	1.1810558639423645	1	564	1567	-1003	FALSE
rfx4	1	1	84798	0.1067762236011466	9.365380852346062	1.1792730960635864	1	564	1568	-1004	FALSE
arrdc2	1	1	85041	0.1070822051376814	9.338619789480855	1.1759033877776601	1	564	1569	-1005	FALSE
sh3glb1b	2	1	170212	0.21432810410149253	9.331487386520825	1.1750052875237937	1	168	1570	-1402	TRUE
med13b	2	2	170302	0.21444143059650542	9.326555947871915	1.1743843290155136	1	168	1571	-1403	TRUE
cdhr1a	3	2	255520	0.32174651117437886	9.324110427957592	1.17407639323732	0.7122416645210271	70	1572	-1502	TRUE
gja10b	2	2	170586	0.21479903864743502	9.311028636784277	1.1724291559682507	1	168	1573	-1405	TRUE
drg1	1	NA	85304	0.10741337033977463	9.309827974271327	1.1722779705523774	1	564	1574	-1010	FALSE
sh3gl3a	1	NA	85309	0.10741966625616423	9.309282320942005	1.1722092627975946	1	564	1575	-1011	TRUE
sox2	2	NA	170722	0.21497028757323225	9.303611315673919	1.1714951792973372	1	168	1576	-1408	FALSE
hmx2	2	NA	170733	0.2149841385892894	9.303011901826142	1.1714197021079698	1	168	1577	-1409	FALSE
LOC141376869	8	5	684186	0.8615155701876706	9.285961016650342	1.169272683159258	0.005090382730767775	2	1578	-1576	FALSE
LOC141380107	3	NA	256782	0.32333560047111515	9.27828545829429	1.1683061896861928	0.7196337474888803	70	1579	-1509	FALSE
dnmt1	1	1	85696	0.10790697018471967	9.267241942648914	1.1669156086631813	1	564	1580	-1016	FALSE
lmo3	2	NA	171417	0.21584541995138734	9.265890378635042	1.1667454219826505	1	168	1581	-1413	FALSE
mir-338-1	1	NA	85748	0.10797244771517156	9.261622026370777	1.1662079582031069	1	564	1582	-1018	FALSE
rev1	2	2	171976	0.2165493034037452	9.23577203234453	1.162952970181886	1	168	1583	-1415	FALSE
fam20b	1	1	86023	0.10831872311659983	9.232014292889593	1.1624798019134417	1	564	1584	-1020	TRUE
lnpa	2	1	172060	0.21665507479909057	9.23126311190563	1.1623852144600721	1	168	1585	-1417	TRUE
cks2	1	NA	86149	0.10847738020961789	9.218511712466093	1.1607795795656364	1	564	1586	-1022	FALSE
ankrd24	1	NA	86149	0.10847738020961789	9.218511712466093	1.1607795795656364	1	564	1586	-1022	FALSE
kmt2e	1	1	86151	0.10847989857617372	9.218297704231425	1.160752632006593	1	564	1588	-1024	FALSE
pcdh2ac	1	NA	86175	0.10851011897484385	9.215730380240688	1.1604293588627792	1	564	1589	-1025	FALSE
rffl	1	NA	86549	0.10898105352078631	9.175906891093383	1.1554148517025038	1	564	1590	-1026	FALSE
abca4a	2	NA	173348	0.21827690286105286	9.16267352974642	1.1537485289706255	1	168	1591	-1423	TRUE
LOC110439057	1	NA	86681	0.10914726571347189	9.16193359002828	1.1536553569986503	1	564	1592	-1028	FALSE
LOC137495917	1	NA	86733	0.10921274324392376	9.156440634098226	1.1529636931733018	1	564	1593	-1029	FALSE
LOC141376043	3	2	260225	0.32767096849699723	9.155525781733978	1.1528484964934191	0.7417180836002779	70	1594	-1524	FALSE
LOC141380314	2	NA	173488	0.2184531885199618	9.155279506562314	1.1528174859356266	1	168	1595	-1427	FALSE
etaa1b	1	NA	87047	0.10960812679319097	9.123411094204755	1.1488046687421738	1	564	1596	-1032	TRUE
znf207b	1	NA	87149	0.10973656348753892	9.112732969021346	1.1474600970751243	1	564	1597	-1033	TRUE
ppp2r5eb	1	1	87344	0.1099821042267335	9.092388321089501	1.1448983330280271	1	564	1598	-1034	TRUE
emx1	1	1	87468	0.11013824295319571	9.079498393895383	1.1432752549503817	1	564	1599	-1035	FALSE
galca	1	NA	87598	0.11030193677932545	9.06602394480743	1.1415785748533072	1	564	1600	-1036	TRUE
tmem242	1	NA	87598	0.11030193677932545	9.06602394480743	1.1415785748533072	1	564	1600	-1036	FALSE
cdc34a	1	1	87619	0.11032837962816178	9.063851054191916	1.141304968100526	1	564	1602	-1038	TRUE
rbp2a	1	NA	87721	0.11045681632250974	9.053311812647387	1.139977884429042	1	564	1603	-1039	TRUE
atp1a1a.2	1	NA	87884	0.11066206319681086	9.036520476050718	1.1378635474033953	1	564	1604	-1040	FALSE
LOC141375423	1	NA	87910	0.11069480196203679	9.033847861645336	1.1375270162666364	1	564	1605	-1041	FALSE
barx1	1	NA	87961	0.11075902030921078	9.028610014861602	1.1368674753583974	1	564	1606	-1042	FALSE
api5	1	1	88079	0.11090760393600546	9.016514328242161	1.1353444067257803	1	564	1607	-1043	FALSE
pfkpb	1	1	88188	0.11104485491329885	9.005369954157498	1.1339411257767498	1	564	1608	-1044	TRUE
map1lc3c	1	NA	88192	0.11104989164641052	9.004961510309796	1.1338896952104498	1	564	1609	-1045	FALSE
dcun1d3	1	NA	88430	0.11134957726655574	8.98072560802037	1.1308379509216329	1	564	1610	-1046	FALSE
mc1r	1	1	88436	0.11135713236622326	8.980116304641113	1.1307612284589985	1	564	1611	-1047	FALSE
hipk1a	1	NA	88439	0.11136090991605703	8.97981168395438	1.1307228711315143	1	564	1612	-1048	TRUE
LOC141386361	1	NA	88464	0.11139238949800505	8.977273981701499	1.1304033279073973	1	564	1613	-1049	FALSE
gpr137bb	1	NA	88571	0.1115271221087426	8.966428803075965	1.1290377211502636	1	564	1614	-1050	TRUE
celf5a	1	3	88639	0.11161274657164123	8.959550147420902	1.1281715723327204	1	564	1615	-1051	TRUE
LOC141377001	3	NA	266360	0.3353960579070427	8.944648958371092	1.1262952395254542	0.7659607231161933	70	1616	-1546	FALSE
LOC110439877	1	NA	88986	0.11204968316907983	8.924612472942275	1.123772278785427	1	564	1617	-1053	FALSE
hcar1-4	1	NA	89048	0.11212775253231093	8.918398678434567	1.1229898481717724	1	564	1618	-1054	FALSE
LOC103910044	1	2	89158	0.11226626269288224	8.907395472276647	1.1216043428520155	1	564	1619	-1055	FALSE
LOC141378789	1	NA	89188	0.11230403819121988	8.904399308396211	1.1212270709064	1	564	1620	-1056	FALSE
ndrg3a	1	NA	89253	0.11238588510428472	8.897914529676777	1.1204105184139468	1	564	1621	-1057	TRUE
LOC141377856	2	NA	178511	0.22477806612495907	8.897665303731886	1.1203791362997237	1	168	1622	-1454	FALSE
cerkl	1	1	89267	0.11240351367017562	8.896519044184766	1.1202348012143346	1	564	1623	-1059	FALSE
gbx2	1	NA	89275	0.11241358713639898	8.895721820411554	1.1201344161299356	1	564	1624	-1060	FALSE
fbxw11a	1	NA	89356	0.11251558098191061	8.887657969439559	1.1191190294999775	1	564	1625	-1061	TRUE
adgrb1b	1	1	89604	0.11282785843483502	8.863059300000462	1.1160216061782957	1	564	1626	-1062	TRUE
sp4	1	1	89609	0.11283415435122461	8.862564759312585	1.1159593344418528	1	564	1627	-1063	FALSE
LOC141376378	1	NA	89751	0.1130129583766894	8.848542807514583	1.1141937137190672	1	564	1628	-1064	FALSE
ier2a	2	NA	179753	0.22634197175613696	8.836187051311983	1.1126378975594287	1	168	1629	-1461	TRUE
pou3f2a	1	1	89946	0.11325849911588401	8.82935945475331	1.111778178017922	1	564	1630	-1066	TRUE
mapre2	1	1	90165	0.1135342602537487	8.80791399675308	1.109077801807797	1	564	1631	-1067	FALSE
snap91a	1	NA	90336	0.11374958059427319	8.791241205247536	1.1069783917817924	1	564	1632	-1068	TRUE
vps13d	1	1	90439	0.11387927647189905	8.781228955619163	1.1057176660511505	1	564	1633	-1069	FALSE
LOC141385780	1	NA	90783	0.1143124355195039	8.747954633766689	1.101527819085071	1	564	1634	-1070	FALSE
LOC141377882	4	NA	363160	0.45728499920979737	8.747280157696236	1.1014428901861437	0.29100681251527843	28	1635	-1607	FALSE
ace2	1	NA	90817	0.1143552477509532	8.744679581105316	1.1011154299305195	1	564	1636	-1072	FALSE
ip6k2b	1	1	90848	0.11439428243256876	8.741695640159843	1.1007396970764354	1	564	1637	-1073	TRUE
LOC101885582	2	NA	181740	0.22884396892936604	8.739579239762753	1.1004732034774953	1	168	1638	-1470	FALSE
tekt3	1	NA	90888	0.1144446497636856	8.737848401518807	1.1002552592201391	1	564	1639	-1075	FALSE
xkr4	1	2	90984	0.11456553135836602	8.728628830533296	1.0990943462586829	1	564	1640	-1076	FALSE
LOC108179119	1	NA	90994	0.11457812319114521	8.727669577304454	1.0989735586961777	1	564	1641	-1077	FALSE
LOC101886214	1	1	91005	0.11459197420720237	8.726614642242088	1.0988407230371957	1	564	1642	-1078	FALSE
LOC137488922	1	NA	91090	0.11469900478582565	8.718471462479322	1.0978153474585575	1	564	1643	-1079	FALSE
LOC141377146	1	NA	91119	0.11473552110088536	8.715696677062319	1.0974659511188665	1	564	1644	-1080	FALSE
LOC137487909	1	NA	91219	0.11486143942867746	8.70614198267073	1.0962628399785133	1	564	1645	-1081	FALSE
sox1a	2	NA	182941	0.23035624804614918	8.682204268231194	1.0932486430051218	1	168	1646	-1478	TRUE
ttc6	2	NA	182959	0.23037891334515176	8.681350089552756	1.0931410862542974	1	168	1647	-1479	FALSE
ints1	1	1	91515	0.11523415767894209	8.677982467543478	1.092717040922253	1	564	1648	-1084	FALSE
LOC141378031	2	NA	183472	0.23102487436672525	8.657076453270705	1.0900845905642278	1	168	1649	-1481	FALSE
LOC141375377	1	NA	91888	0.11570383304160661	8.642756023825108	1.0882813860351732	1	564	1650	-1086	FALSE
meis2b	1	1	92151	0.11603499824369985	8.618089500029749	1.0851754186064178	1	564	1651	-1087	TRUE
clasp2	1	NA	92431	0.11638756956151775	8.591982836031649	1.0818881111315468	1	564	1652	-1088	FALSE
fat4	2	2	185040	0.23299927374650542	8.583717742296166	1.0808473843493298	1	168	1653	-1485	FALSE
LOC103911737	1	NA	92672	0.1166910327314967	8.569638785363878	1.0790745856353592	1	564	1654	-1090	FALSE
ctdspl3	1	NA	92815	0.11687109594023941	8.556435549396555	1.0774120562409093	1	564	1655	-1091	FALSE
LOC100535984	1	NA	93084	0.11720981624200016	8.5317086235791475	1.0742984830905418	1	564	1656	-1092	FALSE
septin4a	1	NA	93185	0.11733699375307019	8.522461399551874	1.0731340881043088	1	564	1657	-1093	TRUE
LOC141381130	1	1	93235	0.11739995291696623	8.517890979967195	1.0725585885128974	1	564	1658	-1094	FALSE
LOC141380256	1	NA	93244	0.11741128556646752	8.517068824988646	1.0724550641328128	1	564	1659	-1095	FALSE
sec61a1a	1	NA	93311	0.11749565084608822	8.510953322944149	1.0716850103417603	1	564	1660	-1096	TRUE
taar12m	1	NA	93474	0.11770089772038934	8.496111919006799	1.069816205575882	1	564	1661	-1097	FALSE
bmp5	1	1	93487	0.11771726710300233	8.494930477149136	1.069667440392782	1	564	1662	-1098	FALSE
dennd2c	1	NA	93551	0.11779785483278928	8.489118935310595	1.0689356607625788	1	564	1663	-1099	FALSE
rnf111	1	NA	93755	0.11805472822148516	8.470647597645367	1.0666097808116901	1	564	1664	-1100	FALSE
rbm38	1	NA	93828	0.11814664860077341	8.464057269868709	1.0657799377584516	1	564	1665	-1101	FALSE
LOC141377857	1	NA	94060	0.11843877912125107	8.443180581726997	1.06315118009781	1	564	1666	-1102	FALSE
cnot10	1	NA	94063	0.11844255667108483	8.442911298993668	1.0631172724663258	1	564	1667	-1103	FALSE
cpt1a2b	1	NA	94226	0.11864780354538597	8.428306046284904	1.061278203468257	1	564	1668	-1104	TRUE
smurf1	1	1	94403	0.11887067898557797	8.41250347464849	1.059288370072985	1	564	1669	-1105	FALSE
LOC571470	1	NA	94419	0.11889082591802473	8.411077913526317	1.0591088658003156	1	564	1670	-1106	FALSE
LOC137490512	1	NA	94574	0.11908599932610248	8.397292760348948	1.057373062363863	1	564	1671	-1107	FALSE
krt5	1	NA	94612	0.11913384829066348	8.393920068461098	1.0569483786411873	1	564	1672	-1108	FALSE
dio2	2	NA	189368	0.23844901897334758	8.38753712894725	1.0561446495712052	1	168	1673	-1505	FALSE
sp8a	1	1	94817	0.11939198086263728	8.375771913446338	1.0546631933092168	1	564	1674	-1110	TRUE
LOC141377121	2	NA	189717	0.238888473937342	8.372107565660867	1.0542017847636216	1	168	1675	-1507	FALSE
stimate	1	NA	95019	0.11964633588477733	8.357965938572722	1.0524210947284227	1	564	1676	-1112	FALSE
celf3a	1	1	95032	0.11966270526739031	8.356822602041852	1.0522771277043521	1	564	1677	-1113	TRUE
mir2191	1	NA	95228	0.11990950518986282	8.339622437909453	1.0501113117990506	1	564	1678	-1114	FALSE
LOC137488089	2	NA	190525	0.2399058940259022	8.336602183621482	1.0497310064296024	1	168	1679	-1511	FALSE
LOC141380963	1	NA	95470	0.12021422754311971	8.318482931991635	1.0474494605635278	1	564	1680	-1116	FALSE
oxtra	1	1	95616	0.12039806830169617	8.30578109853206	1.0458500669344042	1	564	1681	-1117	TRUE
nelfcd	1	NA	95823	0.12065871924022582	8.287838676698094	1.0435907871805308	1	564	1682	-1118	FALSE
wls	1	NA	95856	0.12070027228839722	8.284985452316405	1.043231513937573	1	564	1683	-1119	FALSE
cryzl1	1	NA	95929	0.12079219266768547	8.278680748441465	1.0424376361684162	1	564	1684	-1120	FALSE
il16	1	NA	96034	0.12092440691186716	8.269629147148317	1.041297873669742	1	564	1685	-1121	FALSE
LOC137488151	1	NA	96047	0.12094077629448013	8.268509849524103	1.0411569335845992	1	564	1686	-1122	FALSE
zfand2a	1	1	96128	0.12104277013999175	8.261542584025896	1.0402796271637815	1	564	1687	-1123	TRUE
ino80db	1	NA	96169	0.12109439665438651	8.258020417361534	1.0398361218272	1	564	1688	-1124	TRUE
fkbp14	1	NA	96191	0.12112209868650077	8.256131712085761	1.0395982992171824	1	564	1689	-1125	FALSE
irs4b	2	1	192392	0.24225678920578073	8.25570258136764	1.0395442637947523	1	168	1690	-1522	TRUE
zgc:153704	1	1	96352	0.12132482719424606	8.242336075195547	1.0378611756891398	1	564	1691	-1127	FALSE
LOC141385702	1	NA	96465	0.12146711490465112	8.232680925903088	1.0366454154356501	1	564	1692	-1128	FALSE
plxna3	1	2	96530	0.12154896181771599	8.227137320182756	1.035947373873407	1	564	1693	-1129	FALSE
agu-288	1	NA	96617	0.12165851076289513	8.219729090297166	1.0350145419543144	1	564	1694	-1130	FALSE
LOC110438336	1	NA	96757	0.12183479642180406	8.207835769166483	1.0335169548456442	1	564	1695	-1131	FALSE
rnf126	1	1	97088	0.12225158608679593	8.179852973768554	1.0299934080421886	1	564	1696	-1132	FALSE
slco1c1	2	NA	194389	0.24477137821178901	8.170889973375463	1.0288648020206905	1	168	1697	-1529	FALSE
irx6a	2	1	194660	0.24511261688010558	8.15951469759829	1.0274324463166546	1	168	1698	-1530	TRUE
stab1	1	NA	97357	0.12259030638855668	8.157251820796052	1.0271475086537176	1	564	1699	-1135	FALSE
si:dkey-22n8.3	1	NA	97368	0.1226041574046138	8.156330267821476	1.027031468244187	1	564	1700	-1136	FALSE
LOC141376103	1	NA	97428	0.12267970840128907	8.151307278372146	1.02639898181221	1	564	1701	-1137	FALSE
opn6a	1	NA	97856	0.12321863884423927	8.115655304909676	1.0219097449313277	1	564	1702	-1138	TRUE
bmp2k	3	1	294143	0.3703799469175224	8.099790566329045	1.0199120835783955	0.9389850967623983	70	1703	-1633	FALSE
oxtrb	1	1	98084	0.12350573263160526	8.09679015453327	1.019534276742384	1	564	1704	-1140	TRUE
LOC141380488	1	NA	98207	0.12366061217478955	8.08664927670371	1.0182573543637419	1	564	1705	-1141	FALSE
nmnat1	1	NA	98234	0.12369461012329341	8.084426629448474	1.0179774823380907	1	564	1706	-1142	FALSE
st18	2	2	196864	0.24788785682464357	8.06816447412672	1.01592977893368	1	168	1707	-1539	FALSE
ric8b	1	NA	98455	0.12397288962771395	8.066279676169229	1.0156924483266467	1	564	1708	-1144	TRUE
dnhd1	1	NA	98460	0.12397918554410356	8.065870054004076	1.0156408693885841	1	564	1709	-1145	FALSE
ttyh1	1	1	98636	0.12420080180101765	8.051477812535397	1.0138286224096678	1	564	1710	-1146	FALSE
LOC137490042	1	2	98637	0.12420206098429558	8.051396185176367	1.0138183440291169	1	564	1711	-1147	FALSE
snap25a	1	1	98792	0.12439723439237332	8.038763923366684	1.0122277107458093	1	564	1712	-1148	TRUE
klf13	1	1	98890	0.1245206343536096	8.030797507505726	1.0112245929821013	1	564	1713	-1149	FALSE
ftr52p	1	NA	98937	0.12457981596767188	8.026982478923369	1.0107442109625318	1	564	1714	-1150	FALSE
fam110a	1	NA	99014	0.12467677308007181	8.0207401530818	1.009958187731028	1	564	1715	-1151	TRUE
slc6a1b	1	1	99139	0.12483417098981194	8.010627154976763	1.008684775920677	1	564	1716	-1152	TRUE
si:dkey-43p13.5	1	NA	99163	0.12486439138848204	8.008688376886957	1.0084406482256487	1	564	1717	-1153	FALSE
LOC110438665	1	NA	99222	0.12493868320187938	8.00392620101632	1.0078410030033662	1	564	1718	-1154	FALSE
uba1	1	NA	99248	0.12497142196710533	8.00182941235331	1.0075769788811866	1	564	1719	-1155	FALSE
eya1	3	3	297844	0.37504018422910806	7.999142828298452	1.0072386887095257	0.9389850967623983	70	1720	-1650	FALSE
cytip	1	NA	99322	0.1250646015296715	7.995867637756401	1.0068262821932703	1	564	1721	-1157	FALSE
rprma	1	NA	99347	0.1250960811116195	7.993855531795036	1.0065729211752745	1	564	1722	-1158	TRUE
gnb1l	1	1	99352	0.1251023770280091	7.993453232116528	1.0065222642724858	1	564	1723	-1159	FALSE
myo15aa	1	NA	99521	0.12531517900197778	7.979879276908806	1.0048130545312044	1	564	1724	-1160	TRUE
actr1b	1	1	99690	0.12552798097594642	7.966351344339867	1.0031096398836392	1	564	1725	-1161	TRUE
rmnd5b	1	NA	99746	0.12559849523951	7.961878827393994	1.0025464680287932	1	564	1726	-1162	TRUE
cstf1	1	1	99958	0.12586544209442924	7.944992552044273	1.0004201764741192	1	564	1727	-1163	FALSE
fam204a	2	1	200134	0.2520053861434453	7.9363383085057135	0.9993304485994384	1	168	1728	-1560	TRUE
supt20	1	NA	100249	0.12623186442830425	7.921930049349534	0.9975161847000966	1	564	1729	-1165	FALSE
LOC141386308	1	NA	100279	0.1262696399266419	7.919560082542121	0.9972177624427846	1	564	1730	-1166	FALSE
fam131ab	1	1	100627	0.1267078357073584	7.892171738372816	0.9937690679439912	1	564	1731	-1167	TRUE
ntn2	1	NA	100871	0.12701507642717114	7.873081118629154	0.9913652090293543	1	564	1732	-1168	FALSE
slc32a1	1	NA	100902	0.12705411110878667	7.870662281394239	0.9910606330895324	1	564	1733	-1169	FALSE
gdf11	2	2	201902	0.2542316221788096	7.866841987867791	0.9905795881170073	1	168	1734	-1566	FALSE
si:dkey-121b10.7	1	1	101088	0.12728831919848	7.856180412286735	0.9892371003482114	1	564	1735	-1171	FALSE
lef1	2	3	202997	0.25561042786813315	7.824406917513475	0.9852362350182515	1	168	1736	-1568	FALSE
LOC137488867	1	1	101545	0.1278637659564899	7.820823925523082	0.9847850706583289	1	564	1737	-1173	FALSE
LOC108181461	1	1	101595	0.12792672512038597	7.816974905430792	0.9843004084846696	1	564	1738	-1174	FALSE
skor1b	1	1	101685	0.12804005161539886	7.810056208066492	0.9834292176820573	1	564	1739	-1175	TRUE
LOC141376291	1	NA	101766	0.12814204546091043	7.8038398435355765	0.982646463455378	1	564	1740	-1176	FALSE
znf503	2	2	204210	0.2571378171842513	7.777930223958096	0.9793839674844522	1	168	1741	-1573	FALSE
LOC137488711	1	NA	102156	0.12863312693929965	7.774047197592323	0.9788950232977015	1	564	1742	-1178	FALSE
LOC141375117	4	NA	408817	0.5147755301298373	7.770377117558628	0.9784328929569954	0.39806829099118046	28	1743	-1715	FALSE
gpr61	1	NA	102216	0.1287086779359749	7.769483892122969	0.9783204195037959	1	564	1744	-1180	FALSE
ampd2b	1	NA	102216	0.1287086779359749	7.769483892122969	0.9783204195037959	1	564	1744	-1180	TRUE
vps13b	1	1	102236	0.12873386160153333	7.767963980566937	0.9781290347822685	1	564	1746	-1182	TRUE
fzd6	1	NA	102236	0.12873386160153333	7.767963980566937	0.9781290347822685	1	564	1746	-1182	FALSE
kcnj3a	1	1	102402	0.12894288602566822	7.755371628652187	0.9765434268861937	1	564	1748	-1184	TRUE
znf407	1	NA	102579	0.12916576146586023	7.7419897397834	0.9748584018171361	1	564	1749	-1185	FALSE
pls1	1	NA	102685	0.12929923489331988	7.733997813870004	0.9738520718702829	1	564	1750	-1186	FALSE
aqp11	1	NA	102686	0.12930049407659777	7.7339224969055325	0.973842588084062	1	564	1751	-1187	FALSE
dll4	1	1	102831	0.12948307565189635	7.723017042693753	0.9724693915259016	1	564	1752	-1188	FALSE
grb2a	1	NA	102956	0.12964047356163647	7.713640443657886	0.9712887058549283	1	564	1753	-1189	TRUE
mon2	1	1	103026	0.12972861639109093	7.708399486704729	0.9706287733193564	1	564	1754	-1190	FALSE
gpr26	2	NA	206071	0.25948115726446236	7.70768876277828	0.970539280151016	1	168	1755	-1587	FALSE
frem2b	2	2	206318	0.2597921755341088	7.698461263847473	0.9693773689159453	1	168	1756	-1588	TRUE
LOC141377893	3	NA	309758	0.39004209380225907	7.691477529399481	0.9684979887525101	0.9389850967623983	70	1757	-1687	FALSE
meox1	1	1	103610	0.1304639794253968	7.664950926717897	0.9651578033008397	1	564	1758	-1194	FALSE
slc35b3	4	3	414791	0.5222978910321375	7.65846477399212	0.9643410777958055	0.4108788373878807	28	1759	-1731	FALSE
sfmbt1	1	1	103782	0.13068055894919922	7.652247649084055	0.9635582278237074	1	564	1760	-1196	FALSE
olfcg9	1	NA	103973	0.13092106295528214	7.638190352468827	0.9617881565406403	1	564	1761	-1197	FALSE
mlnr	1	NA	104214	0.13122452612526112	7.620526661650462	0.9595639741301552	1	564	1762	-1198	FALSE
LOC141378401	1	NA	104340	0.13138318321827916	7.61132418552081	0.9584052137243626	1	564	1763	-1199	FALSE
LOC141380966	1	NA	104342	0.131385701584835	7.6111782936616255	0.9583868432654157	1	564	1764	-1200	FALSE
rgl3a	1	1	104400	0.1314587342149544	7.6069498612762585	0.9578544061302682	1	564	1765	-1201	TRUE
LOC141381022	1	1	104765	0.13191833611139558	7.58044733944773	0.9545172528993462	1	564	1766	-1202	FALSE
bcl11ba	1	NA	104781	0.13193848304384234	7.579289809385683	0.9543714986495644	1	564	1767	-1203	TRUE
wnt3a	1	1	104827	0.13199640547462668	7.575963878745375	0.953952703024984	1	564	1768	-1204	TRUE
gpd1a	1	NA	104900	0.13208832585391495	7.570691758982281	0.9532888465204957	1	564	1769	-1205	TRUE
LOC108179765	1	NA	105054	0.13228224007871478	7.559593785265114	0.9518914082281493	1	564	1770	-1206	FALSE
LOC141385574	2	NA	210115	0.264573294440375	7.559341936722665	0.9518596958808271	1	168	1771	-1603	FALSE
dennd4c	1	1	105072	0.13230490537771736	7.558298742930955	0.951728338663012	1	564	1772	-1208	FALSE
mdfic2	1	NA	105073	0.13230616456099525	7.558226809144513	0.9517192808809114	1	564	1773	-1209	FALSE
chac1	1	NA	105182	0.13244341553828867	7.550394226362317	0.9507330151546843	1	564	1774	-1210	FALSE
col27a1b	1	1	105339	0.13264110731292225	7.539140921379939	0.9493160178091684	1	564	1775	-1211	TRUE
cxcr5	1	NA	105538	0.13289168478522853	7.524925292475141	0.9475260095889633	1	564	1776	-1212	FALSE
elovl6	1	NA	105565	0.1329256827337324	7.523000667998308	0.9472836640932127	1	564	1777	-1213	FALSE
insm1b	1	1	105581	0.13294582966617913	7.521860614288948	0.947140110436537	1	564	1778	-1214	TRUE
hmgcs1	1	NA	105703	0.1330994500260855	7.513179053737749	0.9460469428493042	1	564	1779	-1215	FALSE
arhgef15b	1	NA	105757	0.13316744592309324	7.509342790711171	0.9455638870240268	1	564	1780	-1216	TRUE
psenen	1	NA	105785	0.13320270305487503	7.507355159212	0.9453136077893841	1	564	1781	-1217	FALSE
scarf2	1	NA	105803	0.1332253683538776	7.506077951638813	0.9451527839475251	1	564	1782	-1218	FALSE
selenoe	1	NA	105803	0.1332253683538776	7.506077951638813	0.9451527839475251	1	564	1782	-1218	FALSE
slc6a1a	1	1	105905	0.13335380504822555	7.498848642814233	0.9442424814692413	1	564	1784	-1220	TRUE
rapgef4b	1	1	105931	0.1333865438134515	7.497008104494825	0.9440107239618243	1	564	1785	-1221	TRUE
psmd6	2	1	211963	0.26690026513797305	7.493435793202033	0.9435609044974831	1	168	1786	-1618	FALSE
LOC141386306	2	NA	212096	0.2670677365139365	7.488736850456787	0.9429692214846107	1	168	1787	-1619	FALSE
LOC141385724	1	NA	106503	0.13410679664842232	7.456743617712566	0.9389406871167949	1	564	1788	-1224	FALSE
arhgap32b	3	NA	320444	0.4034977263101231	7.434986133463957	0.936201021083247	0.988047102314979	70	1789	-1719	TRUE
irx1a	2	NA	213691	0.26907613384222057	7.432840554981176	0.9359308534285488	1	168	1790	-1622	TRUE
gpx1a	1	1	106885	0.13458780466058815	7.430093703674429	0.9355849745053094	1	564	1791	-1227	TRUE
rgs5a	1	1	107126	0.13489126783056712	7.413378316349358	0.9334802008849391	1	564	1792	-1228	TRUE
pbx1a	1	2	107204	0.13498948412624495	7.407984455031914	0.9328010148875041	1	564	1793	-1229	TRUE
gdap2	2	NA	214636	0.27026606203985587	7.400115223142823	0.9318101343670213	1	168	1794	-1626	FALSE
col11a1a	2	NA	214869	0.27055945174361146	7.392090674012924	0.9307996965592988	1	168	1795	-1627	TRUE
srd5a1	1	NA	107568	0.1354478268394082	7.3829165320284975	0.9296445039416927	1	564	1796	-1232	FALSE
med10	1	NA	107568	0.1354478268394082	7.3829165320284975	0.9296445039416927	1	564	1796	-1232	FALSE
LOC141385595	1	NA	107725	0.1356455186140418	7.3721565608469835	0.9282896263634254	1	564	1798	-1234	FALSE
LOC141376397	1	NA	107727	0.13564803698059763	7.372019693458849	0.9282723922507821	1	564	1799	-1235	FALSE
fsta	2	NA	215597	0.271476137169938	7.367130020522005	0.9276566928111245	1	168	1800	-1632	TRUE
LOC141377772	4	NA	432414	0.5444884779389396	7.346344618973867	0.9250394298056955	0.4589559647945087	28	1801	-1773	FALSE
cyp2r1	4	1	432573	0.544688688080129	7.343644337646976	0.9246994148964452	0.4589559647945087	28	1802	-1774	FALSE
r3hdm2	2	1	216358	0.2724343756444359	7.341217477673498	0.9243938287467992	1	168	1803	-1635	FALSE
enc3	1	1	108567	0.1367057509340513	7.314981214524131	0.9210902023635176	1	564	1804	-1240	FALSE
fermt3b	1	1	108609	0.13675863663172397	7.312152450692313	0.920734009152096	1	564	1805	-1241	TRUE
orc5	1	NA	108625	0.13677878356417073	7.311075401769771	0.9205983889528194	1	564	1806	-1242	FALSE
LOC141375116	4	NA	435473	0.5483403195861001	7.294739885294761	0.9185414480346658	0.4646167309785997	28	1807	-1779	FALSE
veph1	1	NA	108916	0.13714520589804574	7.291541789243466	0.9181387491277683	1	564	1808	-1244	FALSE
sfpq	1	1	108928	0.1371603160973808	7.290738520098058	0.9180376028202115	1	564	1809	-1245	FALSE
LOC141376242	2	NA	217926	0.27440877502421607	7.288396662327958	0.9177427200058734	1	168	1810	-1642	FALSE
msi1b	1	1	108987	0.13723460791077813	7.286791686322601	0.9175406241111326	1	564	1811	-1247	TRUE
LOC141378851	1	NA	109028	0.1372862344251729	7.284051486932176	0.9171955827860734	1	564	1812	-1248	FALSE
LOC141378435	2	NA	218175	0.2747223116604184	7.280078519695119	0.9166953133952103	1	168	1813	-1645	FALSE
ubr4	1	1	109248	0.1375632547463155	7.26938310556936	0.9153485647334506	1	564	1814	-1250	FALSE
LOC137490429	1	NA	109267	0.137587179228596	7.268119061722582	0.9151893984460083	1	564	1815	-1251	FALSE
LOC141375027	5	NA	546362	0.687969894091484	7.267759887375415	0.9151441718128275	0.19455965207730283	16	1816	-1800	FALSE
dennd1b	2	2	219055	0.27583039294498884	7.250832581016105	0.9130127137020383	1	168	1817	-1649	TRUE
LOC137496386	2	NA	219154	0.27595505208950305	7.247557110682364	0.9126002719548811	1	168	1818	-1650	FALSE
elna	1	1	109712	0.13814751578727089	7.238639032350529	0.9114773224442175	1	564	1819	-1255	TRUE
nrip1b	1	NA	109758	0.13820543821805523	7.235605290887602	0.911095318792252	1	564	1820	-1256	TRUE
mn1b	1	1	109799	0.13825706473245	7.232903446454351	0.9107551070592628	1	564	1821	-1257	TRUE
dtx1	1	1	109813	0.13827469329834088	7.231981327504407	0.9106389953830603	1	564	1822	-1258	FALSE
pou3f3b	1	1	109823	0.1382872851311201	7.2313228150500475	0.9105560765959771	1	564	1823	-1259	TRUE
dpysl3	1	NA	109856	0.13832883817929148	7.229150574545236	0.9102825517040489	1	564	1824	-1260	FALSE
mtpap	2	NA	219819	0.27679240896932056	7.225631683496343	0.90983945882749	1	168	1825	-1657	FALSE
mecom	3	3	330770	0.41650005283793556	7.202880238690704	0.9069746349427095	1	70	1826	-1756	FALSE
mfsd12a	1	NA	110286	0.13887028698879753	7.200964451673299	0.9067334022450719	1	564	1827	-1263	TRUE
zgc:91944	1	NA	110376	0.13898361348381041	7.1950928237772835	0.9059940566789881	1	564	1828	-1264	FALSE
LOC141379136	1	NA	110376	0.13898361348381041	7.1950928237772835	0.9059940566789881	1	564	1828	-1264	FALSE
comtd1	2	NA	220890	0.27814099425997396	7.1905977230045846	0.9054280411064332	1	168	1830	-1662	FALSE
acsf3	1	1	110706	0.13939914396552436	7.173645200054572	0.9032934077647102	1	564	1831	-1267	FALSE
dlc	1	1	110730	0.13942936436419448	7.172090359588561	0.9030976248532466	1	564	1832	-1268	FALSE
thyn1	1	1	110819	0.13954143167592944	7.166330372203696	0.9023723368736408	1	564	1833	-1269	FALSE
kcnn3	1	1	110824	0.13954772759231904	7.166007051877223	0.9023316249187903	1	564	1834	-1270	FALSE
gtf3aa	1	1	110948	0.13970386631878123	7.157998030764335	0.9013231423730036	1	564	1835	-1271	TRUE
rh50	1	1	110996	0.13976430711612145	7.154902568716363	0.9009333669681789	1	564	1836	-1272	FALSE
si:ch73-50f9.4	1	NA	111427	0.14030701510890542	7.127227382207556	0.8974485537616556	1	564	1837	-1273	FALSE
kcnma1a	4	4	446389	0.5620855642478858	7.11635426067615	0.8960794284805405	0.4905086445669359	28	1838	-1810	TRUE
si:ch211-240l19.5	1	NA	111731	0.1406898068253934	7.107835475537152	0.8950067573010176	1	564	1839	-1275	FALSE
LOC137490211	1	2	111764	0.1407313598735648	7.10573678033393	0.8947424931104828	1	564	1840	-1276	FALSE
kcng4a	1	1	111944	0.14095801286359058	7.094311133399212	0.8933037947545202	1	564	1841	-1277	TRUE
glis2b	1	1	111959	0.14097690061275941	7.093360654500677	0.893184112041015	1	564	1842	-1278	TRUE
ikzf1	1	NA	112118	0.14117711075394884	7.08330121405342	0.8919174441213721	1	564	1843	-1279	FALSE
shox	3	2	338973	0.4268291332667216	7.0285736520363695	0.8850262410280465	1	70	1844	-1774	FALSE
bbx	1	1	113032	0.14232800426996864	7.026024183569621	0.8847052162219549	1	564	1845	-1281	FALSE
hmga2	1	NA	113112	0.14242873893220231	7.021054932431939	0.884079496428319	1	564	1846	-1282	FALSE
tardbpb	2	2	226269	0.2849141411119111	7.019658596778537	0.8839036721778061	1	168	1847	-1679	TRUE
pitx3	2	NA	226489	0.28519116143305373	7.0128400541946085	0.8830450926976586	1	168	1848	-1680	FALSE
rdh1	1	NA	113266	0.14262265315700215	7.011508886314	0.8828774742641217	1	564	1849	-1285	FALSE
LOC141380658	1	1	113507	0.14292611632698113	6.996621930957927	0.8810029337397693	1	564	1850	-1286	FALSE
zgc:163022	1	NA	113551	0.14298152039120965	6.993910802346448	0.8806615529585825	1	564	1851	-1287	FALSE
vldlr	1	1	113723	0.14319809991501206	6.983332883561298	0.8793295991136358	1	564	1852	-1288	FALSE
ehmt1b	1	NA	113916	0.14344112228765082	6.971501505646629	0.8778398117911443	1	564	1853	-1289	TRUE
nkd1	1	NA	114306	0.14393220376604002	6.947715478778379	0.8748447150630764	1	564	1854	-1290	FALSE
ehhadh	1	NA	114376	0.14402034659549448	6.94346336221971	0.8743092956564313	1	564	1855	-1291	FALSE
LOC137496101	5	1	573235	0.7218079263190554	6.92705055969403	0.8722426230080159	0.228264043012379	16	1856	-1840	FALSE
wnk1b	1	1	114813	0.144570609687946	6.917035226997303	0.8709815090625626	1	564	1857	-1293	TRUE
rhobtb4	1	1	114825	0.14458571988728103	6.916312349377239	0.8708904855214457	1	564	1858	-1294	FALSE
epha4l	1	1	114957	0.14475193207996662	6.908370656134393	0.8698904807884688	1	564	1859	-1295	FALSE
tm6sf2a	1	NA	115032	0.14484637082581067	6.903866450355045	0.8693233187287016	1	564	1860	-1296	TRUE
slmapa	1	NA	115055	0.14487533204120287	6.902486337119129	0.8691495371778715	1	564	1861	-1297	TRUE
LOC141378822	2	1	230544	0.2902971496250235	6.889492379044706	0.8675133597057395	1	168	1862	-1694	FALSE
flt1	1	1	115357	0.14525560539113502	6.8844159046892806	0.8668741385438248	1	564	1863	-1299	FALSE
LOC141375664	1	1	115544	0.14549107266410624	6.8732739520636414	0.8654711625008654	1	564	1864	-1300	FALSE
LOC141379148	1	NA	115599	0.1455603277443919	6.870003767482776	0.8650593863268713	1	564	1865	-1301	FALSE
si:rp71-78h1.1	2	NA	231477	0.2914719676233238	6.861723329032616	0.8640167273638417	1	168	1866	-1698	FALSE
spidr	1	NA	115910	0.14595193374382537	6.851570749005619	0.862738331464067	1	564	1867	-1303	FALSE
olfm3a	2	NA	231865	0.29196053073515715	6.85024100676895	0.8625708925452311	1	168	1868	-1700	TRUE
sost	1	1	116102	0.14619369693318618	6.840240181196202	0.86131160531257	1	564	1869	-1305	FALSE
LOC141381572	3	NA	348730	0.43911498450939707	6.831923541283297	0.8602643879218881	1	70	1870	-1800	FALSE
ptbp2a	1	1	116294	0.14643546012254702	6.828947026650054	0.8598895901766213	1	564	1871	-1307	TRUE
yars1	1	1	116323	0.14647197643760673	6.827244530464666	0.8596752147038849	1	564	1872	-1308	FALSE
bcl9l	1	1	116359	0.14651730703561186	6.825132267527579	0.8594092420869894	1	564	1873	-1309	FALSE
camkvl	1	1	116405	0.14657522946639626	6.822435166163321	0.8590696275933164	1	564	1874	-1310	FALSE
pi4k2b	1	NA	116603	0.1468245477554246	6.810850196969558	0.8576108676449149	1	564	1875	-1311	TRUE
LOC141381578	3	NA	351250	0.44228812636975806	6.782908744631243	0.8540925266903914	1	70	1876	-1806	FALSE
barhl1b	1	1	117153	0.14751709855828118	6.778875193270691	0.8535846286480073	1	564	1877	-1313	TRUE
LOC141378392	2	1	234428	0.29518781747646866	6.775347360530666	0.8531404098486529	1	168	1878	-1710	FALSE
LOC137487823	1	NA	117735	0.14824994322603122	6.74536514644958	0.849365099588058	1	564	1879	-1315	FALSE
LOC137495977	1	1	117817	0.1483531962548207	6.740670408491487	0.8487739460349526	1	564	1880	-1316	FALSE
LOC137487790	2	NA	236459	0.2977452187139263	6.717152364826388	0.8458125933037016	1	168	1881	-1713	FALSE
LOC141380693	3	NA	354704	0.4466373454116972	6.716858835963858	0.8457756326401732	1	70	1882	-1812	FALSE
LOC101885373	3	2	354783	0.446736820890653	6.71536318412022	0.8455873026610633	1	70	1883	-1813	FALSE
LOC141378803	1	1	118285	0.1489424940288878	6.714000638434639	0.8454157331867946	1	564	1884	-1320	FALSE
LOC141378587	1	NA	118386	0.1490696715399578	6.7082726464044855	0.8446944740087511	1	564	1885	-1321	FALSE
si:ch211-191a16.2	1	NA	118679	0.14943861224038865	6.6917109641742964	0.8426090546769015	1	564	1886	-1322	FALSE
cxxc5a	1	NA	118681	0.14944113060694447	6.691598196149691	0.8425948551158147	1	564	1887	-1323	TRUE
LOC141380616	3	1	356614	0.44904238547252634	6.680883803080429	0.841245716657226	1	70	1888	-1818	FALSE
ehbp1	2	2	237957	0.299631475264252	6.674866177647569	0.840487987325441	1	168	1889	-1721	FALSE
samd4a	1	1	119366	0.15030367115232038	6.653197439113662	0.8377594960038872	1	564	1890	-1326	TRUE
LOC141380819	4	1	477495	0.6012537192908971	6.652765499259606	0.8377051068597577	0.578939359486661	28	1891	-1863	FALSE
LOC141378262	1	NA	119380	0.1503212997182113	6.652417201518189	0.8376612497905848	1	564	1892	-1328	FALSE
LOC141380737	2	NA	239234	0.30123945231015714	6.639236609488964	0.8360015716829547	1	168	1893	-1725	FALSE
elavl1b	1	1	119826	0.15088289546016406	6.6276564812080965	0.8345434212942099	1	564	1894	-1330	TRUE
gbx1	3	NA	359593	0.45279349245745315	6.625536916880261	0.8342765292984012	1	70	1895	-1825	FALSE
med13a	1	1	120002	0.15110451171707814	6.617936080375673	0.833319444675922	1	564	1896	-1332	TRUE
gad1a	1	NA	120042	0.151154879048195	6.615730873504618	0.8330417687142833	1	564	1897	-1333	TRUE
ptprsb	1	NA	120084	0.1512077647458677	6.613416987419151	0.8327504080477	1	564	1898	-1334	TRUE
cdc37l1	1	NA	120218	0.15137649530510908	6.606045396839421	0.8318221896887321	1	564	1899	-1335	FALSE
LOC141376079	1	1	120337	0.15152633811518168	6.599512747677285	0.8309996094301836	1	564	1900	-1336	FALSE
mapk4	1	NA	120376	0.1515754462630206	6.5973746055463005	0.8307303781484682	1	564	1901	-1337	FALSE
chmp5b	1	NA	120412	0.15162077686102576	6.595402165209792	0.8304820117596252	1	564	1902	-1338	TRUE
stat6	1	NA	120475	0.1517001054075348	6.591953231103891	0.8300477277443453	1	564	1903	-1339	FALSE
LOC141376196	1	NA	120554	0.15179958088649056	6.587633471450482	0.8295037908323241	1	564	1904	-1340	FALSE
pkn1b	1	1	120597	0.15185372576744116	6.585284588482644	0.8292080234168346	1	564	1905	-1341	TRUE
chmp2bb	1	NA	120646	0.15191542574805927	6.5826099955012305	0.8288712431410904	1	564	1906	-1342	TRUE
LOC101885538	1	NA	120715	0.15200230939423584	6.578847413471743	0.8283974651037568	1	564	1907	-1343	FALSE
nova2	1	1	120772	0.15207408284107735	6.575742436303459	0.828006491570894	1	564	1908	-1344	FALSE
bnip2	1	NA	120941	0.152286884815046	6.566553654403729	0.8268494555196335	1	564	1909	-1345	FALSE
LOC137496842	4	3	484227	0.6097305411178614	6.560274957961794	0.8260588525629509	0.5966523173418556	28	1910	-1882	FALSE
LOC141376361	1	NA	121125	0.15251857453818346	6.556578456282694	0.825593395252838	1	564	1911	-1347	FALSE
LOC141381610	2	NA	242423	0.30525498778344723	6.551899494002149	0.8250042281466692	1	168	1912	-1744	FALSE
aplnra	1	1	121216	0.15263316021647427	6.551656262516841	0.824973600844773	1	564	1913	-1349	TRUE
si:ch211-262n1.5	1	NA	121483	0.15296936215167917	6.537256780926068	0.8231604422017895	1	564	1914	-1350	FALSE
sox14	1	NA	121665	0.15319853350826082	6.527477627232494	0.8219290675214729	1	564	1915	-1351	FALSE
pmfbp1	2	1	243718	0.306885630128355	6.517085857566871	0.8206205532623769	1	168	1916	-1748	FALSE
haus7	1	1	121957	0.15356621502541376	6.511848975599936	0.8199611338422559	1	564	1917	-1353	FALSE
cers2a	1	NA	122661	0.15445268005307014	6.474474898437494	0.8152550525431882	1	564	1918	-1354	TRUE
LOC141378742	2	1	245784	0.3094871027805398	6.462304832838926	0.8137226182338965	1	168	1919	-1751	FALSE
LOC137487358	1	NA	123401	0.1553844756787317	6.435649350631206	0.810366204487808	1	564	1920	-1356	FALSE
prickle3	1	1	123406	0.1553907715951213	6.435388599559515	0.8103333711488907	1	564	1921	-1357	FALSE
sall4	1	1	123762	0.1558390408420612	6.416877276686231	0.8080024563274673	1	564	1922	-1358	FALSE
asb13a.2	1	1	123810	0.1558994816394014	6.414389512294979	0.80768920119538	1	564	1923	-1359	FALSE
net1	1	NA	123810	0.1558994816394014	6.414389512294979	0.80768920119538	1	564	1923	-1359	FALSE
aatkb	1	1	123820	0.1559120734721806	6.413871470822495	0.8076239702794379	1	564	1925	-1361	TRUE
mab21l2	2	NA	247828	0.31206087340061034	6.4090059679878095	0.8070113142986265	1	168	1926	-1758	FALSE
ptch1	1	1	123997	0.15613494891237262	6.404715965041424	0.8064711243013943	1	564	1927	-1363	FALSE
si:dkey-89b17.4	1	1	124005	0.156145022378596	6.404302774220727	0.8064190960041934	1	564	1928	-1364	FALSE
zgc:158464	1	1	124075	0.15623316520805047	6.4006896273805465	0.8059641345960105	1	564	1929	-1365	FALSE
LOC141380265	2	NA	248165	0.31248521816526975	6.400302746295742	0.8059154191767574	1	168	1930	-1762	FALSE
polr3k	1	NA	124192	0.15638048965156723	6.394659603817004	0.8052048441123423	1	564	1931	-1367	FALSE
ccser1	1	1	124200	0.1563905631177906	6.394247709478594	0.8051529790660226	1	564	1932	-1368	FALSE
zic4	1	NA	124214	0.15640819168368147	6.393527022052599	0.8050622313104803	1	564	1933	-1369	FALSE
usp54a	1	1	124245	0.15644722636529704	6.391931792162593	0.8048613626302868	1	564	1934	-1370	TRUE
nfil3-2	1	NA	124306	0.1565240365452502	6.38879511461427	0.804466397438579	1	564	1935	-1371	FALSE
gna15.1	1	NA	124356	0.15658699570914628	6.386226362356793	0.8041429444498054	1	564	1936	-1372	FALSE
map3k20b	1	NA	124365	0.15659832835864756	6.385764206305965	0.8040847505327062	1	564	1937	-1373	TRUE
LOC141378830	3	3	373270	0.47001534214957885	6.382770371451561	0.8037077718541539	1	70	1938	-1868	FALSE
jag1b	1	1	124485	0.1567494303519981	6.379608511204092	0.8033096356990802	1	564	1939	-1375	TRUE
LOC141378607	1	1	124561	0.15684512828112007	6.375716038866431	0.8028195020913448	1	564	1940	-1376	FALSE
LOC141380509	2	NA	249927	0.3147038991009666	6.355180236767067	0.8002336682311234	1	168	1941	-1773	FALSE
dnah3	1	1	125633	0.1581949727550514	6.321313393115196	0.7959692119108833	1	564	1942	-1378	FALSE
hrh1	1	NA	125716	0.15829948496711885	6.31713994652424	0.7954436984950205	1	564	1943	-1379	FALSE
crfb15	1	NA	125746	0.1583372604654565	6.315632827423865	0.7952539245781178	1	564	1944	-1380	FALSE
cd276	1	NA	125815	0.15842414411163305	6.312169181077307	0.7948177880220959	1	564	1945	-1381	FALSE
paqr3a	3	2	377482	0.47531902211618215	6.311550475391474	0.7947398816367403	1	70	1946	-1876	TRUE
LOC100330771	1	1	126004	0.1586621297511601	6.302701227875635	0.7936255991873273	1	564	1947	-1383	FALSE
dclk1b	1	NA	126102	0.15878552971239637	6.29780309207817	0.793008834118412	1	564	1948	-1384	TRUE
lhx2b	1	1	126270	0.15899707250308712	6.289423976536321	0.7919537499010059	1	564	1949	-1385	TRUE
LOC141380011	6	NA	758065	0.9545427715771976	6.285731953201174	0.7914888564964745	0.1407605741346352	6	1950	-1944	FALSE
si:dkey-122a22.2	3	NA	379929	0.4784002435972549	6.270899816944019	0.7896212187013889	1	70	1951	-1881	FALSE
LOC141378153	1	NA	126663	0.15949193153131005	6.269909646204822	0.7894965380576807	1	564	1952	-1388	FALSE
zfhx3b	4	6	506965	0.6383618504912296	6.266038606351454	0.789009103192528	0.6870256710311825	28	1953	-1925	TRUE
fcho1	1	NA	126778	0.159636737608271	6.264222227178543	0.7887803877644387	1	564	1954	-1390	FALSE
tmem114	4	NA	507609	0.6391727645222106	6.258088926849141	0.7880080928431136	0.6878008761662673	28	1955	-1927	FALSE
gnat1	1	1	126947	0.15984953958223966	6.255882892208884	0.787730312650161	1	564	1956	-1392	FALSE
pcbp4	2	2	254756	0.3207844951500472	6.234715300265677	0.7850649248692867	1	168	1957	-1789	FALSE
ppil4	1	1	127552	0.16061134546538186	6.226210216360711	0.7839939789262419	1	564	1958	-1394	FALSE
LOC141380330	2	NA	255550	0.32178428667271647	6.215343889784711	0.782625709254549	1	168	1959	-1791	FALSE
fscn1a	1	1	128046	0.16123338200467482	6.202189568727188	0.7809693391437452	1	564	1960	-1396	TRUE
LOC141377986	1	1	128148	0.16136181869902277	6.197252906929811	0.7803477229453445	1	564	1961	-1397	FALSE
or40a1	3	NA	384805	0.4845400212603978	6.191439031591909	0.779615649484804	1	70	1962	-1892	FALSE
trim71	1	1	128382	0.16165646758605628	6.185957264392528	0.7789253945257123	1	564	1963	-1399	FALSE
LOC141376496	1	1	128599	0.16192971035736514	6.175518981619153	0.7776110234138679	1	564	1964	-1400	FALSE
lamc1	1	1	128690	0.16204429603565598	6.171152113740316	0.777061154712876	1	564	1965	-1401	FALSE
LOC141378829	2	NA	257618	0.3243882776914571	6.1654509041855885	0.776343267939352	1	168	1966	-1798	FALSE
LOC141377775	2	1	257826	0.3246501878132647	6.16047695358297	0.7757169563969498	1	168	1967	-1799	FALSE
tbx15	2	NA	257842	0.3246703347457115	6.160094674391614	0.7756688204404247	1	168	1968	-1800	FALSE
draxina	1	NA	128947	0.16236790613808166	6.15885259461051	0.7755124198314036	1	564	1969	-1405	TRUE
hnrnpabb	1	1	129474	0.16303149572554604	6.133784122814167	0.7723558397825045	1	564	1970	-1406	TRUE
trim8a	1	1	129747	0.16337525276041848	6.120878058970469	0.7707307298049281	1	564	1971	-1407	TRUE
tnrc6a	1	1	129896	0.16356287106882872	6.113856974173503	0.7698466465480077	1	564	1972	-1408	TRUE
si:ch211-171b20.3	2	NA	260106	0.3275211256869246	6.106476325169289	0.7689172875673764	1	168	1973	-1805	FALSE
cbsb	1	NA	130135	0.16386381587225185	6.1026285435681515	0.7684327813424521	1	564	1974	-1410	TRUE
LOC141378588	1	NA	130428	0.16423275657268271	6.0889192927687406	0.7667065354065078	1	564	1975	-1411	FALSE
LOC141384501	1	NA	130433	0.1642390524890723	6.088685881005891	0.7666771445876427	1	564	1976	-1412	FALSE
zfpm2a	4	4	522888	0.6584118258255659	6.07522502346385	0.7649821759153012	0.7455957413912452	28	1977	-1949	TRUE
LOC141379483	3	NA	392910	0.49474570172794774	6.063721199642981	0.7635336336565626	1	70	1978	-1908	FALSE
klc4	1	NA	131085	0.16506003998627683	6.058401537302066	0.7628637906701758	1	564	1979	-1415	FALSE
adcy7	1	1	131113	0.1650952971180586	6.0571077278167795	0.762700876343307	1	564	1980	-1416	FALSE
jtb	1	NA	131756	0.16590495196576183	6.0275476298403206	0.7589787182367406	1	564	1981	-1417	TRUE
auts2b	1	NA	131995	0.16620589676918493	6.01663370216479	0.7576044547141938	1	564	1982	-1418	TRUE
si:ch211-202e12.3	1	NA	132241	0.1665156558555535	6.0054413193884	0.7561951285909816	1	564	1983	-1419	FALSE
anxa6	1	NA	132324	0.16662016806762095	6.0016744167138345	0.7557208065052448	1	564	1984	-1420	FALSE
ppic	1	NA	132508	0.16685185779075842	5.993340519193116	0.7546714160654451	1	564	1985	-1421	FALSE
acss3	2	2	266106	0.33507622535445075	5.968791124719032	0.7515801973649598	1	168	1986	-1818	FALSE
eif4h	1	1	133208	0.16773328608530313	5.961845876503223	0.7507056633235242	1	564	1987	-1423	FALSE
stx1b	1	NA	133272	0.16781387381509008	5.958982873501121	0.7503451587730356	1	564	1988	-1424	TRUE
hpda	2	2	266929	0.33611253319217976	5.950388047137938	0.7492629126097201	1	168	1989	-1821	TRUE
scfd2	1	1	133692	0.1683427307918169	5.940262435428009	0.7479879125153337	1	564	1990	-1426	FALSE
zfp36l2	1	1	133858	0.1685517552159518	5.932895796420396	0.747060317650047	1	564	1991	-1427	FALSE
LOC141378415	1	NA	133879	0.16857819806478813	5.931965173905104	0.7469431352191158	1	564	1992	-1428	FALSE
LOC137488628	1	NA	133979	0.16870411639258026	5.927537640355887	0.7463856275983549	1	564	1993	-1429	FALSE
LOC100003704	2	1	267974	0.3374283797176072	5.927183723176438	0.7463410629389419	1	168	1994	-1826	FALSE
spata17	2	1	268284	0.33781872653376277	5.920334910149254	0.7454786718551982	1	168	1995	-1827	FALSE
cyp19a1a	1	1	134197	0.16897861834716701	5.917908489140901	0.7451731409793065	1	564	1996	-1432	TRUE
LOC141378763	1	NA	134197	0.16897861834716701	5.917908489140901	0.7451731409793065	1	564	1996	-1432	FALSE
shisa6	1	NA	134210	0.16899498772978	5.917335262031454	0.7451009611802398	1	564	1998	-1434	FALSE
LOC137487812	2	NA	268546	0.33814863255257804	5.914558887618817	0.744751364756876	1	168	1999	-1831	FALSE
LOC141376285	1	NA	134396	0.1692291958194733	5.9091458489630755	0.7440697639810708	1	564	2000	-1436	FALSE
LOC141375619	1	NA	134489	0.16934629986431995	5.905059636975823	0.743555235000632	1	564	2001	-1437	FALSE
LOC141380176	1	NA	134692	0.16960191406973793	5.896159872280769	0.7424345915124878	1	564	2002	-1438	FALSE
atp8a2	1	1	134706	0.16961954263562884	5.895547084148006	0.7423574302555195	1	564	2003	-1439	FALSE
myo1f	1	1	135006	0.16999729761900514	5.8824464506558325	0.7407078203931677	1	564	2004	-1440	FALSE
si:ch211-168k14.2	1	1	135121	0.17014210369596605	5.87743996504793	0.7400774120973054	1	564	2005	-1441	FALSE
LOC137488488	2	NA	270397	0.34047938080000983	5.874070833013986	0.7396531766254804	1	168	2006	-1838	FALSE
camsap1a	1	NA	135285	0.1703486097535451	5.870315005486502	0.7391802491037439	1	564	2007	-1443	TRUE
foxg1a	1	1	135415	0.1705123035796748	5.864679433720352	0.7384706273307979	1	564	2008	-1444	TRUE
rbm26	2	NA	271691	0.34210876396163964	5.84609402238014	0.7361303834135102	1	168	2009	-1841	FALSE
alg12	1	1	135859	0.17107138095507177	5.8455131093062755	0.7360572358106566	1	564	2010	-1446	FALSE
LOC108191699	1	NA	135907	0.17113182175241196	5.843448575255443	0.7357972731353057	1	564	2011	-1447	FALSE
sox6	3	3	408219	0.5140225385296405	5.836319957061588	0.7348996494528672	1	70	2012	-1942	FALSE
LOC141376253	1	NA	136081	0.17135091964277024	5.835976848474374	0.7348564457933142	1	564	2013	-1449	FALSE
LOC137490448	1	NA	136167	0.17145920940467144	5.832290977382489	0.7343923270689668	1	564	2014	-1450	FALSE
trim66	1	NA	136311	0.17164053179669206	5.8261296998572485	0.7336165093059254	1	564	2015	-1451	FALSE
fignl2	1	1	136696	0.17212531735869166	5.809720588146261	0.7315503013987242	1	564	2016	-1452	FALSE
gtf3c4	1	NA	136858	0.17232930504971486	5.80284357156499	0.7306843589706119	1	564	2017	-1453	FALSE
mkln1	1	1	136871	0.17234567443232784	5.802292417803927	0.7306149586106625	1	564	2018	-1454	FALSE
lysmd2	1	1	136940	0.17243255807850438	5.79936881493531	0.7302468234263181	1	564	2019	-1455	FALSE
LOC141385602	2	NA	274042	0.34506910384803197	5.795940516543022	0.7298151378255888	1	168	2020	-1852	FALSE
nrarpa	1	NA	137063	0.17258743762168866	5.794164475585982	0.729591501718188	1	564	2021	-1457	TRUE
LOC141376616	2	NA	274328	0.34542923026551736	5.789897972625772	0.7290542707999184	1	168	2022	-1854	FALSE
atg9a	1	1	137304	0.17289090079166763	5.7839943884900755	0.7283109013575715	1	564	2023	-1459	TRUE
ube2ql1	1	1	137334	0.17292867629000527	5.7827309007036956	0.7281518050883248	1	564	2024	-1460	FALSE
LOC100330978	1	NA	137538	0.17318554967870115	5.774153801256681	0.72707179106865	1	564	2025	-1461	FALSE
gatad2b	1	1	137771	0.17347893938245673	5.764388481735935	0.7258421583642422	1	564	2026	-1462	TRUE
si:dkey-24p1.6	1	NA	137838	0.17356330466207745	5.761586540121312	0.7254893425615578	1	564	2027	-1463	FALSE
ccnd2a	2	2	276048	0.34759502550354154	5.753822273787467	0.7245116791282676	1	168	2028	-1860	TRUE
LOC101886560	1	NA	138123	0.17392217189628495	5.7496982075196845	0.7239923836001245	1	564	2029	-1465	FALSE
ssr3	1	1	138324	0.17417526773514708	5.741343263043588	0.7229403429628987	1	564	2030	-1466	FALSE
eif4ebp1	1	NA	138639	0.1745719104676922	5.7282984262526515	0.721297758927863	1	564	2031	-1467	FALSE
cyp7a1	2	2	277347	0.34923070458156097	5.726873306848398	0.7211183102755754	1	168	2032	-1864	FALSE
spopla	1	1	138713	0.17466509003025835	5.72524251885001	0.7209129641778348	1	564	2033	-1469	TRUE
cacng1b	1	1	139006	0.17503403073068918	5.713174722797875	0.7193934074788139	1	564	2034	-1470	TRUE
bambia	2	1	278101	0.3501801287731134	5.71134634911231	0.7191631817217485	1	168	2035	-1867	TRUE
tigara	2	NA	278244	0.3503601919818561	5.708411074576569	0.7187935768605972	1	168	2036	-1868	TRUE
LOC137495971	1	NA	139936	0.17620507117915576	5.675205561951473	0.7146123942373657	1	564	2037	-1473	FALSE
erf	1	1	140015	0.17630454665811152	5.672003467608766	0.7142091918722994	1	564	2038	-1474	FALSE
kcnq4	1	1	140194	0.17652994046485937	5.664761441411483	0.7132972880437108	1	564	2039	-1475	FALSE
LOC141385665	1	NA	140355	0.17673266897260467	5.658263442821712	0.7124790709272915	1	564	2040	-1476	FALSE
adarb2	1	NA	140534	0.17695806277935253	5.651056438422313	0.7115715769849289	1	564	2041	-1477	FALSE
nr1d2a	1	NA	140721	0.17719353005232377	5.6435469156504094	0.7106259904349741	1	564	2042	-1478	TRUE
ank1b	1	1	140800	0.17729300553127952	5.640380436912225	0.7102272727272728	1	564	2043	-1479	TRUE
stau2	2	NA	281849	0.35489954769876136	5.6353974327901915	0.709599821180845	1	168	2044	-1876	FALSE
mn1a	1	1	141007	0.17755365646980917	5.63210028946961	0.7091846504074266	1	564	2045	-1481	TRUE
glg1b	1	NA	141040	0.17759520951798055	5.630782512175563	0.7090187180941576	1	564	2046	-1482	TRUE
LOC141377100	1	NA	141268	0.17788230330534655	5.621694690356212	0.7078743947673926	1	564	2047	-1483	FALSE
crlf2	2	1	282828	0.35613228812784603	5.615890686334036	0.7071435642864214	1	168	2048	-1880	FALSE
esrrb	2	1	283794	0.35734865917431774	5.596774882606689	0.7047365342466718	1	168	2049	-1881	TRUE
dhx9	1	1	142397	0.17930392122611938	5.577122871389435	0.7022619858564436	1	564	2050	-1486	FALSE
LOC141377756	1	NA	142420	0.17933288244151155	5.576222198548248	0.7021485746383935	1	564	2051	-1487	FALSE
rbfox1	4	4	569717	0.7173781195473293	5.575860053445774	0.7021029739326718	0.9284270465896388	28	2052	-2024	FALSE
cbln1	1	NA	142554	0.17950161300075299	5.570980579410198	0.7014885587216072	1	564	2053	-1489	FALSE
LOC141375525	1	NA	142569	0.1795205007499218	5.570394444214671	0.7014147535579264	1	564	2054	-1490	FALSE
LOC141384475	1	NA	143203	0.18031882294812374	5.545732739657978	0.6983093929596448	1	564	2055	-1491	FALSE
hsd17b3	1	NA	143375	0.18053540247192615	5.5390797943661125	0.6974716652136007	1	564	2056	-1492	FALSE
map3k9	1	1	143568	0.1807784248445649	5.531633550075513	0.696534046584197	1	564	2057	-1493	FALSE
trhra	1	NA	144151	0.18151252869559284	5.509261576522129	0.6937170050849456	1	564	2058	-1494	TRUE
LOC141379868	1	NA	144232	0.18161452254110447	5.506167601622673	0.6933274169393754	1	564	2059	-1495	FALSE
LOC101886174	2	NA	288881	0.36375412450910194	5.49821944341955	0.692326598149411	1	168	2060	-1892	FALSE
gp9	1	NA	144542	0.18200486935725996	5.494358494536131	0.6918404339223202	1	564	2061	-1497	FALSE
LOC108179657	1	NA	144617	0.18209930810310404	5.491509058528675	0.6914816377051107	1	564	2062	-1498	FALSE
sfxn5a	1	NA	144822	0.18235744067507786	5.4837356583753945	0.6905028241565507	1	564	2063	-1499	TRUE
barhl2	3	2	435366	0.5482055869753625	5.4723995363710625	0.6890753986301181	1	70	2064	-1994	FALSE
LOC141381255	1	NA	145230	0.18287118745246964	5.4683299973644655	0.6885629690835228	1	564	2065	-1501	FALSE
inpp4ab	1	NA	145617	0.18335849138102506	5.453797053347078	0.6867330050749569	1	564	2066	-1502	TRUE
LOC141386154	1	1	145711	0.18347685460914964	5.450278740227171	0.6862899849702494	1	564	2067	-1503	FALSE
sall3a	1	1	146299	0.18421725437656722	5.428373163980897	0.6835316714399962	1	564	2068	-1504	TRUE
LOC141381630	2	NA	292825	0.3687203433572225	5.4241650509160175	0.6830017928797063	1	168	2069	-1901	FALSE
abcg5	1	NA	146823	0.18487706641419782	5.408999717464167	0.6810921994510397	1	564	2070	-1506	FALSE
LOC141378376	2	NA	294297	0.3705738611423222	5.397034733736609	0.6795855887080059	1	168	2071	-1903	FALSE
chrnd	1	NA	147152	0.1852913377126338	5.39690636564397	0.6795694248124389	1	564	2072	-1508	FALSE
npr1a	2	NA	294546	0.37088739777852453	5.3924722489338945	0.6790110882510711	1	168	2073	-1905	TRUE
LOC141385723	2	NA	294799	0.37120597114783854	5.387844365260679	0.6784283528777235	1	168	2074	-1906	FALSE
asz1	1	NA	147411	0.18561746618161537	5.387424042420453	0.6783754265285494	1	564	2075	-1511	FALSE
ttc23	1	NA	147411	0.18561746618161537	5.387424042420453	0.6783754265285494	1	564	2075	-1511	FALSE
LOC141385755	1	NA	147507	0.1857383477762958	5.383917817576395	0.6779339285593226	1	564	2077	-1513	FALSE
scml2	1	NA	147536	0.18577486409135552	5.382859542872528	0.677800672378267	1	564	2078	-1514	FALSE
abcg2b	1	NA	147577	0.18582649060575027	5.381364071076397	0.6776123650704378	1	564	2079	-1515	TRUE
LOC141375606	1	NA	147884	0.186213059872072	5.370192620684059	0.6762056747180223	1	564	2080	-1516	FALSE
cdkn2c	1	NA	147884	0.186213059872072	5.370192620684059	0.6762056747180223	1	564	2080	-1516	FALSE
focad	1	NA	148106	0.1864925985597705	5.362143096952462	0.6751920921502167	1	564	2082	-1518	FALSE
ppp2r3b	1	NA	148431	0.1869018331250948	5.350402311627904	0.6737137120951823	1	564	2083	-1519	TRUE
LOC101882644	1	NA	148455	0.1869320535237649	5.349537338029985	0.673604796066148	1	564	2084	-1520	FALSE
tomm20a	1	NA	148566	0.18707182286761415	5.345540470344772	0.6731015171708197	1	564	2085	-1521	TRUE
arid4b	1	1	148566	0.18707182286761415	5.345540470344772	0.6731015171708197	1	564	2085	-1521	TRUE
tpd52	1	NA	148715	0.1872594411760244	5.340184685588148	0.6724271257102512	1	564	2087	-1523	FALSE
wu:fj16a03	1	NA	148861	0.18744328193460086	5.334947135362797	0.6717676221441479	1	564	2088	-1524	FALSE
usp34	1	1	149349	0.1880577633742263	5.3175151190650185	0.6695726118018869	1	564	2089	-1525	FALSE
LOC141377774	2	NA	299786	0.37748551815483067	5.298216497883433	0.6671425616940083	1	168	2090	-1922	FALSE
LOC141386204	3	2	450540	0.567312434034536	5.288091393775745	0.6658676255160474	1	70	2091	-2021	FALSE
LOC141381271	2	1	300517	0.37840598113099094	5.285328720286982	0.6655197542901067	1	168	2092	-1924	FALSE
LOC141375396	2	2	300772	0.3787270728668608	5.280847721977055	0.6649555144760816	1	168	2093	-1925	FALSE
notch1a	1	1	150531	0.18954611800872895	5.275760909827487	0.6643149915964154	1	564	2094	-1530	TRUE
sned1	1	1	150690	0.18974632814991838	5.2701942100818995	0.6636140420731304	1	564	2095	-1531	FALSE
spice1	1	NA	150795	0.1898785423941001	5.266524523473865	0.6631519612719255	1	564	2096	-1532	FALSE
LOC141381611	1	NA	151239	0.19043761976949702	5.2510633204215935	0.6612051124379295	1	564	2097	-1533	FALSE
galnt5	1	1	151312	0.1905295401487853	5.248529961386019	0.6608861161044729	1	564	2098	-1534	FALSE
LOC137496239	4	NA	605321	0.7622100809744293	5.247897003522041	0.6608064151086779	0.9540864370801186	28	2099	-2071	FALSE
csmd3b	1	1	151659	0.19096647674622386	5.236521179206255	0.6593739903335772	1	564	2100	-1536	TRUE
irx5a	3	1	455133	0.5730958628300273	5.234726325165883	0.6591479853141828	1	70	2101	-2031	TRUE
pou4f4	2	1	304933	0.38396653448629015	5.208787277974122	0.6558817838672758	1	168	2102	-1934	FALSE
LOC141376045	1	NA	152525	0.19205692946490346	5.206789480526087	0.655630224553352	1	564	2103	-1539	FALSE
nbeab	1	2	152642	0.19220425390842022	5.202798479561598	0.6551276843856867	1	564	2104	-1540	TRUE
slc2a2	1	NA	152974	0.19262230275669	5.1915068280704	0.653705858511904	1	564	2105	-1541	FALSE
LOC141381101	1	NA	153070	0.19274318435137044	5.188250901660948	0.6532958777030117	1	564	2106	-1542	FALSE
sp3a	1	NA	153520	0.1933098168264349	5.173043027079477	0.651380927566441	1	564	2107	-1543	TRUE
LOC141381214	1	1	153776	0.19363216774558267	5.164431156469418	0.6502965352200604	1	564	2108	-1544	FALSE
znf1014	1	NA	153913	0.19380467585465785	5.15983422789005	0.6497176976603666	1	564	2109	-1545	FALSE
cavin2b	1	1	153972	0.19387896766805518	5.157857048796154	0.6494687345751176	1	564	2110	-1546	TRUE
kat5b	1	1	154316	0.19431212671566	5.146359194880903	0.6480209440369112	1	564	2111	-1547	TRUE
LOC141376823	2	NA	308657	0.38865573301326806	5.145942360077635	0.6479684568955183	1	168	2112	-1944	FALSE
LOC137496308	1	1	154586	0.1946521062006987	5.137370560835013	0.6468891102687178	1	564	2113	-1549	FALSE
irf2bpl	1	1	154609	0.19468106741609087	5.136606313456793	0.6467928775168328	1	564	2114	-1550	FALSE
LOC141378130	2	NA	309316	0.389485534793418	5.134978892247678	0.6465879553595676	1	168	2115	-1947	FALSE
LOC108191636	1	NA	154740	0.19484602042549853	5.132257758286425	0.6462453147214682	1	564	2116	-1552	FALSE
slc25a21	2	NA	310066	0.39042992225185874	5.12255820062336	0.6450239626402121	1	168	2117	-1949	FALSE
krt8	1	1	155549	0.19586469969733664	5.1055652271454095	0.642884235835653	1	564	2118	-1554	FALSE
LOC141380510	2	NA	311408	0.39211974621082873	5.100482746218732	0.6422442583363305	1	168	2119	-1951	FALSE
cdkl5	1	1	155914	0.1963243015937778	5.093612924543282	0.641379221878728	1	564	2120	-1556	FALSE
kif5bb	1	NA	155955	0.19637592810817256	5.092273832305738	0.641210605623417	1	564	2121	-1557	TRUE
LOC137490334	1	NA	156138	0.1966063586480321	5.086305483080617	0.6404590810693105	1	564	2122	-1558	FALSE
sinhcafl	1	1	156168	0.19664413414636975	5.085328399654483	0.6403360483581784	1	564	2123	-1559	FALSE
brd9	1	NA	156372	0.19690100753506562	5.078694174898584	0.6395006778707185	1	564	2124	-1560	FALSE
LOC141376362	1	NA	156813	0.1974563073606288	5.064411531679397	0.6377022313201074	1	564	2125	-1561	FALSE
LOC137487877	1	NA	156860	0.1975154889746911	5.062894080818828	0.6375111564452378	1	564	2126	-1562	FALSE
LOC101883798	1	NA	157403	0.1981992254946022	5.045428394104569	0.6353119063804374	1	564	2127	-1563	FALSE
nr2f2	3	3	473951	0.5967911737539451	5.026883995501062	0.6329768267183739	1	70	2128	-2058	FALSE
LOC101882447	1	NA	157989	0.19893710689546393	5.026714299838858	0.6329554589243555	1	564	2129	-1565	FALSE
mboat1	1	1	158018	0.19897362321052364	5.025791780159484	0.6328392967889734	1	564	2130	-1566	FALSE
LOC100330575	1	NA	158168	0.19916250070221178	5.021025526764209	0.6322391381316069	1	564	2131	-1567	FALSE
LOC137487986	1	NA	158169	0.1991637598854897	5.0209937820763955	0.6322351408936011	1	564	2132	-1568	FALSE
LOC141376600	1	NA	158320	0.19935389656045577	5.016204936314057	0.6316321374431532	1	564	2133	-1569	FALSE
vps4b	1	1	158348	0.19938915369223756	5.015317942236349	0.6315204486321268	1	564	2134	-1570	TRUE
LOC101886722	2	NA	316844	0.39896466650960744	5.012975252914629	0.6312254611101994	1	168	2135	-1967	FALSE
pex7	1	NA	158729	0.19986890252112546	5.003279586699604	0.6300045990335729	1	564	2136	-1572	FALSE
LOC141376257	1	1	158850	0.20002126369775391	4.999468464068249	0.6295247088448221	1	564	2137	-1573	FALSE
LOC110439863	3	1	477949	0.6018253884990732	4.984834567185462	0.6276820330202595	1	70	2138	-2068	FALSE
LOC137496701	1	1	159653	0.2010323878699245	4.974322847157532	0.6263584148121238	1	564	2139	-1575	FALSE
sipa1	1	1	159774	0.20118474904655292	4.9705556944011	0.6258840612364965	1	564	2140	-1576	FALSE
sin3b	1	1	160424	0.2020032181772016	4.950416181601515	0.623348127462225	1	564	2141	-1577	TRUE
map2k7	1	1	161104	0.20285946280618788	4.929521088968873	0.6207170523388619	1	564	2142	-1578	FALSE
LOC101884949	1	NA	161229	0.203016860715928	4.925699257064433	0.6202358136563522	1	564	2143	-1579	FALSE
calca	2	1	323899	0.4078482045353402	4.903785226365264	0.6174764355555281	1	168	2144	-1976	TRUE
LOC141386123	1	1	162010	0.20400028285598434	4.901953987514606	0.6172458490216652	1	564	2145	-1581	FALSE
slc4a1ap	1	1	162031	0.20402672570482067	4.901318670607732	0.6171658509791337	1	564	2146	-1582	FALSE
pmp22b	1	NA	162389	0.2044775133183164	4.890513307657793	0.6158052577452906	1	564	2147	-1583	TRUE
lrrtm2	3	1	487456	0.6137964439222684	4.887613849356094	0.6154401628044378	1	70	2148	-2078	FALSE
star2	1	NA	162547	0.2046764642762279	4.885759598868274	0.6152066786837038	1	564	2149	-1585	FALSE
fibina	1	1	162732	0.2049094131826433	4.880205279338061	0.6145072880564363	1	564	2150	-1586	TRUE
mmd	1	NA	162802	0.20499755601209776	4.878106936752874	0.6142430682669746	1	564	2151	-1587	FALSE
LOC137496198	1	NA	162991	0.20523554165162486	4.872450414545842	0.6135308084495463	1	564	2152	-1588	FALSE
LOC137489336	1	NA	163094	0.20536523752925073	4.869373278705785	0.6131433406501772	1	564	2153	-1589	FALSE
si:dkey-90a24.1	1	NA	163100	0.20537279262891825	4.86919414786782	0.6131207847946045	1	564	2154	-1590	FALSE
LOC141386398	2	1	326238	0.4107934342223975	4.8686269871519645	0.6130493688656747	1	168	2155	-1987	FALSE
mir-455-1	1	NA	163151	0.20543701097609224	4.867672067699501	0.6129291270050444	1	564	2156	-1592	FALSE
tbc1d2b	1	1	164037	0.20655264736033024	4.841380697752588	0.6096185616659656	1	564	2157	-1593	TRUE
alkbh7	1	NA	164060	0.20658160857572241	4.840701971944663	0.6095330976472022	1	564	2158	-1594	FALSE
LOC141375398	1	NA	164611	0.2072754185618569	4.824498760819394	0.6074928163974461	1	564	2159	-1595	FALSE
psmc5	1	1	164893	0.20763050824623064	4.816247903290263	0.606453882214527	1	564	2160	-1596	FALSE
slc39a4	1	NA	164944	0.20769472659340463	4.81475873943424	0.6062663691919682	1	564	2161	-1597	FALSE
LOC141375517	1	NA	165372	0.2082336570363548	4.802297641180136	0.6046972885373582	1	564	2162	-1598	FALSE
smarcb1b	1	1	165673	0.20861267120300903	4.793572673382153	0.6035986551821962	1	564	2163	-1599	TRUE
LOC137488780	1	1	166229	0.20931277710553312	4.777539211071723	0.6015797484193492	1	564	2164	-1600	FALSE
LOC141385639	1	NA	166244	0.20933166485470195	4.7771081393448265	0.6015254685883401	1	564	2165	-1601	FALSE
bach2b	1	NA	166347	0.2094613607323278	4.77415021321239	0.601153011476011	1	564	2166	-1602	TRUE
LOC141381189	1	NA	166409	0.2095394300955589	4.772371479410618	0.6009290362901045	1	564	2167	-1603	FALSE
cicb	1	1	166726	0.20993859119465985	4.7632976591367955	0.5997864760145388	1	564	2168	-1604	TRUE
myog	1	1	166761	0.2099826626093871	4.762297932473668	0.5996605921048687	1	564	2169	-1605	FALSE
ncapd2	1	1	167001	0.21028486659608814	4.755453952474784	0.5987988095879665	1	564	2170	-1606	FALSE
ctnnd2b	1	1	167176	0.21050522366972432	4.750475938634979	0.5981719864095325	1	564	2171	-1607	TRUE
rgs17	1	1	167407	0.2107960950069241	4.743920896481278	0.5973465864629317	1	564	2172	-1608	FALSE
LOC137487787	1	NA	167454	0.21085527662098635	4.742589400774191	0.5971789267500329	1	564	2173	-1609	FALSE
camk2d1	1	1	168013	0.21155916007334422	4.726810220145116	0.5951920387112902	1	564	2174	-1610	FALSE
LOC141380977	1	1	168147	0.21172789063258562	4.723043322314649	0.5947177172355141	1	564	2175	-1611	FALSE
cnot8	1	1	168320	0.21194572933966596	4.718188958633801	0.594106463878327	1	564	2176	-1612	FALSE
mir-99-2	1	NA	168811	0.2125639883291252	4.70446573693208	0.5923784587497261	1	564	2177	-1613	FALSE
LOC141378425	1	1	169086	0.21291026373055344	4.696814434768352	0.5914150195758371	1	564	2178	-1614	FALSE
cacng2a	1	NA	169212	0.21306892082357154	4.693317055038894	0.5909746353686499	1	564	2179	-1615	TRUE
anapc4	1	NA	169818	0.21383198588999164	4.67656882967201	0.5888657268369666	1	564	2180	-1616	FALSE
si:ch211-191d2.2	1	NA	169818	0.21383198588999164	4.67656882967201	0.5888657268369666	1	564	2180	-1616	FALSE
fip1l1a	1	NA	170363	0.21451824077645862	4.661608245436165	0.5869819150871962	1	564	2182	-1618	TRUE
LOC141386157	1	NA	170962	0.21527249155993328	4.645275356612823	0.5849253050385466	1	564	2183	-1619	FALSE
nr2f1a	2	NA	341925	0.43054624230314453	4.64526177095703	0.5849235943554874	1	168	2184	-2016	TRUE
bmp2b	1	1	171174	0.21553943841485254	4.639522155918781	0.5842008716277004	1	564	2185	-1621	TRUE
zic3	1	1	171181	0.21554825269779804	4.639332434775128	0.5841769822585451	1	564	2186	-1622	FALSE
ppp1r9ba	1	1	171326	0.21573083427309653	4.635405983430661	0.5836825700710926	1	564	2187	-1623	TRUE
LOC141375017	1	1	171804	0.21633272387994282	4.6225091704339905	0.5820586249447044	1	564	2188	-1624	FALSE
gramd2aa	1	NA	172011	0.21659337481847246	4.616946390156683	0.581358168954311	1	564	2189	-1625	TRUE
LOC141376177	1	NA	172176	0.2168011400593294	4.612521870163329	0.5808010407954651	1	564	2190	-1626	FALSE
LOC141375399	1	NA	172272	0.21692202165400984	4.609951504116986	0.5804773846010959	1	564	2191	-1627	FALSE
LOC141386309	1	1	173082	0.21794196010912587	4.588377563913298	0.5777608301267607	1	564	2192	-1628	FALSE
LOC141377875	1	NA	173529	0.21850481503435656	4.576558186339121	0.576272553867077	1	564	2193	-1629	FALSE
LOC141386128	1	1	173556	0.21853881298286043	4.575846214001483	0.5761829035008873	1	564	2194	-1630	FALSE
LOC137489241	2	2	348401	0.438700713210961	4.55891668231286	0.5740511651803525	1	168	2195	-2027	FALSE
si:dkey-245m3.1	1	NA	174379	0.2195751208205894	4.554250027338393	0.5734635477895847	1	564	2196	-1632	FALSE
celf6	1	NA	174776	0.22007501658192408	4.543905144397637	0.5721609374284798	1	564	2197	-1633	FALSE
pou2f2a	1	NA	174868	0.22019086144349279	4.54151454535559	0.571859917194684	1	564	2198	-1634	TRUE
LOC141380521	1	NA	174954	0.220299151205394	4.539282128543739	0.5715788150028007	1	564	2199	-1635	FALSE
grik2	1	1	175217	0.22063031640748726	4.532468684643849	0.5707208775404213	1	564	2200	-1636	FALSE
mtmr11	1	NA	175300	0.22073482861955465	4.530322678364184	0.5704506560182545	1	564	2201	-1637	FALSE
LOC141376499	1	NA	175450	0.22092370611124285	4.5264495042305	0.5699629524080935	1	564	2202	-1638	FALSE
cacnb4b	1	NA	175601	0.2211138427862089	4.522557192255405	0.5694728389929442	1	564	2203	-1639	TRUE
lmo1	1	NA	175884	0.22147019165386056	4.515280329747114	0.5685565486343271	1	564	2204	-1640	FALSE
lhx5	1	NA	175938	0.2215381875508683	4.513894471445858	0.5683820436744762	1	564	2205	-1641	FALSE
LOC141376025	1	NA	176118	0.22176484054089407	4.5092810815319355	0.5678011333310622	1	564	2206	-1642	FALSE
LOC141380749	1	NA	176446	0.2221778526560522	4.500898663144765	0.566745633224896	1	564	2207	-1643	FALSE
dpf1	1	NA	176669	0.22245865052702854	4.4952174151506	0.5660302599776984	1	564	2208	-1644	FALSE
LOC101886393	3	1	531124	0.6687824593025234	4.4857635816715575	0.5648398490747923	1	70	2209	-2139	FALSE
hoxb1a	1	NA	177622	0.2236586521908873	4.4710991066266645	0.5629933228991905	1	564	2210	-1646	TRUE
arhgap23a	1	1	177726	0.2237896072517911	4.4684827516358965	0.5626638758538424	1	564	2211	-1647	TRUE
si:ch211-120j21.2	1	1	177729	0.22379338480162486	4.4684073252943595	0.5626543782950447	1	564	2212	-1648	FALSE
cux2b	2	1	355932	0.44818362247698423	4.4624566800245065	0.5619050829933807	1	168	2213	-2045	TRUE
LOC110439827	2	NA	355971	0.4482327306248231	4.4619677755617255	0.5618435209609771	1	168	2214	-2046	FALSE
mbip	1	NA	178054	0.22420261936694916	4.46025119074686	0.561627371471576	1	564	2215	-1651	FALSE
polr1g	1	NA	178596	0.2248850967035824	4.4467152988714265	0.5599229546014468	1	564	2216	-1652	FALSE
LOC141377000	2	NA	357745	0.4504665217598551	4.43984159396912	0.5590574291744119	1	168	2217	-2049	FALSE
LOC137495536	1	NA	179008	0.2254038802140858	4.436480858493707	0.5586342509831963	1	564	2218	-1654	FALSE
itcha	1	NA	179298	0.2257690433646829	4.429305209858679	0.5577307053062499	1	564	2219	-1655	TRUE
opn4a	1	NA	179332	0.22581185559613223	4.428465446865263	0.5576249637543773	1	564	2220	-1656	TRUE
si:ch211-1e14.1	1	NA	179341	0.22582318824563355	4.428243209958913	0.557596980054756	1	564	2221	-1657	FALSE
lpar6a	1	1	180085	0.22676002060440675	4.409948443886172	0.5552933337035288	1	564	2222	-1658	TRUE
raver2	1	1	180431	0.22719569801856743	4.401491791971676	0.5542284862357355	1	564	2223	-1659	FALSE
LOC137489204	1	NA	180893	0.22777744069296696	4.390250399502697	0.5528129888939871	1	564	2224	-1660	FALSE
LOC141375932	1	NA	181023	0.22794113451909664	4.387097581618034	0.5524159913381173	1	564	2225	-1661	FALSE
ube2e2	1	1	181278	0.22826222625496653	4.38092634250842	0.5516389192290294	1	564	2226	-1662	FALSE
LOC141375235	3	NA	544147	0.6851808031308889	4.378406380172498	0.5513216097855911	1	70	2227	-2157	FALSE
LOC103909052	1	NA	181456	0.22848636087843646	4.376628855024036	0.5510977867912883	1	564	2228	-1664	FALSE
LOC141385601	1	NA	182065	0.2292532034946904	4.361989209992263	0.5492543871694174	1	564	2229	-1665	FALSE
LOC141378793	1	NA	182528	0.22983620535236782	4.350924600703681	0.5478611500701263	1	564	2230	-1666	FALSE
nek7	1	NA	182582	0.22990420124937555	4.349637782022551	0.5476991160136268	1	564	2231	-1667	FALSE
igsf9bb	1	4	182657	0.22999863999521963	4.347851796083596	0.5474742276507333	1	564	2232	-1668	TRUE
LOC141380755	2	NA	365485	0.46021260033096373	4.345817560322538	0.547218080085366	1	168	2233	-2065	FALSE
tyro3	1	NA	182959	0.23037891334515176	4.340675044776378	0.5465705431271487	1	564	2234	-1670	FALSE
sema3c	1	NA	183562	0.23113820086173814	4.3264159549211785	0.5447750623767447	1	564	2235	-1671	FALSE
stx8	1	NA	183671	0.23127545183903153	4.323848432889467	0.5444517642959422	1	564	2236	-1672	FALSE
LOC141380812	1	NA	183861	0.23151469666183655	4.319380213950981	0.543889133638999	1	564	2237	-1673	FALSE
rgs5b	1	NA	183934	0.23160661704112476	4.317665931895362	0.5436732741091913	1	564	2238	-1674	TRUE
snx2	1	NA	183952	0.23162928234012733	4.317243441317525	0.5436200748021223	1	564	2239	-1675	FALSE
pdcd4b	1	NA	184736	0.2326164820300174	4.298921517826744	0.5413130088342283	1	564	2240	-1676	TRUE
pam16	1	NA	185600	0.23370441638214115	4.278909296967896	0.5387931034482758	1	564	2241	-1677	FALSE
LOC141378487	1	NA	185870	0.23404439586717984	4.272693632739234	0.5380104374024856	1	564	2242	-1678	FALSE
znf827	1	NA	186009	0.23421942234281087	4.269500752744444	0.5376083952927009	1	564	2243	-1679	FALSE
camsap1b	1	NA	186137	0.23438059780238477	4.266564764217976	0.5372387005270312	1	564	2244	-1680	TRUE
LOC141380750	1	NA	186801	0.23521669549892432	4.251398897849805	0.5353290399944326	1	564	2245	-1681	FALSE
LOC141386342	1	NA	186833	0.2352569893638178	4.250670735454879	0.5352373510033024	1	564	2246	-1682	FALSE
glyctk	1	1	186833	0.2352569893638178	4.250670735454879	0.5352373510033024	1	564	2246	-1682	FALSE
clcn1b	1	NA	187452	0.23603642381285092	4.23663426112947	0.5334699016281501	1	564	2248	-1684	TRUE
LOC137488280	1	1	187452	0.23603642381285092	4.23663426112947	0.5334699016281501	1	564	2248	-1684	FALSE
tbxta	1	1	187808	0.2364846930597908	4.228603496747962	0.5324586812063384	1	564	2250	-1686	TRUE
znf326	2	NA	376249	0.4737664491345056	4.221489309033333	0.5315628745857132	1	168	2251	-2083	FALSE
LOC137488084	2	NA	376883	0.4745647713327075	4.214387836634931	0.5306686690564446	1	168	2252	-2084	FALSE
fam131bb	1	1	188533	0.23739760093628354	4.212342483900651	0.5304111216603989	1	564	2253	-1689	TRUE
kcnh5b	1	NA	188579	0.2374555233670679	4.211314968884348	0.5302817386877647	1	564	2254	-1690	TRUE
LOC141386215	1	NA	188813	0.2377501722541014	4.206095795931644	0.5296245491571026	1	564	2255	-1691	FALSE
LOC141380548	1	NA	189198	0.23823495781610102	4.197536789592075	0.5285468133912621	1	564	2256	-1692	FALSE
kcnh8	1	1	189413	0.23850568222085405	4.192772225334276	0.527946867427262	1	564	2257	-1693	FALSE
plcd3a	1	NA	189600	0.23874114949382524	4.188636948930598	0.5274261603375527	1	564	2258	-1694	TRUE
LOC141379212	1	NA	189678	0.2388393657895031	4.186914484111185	0.5272092704478116	1	564	2259	-1695	FALSE
LOC137488124	2	NA	379551	0.4779242723182007	4.184763394206531	0.5269384088040869	1	168	2260	-2092	FALSE
LOC141379887	1	NA	190519	0.23989833892623466	4.168432363791755	0.5248820327631365	1	564	2261	-1697	FALSE
cacna2d3	1	NA	190567	0.2399587797235749	4.167382419397069	0.52474982552068306	1	564	2262	-1698	FALSE
LOC141386386	1	NA	190961	0.24045489793507574	4.158784073801674	0.5236671362215322	1	564	2263	-1699	FALSE
kctd12.2	1	1	190967	0.24046245303474328	4.1586534087944065	0.5236506831023161	1	564	2264	-1700	FALSE
LOC100148950	1	1	191359	0.2409560528796883	4.150134383630984	0.5225779816993191	1	564	2265	-1701	FALSE
smim24	1	NA	192895	0.24289015839457503	4.117087355904721	0.518416755229529	1	564	2266	-1702	FALSE
lrrc73	1	1	193039	0.24307148078659563	4.11401616003627	0.5180300353814514	1	564	2267	-1703	FALSE
blm	1	NA	193448	0.24358648674726535	4.105318046799353	0.5169347835077127	1	564	2268	-1704	FALSE
ifrd1	1	NA	193990	0.2442689640838985	4.093847958746541	0.5154904892004742	1	564	2269	-1705	FALSE
msh6	1	NA	194042	0.24433444161435042	4.092750876187843	0.5153523463992331	1	564	2270	-1706	FALSE
rcvrna	1	1	194345	0.2447159741475605	4.086369937571027	0.5145488692788598	1	564	2271	-1707	TRUE
LOC141375197	2	NA	389193	0.49006531748391524	4.081088639915113	0.5138838571094547	1	168	2272	-2104	FALSE
nr1d4b	1	1	194657	0.24510883933027186	4.079820224894257	0.513724140411082	1	564	2273	-1709	TRUE
cacna1da	1	1	194757	0.24523475765806396	4.077725398918865	0.5134603634272452	1	564	2274	-1710	TRUE
LOC141376902	1	NA	194825	0.2453203821209626	4.0763021456037025	0.5132811497497755	1	564	2275	-1711	FALSE
pde3a	1	2	194875	0.2453833412848586	4.0752562694919385	0.5131494547787043	1	564	2276	-1712	TRUE
pou3f2b	1	NA	194912	0.2454299310661417	4.074482666625151	0.5130520439993433	1	564	2277	-1713	TRUE
si:dkey-285b23.4	1	NA	195391	0.24603307985626588	4.064494093982023	0.5117942996350907	1	564	2278	-1714	FALSE
scrt1a	1	1	195529	0.24620684714861898	4.0616254648529955	0.5114330866521078	1	564	2279	-1715	TRUE
bcl2b	1	NA	196092	0.24691576733408852	4.0499641266203685	0.5099647104420374	1	564	2280	-1716	TRUE
LOC141379030	1	NA	196656	0.24762594670283597	4.038349023255031	0.5085021560491416	1	564	2281	-1717	FALSE
LOC141377655	1	NA	196848	0.2478677098921968	4.034410131254782	0.5080061773551167	1	564	2282	-1718	FALSE
LOC137487927	1	NA	196863	0.2478865976413656	4.034102728888828	0.5079674697632364	1	564	2283	-1719	FALSE
greb1	1	1	196889	0.24791933640659156	4.0335700090774065	0.5079003905754004	1	564	2284	-1720	FALSE
LOC141377868	1	NA	197923	0.24922133191596188	4.012497615321319	0.5052469899910571	1	564	2285	-1721	FALSE
hspb12	1	NA	198227	0.2496041236324499	4.006344067746782	0.5044721455704824	1	564	2286	-1722	FALSE
dscama	1	1	198394	0.2498144072398627	4.0029716902589865	0.5040475014365353	1	564	2287	-1723	TRUE
npr3	1	NA	198949	0.2505132539591089	3.991804761608459	0.5026413804542873	1	564	2288	-1724	FALSE
LOC110439376	1	NA	199086	0.25068576206818405	3.989057821831979	0.5022954903910872	1	564	2289	-1725	FALSE
LOC137488224	2	NA	398521	0.5018109791003625	3.985564452148024	0.5018556111221241	1	168	2290	-2122	FALSE
rsbn1	1	NA	199400	0.2510811456174512	3.9827761560543706	0.5015045135406219	1	564	2291	-1727	FALSE
LOC137487471	1	NA	199537	0.2512536537265264	3.9800416239456413	0.5011601858301968	1	564	2292	-1728	FALSE
LOC141378843	1	NA	199920	0.25173592092197017	3.9724167943039284	0.5002000800320128	1	564	2293	-1729	FALSE
cog2	1	NA	199985	0.251817767835035	3.9711256620108584	0.500037502812711	1	564	2294	-1730	FALSE
si:ch211-67e16.11	1	NA	200267	0.25217285751940877	3.965533839909927	0.4993333899244508	1	564	2295	-1731	FALSE
LOC141379806	1	NA	200413	0.25235669827798524	3.9626449657319704	0.49896962771876074	1	564	2296	-1732	FALSE
waca	1	NA	200742	0.25277096957642126	3.9561505091970854	0.49815185661196953	1	564	2297	-1733	TRUE
numbl	1	NA	200769	0.2528049675249251	3.9556184745515566	0.498084863699077	1	564	2298	-1734	FALSE
iqsec1a	1	1	201164	0.25330234491970394	3.947851332829141	0.49710683820166635	1	564	2299	-1735	TRUE
spns2	1	1	202141	0.25453256698223276	3.9287703410848933	0.4947041916286157	1	564	2300	-1736	FALSE
ankrd33bb	1	NA	202337	0.25477936690470526	3.92496461604769	0.4942249810958945	1	564	2301	-1737	TRUE
sash1a	1	NA	202399	0.2548574362679364	3.9237622988119574	0.4940735873200955	1	564	2302	-1738	TRUE
nlgn4xb	1	1	203439	0.25616698687697426	3.9037036434373023	0.4915478349775608	1	564	2303	-1739	TRUE
LOC137487935	1	NA	203984	0.2568532417634412	3.89327381322673	0.4902345281982901	1	564	2304	-1740	FALSE
amigo3	1	1	204790	0.2578681434854455	3.877950903448613	0.4883050930221203	1	564	2305	-1741	FALSE
LOC108179743	3	NA	615068	0.7744833403843255	3.8735500734093207	0.4877509478626753	1	70	2306	-2236	FALSE
galr2b	1	NA	205274	0.2584775881919593	3.868807377053311	0.4871537554683009	1	564	2307	-1743	TRUE
prdm10	1	1	205632	0.2589283758054551	3.862071883351041	0.4863056333644569	1	564	2308	-1744	FALSE
LOC141378244	1	NA	206400	0.2598954285628984	3.847701383319968	0.4844961240310077	1	564	2309	-1745	FALSE
trabd2b	1	NA	206781	0.2603751773917863	3.8406118817359496	0.48360342584666866	1	564	2310	-1746	TRUE
alg13	1	NA	206799	0.26039784269078886	3.840277590884102	0.4835613325016078	1	564	2311	-1747	FALSE
nr1d4a	1	1	207239	0.2609518833330741	3.8321240959338803	0.48253465805181456	1	564	2312	-1748	TRUE
LOC141379071	1	NA	207424	0.2611848322394895	3.828706251529434	0.48210428879975314	1	564	2313	-1749	FALSE
tmem74	1	1	207641	0.2614580750107984	3.82470497405253	0.4816004546308292	1	564	2314	-1750	FALSE
LOC141378151	1	NA	207846	0.2617162075827722	3.8209326401145143	0.4811254486494808	1	564	2315	-1751	FALSE
LOC141377646	1	NA	208267	0.2622463237427769	3.8132088401774715	0.4801528806772077	1	564	2316	-1752	FALSE
LOC137488125	2	2	418926	0.527504613886341	3.7914360317442286	0.477411285047956	1	168	2317	-2149	FALSE
LOC141380313	1	NA	209473	0.26376489877594966	3.7912550329505064	0.477388493982518	1	564	2318	-1754	FALSE
LOC137496328	2	NA	419867	0.5286895053508646	3.782938718771618	0.47634131760771864	1	168	2319	-2151	FALSE
tinagl1	1	NA	211610	0.2664557734408669	3.7529680332557125	0.472567459004773	1	564	2320	-1756	FALSE
trim2a	1	NA	211662	0.2665212509713188	3.7520460239308018	0.4724513611323714	1	564	2321	-1757	TRUE
osbpl10b	1	NA	211662	0.2665212509713188	3.7520460239308018	0.4724513611323714	1	564	2321	-1757	TRUE
aac-275	1	NA	211963	0.26690026513797305	3.7467178966010164	0.47178045224874154	1	564	2323	-1759	FALSE
LOC568754	1	1	212608	0.2677124383522321	3.7353512827233284	0.47034918723660446	1	564	2324	-1760	FALSE
hnrnpa3	1	1	212710	0.26784087504658	3.733560084233188	0.4701236425179822	1	564	2325	-1761	FALSE
gja5b	1	NA	212834	0.26799701377304225	3.7313848610524696	0.4698497420524916	1	564	2326	-1762	TRUE
LOC100331115	1	1	212878	0.26805241783727074	3.7306136168004276	0.46975262826595515	1	564	2327	-1763	FALSE
tln1	1	NA	214600	0.2702207314418507	3.700678310891153	0.4659832246039143	1	564	2328	-1764	FALSE
htr1e	1	NA	215288	0.27108704953706037	3.6888519820762955	0.4644940730556278	1	564	2329	-1765	FALSE
LOC141379534	1	NA	215288	0.27108704953706037	3.6888519820762955	0.4644940730556278	1	564	2329	-1765	FALSE
LOC110440049	1	NA	216765	0.2729468632385498	3.663716769391928	0.4613290891057135	1	564	2331	-1767	FALSE
stt3b	1	1	217129	0.273405205951713	3.6575748311706002	0.4605557065154816	1	564	2332	-1768	TRUE
sp5a	1	1	217657	0.2740700547224553	3.648702157602288	0.4594384742967146	1	564	2333	-1769	TRUE
sox1b	1	NA	218252	0.2748192687728183	3.6387550424153794	0.45818595018602354	1	564	2334	-1770	TRUE
mir-212	1	NA	218904	0.2756402562700228	3.6279171030097275	0.4568212549793517	1	564	2335	-1771	FALSE
cnnm1	1	1	219325	0.27617037243002757	3.62095322246548	0.4559443747862761	1	564	2336	-1772	FALSE
LOC141378547	2	2	439146	0.5529652997659039	3.616863482838242	0.4554294016113092	1	168	2337	-2169	FALSE
bcl6aa	2	NA	441461	0.5558803090542911	3.5978968267513616	0.4530411519930413	1	168	2338	-2170	TRUE
hmcn2	1	1	221749	0.2792226326957081	3.581371575597822	0.45096032000144304	1	564	2339	-1775	FALSE
prkg1a	1	NA	221781	0.2792629265606016	3.580854832096714	0.4508952525238862	1	564	2340	-1776	TRUE
LOC141384642	1	NA	222564	0.28024886706721375	3.5682570654609074	0.4493089628151903	1	564	2341	-1777	FALSE
tsc22d3	1	1	222867	0.2806303996004238	3.5634058228326375	0.44869810245572467	1	564	2342	-1778	FALSE
LOC141378546	1	1	223027	0.28083186892489115	3.5608494286218324	0.44837620557152275	1	564	2343	-1779	FALSE
LOC141380498	1	NA	223459	0.281375836100953	3.553965450114972	0.44750938650938205	1	564	2344	-1780	FALSE
LOC137488531	1	NA	224415	0.28257961531464554	3.538825682406441	0.445603012276363	1	564	2345	-1781	FALSE
mab21l1	1	NA	224608	0.2828226376872843	3.535784858585809	0.4452201168257586	1	564	2346	-1782	FALSE
LOC103912005	2	NA	449235	0.565669199856849	3.5356353156688214	0.4452012866317184	1	168	2347	-2179	FALSE
myl1	1	NA	224763	0.28301781109536206	3.533346527307615	0.44491308622860526	1	564	2348	-1784	FALSE
LOC141385855	1	1	224884	0.2831701722719905	3.531445391923131	0.4446736984400847	1	564	2349	-1785	FALSE
rab11fip2	2	1	449782	0.5663579731098719	3.531335471482813	0.4446598574420497	1	168	2350	-2182	FALSE
si:dkey-27h10.2	1	NA	224903	0.283194096754271	3.5311470523614243	0.4446361320213603	1	564	2351	-1787	FALSE
furina	1	1	225135	0.28348622727474865	3.527508230693768	0.44417793768183533	1	564	2352	-1788	TRUE
nme4	1	NA	225157	0.2835139293068629	3.5271635592819295	0.4441345372340189	1	564	2353	-1789	FALSE
LOC141378150	1	1	225213	0.2835844435704265	3.5262865177287344	0.44402410162823636	1	564	2354	-1790	FALSE
mast2	1	1	225380	0.2837947271778393	3.5236736423695154	0.44369509273227437	1	564	2355	-1791	FALSE
LOC137495631	1	NA	226343	0.28500732067447726	3.5086818037988423	0.4418073454889261	1	564	2356	-1792	FALSE
dbx1b	1	1	227067	0.2859189693676921	3.4974944202250495	0.4403986488569453	1	564	2357	-1793	TRUE
enpp7.2	3	1	681564	0.8582139916329616	3.4956316597586197	0.44016409317393523	1	70	2358	-2288	FALSE
cyp26a1	1	1	228088	0.28720459549444943	3.4818384374331024	0.4384272736838414	1	564	2359	-1795	FALSE
nkx6.2	1	NA	228263	0.2874249525680856	3.4791690528786594	0.43809114924451176	1	564	2360	-1796	FALSE
LOC137490207	1	NA	228843	0.28815527886927983	3.470351138191867	0.43698081217253754	1	564	2361	-1797	FALSE
klf6a	1	1	229256	0.2886753215630612	3.464099371520228	0.43619360016749836	1	564	2362	-1798	TRUE
LOC141375119	1	NA	229745	0.2892910621859646	3.4567262204498084	0.43526518531415265	1	564	2363	-1799	FALSE
chst3a	1	NA	229809	0.28937164991575154	3.455763549370309	0.43514396738160815	1	564	2364	-1800	TRUE
ext1b	1	1	230386	0.29009819866711195	3.447108615615712	0.43405415259607794	1	564	2365	-1801	TRUE
LOC141375873	1	NA	230511	0.29025559657685207	3.4452393400629098	0.4338187765442864	1	564	2366	-1802	FALSE
rxfp3.2a	1	1	230844	0.2906749046083998	3.4402694699331207	0.43319297880819946	1	564	2367	-1803	TRUE
tpm2	1	NA	231209	0.29113450650484096	3.434838460082615	0.4325091151296014	1	564	2368	-1804	FALSE
elavl3	1	NA	231371	0.29133849419586416	3.432433474883375	0.4322062834149483	1	564	2369	-1805	FALSE
dclk1a	1	NA	233019	0.293413628237878	3.408157985045174	0.42914955432818785	1	564	2370	-1806	TRUE
LOC141386378	1	1	233696	0.2942660953170305	3.3982848038359297	0.4279063398603314	1	564	2371	-1807	FALSE
LOC141375912	1	NA	234058	0.2947219196636379	3.3930289309369535	0.4272445291338044	1	564	2372	-1808	FALSE
bahcc1b	1	1	234138	0.2948226543258716	3.391869604751221	0.42709854871913144	1	564	2373	-1809	TRUE
usp25	1	1	234423	0.2951815215600791	3.3877459358392366	0.4265793032253661	1	564	2374	-1810	FALSE
LOC110438093	1	NA	234538	0.29532632763704003	3.3860848370722074	0.42637014044632426	1	564	2375	-1811	FALSE
hic1	1	NA	235251	0.2962241253141977	3.3758222728797813	0.4250778955243548	1	564	2376	-1812	FALSE
srms	1	NA	235366	0.2963689313911586	3.374172843644543	0.42487020215324217	1	564	2377	-1813	FALSE
LOC141378288	1	NA	236392	0.2976608534343056	3.3595280953553477	0.4230261599377306	1	564	2378	-1814	FALSE
cahz	1	NA	236392	0.2976608534343056	3.3595280953553477	0.4230261599377306	1	564	2378	-1814	FALSE
LOC137496621	1	NA	236428	0.29770618403231075	3.3590165526809064	0.4229617473395706	1	564	2380	-1816	FALSE
gja1b	1	1	236741	0.2981003083983	3.354575529871216	0.4224025411736877	1	564	2381	-1817	TRUE
LOC141375087	1	NA	237064	0.2985070245970685	3.350004916466614	0.42182701717679616	1	564	2382	-1818	FALSE
mir338-3	1	NA	237823	0.29946274470501055	3.339313546281232	0.4204807777212465	1	564	2383	-1819	FALSE
LOC141378683	1	NA	238572	0.3004058729801734	3.328829726528014	0.4191606726690475	1	564	2384	-1820	FALSE
kcnma1b	1	1	239266	0.3012797461750506	3.319174331151277	0.4179448814290372	1	564	2385	-1821	TRUE
si:ch211-194g2.4	1	NA	240732	0.30312570886048285	3.2989613575147523	0.4153996975890202	1	564	2386	-1822	FALSE
LOC101884770	1	NA	241365	0.3039227718754068	3.29030955406642	0.41431027696642014	1	564	2387	-1823	FALSE
LOC141378520	1	NA	242853	0.3057964365929533	3.270149289970646	0.4117717302236332	1	564	2388	-1824	FALSE
axin2	2	2	487660	0.6140533173109642	3.2570461613306048	0.4101218061764344	1	168	2389	-2221	FALSE
nol4lb	1	1	243969	0.3072016851311132	3.255190477139478	0.4098881415261775	1	564	2390	-1826	TRUE
LOC141380486	1	3	244035	0.30728479122745594	3.254310101080752	0.4097772860450345	1	564	2391	-1827	FALSE
LOC137495823	1	NA	244303	0.3076222523459388	3.250740128108297	0.40932776101808005	1	564	2392	-1828	FALSE
LOC137488540	1	NA	244396	0.3077393563907854	3.2495031240987635	0.40917199954172734	1	564	2393	-1829	FALSE
LOC137490636	1	1	244565	0.3079521583647541	3.2472576432328477	0.40888925234600204	1	564	2394	-1830	FALSE
sh2b3	1	1	244917	0.30839539087858225	3.2425906144417964	0.40830158788487525	1	564	2395	-1831	FALSE
LOC141379990	1	1	245058	0.30857293572076916	3.2407249121319905	0.4080666617698667	1	564	2396	-1832	FALSE
LOC137487987	1	1	245532	0.3091697885945037	3.234468686432894	0.4072788882915465	1	564	2397	-1833	FALSE
LOC137495441	1	NA	245909	0.30964450069027993	3.2295099631052193	0.406654494142142	1	564	2398	-1834	FALSE
tars2	1	3	246064	0.30983967409835766	3.2274756385218537	0.4063983353924182	1	564	2399	-1835	FALSE
pdlim1	2	2	492757	0.6204713744785276	3.223355794102332	0.40587957147234843	1	168	2400	-2232	FALSE
adamts14	1	1	246422	0.3102904617118534	3.2227867865581863	0.4058079229938885	1	564	2401	-1837	FALSE
LOC141386288	2	2	493085	0.6208843865936858	3.221211618756366	0.4056095804982913	1	168	2402	-2234	FALSE
LOC141384398	1	1	247790	0.3120130244360494	3.2049944126770304	0.4035675370273215	1	564	2403	-1839	FALSE
celf4	1	NA	248821	0.31331124239558594	3.191714387118617	0.4018953384159697	1	564	2404	-1840	FALSE
stmn1b	1	NA	248891	0.3133993852250404	3.1908167250613375	0.40178230631079465	1	564	2405	-1841	TRUE
prpf19	1	1	249239	0.3138375810057569	3.186361546616867	0.40122131769105157	1	564	2406	-1842	FALSE
si:ch73-196i15.3	1	NA	250327	0.315207572412135	3.1725126155678027	0.39947748345164524	1	564	2407	-1843	FALSE
LOC101884045	1	NA	250473	0.31539141317071145	3.170663366978642	0.39924462916162623	1	564	2408	-1844	FALSE
pacrg	1	NA	251907	0.31719708199125024	3.1526141215497834	0.3969718983593151	1	564	2409	-1845	FALSE
rab38a	1	NA	251925	0.3172197472902528	3.152388867787005	0.39694353478217725	1	564	2410	-1846	TRUE
bcl9	1	1	252182	0.31754335739267847	3.149176251743746	0.3965390075421719	1	564	2411	-1847	FALSE
ube2e3	1	1	252651	0.3181339143500235	3.1433303866489397	0.3958029059849357	1	564	2412	-1848	FALSE
LOC141379814	1	1	252845	0.31837819590594013	3.140918608306438	0.3954992188890427	1	564	2413	-1849	FALSE
LOC103908882	1	NA	252903	0.31845122853605956	3.1401982796457193	0.3954085163086242	1	564	2414	-1850	FALSE
fbxw7	1	1	253011	0.318587220330075	3.1388578580268893	0.3952397326598448	1	564	2415	-1851	FALSE
inpp5a	1	1	253603	0.31933265683060424	3.1315306424499765	0.39431710192702774	1	564	2416	-1852	TRUE
LOC141380879	1	NA	253815	0.3195996036855235	3.128915018880844	0.3939877469810689	1	564	2417	-1853	FALSE
slit3	1	1	253919	0.3197305587464273	3.1276334796420957	0.3938263777031258	1	564	2418	-1854	FALSE
LOC137495478	1	NA	254015	0.31985144034110774	3.126451451753799	0.39367753872802785	1	564	2419	-1855	FALSE
svila	1	1	254029	0.31986906890699857	3.126279147330586	0.3936558424431856	1	564	2420	-1856	TRUE
LOC141380757	1	NA	254056	0.31990306685550246	3.1259468995703363	0.3936140063608023	1	564	2421	-1857	FALSE
si:dkey-22o12.2	1	1	254460	0.32041177689978256	3.120983909130085	0.3929890749037177	1	564	2422	-1858	FALSE
rbbp6	1	NA	254797	0.3208361216644419	3.116856028592336	0.3924692990890788	1	564	2423	-1859	FALSE
pcdh19	1	1	255207	0.32135238680838957	3.111848677807589	0.391838781851595	1	564	2424	-1860	FALSE
LOC141375118	1	1	256151	0.322541055822747	3.100380500241035	0.3903947281095916	1	564	2425	-1861	FALSE
linc.alien	1	NA	257328	0.32402311454086	3.0861995799805753	0.38860909034384133	1	564	2426	-1862	FALSE
quob	1	NA	257570	0.32432783689411693	3.0832999398891228	0.3882439725123268	1	564	2427	-1863	TRUE
LOC141377153	1	NA	257878	0.32471566534371665	3.0796173598261243	0.3877802681888335	1	564	2428	-1864	FALSE
lsm14ab	1	NA	258022	0.3248969877357372	3.077898650181928	0.387563851144476	1	564	2429	-1865	TRUE
LOC141376848	1	1	258195	0.3251148264428176	3.0758363466265473	0.38730416932938283	1	564	2430	-1866	FALSE
LOC141377663	1	NA	259036	0.3261737995795492	3.06585017340154	0.3860467270958477	1	564	2431	-1867	FALSE
LOC141378759	1	NA	259178	0.32635260360501395	3.0641704369863234	0.38583521749531213	1	564	2432	-1868	FALSE
zdhhc6	1	NA	259196	0.3263752689040165	3.063957644088803	0.3858084229694903	1	564	2433	-1869	FALSE
LOC141385731	1	NA	260189	0.3276256378989921	3.0522641830255752	0.38433600190630657	1	564	2434	-1870	FALSE
LOC141381186	1	NA	260579	0.3281167193773813	3.0476959598326854	0.38376077888087684	1	564	2435	-1871	FALSE
hsf2	1	NA	261419	0.32917443333083496	3.037903004438244	0.38252766631346613	1	564	2436	-1872	FALSE
abr	1	1	261579	0.3293759026553023	3.0360448106202766	0.382293685655194	1	564	2437	-1873	FALSE
ubr3	1	1	261579	0.3293759026553023	3.0360448106202766	0.382293685655194	1	564	2437	-1873	FALSE
adcyap1b	1	1	262769	0.3308743307560283	3.0222954972513554	0.38056239510748985	1	564	2439	-1875	TRUE
LOC141385997	1	NA	263015	0.3311840898423969	3.0194687204807384	0.3802064521034922	1	564	2440	-1876	FALSE
LOC141386153	1	NA	263750	0.33210958955166886	3.011054276842621	0.3791469194312796	1	564	2441	-1877	FALSE
csrnp1b	1	1	265590	0.33442648678304354	2.990193778068607	0.37652020030874656	1	564	2442	-1878	TRUE
dnajc24	1	1	265604	0.33444411534893437	2.990036164806409	0.3765003539103327	1	564	2443	-1879	FALSE
map2	1	1	265654	0.33450707451283046	2.989473395910626	0.37642949099204226	1	564	2444	-1880	FALSE
pou4f1	1	NA	267008	0.33621200867113554	2.9743137490908187	0.37452061361457334	1	564	2445	-1881	FALSE
si:ch211-250g4.3	1	NA	267197	0.3364499943106626	2.9722098882743495	0.3742556989786562	1	564	2446	-1882	FALSE
dhrs13a.3	1	1	267707	0.33709217778240236	2.9665476267607542	0.3735427164773428	1	564	2447	-1883	FALSE
LOC141377627	1	1	268415	0.3379836795431704	2.95872274469475	0.37255742041242107	1	564	2448	-1884	FALSE
LOC141378231	1	1	268828	0.33850372223695174	2.9541772639652173	0.37198506107994705	1	564	2449	-1885	FALSE
actn4	1	1	269333	0.3391396097923019	2.948638174739974	0.37128758822721314	1	564	2450	-1886	FALSE
mir218a-1	1	NA	270884	0.3410926030563574	2.9317551627901293	0.36916170759439465	1	564	2451	-1887	FALSE
cps1	1	1	271087	0.34134821726177533	2.9295597557877784	0.3688852656158355	1	564	2452	-1888	FALSE
LOC101884819	1	NA	272778	0.34347749618473983	2.9113988867036245	0.3665984793495076	1	564	2453	-1889	FALSE
gpc3	1	1	273075	0.34385147361828233	2.908232410573071	0.3661997619701547	1	564	2454	-1890	FALSE
LOC141379144	1	NA	273527	0.3444206244599026	2.9034265923190086	0.3655946213719304	1	564	2455	-1891	FALSE
mxra5b	1	NA	273716	0.3446586100994297	2.901421785782495	0.36534217948530595	1	564	2456	-1892	TRUE
kctd15b	1	NA	274315	0.3454128608829044	2.895086180184246	0.3645444106228241	1	564	2457	-1893	TRUE
LOC137495980	1	NA	274481	0.3456218853070393	2.89333529649499	0.36432394227651455	1	564	2458	-1894	FALSE
slc38a8a	1	1	274492	0.3456357363230964	2.8932193488962934	0.3643093423487752	1	564	2459	-1895	TRUE
stxbp5a	1	NA	274895	0.3461431871840986	2.8889778479682837	0.3637752596445916	1	564	2460	-1896	TRUE
psme4b	1	NA	275724	0.34718705012149514	2.8802917610263936	0.362681522101812	1	564	2461	-1897	TRUE
LOC141377858	1	NA	275895	0.3474023704620196	2.8785065532802023	0.36245673172765003	1	564	2462	-1898	FALSE
LOC141376837	3	NA	830584	1.0458574837087518	2.8684596579656296	0.36119164347013666	1	70	2463	-2393	FALSE
LOC141376314	1	NA	277368	0.34925714743039726	2.86321985779629	0.3605318565948487	1	564	2464	-1900	FALSE
utp23	1	1	277443	0.34935158617624135	2.862445855607247	0.36043439553349693	1	564	2465	-1901	FALSE
znf609b	1	1	279030	0.351349910038302	2.8461655216902892	0.35838440311077663	1	564	2466	-1902	TRUE
LOC141376401	1	NA	279708	0.3522036363007325	2.8392665405252666	0.35751569493900787	1	564	2467	-1903	FALSE
mvb12bb	1	1	281653	0.35465274777628886	2.819659529695197	0.3550468129222838	1	564	2468	-1904	TRUE
LOC141378617	1	NA	282220	0.3553667046948701	2.813994633680254	0.3543334986889661	1	564	2469	-1905	FALSE
LOC141385649	1	NA	282275	0.35543595977515574	2.8134463396235634	0.3542644584182092	1	564	2470	-1906	FALSE
cug-212	1	NA	282331	0.35550647403871927	2.812888296068237	0.3541941905068873	1	564	2471	-1907	FALSE
gdpd4a	1	NA	282412	0.3556084678842309	2.812081517489488	0.3540926022973528	1	564	2472	-1908	TRUE
si:dkey-61l1.4	1	NA	283263	0.35668003285374167	2.8036332507854587	0.3530288106812397	1	564	2473	-1909	FALSE
mdfi	1	NA	284847	0.3586745791659686	2.788042582569735	0.35106565981035437	1	564	2474	-1910	FALSE
LOC141376217	1	NA	285901	0.3600017583408973	2.7777642103988494	0.34977142437417147	1	564	2475	-1911	FALSE
lrrc4.1	1	1	286174	0.3603455153757698	2.775114320368871	0.34943775465276367	1	564	2476	-1912	FALSE
LOC137490345	1	NA	286982	0.36136293546432996	2.767300964928955	0.34845391000132414	1	564	2477	-1913	FALSE
nek3	1	NA	287599	0.3621398515468072	2.7613641407558487	0.3477063550290509	1	564	2478	-1914	FALSE
otx2b	1	1	288203	0.3629003982466715	2.7555770256286074	0.3469776511694882	1	564	2479	-1915	TRUE
LOC137487933	1	NA	289751	0.36484961396089327	2.7408553051317903	0.3451239167423063	1	564	2480	-1916	FALSE
cgnl1	1	1	290448	0.36572726470560424	2.734277962035343	0.3442957086982868	1	564	2481	-1917	FALSE
golga4	1	NA	291288	0.36678497865905785	2.726393004577056	0.3433028480404274	1	564	2482	-1918	FALSE
fes	1	NA	294636	0.3710007242735374	2.6954125277197676	0.3394018382003557	1	564	2483	-1919	FALSE
LOC141376845	1	NA	294738	0.3711291609678854	2.6944797261202877	0.33928438138278744	1	564	2484	-1920	FALSE
cacna1ab	1	1	295172	0.3716756465105031	2.690517953997132	0.33878552166194625	1	564	2485	-1921	TRUE
pax6a	1	NA	295639	0.3722636851012922	2.6862679332471067	0.3382503661560214	1	564	2486	-1922	TRUE
LOC141377027	1	NA	295973	0.37268425231611785	2.6832365300795726	0.3378686569383018	1	564	2487	-1923	FALSE
LOC141380315	1	NA	297242	0.3742821558957996	2.6717811262111053	0.3364262116390012	1	564	2488	-1924	FALSE
LOC141385661	1	NA	298001	0.37523787600374164	2.664976176312299	0.33556934372703445	1	564	2489	-1925	FALSE
pappab	1	1	298001	0.37523787600374164	2.664976176312299	0.33556934372703445	1	564	2489	-1925	TRUE
mtmr3	2	NA	596919	0.7516304230733369	2.6608821817273074	0.33505383477490247	1	168	2491	-2323	FALSE
tmem19	1	NA	299150	0.3766846775900729	2.6547403159526706	0.33428046130703665	1	564	2492	-1928	FALSE
irs2b	1	1	299815	0.3775220344698904	2.6488520104639237	0.33353901572636463	1	564	2493	-1929	TRUE
LOC556735	1	NA	302243	0.38057933146868267	2.627573063783913	0.33085960634324035	1	564	2494	-1930	FALSE
LOC141377954	1	NA	304061	0.382868526667943	2.6118626378168903	0.32888137577657117	1	564	2495	-1931	FALSE
col16a1	1	NA	304259	0.38311784495697143	2.610162938539998	0.32866735248587553	1	564	2496	-1932	FALSE
LOC141377510	1	NA	304399	0.3832941306158803	2.6089624654392476	0.3285161909204695	1	564	2497	-1933	FALSE
nrxn3a	1	3	304419	0.3833193142814388	2.6087910594188974	0.32849460776101364	1	564	2498	-1934	TRUE
LOC137487595	1	NA	305108	0.38418689155992636	2.6028998437184256	0.32775279573134763	1	564	2499	-1935	FALSE
npas3	3	3	917450	1.155237698328639	2.596868163444029	0.32699329663741894	1	70	2500	-2430	FALSE
LOC141378746	1	NA	307586	0.38730714772261465	2.581930144796061	0.32511232630873965	1	564	2501	-1937	FALSE
itgb1a	1	NA	308095	0.38794807201107645	2.5776645694257985	0.32457521219104496	1	564	2502	-1938	TRUE
ier2b	1	NA	309446	0.38964922861954776	2.566410829408819	0.32315816006669984	1	564	2503	-1939	TRUE
LOC141377543	1	NA	309953	0.3902876345414537	2.5622128694261432	0.32262955996554316	1	564	2504	-1940	FALSE
prmt9	1	NA	309996	0.3903417794224043	2.561857461119632	0.32258480754590385	1	564	2505	-1941	FALSE
gsna	1	NA	311043	0.39166014431438756	2.553234007893576	0.3214989567358854	1	564	2506	-1942	TRUE
LOC110437911	1	NA	313241	0.394427829159258	2.5353180634630887	0.3192430109723823	1	564	2507	-1943	FALSE
prox1a	1	NA	313755	0.3950750493641094	2.5311646524110896	0.3187200203980813	1	564	2508	-1944	TRUE
LOC137496197	1	NA	314258	0.3957084185529037	2.527113281180563	0.31820987850746835	1	564	2509	-1945	FALSE
rgs3a	1	1	317013	0.3991774684835761	2.5051514149805887	0.31544447704037376	1	564	2510	-1946	TRUE
wdr48a	1	1	317804	0.4001734824564116	2.498916204696106	0.3146593497879196	1	564	2511	-1947	TRUE
LOC141377167	1	NA	317874	0.40026162528586606	2.498365910760998	0.3145900576958166	1	564	2512	-1948	FALSE
LOC141376614	1	NA	318681	0.40127778619114834	2.492039266593369	0.31379341724169313	1	564	2513	-1949	FALSE
runx1t1	1	1	319376	0.40215291856930346	2.486616294014708	0.3131105656029257	1	564	2514	-1950	FALSE
itpkcb	1	1	319990	0.40292605710194696	2.4818449498960637	0.3125097659301853	1	564	2515	-1951	TRUE
dsela	1	1	320285	0.40329751616893367	2.479559034975854	0.3122219273459575	1	564	2516	-1952	TRUE
adamts16	1	NA	320312	0.40333151411743756	2.4793500259660624	0.3121956092809511	1	564	2517	-1953	FALSE
LOC141375127	1	NA	320670	0.4037823017309332	2.4765820485771712	0.3118470701967755	1	564	2518	-1954	FALSE
zranb1b	1	NA	325616	0.4100102222235306	2.4389635813880197	0.30711021571421554	1	564	2519	-1955	TRUE
LOC101886760	1	NA	326826	0.411533833989815	2.429933865473498	0.3059732089858212	1	564	2520	-1956	FALSE
LOC141380552	1	1	328294	0.4133823150418031	2.4190681691326716	0.3046050186722877	1	564	2521	-1957	FALSE
pcdh7b	1	1	328738	0.4139413924172	2.415800928147161	0.30419361315089827	1	564	2522	-1958	TRUE
manf	1	NA	329285	0.41463016567022287	2.411787860112794	0.30368829433469485	1	564	2523	-1959	FALSE
mir-153a	1	NA	330164	0.4157369877715154	2.4053669252772605	0.3028797809573424	1	564	2524	-1960	TRUE
si:dkey-40c11.2	1	NA	330560	0.4162356243495721	2.402485374870648	0.30251694094869314	1	564	2525	-1961	FALSE
LOC137495914	1	NA	330989	0.41677581397580027	2.399371476143441	0.30212484402804923	1	564	2526	-1962	FALSE
col25a1	1	NA	335116	0.4219724633637803	2.369822883769326	0.2984041346876902	1	564	2527	-1963	FALSE
hnmt	1	NA	335620	0.4226070917358525	2.36626412465658	0.2979560216911984	1	564	2528	-1964	FALSE
odad2	1	NA	338246	0.4259137070236731	2.347893442988953	0.29564281617520977	1	564	2529	-1965	FALSE
abtb2a	1	NA	338421	0.42613406409730925	2.3466793299388673	0.2954899370901924	1	564	2530	-1966	TRUE
pkd1b	1	NA	338685	0.42646648848268043	2.3448501277506866	0.2952596070094631	1	564	2531	-1967	TRUE
acad9	1	NA	341655	0.4302062628181058	2.3244663930492497	0.29269292122170026	1	564	2532	-1968	FALSE
LOC103911111	1	NA	344337	0.43358339236949	2.3063614003642985	0.29041317081812296	1	564	2533	-1969	FALSE
adgra3	1	NA	344808	0.43417646769339086	2.3032109623826633	0.29001647293566274	1	564	2534	-1970	FALSE
LOC137488492	1	NA	345549	0.4351095225023303	2.298271925305069	0.2893945576459489	1	564	2535	-1971	FALSE
pitx2	1	1	346157	0.43587510593530626	2.294235175129324	0.28888625681410457	1	564	2536	-1972	FALSE
nup107	1	NA	347555	0.43763544415783984	2.2850068780976867	0.28772424508351196	1	564	2537	-1973	FALSE
LOC137496031	1	NA	347929	0.43810637870378233	2.282550651188149	0.287414961098385	1	564	2538	-1974	FALSE
LOC141378007	1	NA	348106	0.4383292541439743	2.281390052217547	0.2872688204167696	1	564	2539	-1975	FALSE
LOC141379844	1	NA	350817	0.44174290001041827	2.263760209788127	0.28504890013881884	1	564	2540	-1976	FALSE
zmp:0000000521	1	NA	350883	0.44182600610676104	2.2633344035397593	0.2849952833280609	1	564	2541	-1977	FALSE
LOC141379072	1	NA	356578	0.4489970548745212	2.2271861009855947	0.2804435495179175	1	564	2542	-1978	FALSE
hdr	1	1	357399	0.4500308443456944	2.2220699149053056	0.27979932792201434	1	564	2543	-1979	FALSE
LOC103910447	1	NA	357815	0.4505546645893095	2.2194865098367633	0.2794740298757738	1	564	2544	-1980	FALSE
magi2a	1	1	359066	0.45212990286998866	2.2117537319524585	0.2785003314153944	1	564	2545	-1981	TRUE
abcb6b	1	1	362325	0.4562335811727334	2.1918596992126993	0.27599530807976264	1	564	2546	-1982	TRUE
LOC141379812	1	NA	363760	0.45804050917655	2.1832130127480793	0.27490653177919505	1	564	2547	-1983	FALSE
dscamb	1	NA	363961	0.45829360501541205	2.1820073181391453	0.2747547127302101	1	564	2548	-1984	TRUE
pnck	1	NA	364449	0.45890808645503756	2.1790855936420224	0.2743868140672632	1	564	2549	-1985	FALSE
LOC141380738	1	NA	364492	0.4589622313359882	2.1788285216609453	0.2743544439932838	1	564	2550	-1986	FALSE
LOC141380234	1	NA	364967	0.45956034339300067	2.1759928035061837	0.2739973751051465	1	564	2551	-1987	FALSE
fezf1	1	1	365005	0.4596081923575617	2.175766264892923	0.27396884974178437	1	564	2552	-1988	FALSE
itga4	1	1	366085	0.46096811029771634	2.1693474617021766	0.273160604777579	1	564	2553	-1989	FALSE
slitrk5	1	NA	367227	0.46240609760110213	2.1626012398795336	0.27231113180675715	1	564	2554	-1990	FALSE
LOC137488257	1	NA	369784	0.4656258292427462	2.1476471819149596	0.27042814183415187	1	564	2555	-1991	FALSE
LOC141386167	1	1	371284	0.4675146041596277	2.138970614185479	0.26933560293468073	1	564	2556	-1992	FALSE
tanc2a	1	1	371553	0.46785332446138844	2.1374220246297067	0.2691406071273815	1	564	2557	-1993	TRUE
znf618	1	NA	373071	0.46976476467727263	2.128725002793681	0.2680454926810178	1	564	2558	-1994	FALSE
LOC137488815	1	NA	374477	0.47153517636602954	2.1207325563846147	0.2670390971942202	1	564	2559	-1995	FALSE
rnf220a	1	1	375174	0.47241282711074045	2.1167926495899008	0.2665429907189731	1	564	2560	-1996	TRUE
LOC101882457	1	NA	378130	0.476134972880275	2.100244798130911	0.264459312934705	1	564	2561	-1997	FALSE
nrxn2a	1	1	379041	0.47728208884646106	2.095196998523224	0.26382370244907544	1	564	2562	-1998	TRUE
LOC141377158	1	1	379831	0.47827684363601863	2.090839256188256	0.2632749828213074	1	564	2563	-1999	FALSE
LOC141376099	1	NA	381762	0.48070832654568413	2.0802635294168654	0.26194330499106777	1	564	2564	-2000	FALSE
aff2	1	1	382269	0.4813467324675901	2.077504494262526	0.2615958918981136	1	564	2565	-2001	FALSE
LOC103908683	1	NA	383089	0.48237926275548537	2.0730576067630273	0.2610359472602972	1	564	2566	-2002	FALSE
xylt1	1	1	384842	0.48458661104168094	2.063614588629207	0.2598468982075761	1	564	2567	-2003	FALSE
csmd1a	1	NA	386655	0.4868695103245518	2.0539384348249508	0.25862849310108493	1	564	2568	-2004	TRUE
anks1b	1	1	391799	0.4933467491061774	2.02697190528113	0.25523291279457067	1	564	2569	-2005	TRUE
LOC141376426	1	NA	393002	0.4948615465895164	2.0207672365973743	0.25445163128940823	1	564	2570	-2006	FALSE
LOC141375198	1	NA	394656	0.4969442357311978	2.0122982179853883	0.2533852266277467	1	564	2571	-2007	FALSE
LOC141380229	1	NA	398438	0.501706466888295	1.9931973494426773	0.25098007720147175	1	564	2572	-2008	FALSE
dhx38	1	NA	401853	0.5060065777823953	1.9762588944644968	0.24884721527523745	1	564	2573	-2009	FALSE
nr3c2	1	1	403207	0.5077115119407004	1.9696224656745578	0.24801156725949697	1	564	2574	-2010	FALSE
LOC141380237	1	NA	405872	0.51106723537636	1.9566897088669366	0.24638309614853943	1	564	2575	-2011	FALSE
LOC141386129	1	NA	424455	0.5344666382299662	1.87102417339233	0.23559623517216194	1	564	2576	-2012	FALSE
LOC141379168	1	NA	436431	0.5495466171663483	1.819681840926152	0.22913129452307468	1	564	2577	-2013	FALSE
si:ch211-209a2.1	1	NA	436566	0.5497166069088677	1.8191191378101854	0.22906043988766875	1	564	2578	-2014	FALSE
zgc:153383	1	1	441007	0.555308639846115	1.8008003626183742	0.22675377034831645	1	564	2579	-2015	FALSE
LOC101886839	1	NA	447219	0.5631306863685603	1.7757867298062948	0.22360409553261376	1	564	2580	-2016	FALSE
LOC141378539	1	NA	447787	0.5638459024704194	1.7735342149665834	0.22332046263067037	1	564	2581	-2017	FALSE
LOC103908653	1	NA	450351	0.567074448395009	1.7634368870441974	0.22204902398351506	1	564	2582	-2018	FALSE
LOC141378370	1	NA	454753	0.5726173731844173	1.7463668530328362	0.21989959384545016	1	564	2583	-2019	FALSE
doc2b	1	1	460087	0.579333856788848	1.7261204196537643	0.21735019681060322	1	564	2584	-2020	TRUE
lmx1bb	1	NA	464047	0.5843202225694153	1.7113903667456989	0.2154954131801305	1	564	2585	-2021	TRUE
cndp2	1	1	468893	0.5904222247342205	1.6937031807197835	0.21326827229239934	1	564	2586	-2022	FALSE
mef2cb	1	1	478235	0.6021855149165587	1.6606178249547636	0.20910221962006126	1	564	2587	-2023	TRUE
rab27a	1	1	479247	0.6034598083938147	1.657111188003767	0.20866066975901781	1	564	2588	-2024	TRUE
roraa	1	1	484076	0.6095404044428954	1.6405803334956521	0.20657913220238142	1	564	2589	-2025	TRUE
hs3st2	1	NA	485245	0.611012389694785	1.6366280240234137	0.20608146400272026	1	564	2590	-2026	FALSE
mettl14	1	NA	492343	0.6199500726014684	1.6130331202378045	0.20311043317362085	1	564	2591	-2027	FALSE
kirrel3l	1	2	496133	0.6247223772247891	1.6007110301415979	0.20155885619380287	1	564	2592	-2028	FALSE
LOC141376599	1	NA	497317	0.6262132502258475	1.596900096954742	0.20107898985958655	1	564	2593	-2029	FALSE
LOC141378722	1	NA	497441	0.6263693889523098	1.5965020284159155	0.20102886573483086	1	564	2594	-2030	FALSE
LOC141376388	1	NA	501490	0.6314678220446119	1.583611967371715	0.19940577080300703	1	564	2595	-2031	FALSE
thrab	1	1	501526	0.6315131526426171	1.583498294240461	0.19939145727240465	1	564	2596	-2032	TRUE
LOC137495459	1	NA	507635	0.6392055032874366	1.5644421001649638	0.19699193318033628	1	564	2597	-2033	FALSE
LOC141381025	1	NA	512120	0.6448529402889124	1.5507411651902707	0.19526673435913458	1	564	2598	-2034	FALSE
ifi27.8	1	1	543166	0.6839455443352483	1.4621047074324265	0.18410577981685158	1	564	2599	-2035	FALSE
ppargc1a	1	1	547991	0.6900211036512173	1.4492310375849993	0.18248474883711593	1	564	2600	-2036	TRUE
LOC141386151	1	1	553455	0.6969012810817777	1.4349234635467045	0.18068316303945217	1	564	2601	-2037	FALSE
unc13c	1	NA	559868	0.7049764234430853	1.4184871532526262	0.17861353033214972	1	564	2602	-2038	FALSE
LOC141386152	1	NA	560861	0.7062267924380609	1.4159757328772036	0.1782972964780935	1	564	2603	-2039	FALSE
LOC141378969	1	1	563674	0.7097688749988527	1.4089093439066576	0.1774075085953938	1	564	2604	-2040	FALSE
tshz1	1	NA	566247	0.7130087535729435	1.402507325455572	0.17660137713753893	1	564	2605	-2041	FALSE
ccser2a	1	NA	568801	0.7162247076647537	1.3962098616515115	0.1758084110260003	1	564	2606	-2042	TRUE
si:ch211-127n13.2	1	NA	570573	0.7184559804332298	1.3918737225863147	0.17526241164583672	1	564	2607	-2043	FALSE
LOC562564	1	NA	577348	0.7269869471411446	1.3755405154555682	0.1732057615164511	1	564	2608	-2044	FALSE
robo1	1	1	579621	0.7298490707318591	1.3701462947637186	0.17252653026719184	1	564	2609	-2045	FALSE
LOC141378731	1	1	583498	0.7347309243003589	1.3610424808949497	0.17138019324830592	1	564	2610	-2046	FALSE
amy2al2	1	1	586071	0.7379708028744497	1.3550671599810284	0.17062779083080376	1	564	2611	-2047	FALSE
auts2a	1	1	587653	0.7399628308201207	1.3514192312763509	0.17016844974840595	1	564	2612	-2048	TRUE
cdh7a	1	NA	590219	0.7431938951112661	1.3455438837401734	0.16942863581145304	1	564	2613	-2049	TRUE
LOC141378326	1	NA	611581	0.7700925682942149	1.298545189463442	0.1635106388197148	1	564	2614	-2050	FALSE
csmd3a	1	1	613092	0.7719951942271536	1.2953448512086951	0.163107657578308	1	564	2615	-2051	TRUE
LOC101885457	1	1	615447	0.7749605708466575	1.290388230858614	0.16248352823232545	1	564	2616	-2052	FALSE
pcdh18a	1	1	625463	0.7875725505583145	1.2697242930712789	0.15988155974054422	1	564	2617	-2053	TRUE
LOC141376180	1	NA	625463	0.7875725505583145	1.2697242930712789	0.15988155974054422	1	564	2617	-2053	FALSE
ptprt	1	1	670427	0.8441904674667552	1.1845667992447222	0.1491586705189379	1	564	2619	-2055	FALSE
sox11a	1	NA	684773	0.8622547107718102	1.159750115026792	0.1460337951408715	1	564	2620	-2056	TRUE
LOC141375509	1	NA	694401	0.8743781273716337	1.1436699623376714	0.14400900920361578	1	564	2621	-2057	FALSE
slitrk1	1	1	697153	0.8778433997524725	1.1391553439736202	0.14344053600859497	1	564	2622	-2058	FALSE
LOC141378573	1	NA	698090	0.8790232544838843	1.137626331156787	0.1432480052715266	1	564	2623	-2059	FALSE
LOC137496025	1	NA	758684	0.9553222060262306	1.0467672516057296	0.1318071819097279	1	564	2624	-2060	FALSE
LOC137487784	1	NA	810248	1.02025073256895	0.9801512197712816	0.12341900257698878	1	564	2625	-2061	FALSE
gata3	1	1	895043	1.127023178620263	0.887293197664516	0.11172647571122281	1	564	2626	-2062	FALSE
celf2	1	NA	969170	1.2203626574627142	0.8194285476410139	0.10318107246406719	1	564	2627	-2063	FALSE
lzts1	1	1	1037717	1.3066758936143663	0.7653007183242073	0.0963653867094786	1	564	2628	-2064	FALSE
slc6a1l	1	1	1135859	1.4302546588760912	0.699176187816658	0.08803909640193017	1	564	2629	-2065	FALSE
