id	description	genome_fraction	observed_region_hits	fold_enrichment	p_value	p_adjust	mean_tss_dist	observed_gene_hits	gene_set_size	fold_enrichment_hyper	p_value_hyper	p_adjust_hyper
GO:0030900	forebrain development	0.013959240163263	329	3.44268449798401	2.89743645644016e-79	7.00889878812876e-76	73676	78	170	3.88655591401091	1.76965086071167e-28	1.42692847735385e-25
GO:0021536	diencephalon development	0.00702798554861672	186	3.86585169826992	4.38570308503929e-52	5.30450788135502e-49	63654	43	89	4.09258480717658	2.02860145271327e-17	2.4535934570567e-15
GO:0090596	sensory organ morphogenesis	0.025008961845665	381	2.22531972196522	7.51384247855313e-45	6.05866165187334e-42	50148	105	367	2.42349692814556	2.30422065177514e-18	3.7159398377627e-16
GO:0021879	forebrain neuron differentiation	0.00245430405706709	101	6.01112990769441	2.20959898414775e-44	1.33625498566335e-41	70696	15	27	4.70594377052604	5.08639635212296e-08	7.7847541282463e-07
GO:0021884	forebrain neuron development	0.00182749356852797	86	6.87393940152755	2.79528554627937e-42	1.35235914728996e-39	81513	8	15	4.51770601970499	0.000111778576594808	0.000621591670765148
GO:0045944	positive regulation of transcription by RNA polymerase II	0.0255925156062054	373	2.12891812878605	6.31916441237752e-40	2.54767645225687e-37	67240	141	426	2.80368199286269	2.96516613600189e-31	7.17273688298858e-28
GO:0051253	negative regulation of RNA metabolic process	0.0262402897670403	379	2.10976308249978	9.4999211822012e-40	3.28290133424924e-37	58466	151	488	2.62105638694462	9.62886894109122e-30	1.16461169842498e-26
GO:0021872	forebrain generation of neurons	0.0030215414653949	101	4.88265366832671	6.58210247159459e-37	1.99026323484841e-34	70696	15	32	3.97064005638134	9.26213089671903e-07	9.91375868989528e-06
GO:0048562	embryonic organ morphogenesis	0.0319059858729228	423	1.93656154654742	4.4198927606619e-36	1.18796895422679e-33	52731	148	487	2.57425753689556	2.92590433611538e-28	1.76944064726578e-25
GO:0030855	epithelial cell differentiation	0.0229427859762165	334	2.12649035977437	9.77186411346233e-36	2.36381392904654e-33	62987	106	348	2.58015537763324	9.6788716036748e-21	2.92664880116117e-18
GO:0045892	negative regulation of DNA-templated transcription	0.0236510270653999	339	2.09369202271654	5.08160933399925e-35	1.02436774824535e-32	63683	131	438	2.53347383810511	1.81425846833074e-24	6.26955890698867e-22
GO:1902679	negative regulation of RNA biosynthetic process	0.0236510270653999	339	2.09369202271654	5.08160933399925e-35	1.02436774824535e-32	63683	131	438	2.53347383810511	1.81425846833074e-24	6.26955890698867e-22
GO:0021953	central nervous system neuron differentiation	0.0108612487985042	202	2.71665639811943	7.61240367380721e-35	1.41649265284151e-32	55884	55	142	3.28090445973294	1.82241882639334e-16	1.76337245641819e-14
GO:0048593	camera-type eye morphogenesis	0.0163842984756032	261	2.32688950898022	6.68128590283605e-34	1.1544307570686e-31	49843	66	223	2.50702295936544	7.58636573535802e-13	3.59831739486883e-11
GO:0048706	embryonic skeletal system development	0.0154637032270788	247	2.33317090544335	2.58109900880881e-32	4.16245233487234e-30	64458	78	223	2.9628453156137	1.44250624324321e-19	3.17220236582302e-17
GO:0048592	eye morphogenesis	0.0185819804580556	278	2.18532433592042	1.00803039391581e-31	1.52401595180146e-29	48005	74	271	2.31303214108512	2.71980073718766e-12	1.17485678272445e-10
GO:0021954	central nervous system neuron development	0.00368204761290069	103	4.08611824131057	2.20040469045931e-31	3.13104643895357e-29	71246	17	51	2.82356626231562	4.54943555508936e-05	0.000286800587430117
GO:0021538	epithalamus development	0.00173325919726973	67	5.64643579911076	1.78009581076523e-28	2.39225098124505e-26	72412	12	22	4.62038115651647	1.48916223792635e-06	1.5009514389766e-05
GO:0035270	endocrine system development	0.00724312616736308	145	2.92418642892587	1.88614107345159e-28	2.40135539825231e-26	42822	42	123	2.8924337321282	7.49996208715547e-11	2.41898777184388e-09
GO:0048704	embryonic skeletal system morphogenesis	0.0142082703956684	223	2.29259190566437	2.58902693288013e-28	3.13142807531852e-26	60198	70	203	2.92093061618857	2.43957867140082e-17	2.81016228862789e-15
GO:0060041	retina development in camera-type eye	0.0208340015049476	287	2.01220540272076	3.41089515813146e-27	3.92902637500952e-25	43462	85	316	2.27851074965343	1.69623689184281e-13	9.32544782129035e-12
GO:0048705	skeletal system morphogenesis	0.016335802209991	239	2.1370788177599	3.6187440167965e-26	3.97897353483216e-24	58088	80	245	2.76594246104387	5.50130230385142e-18	7.8280295723627e-16
GO:0003310	pancreatic A cell differentiation	0.00088478817530936	47	7.75928409513684	5.36882307862268e-26	5.64660131616881e-24	59914	8	12	5.64713252463124	1.19543143676019e-05	9.03728906953281e-05
GO:0042471	ear morphogenesis	0.00790710210219374	147	2.71558307462345	9.82413296275501e-26	9.90190734871016e-24	55153	37	108	2.90199865849106	8.83119250572127e-10	2.24870049171997e-08
GO:0042472	inner ear morphogenesis	0.00783192498735874	146	2.72299874861429	1.11216136703959e-25	1.0761273387475e-23	55503	36	107	2.84995473205689	2.5955579649793e-09	5.76023368558251e-08
GO:0030901	midbrain development	0.00301139162998368	83	4.02600174330514	3.37574162987727e-25	3.1407380779512e-23	48031	18	40	3.81181445412609	1.64641096820042e-07	2.20036913374409e-06
GO:0060042	retina morphogenesis in camera-type eye	0.010047822835594	169	2.45684546819261	8.63949525763326e-25	7.74034778822773e-23	43235	42	144	2.47062047952617	1.63425842124552e-08	2.84407994316036e-07
GO:1904888	cranial skeletal system development	0.016893339122782	238	2.05790139671003	5.65933787461509e-24	4.88926368524782e-22	60395	79	263	2.54443043410191	1.80299552496087e-15	1.4381746969946e-13
GO:0009952	anterior/posterior pattern specification	0.015907680012632	228	2.09358744752494	6.32061259250083e-24	5.27226271077914e-22	40499	87	272	2.70937792082492	8.82664065722579e-19	1.7793036458191e-16
GO:0043583	ear development	0.0141657673990718	209	2.15510921981884	1.81119231297655e-23	1.46042473503009e-21	58692	62	209	2.51283887459668	3.30024724698295e-12	1.3764307052503e-10
GO:0021986	habenula development	0.00147525459152084	55	5.44576403839858	5.88557307623119e-23	4.5926455714204e-21	80692	9	19	4.01243626750115	0.000134176799991557	0.000722881245388809
GO:0048839	inner ear development	0.0140278663030631	206	2.14505636016252	6.35963576843485e-23	4.80748716370122e-21	59516	60	207	2.45527501070924	2.11625750054503e-11	7.64063715495286e-10
GO:0031016	pancreas development	0.0091415132819697	154	2.46074001444928	8.71763872357294e-23	6.39029335524938e-21	43353	45	167	2.2825236252252	7.12163495091699e-08	1.05044115526026e-06
GO:0072009	nephron epithelium development	0.00586455764484823	116	2.88925474339322	1.14154033826151e-22	8.12172375957236e-21	95233	34	71	4.05639096839709	6.18881267054411e-14	3.70235064960789e-12
GO:0001708	cell fate specification	0.00905565002284117	152	2.45181141863083	2.29768483243026e-22	1.58802845989966e-20	40647	54	136	3.36336569481714	9.49958234939959e-17	1.01026962074035e-14
GO:0021510	spinal cord development	0.00654627525729943	122	2.72225417999609	1.05353113645223e-21	7.07914394188315e-20	43374	33	94	2.97375595711964	3.47183239106804e-09	7.11725640168948e-08
GO:0048701	embryonic cranial skeleton morphogenesis	0.0136216561543246	198	2.12323655211113	1.30675051950257e-21	8.54332299101814e-20	67109	57	182	2.65291115854929	2.09205705102748e-12	9.51538503129108e-11
GO:0045165	cell fate commitment	0.01383393024696	197	2.08009777664285	1.4427172257838e-20	9.18403412939738e-19	44131	76	206	3.12511217382506	1.11270616633929e-20	2.99070690708304e-18
GO:0072073	kidney epithelium development	0.00669121117972848	121	2.64145817694662	1.56529199838896e-20	9.7088239592382e-19	94461	37	83	3.77609463996427	8.31263178970492e-14	4.67633867425493e-12
GO:0000122	negative regulation of transcription by RNA polymerase II	0.0163979498489295	221	1.96863782384793	3.66127272889008e-20	2.21415468279627e-18	69375	87	291	2.53247695692226	9.60570536462508e-17	1.01026962074035e-14
GO:0001501	skeletal system development	0.0305392258090421	348	1.66450201775553	2.60200379661595e-19	1.53518224000341e-17	59001	133	447	2.5203645160267	1.38000248045052e-24	6.26955890698867e-22
GO:0035850	epithelial cell differentiation involved in kidney development	0.00425721024463494	89	3.05371156094059	3.35988518098129e-19	1.93513386971279e-17	98393	26	51	4.31839546001213	8.81410013012548e-12	3.38433463726564e-10
GO:0061005	cell differentiation involved in kidney development	0.00426534736871946	89	3.04788590883264	3.77172801697732e-19	2.12181629606235e-17	98393	26	52	4.23534939347343	1.56408240236909e-11	5.73259898686491e-10
GO:0030902	hindbrain development	0.0111508431708131	165	2.1614208752433	5.99824291508475e-19	3.29767036627046e-17	47100	55	154	3.02524956676674	1.09447286126106e-14	7.78685250408974e-13
GO:0071599	otic vesicle development	0.00440824849245471	90	2.98221909724828	9.02246358982138e-19	4.8500754275062e-17	66315	23	59	3.30213681525047	8.66920298506579e-08	1.24826202505203e-06
GO:0021515	cell differentiation in spinal cord	0.0047462066061733	93	2.86219628884233	3.07736558329764e-18	1.61829290130369e-16	29596	29	65	3.77923484340706	3.82036227889774e-11	1.28981747453446e-09
GO:0051090	regulation of DNA-binding transcription factor activity	0.00157467466243528	50	4.63812308988431	3.31919534532701e-18	1.70832628518001e-16	39062	13	25	4.40476336921237	1.11271284534953e-06	1.16019498831919e-05
GO:0035118	embryonic pectoral fin morphogenesis	0.00325412627253622	74	3.32170013172317	4.12601517691668e-18	2.07933973186697e-16	101845	18	34	4.48448759308952	6.47359026168058e-09	1.22340740960979e-07
GO:0072006	nephron development	0.00899251742537617	140	2.27410154277858	4.89151334812281e-18	2.4148103651243e-16	83250	45	115	3.31462126445747	6.18865944865777e-14	3.70235064960789e-12
GO:0001780	neutrophil homeostasis	0.000833346697340811	36	6.31015296829716	1.66418998646075e-17	8.05135115449711e-16	76175	4	10	3.38827951477875	0.0226374512719993	0.0476271036563085
GO:0021537	telencephalon development	0.00314891724075173	71	3.29351925774896	2.95084096608313e-17	1.39962437195198e-15	93728	19	36	4.47064658199973	2.62708705290943e-09	5.77720325544355e-08
GO:0035883	enteroendocrine cell differentiation	0.00234165089234074	60	3.7427619641096	3.0626196051537e-17	1.42470708170515e-15	49289	14	43	2.75790193063386	0.000277714229179425	0.00133027865422778
GO:0045743	positive regulation of fibroblast growth factor receptor signaling pathway	0.00126797569500051	43	4.95359654616156	7.32362721027466e-17	3.34261400408574e-15	147582	7	17	3.48793479462518	0.0021055340179743	0.00739228851883867
GO:0001776	leukocyte homeostasis	0.000996258285435578	38	5.57153362077665	1.14036836625778e-16	5.10842792218066e-15	72197	5	17	2.49138199616084	0.0419178219660594	0.0769925674532253
GO:0003309	type B pancreatic cell differentiation	0.00209558105735658	55	3.8337282987854	2.30378737647316e-16	1.01324757521611e-14	50459	12	40	2.54120963608406	0.001673882021137	0.00602547709692023
GO:0008283	cell population proliferation	0.0275030845939962	308	1.63580833623825	2.82355764695847e-16	1.21967606214153e-14	56295	116	465	2.11312055760395	2.84804616069439e-15	2.0877041402181e-13
GO:0021761	limbic system development	0.00240638413369004	59	3.58137799954776	3.76990552755036e-16	1.5998949949376e-14	83938	12	29	3.50511673942629	5.38361467083358e-05	0.000327210147958453
GO:0048703	embryonic viscerocranium morphogenesis	0.00857629272634992	130	2.21414909381407	5.24400030176596e-16	2.18710978102963e-14	79048	34	112	2.57146213175173	1.2578247529219e-07	1.70936970635847e-06
GO:0040036	regulation of fibroblast growth factor receptor signaling pathway	0.00279461240469082	63	3.29292676590268	1.7266866438135e-15	7.07941523963535e-14	114873	17	40	3.60004698445242	9.82806491353143e-07	1.04272320288739e-05
GO:0021522	spinal cord motor neuron differentiation	0.00178764243644349	49	4.00385673709933	1.8963135902577e-15	7.64530429138896e-14	36187	13	36	3.05886345084192	0.000140441100991001	0.000748297408143684
GO:0061386	closure of optic fissure	0.0032268732224596	68	3.07815237663683	3.29758753412081e-15	1.30768266312102e-13	72923	13	26	4.23534939347343	1.98388697982417e-06	1.84968194335683e-05
GO:0060993	kidney morphogenesis	0.00315042746447698	67	3.10647900672316	3.4328097134789e-15	1.33934946724282e-13	98699	21	49	3.63029948012008	4.44779486148972e-08	6.98650374671665e-07
GO:0060059	embryonic retina morphogenesis in camera-type eye	0.00211882317961446	53	3.65379569188939	5.23647923173484e-15	2.01064178755025e-13	32825	12	29	3.50511673942629	5.38361467083358e-05	0.000327210147958453
GO:0035138	pectoral fin morphogenesis	0.00383801479473417	75	2.85441900364121	5.8581280211108e-15	2.21418932547922e-13	100759	19	41	3.92544577931684	4.14825701178596e-08	6.60173270494095e-07
GO:0014706	striated muscle tissue development	0.016047150692165	199	1.8114162135688	8.02564745270242e-15	2.98677556739802e-13	67237	84	266	2.67495751166743	8.34220574572231e-18	1.10147589071017e-15
GO:0002064	epithelial cell development	0.00738988015619628	114	2.25335989824983	1.02032733150808e-14	3.73965426502736e-13	50166	29	107	2.29579686749027	1.23788897180032e-05	9.25219447253243e-05
GO:0035113	embryonic appendage morphogenesis	0.00390429139085936	75	2.80596432735365	1.36034753635881e-14	4.91146371709247e-13	100972	19	41	3.92544577931684	4.14825701178596e-08	6.60173270494095e-07
GO:0001822	kidney development	0.0151745713090184	190	1.8289434407227	1.3807785656904e-14	4.91191669177217e-13	84354	68	238	2.42019965341339	2.12414548032128e-12	9.51538503129108e-11
GO:0060537	muscle tissue development	0.0164013423304696	201	1.79011020867857	1.75040100185963e-14	6.1365507586934e-13	66631	86	276	2.63942063651243	8.6515262188893e-18	1.10147589071017e-15
GO:0071425	hematopoietic stem cell proliferation	0.00129838240696042	40	4.50008248524859	1.80680002118581e-14	6.24378464464069e-13	63942	10	23	3.68291251606385	0.000138234618159733	0.000739799870195563
GO:0031076	embryonic camera-type eye development	0.00577760244150885	96	2.42709448614465	1.90400263070647e-14	6.48701741363232e-13	66292	22	60	3.10592288854718	5.76545513226629e-07	6.60978007817638e-06
GO:0072001	renal system development	0.015242887535449	190	1.82074640364987	2.05352470743131e-14	6.89927259343938e-13	84354	68	240	2.40003132296828	3.24628972448319e-12	1.3764307052503e-10
GO:0032330	regulation of chondrocyte differentiation	0.00171687658295587	46	3.91364888118916	2.95372754170896e-14	9.71422135918971e-13	94715	7	20	2.9647445754314	0.00609951312658721	0.0174405700392606
GO:0009880	embryonic pattern specification	0.00405219323255137	76	2.73959617112669	2.9716923546095e-14	9.71422135918971e-13	51038	22	79	2.35892877611179	8.55131367695986e-05	0.000490180753188765
GO:0021592	fourth ventricle development	0.000849622325970297	32	5.50157664187536	3.85008115897546e-14	1.24177950980822e-12	60980	7	10	5.9294891508628	2.75897924044672e-05	0.000185904478625087
GO:0042490	mechanoreceptor differentiation	0.00568278827686431	94	2.41618110046192	4.54697729375561e-14	1.44725500968353e-12	42319	25	84	2.52104130563895	8.21748322099587e-06	6.48900280078595e-05
GO:0039019	pronephric nephron development	0.00418477748516173	77	2.68770413783339	5.20552649749674e-14	1.62338121521314e-12	63093	21	51	3.48793479462518	1.02933533041242e-07	1.44765242108584e-06
GO:0072088	nephron epithelium morphogenesis	0.00134330051910296	40	4.34960594865195	5.23454877166701e-14	1.62338121521314e-12	147203	10	17	4.98276399232169	4.60528300969295e-06	3.8547334257603e-05
GO:0021854	hypothalamus development	0.00236856849052958	54	3.33020460894716	1.08637010544752e-13	3.32649276592095e-12	91566	11	28	3.32777452344341	0.000192101876536854	0.000976248822148426
GO:0033339	pectoral fin development	0.00597065224200726	96	2.34861895493812	1.23171835607623e-13	3.72440837918549e-12	87700	30	81	3.13729584701736	4.15109069995923e-09	8.16381170991981e-08
GO:0071696	ectodermal placode development	0.00358454707223301	69	2.81175779643452	1.3604459399159e-13	4.06286262797107e-12	46239	20	44	3.85031763043039	2.75524383172837e-08	4.56502385544584e-07
GO:0033280	response to vitamin D	0.000624427123583318	27	6.3160434627694	1.57381053832784e-13	4.64274108806714e-12	84887	2	9	1.88237750821041	0.288246037410699	0.345163576945381
GO:0008543	fibroblast growth factor receptor signaling pathway	0.00555806574647999	91	2.39155744896516	1.98232975395522e-13	5.77741647568395e-12	89206	34	81	3.555601959953	6.72177145299655e-12	2.66556805652437e-10
GO:0016071	mRNA metabolic process	0.0237913695057031	262	1.60858848095843	2.78523542910675e-13	8.0208148845348e-12	61964	133	491	2.29450700338887	1.48849708164033e-20	3.60067444048795e-18
GO:0000289	nuclear-transcribed mRNA poly(A) tail shortening	0.000919525391680699	32	5.0833423255778	3.05351014719582e-13	8.6899306424314e-12	33628	10	18	4.70594377052604	9.25953524447084e-06	7.17910761422274e-05
GO:0044344	cellular response to fibroblast growth factor stimulus	0.00561036587084443	91	2.369263225222	3.27964150397242e-13	9.11891126219458e-12	89206	34	82	3.51224096044138	1.01793551840781e-11	3.78828618312076e-10
GO:0071774	response to fibroblast growth factor	0.00561036587084443	91	2.369263225222	3.27964150397242e-13	9.11891126219458e-12	89206	34	82	3.51224096044138	1.01793551840781e-11	3.78828618312076e-10
GO:0055123	digestive system development	0.00860957148626264	122	2.06986203796818	3.56310457366808e-13	9.79448859511715e-12	44229	50	160	2.6470933709209	4.98768519842336e-11	1.652768560957e-09
GO:0072028	nephron morphogenesis	0.00170513576688346	44	3.76926626396227	3.6230759473989e-13	9.8474390075932e-12	137262	12	21	4.84039930682678	7.58880349636276e-07	8.38233591675868e-06
GO:0060173	limb development	0.00646894255348183	100	2.25803053606214	3.74044587608901e-13	1.00534873047326e-11	84674	33	90	3.10592288854718	9.60744425335795e-10	2.40900519693682e-08
GO:0048732	gland development	0.0163299842594516	195	1.74426292762724	4.12261842989209e-13	1.09589164636362e-11	36550	74	275	2.27938803721479	5.89780701893479e-12	2.37779919646721e-10
GO:0060872	semicircular canal development	0.00192782819448627	47	3.56116942156898	4.18815149392611e-13	1.10121070258775e-11	61699	12	29	3.50511673942629	5.38361467083358e-05	0.000327210147958453
GO:0071542	dopaminergic neuron differentiation	0.00196402800869756	47	3.49553203204866	7.90094562052226e-13	2.05509542538101e-11	64533	9	24	3.17651204510507	0.00109400708348113	0.00433126535996868
GO:0035315	hair cell differentiation	0.00533919236269426	87	2.38016349321937	8.41602064979713e-13	2.16578233530418e-11	42619	23	77	2.53020872856854	1.74326510232533e-05	0.00012321111243784
GO:0002072	optic cup morphogenesis involved in camera-type eye development	0.00378628963214447	69	2.66194062162361	1.55420030354451e-12	3.95748477292017e-11	72064	14	31	3.82547687152439	3.72326023793033e-06	3.19381791331683e-05
GO:0002262	myeloid cell homeostasis	0.00710464044635653	104	2.13822961617376	3.01359806974718e-12	7.59363930283169e-11	45557	37	152	2.06194641524364	1.28795361741508e-05	9.58633784777561e-05
GO:0072089	stem cell proliferation	0.00175345326286825	43	3.5820972000685	3.34097865427653e-12	8.33178078834529e-11	59748	12	29	3.50511673942629	5.38361467083358e-05	0.000327210147958453
GO:0039020	pronephric nephron tubule development	0.00161315154614821	41	3.71254557033739	3.55073731010012e-12	8.76452403380836e-11	75625	10	20	4.23534939347343	3.12323348246922e-05	0.000207557741595963
GO:0048596	embryonic camera-type eye morphogenesis	0.00504021293005983	82	2.37644667399571	4.0127840721337e-12	9.7982502103168e-11	68476	19	50	3.21886553903981	1.79117975878525e-06	1.71939041131013e-05
GO:0048736	appendage development	0.0094584856360254	127	1.96130537038839	4.05053749909748e-12	9.7982502103168e-11	76015	45	134	2.8446376523329	3.05638780800287e-11	1.05620030107985e-09
GO:0033273	response to vitamin	0.000956249090630311	31	4.73536831472572	4.15208133554724e-12	9.94444034721662e-11	77685	3	14	1.81514974006004	0.224034116876614	0.283440653098603
GO:0033333	fin development	0.00908310462014254	123	1.97803467340491	5.14896636049566e-12	1.2211127084352e-10	78111	42	127	2.80133345710054	2.35989645831794e-10	6.87781871406157e-09
GO:0061326	renal tubule development	0.0026332904167968	54	2.99542262921518	5.72888785311347e-12	1.34545434142539e-10	65356	18	36	4.23534939347343	2.10729371439757e-08	3.51554723801913e-07
GO:0031018	endocrine pancreas development	0.00373834486047944	67	2.6179331083293	6.54354880415027e-12	1.52200428434995e-10	46834	19	70	2.29918967074272	0.000362787282654605	0.0016587608275788
GO:0043049	otic placode formation	0.00242609227721242	51	3.07061923368983	9.16269251778617e-12	2.1109098286214e-10	54993	14	24	4.94124095905234	6.18269576531895e-08	9.23206238043613e-07
GO:0021903	rostrocaudal neural tube patterning	0.00465883933539151	76	2.38286239669828	2.10508571550807e-11	4.80396447718303e-10	52661	17	53	2.71701659203956	7.89199191696358e-05	0.000456715991558251
GO:0072080	nephron tubule development	0.00249178286787932	51	2.98966884520518	2.31646805190822e-11	5.23694973604299e-10	66306	16	33	4.10700547245909	2.23011865840264e-07	2.8694984227e-06
GO:0021772	olfactory bulb development	0.00166655189748616	40	3.5059381814217	3.45423911022161e-11	7.66587560332667e-10	145483	8	11	6.16050820868863	4.44901413740422e-06	3.74988334438356e-05
GO:0021988	olfactory lobe development	0.00166655189748616	40	3.5059381814217	3.45423911022161e-11	7.66587560332667e-10	145483	8	11	6.16050820868863	4.44901413740422e-06	3.74988334438356e-05
GO:0009913	epidermal cell differentiation	0.00676313523952824	97	2.09501321876986	4.60195243249099e-11	1.01201117583597e-09	39409	32	114	2.37774001037105	1.98808311398419e-06	1.84968194335683e-05
GO:0003015	heart process	0.0103839242300161	132	1.85684445857498	5.29872923096418e-11	1.15474108195517e-09	47200	48	207	1.96422000856739	3.19252008113549e-06	2.82883006456657e-05
GO:0048872	homeostasis of number of cells	0.00830077767010478	112	1.97088981907432	5.46240243419249e-11	1.17978138288497e-09	42503	41	183	1.8978068320482	3.7509972303752e-05	0.000243915653233269
GO:0071600	otic vesicle morphogenesis	0.00299481713166816	56	2.73137181355982	7.19351540050619e-11	1.53992157113491e-09	58510	17	35	4.11433941080276	9.01468932594932e-08	1.29032742482079e-06
GO:0061061	muscle structure development	0.0280075345199699	285	1.48639106246318	1.01426215111494e-10	2.1521931083746e-09	57249	122	455	2.27126429012641	1.35787601839413e-18	2.52669391422722e-16
GO:0060047	heart contraction	0.0102936221003313	130	1.84475305031071	1.10198707387776e-10	2.31800585366113e-09	47898	47	204	1.95158256365933	4.83655563329235e-06	4.03435450928766e-05
GO:0030917	midbrain-hindbrain boundary development	0.00329350390668856	59	2.61671807261447	1.14488690849425e-10	2.38748399279965e-09	42034	15	45	2.82356626231562	0.000125881378481332	0.000692061487605321
GO:0048048	embryonic eye morphogenesis	0.00589686870199003	87	2.15506761082741	1.16104665568693e-10	2.40048876932195e-09	64779	22	60	3.10592288854718	5.76545513226629e-07	6.60978007817638e-06
GO:0060485	mesenchyme development	0.0200244139123008	217	1.58293479410257	1.17700281664605e-10	2.41285577412439e-09	51655	76	263	2.44780649356639	5.83608305433475e-14	3.70235064960789e-12
GO:0060900	embryonic camera-type eye formation	0.00438637716741729	71	2.36437022573233	1.29636817514638e-10	2.63522236611689e-09	70346	16	41	3.30563855100365	7.77173455548382e-06	6.20456299990606e-05
GO:0071697	ectodermal placode morphogenesis	0.00296968791998395	55	2.7052971956831	1.48174353331417e-10	2.9869480059058e-09	51697	17	36	4.00005220494713	1.51949906626009e-07	2.04203791182398e-06
GO:0021532	neural tube patterning	0.00526444250036654	80	2.21973283146722	1.68776435456185e-10	3.37413386254969e-09	50804	19	61	2.63841437626214	4.83443901687704e-05	0.000299859179021168
GO:0007584	response to nutrient	0.00112039964197317	31	4.04158612259224	1.9227085200156e-10	3.81232123763748e-09	77685	3	15	1.69413975738937	0.257195234981325	0.313228819434782
GO:0060788	ectodermal placode formation	0.00274455966992848	52	2.76753913954098	2.13678901383682e-10	4.20235172721241e-09	54196	15	31	4.09872521949042	5.52561020334212e-07	6.3954311396577e-06
GO:0042359	vitamin D metabolic process	0.000747826482632497	25	4.88317482765988	2.50674382115987e-10	4.89017201885946e-09	87079	1	10	0.847069878694686	0.715313348346345	0.73631616580843
GO:0030916	otic vesicle formation	0.00268050492488719	51	2.77917997461927	2.74994382470189e-10	5.3216912895631e-09	54993	14	28	4.23534939347343	7.9623257151404e-07	8.69798619431554e-06
GO:0061035	regulation of cartilage development	0.00293713942364587	54	2.68554418638305	2.78379126995901e-10	5.34443736669115e-09	85008	15	41	3.09903614156593	3.66899964887593e-05	0.0002405233103152
GO:0090287	regulation of cellular response to growth factor stimulus	0.011727433198646	141	1.75622134015712	4.42685802903318e-10	8.43194454506399e-09	73119	52	178	2.47458616247886	3.24281715975001e-10	8.81390416790481e-09
GO:0003013	circulatory system process	0.0172414733006602	190	1.60969031923423	4.76057226644976e-10	8.99673774417342e-09	46346	74	312	2.00907599433996	3.01667080087267e-09	6.40116374325526e-08
GO:0008015	blood circulation	0.0170774828827288	188	1.60804091876708	6.32172193758154e-10	1.18544537728758e-08	46819	73	305	2.02741315228564	2.52979470635764e-09	5.66627166173994e-08
GO:0034109	homotypic cell-cell adhesion	0.000976313392947128	28	4.18920766594845	6.4926044498738e-10	1.20812385878806e-08	125181	6	16	3.17651204510507	0.00754307160421367	0.0205944584769671
GO:0043584	nose development	0.000218090662714235	14	9.37678738557771	7.74118003974652e-10	1.42945912336999e-08	42787	2	9	1.88237750821041	0.288246037410699	0.345163576945381
GO:0002065	columnar/cuboidal epithelial cell differentiation	0.00107220362650741	29	3.95078895798802	1.19495211485635e-09	2.18984027714963e-08	69164	10	19	4.45826251944572	1.74706124705163e-05	0.00012321111243784
GO:0002089	lens morphogenesis in camera-type eye	0.00143041447539336	34	3.47200327236911	1.23077277767449e-09	2.20665165654828e-08	43016	5	20	2.11767469673672	0.0781543156500255	0.125785289126688
GO:0031017	exocrine pancreas development	0.00271931035818568	50	2.68580410062858	1.23149224321628e-09	2.20665165654828e-08	43290	16	53	2.55719208662547	0.000279718198901609	0.00133196520303739
GO:0035272	exocrine system development	0.00271931035818568	50	2.68580410062858	1.23149224321628e-09	2.20665165654828e-08	43290	16	53	2.55719208662547	0.000279718198901609	0.00133196520303739
GO:0060562	epithelial tube morphogenesis	0.0173969649138709	189	1.58690680241462	1.50716537657726e-09	2.68075959260323e-08	40631	79	279	2.39851327659069	6.27517059255575e-14	3.70235064960789e-12
GO:0048886	neuromast hair cell differentiation	0.00239902835021657	46	2.80082230683875	1.56772996474762e-09	2.76813049979891e-08	36780	11	37	2.5183158555788	0.00279538393811976	0.00933338834709735
GO:0051091	positive regulation of DNA-binding transcription factor activity	0.00117360672884902	30	3.73389214531495	2.23675483001767e-09	3.92080429986431e-08	41736	11	17	5.48104039155385	3.84252350070125e-07	4.64753217409817e-06
GO:0007517	muscle organ development	0.0129599641912978	149	1.6793668341373	2.57235286196752e-09	4.47663422525139e-08	66505	63	230	2.32023488512023	9.45263071625371e-11	2.9315273977715e-09
GO:0035107	appendage morphogenesis	0.00641817612067018	88	2.00278415573244	2.81366388942808e-09	4.86160924894752e-08	86730	30	79	3.21672105833425	2.07587958488632e-09	4.69303992134579e-08
GO:0048863	stem cell differentiation	0.0206513714198771	215	1.52073193970202	3.49264502619071e-09	5.99199171514561e-08	54939	81	282	2.43307305582516	1.28221359343265e-14	8.86192766432451e-13
GO:0009994	oocyte differentiation	0.00141857909778056	33	3.39800089310043	3.56143301814086e-09	6.06697638794559e-08	68457	10	42	2.01683304451116	0.0219086246808813	0.0469415085058032
GO:0001755	neural crest cell migration	0.00983931601950918	120	1.78147380889052	3.86834954558689e-09	6.54373255298928e-08	73487	28	115	2.06243100899576	0.000136975144702431	0.000734684867040311
GO:0021915	neural tube development	0.00933571024509671	115	1.79934143777497	4.76201150671997e-09	7.99951794080251e-08	41363	38	118	2.72785215172865	3.84721745295746e-09	7.69125538735876e-08
GO:0072498	embryonic skeletal joint development	0.00100860926502404	27	3.91024452049852	5.37797404755475e-09	8.97194429036892e-08	87239	7	13	4.5611455006637	0.00028530313692059	0.00135058373426792
GO:0007051	spindle organization	0.00395770968818307	62	2.28828893553074	5.96690532845308e-09	9.88626300652602e-08	33586	22	103	1.80927546905661	0.00403853402979752	0.0125407109346344
GO:0009799	specification of symmetry	0.0174174909802061	186	1.55987736117748	6.80861371331091e-09	1.11284030895264e-07	47183	74	336	1.86557056617282	8.13003061842431e-08	1.17763736921967e-06
GO:0009855	determination of bilateral symmetry	0.0174174909802061	186	1.55987736117748	6.80861371331091e-09	1.11284030895264e-07	47183	74	336	1.86557056617282	8.13003061842431e-08	1.17763736921967e-06
GO:0022600	digestive system process	0.00162347739026598	35	3.14908878206811	8.0394364449508e-09	1.30519441344537e-07	58361	9	29	2.62883755456972	0.00484889572063857	0.0146618484352809
GO:0021575	hindbrain morphogenesis	0.0027106769585717	48	2.58658394992054	8.16465828463443e-09	1.31668722603538e-07	35479	16	42	3.22693287121785	1.11797206099564e-05	8.53114957586265e-05
GO:0008544	epidermis development	0.00793267375145011	101	1.85979418570123	8.24135547701169e-09	1.32025423171465e-07	39004	36	140	2.17817968807205	4.47480997519151e-06	3.75852962846815e-05
GO:0030223	neutrophil differentiation	0.00132713877846007	31	3.4119955789479	9.47023880305553e-09	1.50713866214417e-07	33422	15	33	3.85031763043039	1.5122141095316e-06	1.51786138213981e-05
GO:0014032	neural crest cell development	0.0124534711838677	142	1.66556286522078	9.76278835941942e-09	1.53351850918413e-07	66081	41	155	2.24063645332143	4.53506532665625e-07	5.37760932606934e-06
GO:0048864	stem cell development	0.0124534711838677	142	1.66556286522078	9.76278835941942e-09	1.53351850918413e-07	66081	41	155	2.24063645332143	4.53506532665625e-07	5.37760932606934e-06
GO:0033334	fin morphogenesis	0.0063119434774668	85	1.96706599050657	1.12796885725918e-08	1.76035913916772e-07	89251	28	76	3.120783763612	1.54551730272325e-08	2.72890974838507e-07
GO:0009896	positive regulation of catabolic process	0.00767310094263734	98	1.86559886705174	1.1723741355832e-08	1.81793143203575e-07	29662	46	143	2.72484016922766	9.75442483475274e-11	2.98682957914771e-09
GO:0021517	ventral spinal cord development	0.00462383499992434	68	2.1481751574142	1.28362756328781e-08	1.97776756407211e-07	37649	25	58	3.65116327023572	2.04079979205078e-09	4.69303992134579e-08
GO:0048663	neuron fate commitment	0.00312606716925983	52	2.42978666038427	1.4903705015033e-08	2.28177610325094e-07	17744	25	50	4.23534939347343	3.83905986632827e-11	1.28981747453446e-09
GO:0048339	paraxial mesoderm development	0.000727060216180133	22	4.41993013684364	1.65009501635541e-08	2.51042757519733e-07	19161	6	12	4.23534939347343	0.00132190461016384	0.00495765465424236
GO:0090497	mesenchymal cell migration	0.0101460370743111	120	1.72761873998403	1.98968141589182e-08	3.00814959065145e-07	73487	28	117	2.02717577807275	0.000187413255948624	0.000960492936736699
GO:0034655	nucleobase-containing compound catabolic process	0.013404046582075	149	1.62372861816058	2.0072899780036e-08	3.01592202285138e-07	26429	82	296	2.34661250178933	7.92476224133255e-14	4.56428568137701e-12
GO:0048483	autonomic nervous system development	0.00588664363148463	80	1.98511351951636	2.04814977383094e-08	3.0583174709241e-07	47559	27	72	3.17651204510507	1.78979818125054e-08	3.04895901439793e-07
GO:0016331	morphogenesis of embryonic epithelium	0.00744977902507226	95	1.8627017370585	2.08037184994703e-08	3.08737392946126e-07	61259	27	80	2.85886084059457	2.25571242197383e-07	2.87187807829194e-06
GO:0048738	cardiac muscle tissue development	0.00824282594068443	102	1.80753679932643	2.73082747058842e-08	4.02797051911793e-07	84543	41	119	2.91847605264556	9.12091204649768e-11	2.86538782343869e-09
GO:0002088	lens development in camera-type eye	0.00501875091154391	71	2.06645433420866	2.76278163352727e-08	4.0504053160621e-07	36076	24	119	1.70837622593886	0.00592673268937941	0.0171697800905495
GO:0030878	thyroid gland development	0.00116968277003822	28	3.49665708931371	2.89985773746682e-08	4.22575654634471e-07	31965	8	19	3.56661001555657	0.000848343519690257	0.00350793670791578
GO:0014033	neural crest cell differentiation	0.0144328098793447	157	1.5889559837573	3.2365191681907e-08	4.68810770530138e-07	61906	50	174	2.43410884682381	1.3123525681194e-09	3.14314936859487e-08
GO:0070365	hepatocyte differentiation	0.000759061359952351	22	4.23359102483672	3.46171972675398e-08	4.98446429703445e-07	33900	2	10	1.69413975738937	0.334163916288144	0.388813137807128
GO:0060215	primitive hemopoiesis	0.00352437901357054	55	2.27951885170473	4.64407813280285e-08	6.64735207292905e-07	30138	23	66	2.95191018332997	9.1476069922157e-07	9.83469391740879e-06
GO:0006354	DNA-templated transcription elongation	0.00183911635523247	36	2.8592781097752	5.29483867729261e-08	7.51540509713006e-07	127028	14	55	2.15617787304102	0.0039484172718173	0.0123082749749047
GO:0060841	venous blood vessel development	0.00167504103898378	34	2.96494451408957	5.3126675138869e-08	7.51540509713006e-07	48559	6	20	2.54120963608406	0.0241589181340045	0.0500346087039015
GO:0006401	RNA catabolic process	0.00891311748204435	107	1.75354635915047	5.53491926691727e-08	7.7842847131819e-07	24336	58	181	2.71436756708795	4.56749589893187e-13	2.35080267649281e-11
GO:0006397	mRNA processing	0.017045423759618	178	1.52537036623228	6.12933548639421e-08	8.57044077548415e-07	80547	90	348	2.19069796214143	3.92175264687452e-13	2.06233035930206e-11
GO:0048793	pronephros development	0.00982717279921747	115	1.70935533935054	6.5625017633068e-08	9.12338607209146e-07	52456	44	155	2.40458546210105	1.85609919151461e-08	3.11798885019016e-07
GO:0007519	skeletal muscle tissue development	0.00851420030582914	103	1.76708103826815	6.78018271535977e-08	9.37214970768874e-07	49372	45	160	2.38238403382881	1.75586406675399e-08	3.0123653740978e-07
GO:0060972	left/right pattern formation	0.01614567001264	170	1.53799865088343	7.19584101208793e-08	9.8901928455913e-07	41724	70	315	1.88237750821041	1.24423992538409e-07	1.70046123135825e-06
GO:0035148	tube formation	0.006387139918748	83	1.8981685239902	7.2413547256279e-08	9.89651812502479e-07	47034	30	81	3.13729584701736	4.15109069995923e-09	8.16381170991981e-08
GO:0007586	digestion	0.00178162638983049	35	2.86955473201889	7.38199898520557e-08	1.00134982747805e-06	58361	9	36	2.11767469673672	0.021368559878932	0.0461935177364937
GO:0035775	pronephric glomerulus morphogenesis	0.00130181630231376	29	3.25395391100213	7.42746876287512e-08	1.00134982747805e-06	59061	5	14	3.02524956676674	0.0182935325119236	0.0405610038004978
GO:0141188	nucleic acid catabolic process	0.00951998790970656	112	1.71848098501559	7.45113554965062e-08	1.00134982747805e-06	23911	61	196	2.63628890818244	4.900843953875e-13	2.46982115092159e-11
GO:0060119	inner ear receptor cell development	0.00343257218200228	53	2.25537777359565	1.11093249570853e-07	1.48472138514858e-06	42363	16	48	2.82356626231562	7.56137216100559e-05	0.000441439973219567
GO:0003007	heart morphogenesis	0.0167377757256282	174	1.51849934582435	1.13556693500441e-07	1.50930572295366e-06	64595	74	282	2.22280748309953	2.17232693249894e-11	7.72773360252198e-10
GO:0048762	mesenchymal cell differentiation	0.016272834577549	170	1.52597991325427	1.16800026492652e-07	1.53933987980825e-06	60344	57	203	2.37847207318212	2.56220425640049e-10	7.2069442979451e-09
GO:0060323	head morphogenesis	0.00102860937593024	25	3.55019849215929	1.17089102060652e-07	1.53933987980825e-06	65876	6	12	4.23534939347343	0.00132190461016384	0.00495765465424236
GO:0032784	regulation of DNA-templated transcription elongation	0.00110372437004527	26	3.4409298704808	1.19809484080335e-07	1.56658995670449e-06	175137	6	27	1.88237750821041	0.0907675445971834	0.142395439047276
GO:0010906	regulation of glucose metabolic process	0.00157785800421812	32	2.96241000804775	1.30671849082108e-07	1.69943657489043e-06	86236	5	24	1.76472891394726	0.14539348340424	0.200631395524733
GO:1903522	regulation of blood circulation	0.00554597015207358	74	1.94902449377336	1.34109869601296e-07	1.73482232387986e-06	21812	29	108	2.27453948908758	1.50274592356726e-05	0.000109163435108384
GO:0000288	nuclear-transcribed mRNA catabolic process, deadenylation-dependent decay	0.00235673173245634	41	2.54118809725256	1.49188828345126e-07	1.91961582854713e-06	29637	16	38	3.56661001555657	2.37552827632242e-06	2.14418018672535e-05
GO:0060324	face development	0.000900519902524087	23	3.7307626956337	1.57339444021835e-07	2.01377838671333e-06	70538	5	12	3.52945782789453	0.00885286394535751	0.0229998964836052
GO:0060319	primitive erythrocyte differentiation	0.00168064501815439	33	2.86814466417508	1.7243526225074e-07	2.19537315465547e-06	32022	9	28	2.72272461009006	0.00372930450550804	0.0117006324238962
GO:0072175	epithelial tube formation	0.00610831313789878	79	1.88916070586169	1.76047621405941e-07	2.22893852484175e-06	48147	27	74	3.09066036821034	3.52283061941719e-08	5.71928004588603e-07
GO:0000956	nuclear-transcribed mRNA catabolic process	0.00406950489674375	59	2.11774439729861	1.76914508792731e-07	2.22893852484175e-06	26719	29	84	2.92440791454118	4.62439991465651e-08	7.21704735068006e-07
GO:0030851	granulocyte differentiation	0.00168561122460007	33	2.85969443656002	1.840021523899e-07	2.30622386855528e-06	35861	16	43	3.15188792072441	1.58563727826899e-05	0.000114156445718234
GO:0003406	retinal pigment epithelium development	0.00105539583037693	25	3.46009274467591	1.87184168695777e-07	2.33401290760353e-06	48254	5	18	2.35297188526302	0.0525727374185885	0.091163764742341
GO:0007422	peripheral nervous system development	0.00429400227637651	61	2.07506005302194	2.1685393775422e-07	2.69010089962799e-06	41973	21	65	2.73668730039822	1.05005177152381e-05	8.11525634286292e-05
GO:0060839	endothelial cell fate commitment	0.000991036003577618	24	3.53740605242899	2.20632286941841e-07	2.72300766383833e-06	90937	2	10	1.69413975738937	0.334163916288144	0.388813137807128
GO:0048702	embryonic neurocranium morphogenesis	0.00249046245746506	42	2.46338558799152	2.37525557753042e-07	2.91662093504878e-06	71338	11	27	3.45102543171909	0.000130523142371234	0.000712721176966175
GO:0007368	determination of left/right symmetry	0.0158886227562087	165	1.51691342766267	2.52728085588244e-07	3.08762241938365e-06	42716	68	308	1.87015427763762	2.41187380007914e-07	3.02296514113546e-06
GO:0060538	skeletal muscle organ development	0.00912905186554575	106	1.69606813929255	2.9678479573868e-07	3.60765035624054e-06	48708	46	173	2.25232453294541	7.91930502006386e-08	1.16101811172936e-06
GO:0006402	mRNA catabolic process	0.00824658631493267	98	1.73586110405912	3.01241906910875e-07	3.64352086408703e-06	23504	51	158	2.73421289958411	8.35135199365428e-12	3.25837426978221e-10
GO:0098900	regulation of action potential	0.000938656502737675	23	3.57918583551482	3.19301481691235e-07	3.84273773239353e-06	94256	8	10	6.77655902955749	1.35496776022859e-06	1.38298186160041e-05
GO:0003206	cardiac chamber morphogenesis	0.00246604901452083	41	2.42853998102674	4.67072285200227e-07	5.58658299611054e-06	143942	12	33	3.08025410434431	0.000233926467741188	0.00114548203535614
GO:0072148	epithelial cell fate commitment	0.00118785100993582	26	3.19723443588399	4.68820317573559e-07	5.58658299611054e-06	84194	3	15	1.69413975738937	0.257195234981325	0.313228819434782
GO:0061013	regulation of mRNA catabolic process	0.0064879024874438	81	1.82365973880637	4.86564760741078e-07	5.76960860898366e-06	22894	37	107	2.92912014128069	6.54937919643109e-10	1.68542002937945e-08
GO:0003205	cardiac chamber development	0.00390512035735571	56	2.09467528569169	4.96502254747655e-07	5.85872660602233e-06	111831	18	55	2.77222869390988	3.62709006048567e-05	0.00023842203413899
GO:0055007	cardiac muscle cell differentiation	0.00451477862488368	62	2.00594182837602	5.2461338194881e-07	6.16038723754452e-06	58321	22	64	2.91180270801298	2.0412121468827e-06	1.8918360855591e-05
GO:0007632	visual behavior	0.00176968264607287	33	2.72384037436814	5.2961843869022e-07	6.18911595744754e-06	25234	10	33	2.56687842028693	0.003687181987309	0.0116744675750006
GO:0048882	lateral line development	0.00858976463981855	100	1.70052037911277	5.61875930171143e-07	6.5345090148269e-06	32143	39	133	2.4838891179769	4.44334076193865e-08	6.98650374671665e-07
GO:1902652	secondary alcohol metabolic process	0.00344090533146979	51	2.1650132425854	6.15994586758599e-07	7.12962155678971e-06	61346	16	83	1.63290579025482	0.0322300768409865	0.0629661435519853
GO:0006479	protein methylation	0.000983353741209247	23	3.41649796835183	6.97626758751952e-07	7.99791056597617e-06	47422	8	27	2.50983667761389	0.0105088308773683	0.0266749988403319
GO:0008213	protein alkylation	0.000983353741209247	23	3.41649796835183	6.97626758751952e-07	7.99791056597617e-06	47422	8	27	2.50983667761389	0.0105088308773683	0.0266749988403319
GO:0006417	regulation of translation	0.00808754622815185	95	1.7158129226391	7.31885634001489e-07	8.3510912672151e-06	27840	49	163	2.54640638380611	3.49814755683177e-10	9.39893203594883e-09
GO:0048263	determination of dorsal identity	0.00077196521394846	20	3.78438550283407	7.88197711894657e-07	8.95140969517922e-06	76157	3	16	1.58825602255254	0.290941931951894	0.345163576945381
GO:0031669	cellular response to nutrient levels	0.00367285029519552	53	2.10783080804511	8.21235599955573e-07	9.28303231912397e-06	48234	18	71	2.14750110091611	0.00122633457808985	0.00474640535103896
GO:1905330	regulation of morphogenesis of an epithelium	0.00163587392504908	31	2.76805661818969	8.26821755281005e-07	9.30270616755698e-06	58592	9	26	2.93216496471238	0.00209936119874803	0.00739228851883867
GO:0021782	glial cell development	0.00756386303704834	90	1.73804876889263	8.44542349116518e-07	9.45809232644841e-06	67260	26	109	2.020533655602	0.000329606607302438	0.00152965888203921
GO:0030866	cortical actin cytoskeleton organization	0.00234807279432415	39	2.42614166148084	8.93964651939312e-07	9.96544006009768e-06	77683	9	35	2.17817968807205	0.0178468762463788	0.0404905028711169
GO:0048484	enteric nervous system development	0.00490827473293705	65	1.93440585557534	9.4514043354441e-07	1.04875904070822e-05	48382	21	59	3.01499448348956	1.81717271931328e-06	1.73744695969123e-05
GO:0018205	peptidyl-lysine modification	0.00182017091610515	33	2.64828593762316	9.63931724971982e-07	1.06268296648245e-05	42836	13	53	2.07771857038319	0.00750038278586445	0.0205944584769671
GO:0071363	cellular response to growth factor stimulus	0.0212366190053818	206	1.41691875836119	9.66474793824465e-07	1.06268296648245e-05	63434	90	318	2.39736758121138	1.21439471076914e-15	1.0491502876252e-13
GO:0050821	protein stabilization	0.000783405779874403	20	3.72911974791291	9.83011669437167e-07	1.07597521645634e-05	26760	5	23	1.84145625803193	0.126731089827441	0.181828295547201
GO:0002062	chondrocyte differentiation	0.00340310418314399	50	2.14613908885665	1.00370753428787e-06	1.09367951596503e-05	93726	10	40	2.11767469673672	0.0156856297795538	0.0363792314829728
GO:0007274	neuromuscular synaptic transmission	0.000788966964771256	20	3.7028343324942	1.09274034633804e-06	1.18083082439978e-05	53510	8	19	3.56661001555657	0.000848343519690257	0.00350793670791578
GO:0060221	retinal rod cell differentiation	0.00157372628611056	30	2.7845509001241	1.09345227228421e-06	1.18083082439978e-05	61545	9	19	4.01243626750115	0.000134176799991557	0.000722881245388809
GO:0043487	regulation of RNA stability	0.00632219063533929	78	1.80214661628717	1.20101787745912e-06	1.29122766469938e-05	23402	36	109	2.7976619846797	4.56956493443317e-09	8.84302206111508e-08
GO:0006513	protein monoubiquitination	0.00109587645242367	24	3.1989890370189	1.25199277147357e-06	1.34007544875866e-05	122143	5	21	2.01683304451116	0.0930367841523585	0.144081933972186
GO:0048871	multicellular organismal-level homeostasis	0.0172092526636775	172	1.45992162382003	1.38028865991182e-06	1.47088910498974e-05	44389	77	326	2.00074787299052	1.78701900251841e-09	4.15653746835773e-08
GO:0044772	mitotic cell cycle phase transition	0.00624632881212429	77	1.80064868518442	1.4404911922507e-06	1.52831061142739e-05	26628	35	147	2.01683304451116	3.58018784837259e-05	0.000235980229024885
GO:0070848	response to growth factor	0.0213741729155889	206	1.40780014982236	1.45782970551044e-06	1.53995199023133e-05	63434	90	320	2.38238403382881	1.84305149263466e-15	1.4381746969946e-13
GO:1903311	regulation of mRNA metabolic process	0.0115476620471541	124	1.56852239917153	1.55577974262113e-06	1.6362744336524e-05	58367	63	195	2.73668730039822	3.01600863677875e-14	2.02659024787995e-12
GO:0010629	negative regulation of gene expression	0.0183438337757872	181	1.441290664787	1.59335146898023e-06	1.6685355859148e-05	29265	102	433	1.99540710454637	5.47723124765862e-12	2.24566481154003e-10
GO:0043488	regulation of mRNA stability	0.00627277705376232	77	1.79305651490278	1.67364222215648e-06	1.74506057560195e-05	23673	35	103	2.87839279168097	3.18510127735869e-09	6.69979129559189e-08
GO:0060113	inner ear receptor cell differentiation	0.00396906466556152	55	2.02412635694611	1.69860775260417e-06	1.76349019465643e-05	41915	18	57	2.67495751166743	6.19089105808509e-05	0.000368710362876276
GO:0043516	regulation of DNA damage response, signal transduction by p53 class mediator	0.000603572507662567	17	4.11417325703177	1.7204090740698e-06	1.77849126075848e-05	65438	4	11	3.08025410434431	0.0323074438717932	0.0629661435519853
GO:0090101	negative regulation of transmembrane receptor protein serine/threonine kinase signaling pathway	0.00367354397656841	52	2.06766990017856	1.77427805189622e-06	1.82637387554764e-05	42799	16	64	2.11767469673672	0.0026097621865085	0.0088417573237592
GO:0048885	neuromast deposition	0.00120051466381475	25	3.04183494422684	1.83362260810481e-06	1.87946317330743e-05	37676	5	16	2.6470933709209	0.0326799335044855	0.0629661435519853
GO:0035050	embryonic heart tube development	0.0110378221133786	119	1.57480460451215	2.0756167671671e-06	2.1185303627752e-05	39514	46	190	2.05080075894503	1.44895162128046e-06	1.47269494616699e-05
GO:0002011	morphogenesis of an epithelial sheet	0.00876060076108953	99	1.65068578262404	2.19745784770989e-06	2.2334666107606e-05	78306	29	115	2.13608925931704	5.33987251571419e-05	0.000327210147958453
GO:0048477	oogenesis	0.0024469130718523	39	2.32814042150959	2.33664347077764e-06	2.36499604845654e-05	59856	14	72	1.64708031968411	0.0405075922241567	0.0754201849989578
GO:0009894	regulation of catabolic process	0.0172615976530063	171	1.44703230241942	2.43544874841892e-06	2.4547293843439e-05	27753	90	320	2.38238403382881	1.84305149263466e-15	1.4381746969946e-13
GO:0001947	heart looping	0.00699820418523773	83	1.73242558107455	2.46171240999139e-06	2.46257047496884e-05	32616	35	140	2.11767469673672	1.17514329810551e-05	8.93921898779003e-05
GO:1903313	positive regulation of mRNA metabolic process	0.00402089267245426	55	1.9980360224544	2.46358848674022e-06	2.46257047496884e-05	24729	24	73	2.78488727242089	1.77702401916625e-06	1.71259804875026e-05
GO:0044057	regulation of system process	0.00924345338342386	103	1.62766893414836	2.51071779916145e-06	2.49935240994714e-05	21493	43	169	2.15526655525867	7.62729670910648e-07	8.38655942696754e-06
GO:0072102	glomerulus morphogenesis	0.00164716333055646	30	2.66040462730415	2.66488155724147e-06	2.64194610121603e-05	57351	6	17	2.98965839539301	0.0105090011967078	0.0266749988403319
GO:0051246	regulation of protein metabolic process	0.019123726974063	186	1.42070371038998	2.70497649377392e-06	2.67075026058739e-05	30919	102	419	2.0620794183021	6.60562965991557e-13	3.19580362946715e-11
GO:1901701	cellular response to oxygen-containing compound	0.0164769059742287	164	1.45388913095761	2.99314078432815e-06	2.94325510458935e-05	60125	62	283	1.85577146569154	1.04868292499648e-06	1.10294086763761e-05
GO:0009953	dorsal/ventral pattern formation	0.00963334787018	106	1.60728068992821	3.0930408135003e-06	3.02917640803936e-05	40453	46	157	2.48186079107997	2.97387475170544e-09	6.36619736670394e-08
GO:0006006	glucose metabolic process	0.00305991757549545	45	2.14815636618672	3.28021977558653e-06	3.19953695046122e-05	71538	13	70	1.5731297747187	0.0645455834388594	0.108086781554664
GO:0061014	positive regulation of mRNA catabolic process	0.00355732715320703	50	2.05309621419344	3.33549188091006e-06	3.24038347788009e-05	25875	21	64	2.77944803946694	7.99403282229972e-06	6.34018537611246e-05
GO:0061157	mRNA destabilization	0.00345986250451088	49	2.06871348307837	3.40128338021855e-06	3.29108179869947e-05	26125	20	62	2.73248347966028	1.73580837674146e-05	0.00012321111243784
GO:0050779	RNA destabilization	0.00346400388584154	49	2.06624023775889	3.50971759381879e-06	3.37023931641036e-05	26125	20	63	2.68911072601488	2.26219536414779e-05	0.000155562145479297
GO:0019229	regulation of vasoconstriction	0.000929649688573715	21	3.29961349987959	3.51095621221749e-06	3.37023931641036e-05	18086	8	18	3.76475501642083	0.000547641742975015	0.00239556125905345
GO:0046328	regulation of JNK cascade	0.00249408271497828	39	2.2841091822206	3.61355553162366e-06	3.45501613873424e-05	41180	11	41	2.27262650381501	0.00662922774661152	0.0184747717961443
GO:0042692	muscle cell differentiation	0.019596703092154	189	1.40877584527183	3.70586553457285e-06	3.529326270918e-05	47771	86	324	2.24839535702911	2.74474241129186e-13	1.47545153175889e-11
GO:0035282	segmentation	0.00820079713225025	93	1.65649444989266	3.80667861390193e-06	3.59719399816212e-05	47043	31	132	1.98933077572237	0.000126986519741493	0.00069655417518066
GO:0021549	cerebellum development	0.00347477147730125	49	2.05983739058372	3.8068692167404e-06	3.59719399816212e-05	50803	17	53	2.71701659203956	7.89199191696358e-05	0.000456715991558251
GO:0010608	post-transcriptional regulation of gene expression	0.0141478448811332	144	1.48674096444421	3.88159615782626e-06	3.65353350419522e-05	24564	81	306	2.24224379654476	1.5489463830713e-12	7.20557942432593e-11
GO:0008380	RNA splicing	0.0165621963422732	164	1.44640203585787	3.95102936807667e-06	3.70447288425484e-05	86871	81	336	2.04204345756755	2.43007578872284e-10	6.99803968204827e-09
GO:0007052	mitotic spindle organization	0.00260063493477434	40	2.24669285588309	4.01061816881469e-06	3.74582445959951e-05	25592	14	65	1.82445820026548	0.0179988191602521	0.0405610038004978
GO:0070306	lens fiber cell differentiation	0.00134338472719002	26	2.82706664501865	4.19956320718469e-06	3.90720899929991e-05	34145	5	21	2.01683304451116	0.0930367841523585	0.144081933972186
GO:0032926	negative regulation of activin receptor signaling pathway	0.000865016530606576	20	3.37729264238473	4.22963044023175e-06	3.92010576050598e-05	80481	3	10	2.54120963608406	0.104574521900919	0.157807715831767
GO:0048665	neuron fate specification	0.00241969246259611	38	2.29396364128284	4.33657965337321e-06	4.00388785553809e-05	14888	16	35	3.87231944546142	6.147260425195e-07	6.97342935255916e-06
GO:0003006	developmental process involved in reproduction	0.00904214497832189	100	1.6154430012805	4.70349774718873e-06	4.32614488610249e-05	43235	54	215	2.12752434648898	5.11689089041406e-08	7.7847541282463e-07
GO:0048385	regulation of retinoic acid receptor signaling pathway	0.000453054693430016	14	4.51378123812996	4.89978355463247e-06	4.48961227979392e-05	12306	5	12	3.52945782789453	0.00885286394535751	0.0229998964836052
GO:0006888	endoplasmic reticulum to Golgi vesicle-mediated transport	0.00301416704570544	44	2.13230077302668	5.00518343891171e-06	4.56888254291601e-05	16732	25	91	2.32711505135903	3.73521236655651e-05	0.000243543900665773
GO:0042770	signal transduction in response to DNA damage	0.00253803105365923	39	2.24455773395137	5.35727712707682e-06	4.87189976330783e-05	41431	11	60	1.55296144427359	0.0908578091729369	0.142395439047276
GO:0035051	cardiocyte differentiation	0.00670857875256881	79	1.72012367817824	5.40232949698303e-06	4.89447005737901e-05	63211	27	88	2.59896440054052	1.9010478942001e-06	1.79634174065236e-05
GO:0048925	lateral line system development	0.00999615220119187	108	1.57817078912187	5.43178801852188e-06	4.90279672268822e-05	36027	44	152	2.45204438569515	9.71816305355559e-09	1.75434600198142e-07
GO:0016055	Wnt signaling pathway	0.0194880739696206	187	1.40163777135366	5.55940242895892e-06	4.99932880135748e-05	53492	94	309	2.57684688017154	1.59728103896351e-18	2.75987345232338e-16
GO:0072014	proximal tubule development	0.00136662408852701	26	2.77899254487736	5.64468630436378e-06	5.03451764125298e-05	95153	5	13	3.25796107190264	0.0130043913120447	0.0314891116955316
GO:0042127	regulation of cell population proliferation	0.0203599230891925	194	1.39183804035695	5.66722644167548e-06	5.03451764125298e-05	53302	75	338	1.87959292609768	4.8257923438178e-08	7.43540871318169e-07
GO:0060211	regulation of nuclear-transcribed mRNA poly(A) tail shortening	0.000591813055374163	16	3.94910377570058	5.66933919095944e-06	5.03451764125298e-05	47292	6	10	5.08241927216812	0.000370905025234993	0.00168650236098392
GO:0007093	mitotic cell cycle checkpoint signaling	0.00216783711789302	35	2.35832959747307	5.68178303456827e-06	5.03451764125298e-05	16405	13	57	1.93191375842648	0.0139670661348065	0.03325426474419
GO:0042670	retinal cone cell differentiation	0.00171485627909673	30	2.5553867108014	5.74731549010011e-06	5.07399860239131e-05	72737	8	22	3.08025410434431	0.00259221018545182	0.00879460931081058
GO:0072015	podocyte development	0.00274295695535352	41	2.18337317151358	5.97032313836317e-06	5.23268538829728e-05	62042	14	31	3.82547687152439	3.72326023793033e-06	3.19381791331683e-05
GO:0072310	glomerular epithelial cell development	0.00274295695535352	41	2.18337317151358	5.97032313836317e-06	5.23268538829728e-05	62042	14	31	3.82547687152439	3.72326023793033e-06	3.19381791331683e-05
GO:0071466	cellular response to xenobiotic stimulus	0.00294879672186145	43	2.13003493147075	6.51680642201816e-06	5.68736352531245e-05	60083	15	98	1.29653552861432	0.177177126470583	0.236399045191583
GO:0006109	regulation of carbohydrate metabolic process	0.00246515930776496	38	2.25165429057571	6.53611847886259e-06	5.68736352531245e-05	82394	7	43	1.37895096531693	0.239905661577038	0.298064609838138
GO:0008284	positive regulation of cell population proliferation	0.011209300838986	118	1.53768220135269	6.56522290224346e-06	5.69221297509926e-05	60452	37	170	1.84362267715902	0.000163384809885172	0.00084812844444685
GO:0006805	xenobiotic metabolic process	0.00191797584830064	32	2.43708091898836	7.35321234804297e-06	6.3526502392557e-05	71248	7	70	0.847069878694687	0.734188858103074	0.754141336624771
GO:0003407	neural retina development	0.00880652937027675	97	1.60890370444477	7.54945862279211e-06	6.4989823517915e-05	41098	42	140	2.54120963608406	6.55168187646994e-09	1.22856732241711e-07
GO:0010171	body morphogenesis	0.00157215808304669	28	2.60150654963162	8.38189938253744e-06	7.17087145235929e-05	64381	8	19	3.56661001555657	0.000848343519690257	0.00350793670791578
GO:0061318	renal filtration cell differentiation	0.0029818987828374	43	2.10638941184806	8.47816963776253e-06	7.17087145235929e-05	59766	16	37	3.66300488084189	1.54483720655497e-06	1.51908991977905e-05
GO:0072010	glomerular epithelium development	0.0029818987828374	43	2.10638941184806	8.47816963776253e-06	7.17087145235929e-05	59766	16	37	3.66300488084189	1.54483720655497e-06	1.51908991977905e-05
GO:0072112	podocyte differentiation	0.0029818987828374	43	2.10638941184806	8.47816963776253e-06	7.17087145235929e-05	59766	16	37	3.66300488084189	1.54483720655497e-06	1.51908991977905e-05
GO:0072311	glomerular epithelial cell differentiation	0.0029818987828374	43	2.10638941184806	8.47816963776253e-06	7.17087145235929e-05	59766	16	37	3.66300488084189	1.54483720655497e-06	1.51908991977905e-05
GO:0000727	double-strand break repair via break-induced replication	0.000294027721023406	11	5.46471494185885	8.76720684181701e-06	7.38950290953148e-05	2258	7	13	4.5611455006637	0.00028530313692059	0.00135058373426792
GO:0061351	neural precursor cell proliferation	0.00318739964630643	45	2.06223948961788	8.91948280806894e-06	7.49174615024957e-05	53931	10	44	1.9251588152152	0.0297495511314083	0.0590838786427559
GO:0061053	somite development	0.00942920814070831	102	1.58011266650334	9.23085832245742e-06	7.72645200070052e-05	34795	41	153	2.26992581872432	3.11359245292434e-07	3.86245135570461e-06
GO:0110095	cellular detoxification of aldehyde	0.000555046562150801	15	3.94752552791016	1.10020918620729e-05	9.14572515957194e-05	98939	5	12	3.52945782789453	0.00885286394535751	0.0229998964836052
GO:0110096	cellular response to aldehyde	0.000555046562150801	15	3.94752552791016	1.10020918620729e-05	9.14572515957194e-05	98939	5	12	3.52945782789453	0.00885286394535751	0.0229998964836052
GO:0007094	mitotic spindle assembly checkpoint signaling	0.000558894595637204	15	3.92034650249391	1.19112546990393e-05	9.63656358427295e-05	16257	4	17	1.99310559692867	0.1322031561528	0.1847483736185
GO:0031577	spindle checkpoint signaling	0.000558894595637204	15	3.92034650249391	1.19112546990393e-05	9.63656358427295e-05	16257	4	17	1.99310559692867	0.1322031561528	0.1847483736185
GO:0033046	negative regulation of sister chromatid segregation	0.000558894595637204	15	3.92034650249391	1.19112546990393e-05	9.63656358427295e-05	16257	4	17	1.99310559692867	0.1322031561528	0.1847483736185
GO:0033048	negative regulation of mitotic sister chromatid segregation	0.000558894595637204	15	3.92034650249391	1.19112546990393e-05	9.63656358427295e-05	16257	4	17	1.99310559692867	0.1322031561528	0.1847483736185
GO:0045841	negative regulation of mitotic metaphase/anaphase transition	0.000558894595637204	15	3.92034650249391	1.19112546990393e-05	9.63656358427295e-05	16257	4	17	1.99310559692867	0.1322031561528	0.1847483736185
GO:0071173	spindle assembly checkpoint signaling	0.000558894595637204	15	3.92034650249391	1.19112546990393e-05	9.63656358427295e-05	16257	4	17	1.99310559692867	0.1322031561528	0.1847483736185
GO:0071174	mitotic spindle checkpoint signaling	0.000558894595637204	15	3.92034650249391	1.19112546990393e-05	9.63656358427295e-05	16257	4	17	1.99310559692867	0.1322031561528	0.1847483736185
GO:2000816	negative regulation of mitotic sister chromatid separation	0.000558894595637204	15	3.92034650249391	1.19112546990393e-05	9.63656358427295e-05	16257	4	17	1.99310559692867	0.1322031561528	0.1847483736185
GO:0022037	metencephalon development	0.00500244008117312	62	1.81039315665093	1.20978988232276e-05	9.7549390844625e-05	49099	25	69	3.06909376338655	1.31063348653425e-07	1.77118570051751e-06
GO:0048884	neuromast development	0.00621408470731401	73	1.71596646523966	1.28737074668878e-05	0.000103460127449839	32997	27	94	2.43307305582516	7.60785179245842e-06	6.09383890263474e-05
GO:0071375	cellular response to peptide hormone stimulus	0.00523230676170108	64	1.7866927746623	1.31174876532237e-05	0.00010507020739453	60533	20	89	1.90352781729143	0.00323809819907512	0.0105994039831701
GO:0006412	translation	0.0185587949346759	177	1.39311381345496	1.34806129792039e-05	0.000107622451474238	26559	99	464	1.80732581876668	3.46734199837019e-09	7.11725640168948e-08
GO:0007601	visual perception	0.0073450400400688	83	1.65061972241818	1.36856819272614e-05	0.000108900212440939	47043	36	166	1.83701901403667	0.000213901359538083	0.00106466540889429
GO:0044843	cell cycle G1/S phase transition	0.00314781908446889	44	2.04176623532787	1.4060743089176e-05	0.000111517827976121	37074	17	62	2.32261095771124	0.000638895711319525	0.00275488186396066
GO:0044282	small molecule catabolic process	0.00920363676285046	99	1.57122662445199	1.53050891506786e-05	0.000120990230900299	40291	52	221	1.99310559692867	7.9824428901945e-07	8.69798619431554e-06
GO:0043484	regulation of RNA splicing	0.00714663819443074	81	1.65556534887595	1.55622792453759e-05	0.000122622649819427	135269	36	125	2.4395612506407	2.35780151537052e-07	2.97058430504233e-06
GO:0048384	retinoic acid receptor signaling pathway	0.00228256649512646	35	2.23979211494759	1.63558085744328e-05	0.000128456821238808	45068	10	36	2.35297188526302	0.00728182534871911	0.02015415963221
GO:0000075	cell cycle checkpoint signaling	0.0031693666915323	44	2.02788485748928	1.64842225903266e-05	0.00012904638979288	20260	15	78	1.62898053595132	0.0379997434025806	0.0714229831319678
GO:0033013	tetrapyrrole metabolic process	0.00145755363748338	26	2.60562497049765	1.6750498219268e-05	0.000130707919975514	39096	11	37	2.5183158555788	0.00279538393811976	0.00933338834709735
GO:0046856	phosphatidylinositol dephosphorylation	0.00181955385028688	30	2.40834913781047	1.72431540117568e-05	0.000134119580560899	132232	8	35	1.93615972273071	0.0476977391875622	0.0844662013870519
GO:0001503	ossification	0.0077385050877622	86	1.62332128806228	1.74428492606133e-05	0.000135237988337896	45632	37	118	2.65606656878842	1.37395875768485e-08	2.44382811385268e-07
GO:0001946	lymphangiogenesis	0.00338705909140857	46	1.98380126732032	1.82886041151871e-05	0.000141342279088299	41645	13	48	2.29414758813144	0.00301368521371982	0.00993202252314474
GO:0044093	positive regulation of molecular function	0.00507934208133233	62	1.78298353300446	1.87592900836725e-05	0.000144518225198738	60218	25	89	2.37940977161429	2.47752392992294e-05	0.000168820574267143
GO:0006974	DNA damage response	0.019678095730136	185	1.37325682021833	1.91521225568095e-05	0.000147076141158483	31969	104	488	1.80523088902146	1.51450368737943e-09	3.59174943114788e-08
GO:0051985	negative regulation of chromosome segregation	0.000585695544918559	15	3.74095465174441	2.03153064969544e-05	0.00015453687552243	16257	4	18	1.88237750821041	0.154954704362575	0.211105044235298
GO:1902100	negative regulation of metaphase/anaphase transition of cell cycle	0.000585695544918559	15	3.74095465174441	2.03153064969544e-05	0.00015453687552243	16257	4	18	1.88237750821041	0.154954704362575	0.211105044235298
GO:1905819	negative regulation of chromosome separation	0.000585695544918559	15	3.74095465174441	2.03153064969544e-05	0.00015453687552243	16257	4	18	1.88237750821041	0.154954704362575	0.211105044235298
GO:0006862	nucleotide transport	0.00121574252296758	23	2.76343551002218	2.05682407554339e-05	0.000155970452625061	78832	9	35	2.17817968807205	0.0178468762463788	0.0404905028711169
GO:0048752	semicircular canal morphogenesis	0.00147985704663964	26	2.56635474506828	2.15290901843346e-05	0.000162376866920782	71975	9	21	3.63029948012008	0.000342229428106775	0.00157686283160055
GO:0009416	response to light stimulus	0.00733000130399674	82	1.63407846153314	2.1547322977086e-05	0.000162376866920782	29457	41	154	2.25518604068066	3.762067378654e-07	4.57308592410253e-06
GO:0060729	intestinal epithelial structure maintenance	0.000735949000976169	17	3.37414938591016	2.16179464453555e-05	0.000162403144258742	88190	2	11	1.54012705217216	0.3791615252051	0.428394081957561
GO:0072114	pronephros morphogenesis	0.00194024336548537	31	2.3338266350022	2.26751035304382e-05	0.000169817571022074	33924	12	34	2.98965839539301	0.000322882696926421	0.00150202546897118
GO:0015868	purine ribonucleotide transport	0.00097576258923015	20	2.9939802945957	2.31931998955892e-05	0.000173161575763673	88298	8	28	2.42019965341339	0.0132206414261124	0.031789991659807
GO:0048840	otolith development	0.0042661473455465	54	1.84893231875895	2.44669723387445e-05	0.000181625052729022	59882	16	67	2.02285344165895	0.00426532399725337	0.0131604830986682
GO:0097352	autophagosome maturation	0.0009795899158099	20	2.98228260337225	2.44769603925842e-05	0.000181625052729022	7917	12	33	3.08025410434431	0.000233926467741188	0.00114548203535614
GO:0003018	vascular process in circulatory system	0.0051382677255956	62	1.76253628132278	2.60057765213081e-05	0.000192379123562827	33411	23	76	2.56350094868129	1.37539548189313e-05	0.000101435416789618
GO:0010389	regulation of G2/M transition of mitotic cell cycle	0.00159082812031552	27	2.47915459974526	2.71808059115608e-05	0.000200458443597761	11806	14	45	2.63532851149458	0.00047063726728061	0.00208893862303082
GO:0015865	purine nucleotide transport	0.000988663682305372	20	2.95491178309147	2.77781029037387e-05	0.000203621911891345	88298	8	30	2.2588530098525	0.0201179613676507	0.0439614711367182
GO:0051503	adenine nucleotide transport	0.000988663682305372	20	2.95491178309147	2.77781029037387e-05	0.000203621911891345	88298	8	30	2.2588530098525	0.0201179613676507	0.0439614711367182
GO:0035914	skeletal muscle cell differentiation	0.000531462775933146	14	3.84785137860411	2.79969757023253e-05	0.000204606296749018	9636	8	14	4.84039930682678	5.8208773322581e-05	0.000348795209102791
GO:0048565	digestive tract development	0.00659605880227527	75	1.66088609800846	2.82113333013657e-05	0.000205551853180734	43456	35	114	2.60065313634334	6.045752832631e-08	9.0836497528785e-07
GO:0015931	nucleobase-containing compound transport	0.00538007814988118	64	1.73761875302024	2.94146601593664e-05	0.000213675864641163	39559	37	135	2.32159892679284	6.28900082237217e-07	7.07585720433408e-06
GO:0033047	regulation of mitotic sister chromatid segregation	0.000606963608742154	15	3.60987123727191	3.03457351192338e-05	0.000219779440878522	16257	4	19	1.78330500777829	0.179034501186989	0.237046775244295
GO:0050953	sensory perception of light stimulus	0.00752554766720732	83	1.61102799267603	3.10602927395144e-05	0.000224283128766822	47043	36	170	1.79379503723581	0.00034764217534093	0.00159875745655839
GO:0044770	cell cycle phase transition	0.00833607328272553	90	1.57704501792912	3.16729802492889e-05	0.000228026604830446	27116	40	193	1.755585240818	0.000271917696857586	0.00131291199341018
GO:1901700	response to oxygen-containing compound	0.0213868441620003	197	1.34549666752901	3.27947135757902e-05	0.000235401816438684	56874	78	395	1.67269495033381	3.55239785301106e-06	3.1134965240702e-05
GO:0002573	myeloid leukocyte differentiation	0.00378770598455955	49	1.8896567584327	3.33439378895735e-05	0.000238636052529226	39358	23	78	2.49777015512536	2.19762740867497e-05	0.000152417159057819
GO:0030277	maintenance of gastrointestinal epithelium	0.000762839680186355	17	3.25520805249448	3.35615807431891e-05	0.000238828026692075	88190	2	12	1.41178313115781	0.422816232191963	0.4717677424688
GO:0009584	detection of visible light	0.000341087617544119	11	4.71074761366698	3.35789501253879e-05	0.000238828026692075	3552	5	10	4.23534939347343	0.0034510203350468	0.0112053935442661
GO:0003231	cardiac ventricle development	0.00217334239414191	33	2.21793540409685	3.36669520884654e-05	0.000238828026692075	126794	10	35	2.42019965341339	0.00586896133393825	0.0170637229168229
GO:0035162	embryonic hemopoiesis	0.00541729674389981	64	1.725680745932	3.57766885459668e-05	0.000253052074832438	33157	29	100	2.45650264821459	2.88339058488291e-06	2.57377189108183e-05
GO:0021511	spinal cord patterning	0.00109276351412346	21	2.80708920359334	3.68369669861847e-05	0.000259791904197028	117040	6	14	3.63029948012008	0.00348393715226265	0.0112069733661215
GO:0042693	muscle cell fate commitment	0.000928829004840023	19	2.98800236822797	3.75555262467034e-05	0.000264089587182487	101608	2	11	1.54012705217216	0.3791615252051	0.428394081957561
GO:0030865	cortical cytoskeleton organization	0.00288244696133275	40	2.02703744668938	3.89458708703001e-05	0.000273072642421032	75783	10	49	1.72871403815242	0.0575436368989581	0.0981621664385375
GO:1901991	negative regulation of mitotic cell cycle phase transition	0.00288867974023539	40	2.02266379596701	4.07677362349405e-05	0.000285020676162778	16924	17	65	2.2154135288938	0.00114262885813085	0.00450165994758718
GO:0010965	regulation of mitotic sister chromatid separation	0.000776546962160612	17	3.19774848232726	4.16552358975794e-05	0.000290386212208198	14420	6	22	2.31019057825824	0.0379063645915348	0.0713774771192409
GO:0046530	photoreceptor cell differentiation	0.00713806139369495	79	1.6166273337758	4.23462601792622e-05	0.000294355182108147	48569	26	122	1.80523088902146	0.00195211020195228	0.00693414769239731
GO:0021983	pituitary gland development	0.00154661956484096	26	2.45557358771477	4.40977974612115e-05	0.000305652068936019	67151	6	19	2.67495751166743	0.0187410966317794	0.0412508760257273
GO:0048634	regulation of muscle organ development	0.000703702825475221	16	3.32119054646214	4.46585518120335e-05	0.000308134966064504	36256	6	15	3.38827951477875	0.0052312692144698	0.0155651171338283
GO:0000082	G1/S transition of mitotic cell cycle	0.00310530228326791	42	1.97564319525671	4.47329188568635e-05	0.000308134966064504	38294	15	59	2.15356748820683	0.00294079252936289	0.00971827476574976
GO:0045839	negative regulation of mitotic nuclear division	0.000628654783691698	15	3.48531583646326	4.48381595926852e-05	0.000308134966064504	16257	4	19	1.78330500777829	0.179034501186989	0.237046775244295
GO:0036303	lymph vessel morphogenesis	0.00373810189944137	48	1.87565606906243	4.74168827910023e-05	0.000324617530995165	39944	14	50	2.37179566034512	0.00149789526947313	0.00553192161351984
GO:1903047	mitotic cell cycle process	0.0151649991963028	146	1.40628572832488	4.75050045358778e-05	0.000324617530995165	49735	67	335	1.69413975738937	1.07459583851714e-05	8.25221375673953e-05
GO:0019318	hexose metabolic process	0.00416911202004829	52	1.82189307238733	4.91404951571767e-05	0.000334847486718903	62390	19	99	1.62568966618172	0.0218959863431124	0.0469415085058032
GO:0022412	cellular process involved in reproduction in multicellular organism	0.00526509338746568	62	1.72008027646236	5.11296206521804e-05	0.000347422899880967	49221	28	133	1.78330500777829	0.00162899604437644	0.00589901411878236
GO:0006783	heme biosynthetic process	0.0009528255487303	19	2.91275068121245	5.23463802985346e-05	0.000354694380790351	41233	9	24	3.17651204510507	0.00109400708348113	0.00433126535996868
GO:0045597	positive regulation of cell differentiation	0.0153282621115805	147	1.40083673424494	5.34629841337522e-05	0.000361248487764097	45054	66	190	2.94245326283417	1.28112204056986e-16	1.29126425672437e-14
GO:0006779	porphyrin-containing compound biosynthetic process	0.000956966930060958	19	2.90014542714033	5.53659560797757e-05	0.000372028465991604	41233	9	25	3.04945156330087	0.00153165818306262	0.0056137593103462
GO:0033014	tetrapyrrole biosynthetic process	0.000956966930060958	19	2.90014542714033	5.53659560797757e-05	0.000372028465991604	41233	9	25	3.04945156330087	0.00153165818306262	0.0056137593103462
GO:0001667	ameboidal-type cell migration	0.018210366028493	170	1.3636199655842	5.723199934443e-05	0.000383501956825972	72227	54	229	1.99745735587393	4.61130708992635e-07	5.44134236611309e-06
GO:0021675	nerve development	0.00596111118965164	68	1.66626777505222	5.85517843856786e-05	0.000391261785715349	45518	30	84	3.02524956676674	1.11333102026976e-08	1.99492425039447e-07
GO:1902369	negative regulation of RNA catabolic process	0.00205610057890119	31	2.20232010594345	6.46118982631727e-05	0.00043056799421106	17405	16	37	3.66300488084189	1.54483720655497e-06	1.51908991977905e-05
GO:0010001	glial cell differentiation	0.0105389533889781	107	1.4830281653646	6.81112011241205e-05	0.00045264009758035	62533	35	148	2.00320579421041	4.16184193115007e-05	0.000266335863265926
GO:0048193	Golgi vesicle transport	0.00794289053919284	85	1.56316007217524	6.8542505691619e-05	0.000454258414432949	22918	50	191	2.21746041543112	3.82341458937549e-08	6.16589326113287e-07
GO:0021591	ventricular system development	0.00255713179458644	36	2.05642319530746	6.93255857108125e-05	0.000458192873864632	54571	10	38	2.22913125972286	0.0108802485370436	0.0271893814164343
GO:0007498	mesoderm development	0.00819926413092768	87	1.54991357053925	7.52665826307062e-05	0.000496103169982775	38016	33	123	2.27262650381501	4.10623099342377e-06	3.48525360459372e-05
GO:0045732	positive regulation of protein catabolic process	0.00207627945943483	31	2.18091626547645	7.67476297333961e-05	0.000504490533492079	41597	12	37	2.74725366063142	0.000777642612971258	0.00323216061989257
GO:0060232	delamination	0.0011540780451843	21	2.65795253221963	7.83740092898126e-05	0.000513785172010994	102298	4	17	1.99310559692867	0.1322031561528	0.1847483736185
GO:0045862	positive regulation of proteolysis	0.00188800674230133	29	2.24366266995253	7.97004055132808e-05	0.000520108393723303	40162	12	36	2.82356626231562	0.000588099813617016	0.00255865728262511
GO:0009314	response to radiation	0.00844813284946115	89	1.53883613965962	7.97685878757112e-05	0.000520108393723303	31755	45	183	2.08295871810169	1.18865283624735e-06	1.22878256875314e-05
GO:0042168	heme metabolic process	0.0011583381461131	21	2.6481771949494	8.24089140086841e-05	0.00053587947039518	37718	10	29	2.92093061618857	0.00124132402744022	0.00478146946238519
GO:2000785	regulation of autophagosome assembly	0.000314049229066473	10	4.65120384635682	8.34787263671047e-05	0.000541380801828489	15156	6	11	4.62038115651647	0.000734287670270792	0.0030998985591362
GO:1902749	regulation of cell cycle G2/M phase transition	0.00170616006853257	27	2.31157024749523	8.55050393926068e-05	0.000552037487299004	11806	14	48	2.47062047952617	0.000966786417024412	0.00393051486181858
GO:0007292	female gamete generation	0.00299343183961306	40	1.95188273586105	8.55783620244426e-05	0.000552037487299004	58438	15	84	1.51262478338337	0.0662701104499344	0.110216905091022
GO:0006778	porphyrin-containing compound metabolic process	0.00116247952744376	21	2.63874295431416	8.65070963729769e-05	0.000556280244603674	37718	10	30	2.82356626231562	0.00166680634782471	0.00600894866674811
GO:0051306	mitotic sister chromatid separation	0.000825716202239073	17	3.00733092431916	8.66960116641525e-05	0.000556280244603674	14420	6	23	2.20974750963831	0.0463254984219991	0.0823980740314822
GO:0007254	JNK cascade	0.00342053249624384	44	1.87897958246179	9.1366475525847e-05	0.000584697101314878	37649	14	54	2.19610709291215	0.00329533267382824	0.0107721753216088
GO:0046185	aldehyde catabolic process	0.000595584473305949	14	3.4335847670774	9.23753219256083e-05	0.000589593413556851	102252	4	13	2.60636885752211	0.0578259971785515	0.0981621664385375
GO:0009410	response to xenobiotic stimulus	0.00353046615389638	45	1.86184518793721	9.38759075030135e-05	0.000597594263815236	58585	16	108	1.25491833880694	0.202099493297957	0.261852530416582
GO:1901990	regulation of mitotic cell cycle phase transition	0.00483664402098155	57	1.72144771504866	9.74320484452518e-05	0.000618604003120903	27680	28	106	2.23754307579728	2.89869238330767e-05	0.000194776024311701
GO:0021587	cerebellum morphogenesis	0.00201769824005222	30	2.17184158639337	0.000106270450996561	0.000672953458012251	50447	9	28	2.72272461009006	0.00372930450550804	0.0117006324238962
GO:1905818	regulation of chromosome separation	0.000843201804447334	17	2.94496745216588	0.0001108606019016	0.000700187456918986	14420	6	25	2.03296770886725	0.0663852958733439	0.110216905091022
GO:0009895	negative regulation of catabolic process	0.00464348654456854	55	1.7301414195727	0.000112541611095786	0.000708953534481005	19677	28	84	2.82356626231562	1.82559903527808e-07	2.40006742735744e-06
GO:0039021	pronephric glomerulus development	0.00252285703246369	35	2.02646221004257	0.00011390518398709	0.000715679584583819	49987	10	31	2.73248347966028	0.00220296046639491	0.00762768382852187
GO:0042398	modified amino acid biosynthetic process	0.00109922613968995	20	2.65770059396764	0.000114453676148526	0.000717262804671719	41206	6	29	1.75255836971314	0.119336947056085	0.173171010755051
GO:0048534	hematopoietic or lymphoid organ development	0.00136798936390568	23	2.45588609652684	0.000116944432972819	0.000730978251579455	36561	8	24	2.82356626231562	0.00480449472073701	0.0146189594081293
GO:0030282	bone mineralization	0.00315585198378992	41	1.89771214166491	0.000126255110673797	0.000787142043092565	52560	15	55	2.31019057825824	0.00138272777971741	0.00513797004475638
GO:0007281	germ cell development	0.00511137704638542	59	1.68607620151066	0.000127311924082049	0.000791002614313685	51699	27	127	1.80085722242177	0.00168007565479096	0.00603878604597227
GO:1902373	negative regulation of mRNA catabolic process	0.0019421049163935	29	2.18116447394951	0.000127528325581785	0.000791002614313685	18207	14	32	3.70593071928925	5.89874135324246e-06	4.83696790965882e-05
GO:0003208	cardiac ventricle morphogenesis	0.0015685895928001	25	2.32805793957209	0.000137206134210528	0.00084885329579352	163821	7	21	2.82356626231562	0.00823017236261636	0.0219052544684514
GO:0030330	DNA damage response, signal transduction by p53 class mediator	0.000859166829477021	17	2.89024411151496	0.000137885465992358	0.000850879954682432	65438	4	18	1.88237750821041	0.154954704362575	0.211105044235298
GO:0021548	pons development	0.00176328835329834	27	2.23667833142945	0.000144033399791216	0.000886556727976973	35249	10	18	4.70594377052604	9.25953524447084e-06	7.17910761422274e-05
GO:0043434	response to peptide hormone	0.00639171200373705	70	1.59971989809262	0.000148561077131938	0.000912104684218676	67495	22	107	1.74163900292365	0.00648220467790883	0.0182119083807915
GO:0018193	peptidyl-amino acid modification	0.00582519174460966	65	1.62991980357587	0.000152046487786453	0.000931140389760582	33701	32	141	1.92242809349149	0.00019630686557338	0.000995526850779889
GO:0032436	positive regulation of proteasomal ubiquitin-dependent protein catabolic process	0.00148815499436584	24	2.35573362351575	0.000155329555825885	0.000947676685557982	44522	9	26	2.93216496471238	0.00209936119874803	0.00739228851883867
GO:0048934	peripheral nervous system neuron differentiation	0.00130472838361943	22	2.46300716772938	0.000155922001179031	0.000947676685557982	51368	5	23	1.84145625803193	0.126731089827441	0.181828295547201
GO:0048935	peripheral nervous system neuron development	0.00130472838361943	22	2.46300716772938	0.000155922001179031	0.000947676685557982	51368	5	23	1.84145625803193	0.126731089827441	0.181828295547201
GO:0008016	regulation of heart contraction	0.00448805843253827	53	1.72496573338335	0.000158559998243075	0.000961101605007639	23288	21	88	2.02141675597596	0.00117235987571864	0.00457409441832806
GO:0044088	regulation of vacuole organization	0.000340344929825487	10	4.29184293395631	0.000158925441092623	0.000961101605007639	15156	6	13	3.90955328628317	0.00221042015865805	0.00762768382852187
GO:1901658	glycosyl compound catabolic process	0.000409327918650261	11	3.92540456486717	0.000164121819999955	0.00099005157750596	15640	7	12	4.94124095905234	0.000146670730377743	0.00076962363727497
GO:0032434	regulation of proteasomal ubiquitin-dependent protein catabolic process	0.00187816198864813	28	2.17765005085964	0.000168947069418802	0.00101662428090567	39398	12	37	2.74725366063142	0.000777642612971258	0.00323216061989257
GO:0003143	embryonic heart tube morphogenesis	0.0085310584887658	88	1.50675575136493	0.000171379593523871	0.00102870282068051	35578	37	159	1.97116890010713	3.71239291746292e-05	0.000242710228847103
GO:0001945	lymph vessel development	0.00539826019438321	61	1.65058968453673	0.000172069576147205	0.00103028788292101	40636	24	78	2.60636885752211	6.56746543663094e-06	5.33110701047324e-05
GO:0030071	regulation of mitotic metaphase/anaphase transition	0.000962136754422063	18	2.73274309066618	0.000175660660379247	0.00104919293199357	14436	7	25	2.37179566034512	0.0223382057160958	0.0476089159711327
GO:0051216	cartilage development	0.0152547781314795	143	1.36928309708161	0.000176590469710692	0.00105118149913324	53906	58	210	2.33952633163294	3.61797981885244e-10	9.51292737152615e-09
GO:0010038	response to metal ion	0.00289382057492718	38	1.91811703198679	0.000176862699523452	0.00105118149913324	49308	19	69	2.33251126017377	0.000296840875172234	0.00139158542062332
GO:1902742	apoptotic process involved in development	0.00104933491879952	19	2.6448593451135	0.000177410338591119	0.00105185198297038	5715	8	18	3.76475501642083	0.000547641742975015	0.00239556125905345
GO:0019985	translesion synthesis	0.000416142561629859	11	3.86112315477711	0.00018875372549116	0.00111636983365065	37376	5	13	3.25796107190264	0.0130043913120447	0.0314891116955316
GO:0071907	determination of digestive tract left/right asymmetry	0.000970374652118964	18	2.70954374393586	0.000194406239565859	0.00114699681343857	87504	3	14	1.81514974006004	0.224034116876614	0.283440653098603
GO:0030218	erythrocyte differentiation	0.00623115755184965	68	1.59405494022075	0.000200889316023268	0.0011823631519715	29348	33	139	2.01102920841185	6.25458101401629e-05	0.000369922529899888
GO:0032835	glomerulus development	0.00601985875451769	66	1.60147712355359	0.00021790253224556	0.00127938404248061	48358	26	81	2.71898973408171	1.12605917458087e-06	1.16907173532667e-05
GO:0006090	pyruvate metabolic process	0.00293799668958131	38	1.88927596547859	0.000236028902190376	0.00138245499854363	38785	19	75	2.14591035935987	0.000918531847178714	0.00374692839515229
GO:0034101	erythrocyte homeostasis	0.00627129374901572	68	1.58385300965669	0.000238664149565348	0.00139451347294342	29348	33	142	1.96854267583976	9.74176336745612e-05	0.000553176656945454
GO:1902099	regulation of metaphase/anaphase transition of cell cycle	0.000988937703703418	18	2.6586837149364	0.000243170602433399	0.00141742093322022	14436	7	26	2.28057275033185	0.0275354316948145	0.0555995069029685
GO:0009067	aspartate family amino acid biosynthetic process	0.00042955994691097	11	3.74052025090303	0.000246480284847312	0.00143325915635973	22643	5	16	2.6470933709209	0.0326799335044855	0.0629661435519853
GO:0043248	proteasome assembly	0.000819883756865063	16	2.85056406096315	0.000247937137956496	0.00143815453925245	41778	5	13	3.25796107190264	0.0130043913120447	0.0314891116955316
GO:0060026	convergent extension	0.0101973308430121	101	1.44676491791197	0.000248511201904722	0.00143815453925245	87618	34	174	1.65519401584019	0.00213844569043173	0.00747528919819995
GO:0021602	cranial nerve morphogenesis	0.00242763908313942	33	1.98560530462308	0.00024954128607028	0.00144066914320765	60335	12	24	4.23534939347343	4.95597338140038e-06	4.10565055123545e-05
GO:0032474	otolith morphogenesis	0.00192748860121716	28	2.12192152395585	0.000254153366142569	0.00146380236356875	77269	6	32	1.58825602255254	0.169334953204508	0.226811324364177
GO:0045446	endothelial cell differentiation	0.00469750120080387	54	1.67915182276458	0.000261620976190658	0.00150323311497673	70413	13	59	1.86642515644592	0.0184868894616552	0.0409521846224762
GO:0062012	regulation of small molecule metabolic process	0.00425754983790406	50	1.71543145446591	0.000268934280469111	0.00154157336853266	63042	14	72	1.64708031968411	0.0405075922241567	0.0754201849989578
GO:1901988	negative regulation of cell cycle phase transition	0.00436888328244636	51	1.70515097966714	0.000269568224427167	0.00154157336853266	20473	20	99	1.71125228019129	0.0110943482880254	0.0276672458852922
GO:0051146	striated muscle cell differentiation	0.0159171423787423	147	1.34901052758777	0.000270815967844406	0.00154430482993499	46346	66	260	2.15025430745574	1.13286174793849e-09	2.79631894720735e-08
GO:1901264	carbohydrate derivative transport	0.00203485253175403	29	2.08174802950892	0.000271322675784362	0.00154430482993499	66001	15	57	2.22913125972286	0.00204101655517967	0.00723932411580588
GO:0030278	regulation of ossification	0.00184095512854328	27	2.14231666526553	0.000279923290852548	0.00158951746613219	41814	11	32	2.91180270801298	0.000736884967251806	0.00310004301875151
GO:1902850	microtubule cytoskeleton organization involved in mitosis	0.00438066068072053	51	1.70056668435901	0.000286301518537536	0.00162192827480632	65617	18	92	1.65731063222873	0.0210263027548977	0.0457397719101597
GO:0002521	leukocyte differentiation	0.00725309654291664	76	1.53057015012503	0.000291136100676515	0.00164546314844974	36622	34	145	1.98623281900823	6.37591423618453e-05	0.000376178939934887
GO:0061448	connective tissue development	0.016204339581491	149	1.34312996373716	0.000296520804800952	0.00167199027229255	53230	61	226	2.28633905311398	3.53577021608658e-10	9.39893203594883e-09
GO:0030970	retrograde protein transport, ER to cytosol	0.000369566516494612	10	3.95248735203172	0.000303204934693339	0.00170174648961296	29126	5	11	3.85031763043039	0.00571496422236015	0.0167164431123207
GO:1903513	endoplasmic reticulum to cytosol transport	0.000369566516494612	10	3.95248735203172	0.000303204934693339	0.00170174648961296	29126	5	11	3.85031763043039	0.00571496422236015	0.0167164431123207
GO:0051247	positive regulation of protein metabolic process	0.00586817030982901	64	1.593090212513	0.000306527183044	0.0017125705912998	29118	30	127	2.00095246935753	0.000144760563809371	0.000766249023752448
GO:0030510	regulation of BMP signaling pathway	0.00575359899531635	63	1.59942568038218	0.000307162697798393	0.0017125705912998	44370	23	94	2.07261778829551	0.00048191791958032	0.00213509056312233
GO:0043489	RNA stabilization	0.00185232045937505	27	2.12917199716886	0.000307257394222452	0.0017125705912998	18983	14	33	3.5936297884017	9.13091932229255e-06	7.14812098402126e-05
GO:1901800	positive regulation of proteasomal protein catabolic process	0.00175792181332403	26	2.16041357748733	0.000316679121138959	0.00176102711272446	43861	10	31	2.73248347966028	0.00220296046639491	0.00762768382852187
GO:0006066	alcohol metabolic process	0.00692382773746	73	1.54006734052878	0.000318709552652235	0.0017682532290499	47361	30	171	1.48608750648191	0.01719403644241	0.0392751408443719
GO:0120192	tight junction assembly	0.00205848946569876	29	2.05784402539181	0.000325713626134196	0.00179886132789639	53010	16	57	2.37774001037105	0.000689023117408849	0.0029292564516907
GO:0120193	tight junction organization	0.00205848946569876	29	2.05784402539181	0.000325713626134196	0.00179886132789639	53010	16	57	2.37774001037105	0.000689023117408849	0.0029292564516907
GO:0042063	gliogenesis	0.0116288745350483	112	1.40683590239982	0.000327568173829646	0.00180498271638705	60065	39	174	1.89860490052257	5.66009100242456e-05	0.000341440402365711
GO:0071816	tail-anchored membrane protein insertion into ER membrane	0.000376965784472054	10	3.87490600566074	0.0003534350748263	0.00194308965001095	31311	6	12	4.23534939347343	0.00132190461016384	0.00495765465424236
GO:1903052	positive regulation of proteolysis involved in protein catabolic process	0.00178044885707214	26	2.13307904834275	0.000381655194787601	0.00209347826800727	43861	10	32	2.6470933709209	0.00286935842055085	0.00953431046608862
GO:0060219	camera-type eye photoreceptor cell differentiation	0.0032301221361135	40	1.80885665696456	0.000384743244585159	0.00210564232726584	59925	14	42	2.82356626231562	0.000209961182507867	0.0010472084546114
GO:2001251	negative regulation of chromosome organization	0.000773436784781287	15	2.83288888811857	0.000405568744521985	0.0022146067562047	16257	4	21	1.61346643560893	0.230423433081552	0.287316641558905
GO:0032527	protein exit from endoplasmic reticulum	0.000459362017196608	11	3.4978461872036	0.000429551655061991	0.00234028255314179	26554	6	14	3.63029948012008	0.00348393715226265	0.0112069733661215
GO:0003229	ventricular cardiac muscle tissue development	0.00112920628937281	19	2.45778233105866	0.000431261967071793	0.00234432067044195	210111	5	13	3.25796107190264	0.0130043913120447	0.0314891116955316
GO:0031647	regulation of protein stability	0.00271844204856669	35	1.88066338965121	0.000437374835933804	0.00237221912135397	22325	16	60	2.2588530098525	0.00126236494455934	0.00484680141380364
GO:0060297	regulation of sarcomere organization	0.00122313833979391	20	2.3884575189189	0.00044133357928117	0.00238833541002495	51322	6	14	3.63029948012008	0.00348393715226265	0.0112069733661215
GO:0009066	aspartate family amino acid metabolic process	0.00113364308923839	19	2.44816317630036	0.00045177197568468	0.00243936698477956	44478	9	32	2.38238403382881	0.00980308604925822	0.0251737422008022
GO:0006890	retrograde vesicle-mediated transport, Golgi to endoplasmic reticulum	0.00104546548817624	18	2.51493004566752	0.000462969887084747	0.00249426315558575	12724	11	33	2.82356626231562	0.000988364217007116	0.00399808200826123
GO:1903312	negative regulation of mRNA metabolic process	0.00231195580773948	31	1.95859783720672	0.000469203336914575	0.00252222860443635	17659	16	40	3.38827951477875	5.32191332444208e-06	4.39375710983802e-05
GO:0000184	nuclear-transcribed mRNA catabolic process, nonsense-mediated decay	0.00104908505545923	18	2.50625300040322	0.000481574100849433	0.0025829883591015	23694	12	27	3.76475501642083	2.26365751172851e-05	0.000155562145479297
GO:0032924	activin receptor signaling pathway	0.00242113090237829	32	1.93061116124801	0.000487887483258773	0.00261106155310392	72515	8	37	1.83150244042094	0.0634570578968336	0.106525068044719
GO:0080135	regulation of cellular response to stress	0.00621209753450552	66	1.55191801623109	0.000489977101181033	0.00261645608776362	53180	27	130	1.75929897882743	0.00239174663624005	0.00819495058507746
GO:0007276	gamete generation	0.00921336348713574	91	1.44273408472292	0.000525980266875098	0.00280252481403274	49029	49	210	1.97649638362094	2.10276312540642e-06	1.94144427494585e-05
GO:0048255	mRNA stabilization	0.00182444413140817	26	2.08164124528992	0.000543104768133639	0.00288336874124773	19616	13	30	3.67063614101031	1.44404127424968e-05	0.000105532804906646
GO:0007091	metaphase/anaphase transition of mitotic cell cycle	0.00106032821554175	18	2.47967801798004	0.000543537059119043	0.00288336874124773	14436	7	28	2.11767469673672	0.0402527754991901	0.0753066233043627
GO:0001756	somitogenesis	0.00659469145620594	69	1.52833202947698	0.00055361744750345	0.0029295641243057	28857	26	105	2.0975063662916	0.000174343290781108	0.000897311532764896
GO:0098508	endothelial to hematopoietic transition	0.000797791558156666	15	2.74640719228918	0.000554667370372886	0.0029295641243057	119499	3	14	1.81514974006004	0.224034116876614	0.283440653098603
GO:0010498	proteasomal protein catabolic process	0.0149446383663892	137	1.33905452679699	0.000564519263311646	0.00297493424809188	27098	85	344	2.09305057235606	2.30467233777424e-11	8.07971360155927e-10
GO:0000086	G2/M transition of mitotic cell cycle	0.00192996445702267	27	2.043513722511	0.000565717136883946	0.00297493424809188	11806	14	53	2.23754307579728	0.00273319623070477	0.00918278011399283
GO:0017148	negative regulation of translation	0.00265419058791219	34	1.8711556592914	0.000568977311135491	0.00298555293118364	18245	16	57	2.37774001037105	0.000689023117408849	0.0029292564516907
GO:0035150	regulation of tube size	0.00329922867614797	40	1.77096785408016	0.000572673236903353	0.00298555293118364	12490	17	55	2.61821598869267	0.000132252499251029	0.000717306716789775
GO:0035296	regulation of tube diameter	0.00329922867614797	40	1.77096785408016	0.000572673236903353	0.00298555293118364	12490	17	55	2.61821598869267	0.000132252499251029	0.000717306716789775
GO:0097746	blood vessel diameter maintenance	0.00329922867614797	40	1.77096785408016	0.000572673236903353	0.00298555293118364	12490	17	55	2.61821598869267	0.000132252499251029	0.000717306716789775
GO:0016037	light absorption	0.000800685003246353	15	2.73648246736916	0.000575148586252243	0.00298558890588879	12374	8	16	4.23534939347343	0.000200376837022935	0.00100981576824683
GO:0016038	absorption of visible light	0.000800685003246353	15	2.73648246736916	0.000575148586252243	0.00298558890588879	12374	8	16	4.23534939347343	0.000200376837022935	0.00100981576824683
GO:0042147	retrograde transport, endosome to Golgi	0.00213888126985928	29	1.98049808000745	0.000589835721239333	0.00305527325412836	38180	18	52	2.93216496471238	1.52348513210225e-05	0.000110338638759142
GO:0071881	adenylate cyclase-inhibiting adrenergic receptor signaling pathway	0.0026617789789704	34	1.86582123408718	0.000596969902754112	0.0030856200742782	1392	14	40	2.9647445754314	0.000115871282531148	0.000641401904903542
GO:0061074	regulation of neural retina development	0.00144484028702848	22	2.22415957642194	0.000602407260886289	0.00310217865741939	22886	10	16	5.29418674184179	2.12232379815011e-06	1.95205371396392e-05
GO:0010628	positive regulation of gene expression	0.0102329370592327	99	1.41318167402665	0.000602738308799963	0.00310217865741939	36885	50	190	2.22913125972286	3.18563089553634e-08	5.24220485462749e-07
GO:0051304	chromosome separation	0.000983083861192532	17	2.52593086686693	0.000624590081485986	0.00320782039727092	14420	6	28	1.81514974006004	0.104544299805727	0.157807715831767
GO:0030099	myeloid cell differentiation	0.0122456207767237	115	1.37176633192761	0.000663882488275584	0.00340239775241237	35320	64	257	2.10943471737198	4.53323551579869e-09	8.84302206111508e-08
GO:0044784	metaphase/anaphase transition of cell cycle	0.0010871291648231	18	2.41854662076949	0.000719569652734713	0.00367999786462002	14436	7	29	2.044651431332	0.0478391520126878	0.0844692764370013
GO:0021546	rhombomere development	0.00146542709362318	22	2.19291384387421	0.000721504729202739	0.0036821095779355	19882	12	21	4.84039930682678	7.58880349636276e-07	8.38233591675868e-06
GO:0005996	monosaccharide metabolic process	0.00468736931137841	52	1.62045612426879	0.000729792317358428	0.00371656340145271	62390	19	107	1.50414277525225	0.0449060867111237	0.0804518201869818
GO:0021545	cranial nerve development	0.00503767357307391	55	1.59476160681138	0.00075084233862885	0.00381573028811594	51038	23	66	2.95191018332997	9.1476069922157e-07	9.83469391740879e-06
GO:0016054	organic acid catabolic process	0.00691316022938244	71	1.50018504263715	0.000754761213617314	0.00381959702037716	24395	41	167	2.0796326363163	3.60693463717129e-06	3.13855211774005e-05
GO:0046395	carboxylic acid catabolic process	0.00691316022938244	71	1.50018504263715	0.000754761213617314	0.00381959702037716	24395	41	167	2.0796326363163	3.60693463717129e-06	3.13855211774005e-05
GO:0002181	cytoplasmic translation	0.00270906389054341	34	1.83325456322614	0.000800392704994179	0.00404206670851967	6763	20	73	2.32073939368407	0.000224269519469257	0.00110265847072385
GO:0051597	response to methylmercury	0.000155088518761154	6	5.65112231587803	0.000806975928506062	0.00406682243970034	2024	4	9	3.76475501642083	0.0149628788972183	0.0348701387787776
GO:1901796	regulation of signal transduction by p53 class mediator	0.00138299703961776	21	2.21799799616671	0.000817070143500729	0.00410913238488205	53576	6	23	2.20974750963831	0.0463254984219991	0.0823980740314822
GO:0006260	DNA replication	0.00529482229334781	57	1.57248521992568	0.000839662741049066	0.00421399205518193	24364	34	143	2.01401229899436	4.73140374346025e-05	0.00029650947293861
GO:0031297	replication fork processing	0.000832452158973389	15	2.63205572794857	0.000845814730503643	0.00423607832937539	34582	6	22	2.31019057825824	0.0379063645915348	0.0713774771192409
GO:0043632	modification-dependent macromolecule catabolic process	0.019473438327998	171	1.28267484018757	0.000866350121724589	0.0043299606290326	33464	99	441	1.90158544196766	1.97791215272903e-10	5.83484085055063e-09
GO:2000060	positive regulation of ubiquitin-dependent protein catabolic process	0.00168531787675581	24	2.08013977990838	0.000872865088080743	0.00435352710941715	44522	9	28	2.72272461009006	0.00372930450550804	0.0117006324238962
GO:0065009	regulation of molecular function	0.0103616408375362	99	1.39562829384987	0.000886932065841519	0.00441458573512476	49433	42	225	1.58119710689675	0.00178253851275458	0.00638033127818068
GO:0048262	determination of dorsal/ventral asymmetry	0.00199283338654295	27	1.97904595462743	0.00089852735065395	0.0044431826321912	71367	9	37	2.06044024547356	0.0253623386671434	0.0518911957654312
GO:0003159	morphogenesis of an endothelium	0.00120287939255456	19	2.30724982348132	0.00090002459271339	0.0044431826321912	30485	5	16	2.6470933709209	0.0326799335044855	0.0629661435519853
GO:0061154	endothelial tube morphogenesis	0.00120287939255456	19	2.30724982348132	0.00090002459271339	0.0044431826321912	30485	5	16	2.6470933709209	0.0326799335044855	0.0629661435519853
GO:0072554	blood vessel lumenization	0.00120287939255456	19	2.30724982348132	0.00090002459271339	0.0044431826321912	30485	5	16	2.6470933709209	0.0326799335044855	0.0629661435519853
GO:0019941	modification-dependent protein catabolic process	0.0193714671661839	170	1.2818863168195	0.000917827323426291	0.00452184174209409	33653	98	438	1.89527050484199	2.94653013049833e-10	8.19270848928215e-09
GO:0071698	olfactory placode development	0.00066889106423993	13	2.83890633072062	0.00093598057684745	0.0046019045028333	22071	6	13	3.90955328628317	0.00221042015865805	0.00762768382852187
GO:0048609	multicellular organismal reproductive process	0.00976436530018693	94	1.40619950302589	0.000938931034374931	0.00460704700233866	47480	50	223	1.89925981770109	5.56307200133004e-06	4.57723509225081e-05
GO:0045471	response to ethanol	0.000670442011548261	13	2.83233903025854	0.000955406061895944	0.00467839527070099	28757	3	16	1.58825602255254	0.290941931951894	0.345163576945381
GO:0030258	lipid modification	0.00568641957806108	60	1.54125839164064	0.000996697422473907	0.00487072942417046	74880	26	120	1.83531807050515	0.00152402357752366	0.00561075892620666
GO:0032925	regulation of activin receptor signaling pathway	0.00131101223955848	20	2.22836513360288	0.00101367964831621	0.00494373199450989	80481	3	18	1.41178313115781	0.358957919818097	0.4099712974693
GO:0003158	endothelium development	0.00583513105980324	61	1.52701156151832	0.00112740300679282	0.00548729954412846	64681	17	75	1.92002505837462	0.00577923952828235	0.0168840343223611
GO:0061136	regulation of proteasomal protein catabolic process	0.00255635597581717	32	1.82848648122248	0.00116171776825593	0.00564296241247208	42196	15	51	2.49138199616084	0.000585015018788582	0.00254982221702627
GO:0060897	neural plate regionalization	0.000772767951696386	14	2.6463180448438	0.00117621443911884	0.0057019293150871	64230	5	14	3.02524956676674	0.0182935325119236	0.0405610038004978
GO:0051094	positive regulation of developmental process	0.0224978490804248	193	1.25308177929735	0.00121187022823256	0.00586302816418913	42652	90	294	2.59307105722863	5.40712676165626e-18	7.8280295723627e-16
GO:0001754	eye photoreceptor cell differentiation	0.00503589692048306	54	1.56631833977491	0.00122294110835035	0.00589568585018264	51517	18	78	1.95477664314158	0.00375254832432918	0.0117430975375838
GO:1901987	regulation of cell cycle phase transition	0.00692737966218126	70	1.47601970353622	0.00122349495526734	0.00589568585018264	28112	33	152	1.83903328927136	0.000374482044765288	0.001696389637242
GO:0002520	immune system development	0.00256622902890945	32	1.82145174507685	0.00123330908535371	0.00593116238065732	46405	12	44	2.31019057825824	0.00403794386648887	0.0125407109346344
GO:0033336	caudal fin development	0.000958943059185904	16	2.43719493988633	0.00127361121731121	0.0061128284418171	59412	3	13	1.95477664314158	0.191806588198454	0.249317644735121
GO:0044839	cell cycle G2/M phase transition	0.00204529640523973	27	1.92828229775432	0.00129547130525318	0.00620543581664841	11806	14	56	2.11767469673672	0.00470281342629044	0.0143819287967087
GO:0032787	monocarboxylic acid metabolic process	0.0138885164138189	126	1.32518891342112	0.00130140661061227	0.00622154662267014	33987	74	339	1.84906109213589	1.18452007036841e-07	1.62804207398931e-06
GO:0031214	biomineral tissue development	0.00379402849339102	43	1.65550681401379	0.00133433155062691	0.0063658835972396	51426	17	71	2.02819548419855	0.00318506953276369	0.010468319564885
GO:0006511	ubiquitin-dependent protein catabolic process	0.0191628947782279	167	1.27297085772817	0.00133686187159889	0.0063658835972396	34224	95	429	1.87579576867122	9.65992162475698e-10	2.40900519693682e-08
GO:0060896	neural plate pattern specification	0.000785488204453503	14	2.60346337915273	0.00136633966558754	0.00649346886258598	64230	5	15	2.82356626231562	0.0248246641606505	0.0510202740905808
GO:0021551	central nervous system morphogenesis	0.000613702326397357	12	2.85618662862999	0.00137202470913391	0.00650770151253907	85681	5	15	2.82356626231562	0.0248246641606505	0.0510202740905808
GO:0043114	regulation of vascular permeability	0.00195673503617427	26	1.9409056839355	0.00143871946875982	0.00681068961825834	66709	7	19	3.120783763612	0.00440858963117717	0.0135334750226111
GO:0030111	regulation of Wnt signaling pathway	0.0124120194078989	114	1.34160760224462	0.00144432933545183	0.00682389191886324	52344	56	195	2.4326109336873	1.43076691394489e-10	4.27287057386752e-09
GO:0032446	protein modification by small protein conjugation	0.0212862748577666	183	1.25578279677853	0.00145455925241252	0.00685882813174639	42420	104	489	1.80153921031181	1.70239610952612e-09	3.99815163975115e-08
GO:0006914	autophagy	0.0116626454291092	108	1.35266355334462	0.0014654946695776	0.00688355651593829	33107	65	260	2.11767469673672	2.91980109812946e-09	6.3062489789064e-08
GO:0061919	process utilizing autophagic mechanism	0.0116626454291092	108	1.35266355334462	0.0014654946695776	0.00688355651593829	33107	65	260	2.11767469673672	2.91980109812946e-09	6.3062489789064e-08
GO:0018208	peptidyl-proline modification	0.00106673286176961	17	2.32785729089243	0.00148186942636859	0.00694698089609616	30806	7	22	2.69522234130128	0.0108612213786265	0.0271893814164343
GO:1901136	carbohydrate derivative catabolic process	0.00532900801577195	56	1.53498720136933	0.0015581007304267	0.00729022372708355	26819	34	155	1.85808876616899	0.000251574585755363	0.00122693331238352
GO:0060541	respiratory system development	0.00126346227958031	19	2.19661743052805	0.00156308680635245	0.00729943433314012	44844	6	22	2.31019057825824	0.0379063645915348	0.0713774771192409
GO:0035476	angioblast cell migration	0.00116752787128584	18	2.25199983022861	0.00156817757079197	0.00730909738679342	33072	4	17	1.99310559692867	0.1322031561528	0.1847483736185
GO:0016482	cytosolic transport	0.00250044249624173	31	1.81095612139136	0.0015838366180643	0.00736788611364911	35864	20	62	2.73248347966028	1.73580837674146e-05	0.00012321111243784
GO:0030514	negative regulation of BMP signaling pathway	0.00228911816039157	29	1.85051620384489	0.00161037565637161	0.00747696489973691	22635	10	43	1.96992995045276	0.0256149932645846	0.0521571285412712
GO:0051205	protein insertion into membrane	0.00126854237401258	19	2.18782070114221	0.00163385385352786	0.00757144151663583	24102	12	41	2.47922891325274	0.00211544067182674	0.0074163057755781
GO:0010669	epithelial structure maintenance	0.00127249256157181	19	2.18102906842351	0.00169073852027633	0.00782006975248268	88122	4	19	1.78330500777829	0.179034501186989	0.237046775244295
GO:0010002	cardioblast differentiation	0.00117721525244847	18	2.23346797661201	0.00171236577972384	0.00790498629990833	47259	5	14	3.02524956676674	0.0182935325119236	0.0405610038004978
GO:0033045	regulation of sister chromatid segregation	0.00117787856369159	18	2.23221022011171	0.00172263452809524	0.00793724366373786	14436	7	32	1.85296535964463	0.0757512485847056	0.123478618818331
GO:0043161	proteasome-mediated ubiquitin-dependent protein catabolic process	0.0123674415792557	113	1.33463245351512	0.00177781131423842	0.00817590412384549	28327	69	277	2.11002966173045	1.1460226340266e-09	2.80023106233369e-08
GO:0010948	negative regulation of cell cycle process	0.00477935836372522	51	1.55870412766209	0.00180016546563107	0.00826299859840902	20473	20	108	1.56864792350868	0.0271978345998342	0.0551479982372163
GO:0036269	swimming behavior	0.00667890644556487	67	1.46532023773154	0.00181203086842221	0.00830170960362373	90696	30	109	2.33138498723308	6.32502312808705e-06	5.1515929113948e-05
GO:0051784	negative regulation of nuclear division	0.000902186118279455	15	2.42861248790615	0.00183256560644369	0.00837991720602513	16257	4	24	1.41178313115781	0.312740497128534	0.368494526329237
GO:1901657	glycosyl compound metabolic process	0.00148454301961528	21	2.06628209627204	0.00190275910223212	0.00868447975150847	11808	12	42	2.42019965341339	0.00264775009269342	0.00894540150031476
GO:0046348	amino sugar catabolic process	0.000320500810949417	8	3.64606124484324	0.00194150980142995	0.00884465576206978	2225	4	11	3.08025410434431	0.0323074438717932	0.0629661435519853
GO:0055008	cardiac muscle tissue morphogenesis	0.00149488404879793	21	2.05198835658412	0.00206216641445716	0.00937665518152607	188322	9	22	3.46528586738735	0.000518667475413709	0.00228119386004684
GO:0009725	response to hormone	0.0175623944618147	153	1.27253814256004	0.00208160077189777	0.00944726504168986	47570	67	314	1.80744209785172	1.07263578213296e-06	1.12324933202582e-05
GO:0031047	regulatory ncRNA-mediated gene silencing	0.00447635005728628	48	1.56631930584793	0.00218469884196369	0.00989660393016884	55579	28	131	1.81053103843139	0.00128148168367799	0.00487406319625322
GO:1901698	response to nitrogen compound	0.0146229531203792	130	1.29858795361025	0.00220479547701983	0.00996897244656255	45189	60	297	1.71125228019129	2.19899084378582e-05	0.000152417159057819
GO:0045005	DNA-templated DNA replication maintenance of fidelity	0.000921210933882277	15	2.37845686875994	0.00222715356460556	0.0100512770014568	34582	6	25	2.03296770886725	0.0663852958733439	0.110216905091022
GO:0017121	plasma membrane phospholipid scrambling	0.000921789346808126	15	2.3769644125917	0.00224017354286441	0.0100912100562179	9331	8	20	3.38827951477875	0.00126830313970141	0.00484680141380364
GO:0031570	DNA integrity checkpoint signaling	0.00192061321797805	25	1.90135495333771	0.00228381586654345	0.0102686813776368	20866	9	46	1.65731063222873	0.086370788616555	0.137273940646154
GO:0060021	roof of mouth development	0.000743500809832624	13	2.55402422125225	0.0023380802248998	0.0104931652393926	12610	5	14	3.02524956676674	0.0182935325119236	0.0405610038004978
GO:0060384	innervation	0.00102023688334009	16	2.29077306422761	0.00234257387275572	0.0104938633299928	33314	8	14	4.84039930682678	5.8208773322581e-05	0.000348795209102791
GO:0051260	protein homooligomerization	0.00556538977936326	57	1.49603713818855	0.00245241368778762	0.0109655983562999	34585	26	89	2.47458616247886	7.95098023940162e-06	6.32678328918175e-05
GO:0055010	ventricular cardiac muscle tissue morphogenesis	0.00102609417700208	16	2.27769655443845	0.00247540128646206	0.0110479625681766	237104	4	12	2.82356626231562	0.0440347338350109	0.0791382029323115
GO:0021999	neural plate anterior/posterior regionalization	0.000661505600866923	12	2.64978614892767	0.00251958663562438	0.01122445685373	73083	3	10	2.54120963608406	0.104574521900919	0.157807715831767
GO:0021555	midbrain-hindbrain boundary morphogenesis	0.00084478174142498	14	2.42073150350247	0.00262379958826381	0.0116672264779598	33428	5	12	3.52945782789453	0.00885286394535751	0.0229998964836052
GO:0090307	mitotic spindle assembly	0.00152720960077439	21	2.00855511975651	0.00263523593761577	0.0116965793267753	40809	7	29	2.044651431332	0.0478391520126878	0.0844692764370013
GO:0046686	response to cadmium ion	0.000264697768209463	7	3.86287687441487	0.00266099368827478	0.0117820365420862	4382	5	14	3.02524956676674	0.0182935325119236	0.0405610038004978
GO:1901699	cellular response to nitrogen compound	0.00950446394178859	89	1.36780908644807	0.00266423066908688	0.0117820365420862	48689	36	168	1.81514974006004	0.000273556290431149	0.00131819256285448
GO:0048678	response to axon injury	0.00270349856426523	32	1.72896793982371	0.00270444227314502	0.0119380398882077	42342	12	38	2.67495751166743	0.00101557496979007	0.00408085689688069
GO:1901207	regulation of heart looping	0.000581601789473203	11	2.76267664487876	0.00273495240813221	0.0120507283702583	26272	3	12	2.11767469673672	0.160887990270784	0.217180830616645
GO:0006839	mitochondrial transport	0.00133450560561709	19	2.07967898707887	0.00282814063566141	0.0124386767230272	21084	11	38	2.45204438569515	0.00352049129558741	0.0112795608530145
GO:0032870	cellular response to hormone stimulus	0.0151306547209277	133	1.28397635272947	0.00288742410122245	0.01267636824112	46727	54	256	1.7867880253716	1.57737645058474e-05	0.000113900705491477
GO:0061333	renal tubule morphogenesis	0.00085495849581485	14	2.39191701709692	0.00291395508038993	0.0127696690932305	42508	7	14	4.23534939347343	0.0005123975005186	0.00226184225137681
GO:0035265	organ growth	0.00217453649242558	27	1.81367793349151	0.00296824447371784	0.0129840567485053	38738	17	47	3.06386977400206	1.34340660131154e-05	9.94057039600929e-05
GO:0006301	postreplication repair	0.000678151883125503	12	2.58474306749194	0.00306717890452401	0.0133926096932195	34934	6	19	2.67495751166743	0.0187410966317794	0.0412508760257273
GO:0170034	L-amino acid biosynthetic process	0.00135237704651932	19	2.05219637029765	0.00325521584736057	0.0141880488914689	22517	10	42	2.01683304451116	0.0219086246808813	0.0469415085058032
GO:0097237	cellular response to toxic substance	0.00125397575541222	18	2.0967491249929	0.00330076633018664	0.0143349259474353	84591	7	24	2.47062047952617	0.017860010981183	0.0404905028711169
GO:1990748	cellular detoxification	0.00125397575541222	18	2.0967491249929	0.00330076633018664	0.0143349259474353	84591	7	24	2.47062047952617	0.017860010981183	0.0404905028711169
GO:0006081	aldehyde metabolic process	0.00219311541930513	27	1.79831340255402	0.00331764633233493	0.0143824130428641	63843	10	51	1.6609213307739	0.0722661108419451	0.119000491577035
GO:0051259	protein complex oligomerization	0.00674277896982761	66	1.42977637640558	0.00337339504401383	0.0145979295375125	36812	33	111	2.5183158555788	3.28432842130227e-07	4.05346451588275e-06
GO:0007193	adenylate cyclase-inhibiting G protein-coupled receptor signaling pathway	0.00482616494575454	50	1.51332061647035	0.00347627553929235	0.0149935620110141	9373	25	80	2.6470933709209	3.11203994984714e-06	2.76765611716185e-05
GO:0008652	amino acid biosynthetic process	0.00230972912504403	28	1.77076156063291	0.00347721715096275	0.0149935620110141	28794	14	60	1.97649638362094	0.00895946668517789	0.0231548610165014
GO:0048857	neural nucleus development	0.00243927429398791	29	1.7366026685727	0.0038899254385488	0.01673883010375	32946	12	26	3.90955328628317	1.4091922644553e-05	0.000103298063264162
GO:0000278	mitotic cell cycle	0.0210291647903851	177	1.22945984028791	0.00389580874262558	0.01673883010375	45385	92	495	1.57435209777598	7.07281617712591e-06	5.70304744415586e-05
GO:2000058	regulation of ubiquitin-dependent protein catabolic process	0.0023315321172895	28	1.75420253479374	0.00393626054664235	0.0168826494012905	39398	12	42	2.42019965341339	0.00264775009269342	0.00894540150031476
GO:0046488	phosphatidylinositol metabolic process	0.00533894664073531	54	1.47741085171855	0.0039762110618783	0.0170238133782011	89562	22	119	1.56601154044396	0.0217101433012278	0.0467647699427159
GO:0055012	ventricular cardiac muscle cell differentiation	0.000441781853447964	9	2.97575890385974	0.00399578354107539	0.0170773858407445	29095	5	10	4.23534939347343	0.0034510203350468	0.0112053935442661
GO:0006367	transcription initiation at RNA polymerase II promoter	0.00222531120799989	27	1.77229541544847	0.00400549834844313	0.0170887134124937	30534	16	49	2.76594246104387	0.000100033884944637	0.000565616085069328
GO:0030500	regulation of bone mineralization	0.00148341656389334	20	1.96938205724983	0.0040485952981161	0.0172118664782827	47199	7	26	2.28057275033185	0.0275354316948145	0.0555995069029685
GO:0070167	regulation of biomineral tissue development	0.00148341656389334	20	1.96938205724983	0.0040485952981161	0.0172118664782827	47199	7	26	2.28057275033185	0.0275354316948145	0.0555995069029685
GO:0043408	regulation of MAPK cascade	0.0134863199538201	119	1.28889223653714	0.00409664212904546	0.0173855742283526	26792	58	224	2.19330593590588	5.08850908842765e-09	9.76912974992578e-08
GO:0000077	DNA damage checkpoint signaling	0.00169922532549439	22	1.89118848017384	0.00426217225448352	0.01805638298353	22881	7	42	1.41178313115781	0.221692643391954	0.282249739139545
GO:0170039	proteinogenic amino acid metabolic process	0.00573016636951726	57	1.45301711355439	0.00441622949274998	0.0186763271730109	30721	32	143	1.89554098728881	0.000257543378581033	0.00125099886101912
GO:0033993	response to lipid	0.00918961611635552	85	1.35109118719626	0.004424902701719	0.0186803484039411	58806	34	185	1.5567770743578	0.00585615582158036	0.0170637229168229
GO:0016032	viral process	0.000803638498365334	13	2.36290207686135	0.00444497681585687	0.0187324022953968	116463	3	15	1.69413975738937	0.257195234981325	0.313228819434782
GO:0006611	protein export from nucleus	0.000539599900017668	10	2.70701863015829	0.00478376219493487	0.0201250795644304	16209	6	15	3.38827951477875	0.0052312692144698	0.0155651171338283
GO:0016567	protein ubiquitination	0.0196957849502597	166	1.23111294956832	0.00480186847469778	0.0201661802782881	42920	95	447	1.8002603685905	8.70508428262031e-09	1.59527264239837e-07
GO:0009116	nucleoside metabolic process	0.00120315824556415	17	2.06390296443556	0.0048945278104621	0.0205196928483671	6126	9	33	2.31019057825824	0.0120965500724892	0.0298282921767088
GO:0048844	artery morphogenesis	0.00110426136915781	16	2.11646557306397	0.00493179604730484	0.0206401637343086	37104	4	20	1.69413975738937	0.20425454757123	0.262814760944045
GO:0007029	endoplasmic reticulum organization	0.00237418213292329	28	1.72268988692385	0.00498271523395067	0.0208172506924467	32274	17	62	2.32261095771124	0.000638895711319525	0.00275488186396066
GO:0007610	behavior	0.0191908477217494	162	1.23305929234629	0.00499728603686954	0.0208421291779094	56211	79	326	2.05271535021105	3.08774179750728e-10	8.48778114564784e-09
GO:0000413	protein peptidyl-prolyl isomerization	0.00101215083629198	15	2.16475686696661	0.00520870355910415	0.0216864955412615	29249	6	21	2.42019965341339	0.0305304164425599	0.0600431523370345
GO:0060037	pharyngeal system development	0.00283109521329303	32	1.65104385081315	0.00522127810759168	0.021701497838942	38238	14	36	3.29416063936823	2.99847004081069e-05	0.000200367376484007
GO:0048333	mesodermal cell differentiation	0.00121342749080374	17	2.04643613938574	0.00530549419177099	0.0219789373727774	7893	9	27	2.82356626231562	0.00282266868873904	0.00939207091892673
GO:0009060	aerobic respiration	0.00627258033814911	61	1.42051789071599	0.00530931425891795	0.0219789373727774	46607	33	151	1.85121231767713	0.000330087613238723	0.00152965888203921
GO:0019953	sexual reproduction	0.0134775098552693	118	1.2788966637615	0.00532428794355918	0.0219789373727774	43136	70	337	1.75949232963288	1.74186191451726e-06	1.6854255884869e-05
GO:1903050	regulation of proteolysis involved in protein catabolic process	0.00283509026581667	32	1.64871729106217	0.00532437259216517	0.0219789373727774	42196	15	55	2.31019057825824	0.00138272777971741	0.00513797004475638
GO:0016925	protein sumoylation	0.000823221710217573	13	2.3066921744949	0.00539244136169517	0.022222002817616	37754	6	20	2.54120963608406	0.0241589181340045	0.0500346087039015
GO:0071875	adrenergic receptor signaling pathway	0.00318766124356049	35	1.60383241724814	0.0055884252372754	0.0229713281120071	1368	15	48	2.6470933709209	0.000282800276958655	0.00134399581525145
GO:1902808	positive regulation of cell cycle G1/S phase transition	0.000922850920889218	14	2.21594813285841	0.00559326674575121	0.0229713281120071	71754	4	10	3.38827951477875	0.0226374512719993	0.0476271036563085
GO:0000070	mitotic sister chromatid segregation	0.00296022831479451	33	1.62836529098147	0.00562750987157311	0.0230727904734497	27261	14	78	1.52038183355457	0.0716611135878637	0.118245725626905
GO:0006325	chromatin organization	0.0159760783764589	137	1.25260312226216	0.00565040668483924	0.023108658197107	40613	76	398	1.61752037137679	1.61751317795888e-05	0.00011610576787782
GO:0170036	import into the mitochondrion	0.00030504103444207	7	3.35199128011003	0.00568493927643587	0.023108658197107	37813	3	10	2.54120963608406	0.104574521900919	0.157807715831767
GO:0035794	positive regulation of mitochondrial membrane permeability	0.000467696547124558	9	2.8108744698757	0.00572223491528198	0.023108658197107	14886	5	14	3.02524956676674	0.0182935325119236	0.0405610038004978
GO:0046902	regulation of mitochondrial membrane permeability	0.000467696547124558	9	2.8108744698757	0.00572223491528198	0.023108658197107	14886	5	14	3.02524956676674	0.0182935325119236	0.0405610038004978
GO:0097345	mitochondrial outer membrane permeabilization	0.000467696547124558	9	2.8108744698757	0.00572223491528198	0.023108658197107	14886	5	14	3.02524956676674	0.0182935325119236	0.0405610038004978
GO:1902108	regulation of mitochondrial membrane permeability involved in apoptotic process	0.000467696547124558	9	2.8108744698757	0.00572223491528198	0.023108658197107	14886	5	14	3.02524956676674	0.0182935325119236	0.0405610038004978
GO:1902110	positive regulation of mitochondrial membrane permeability involved in apoptotic process	0.000467696547124558	9	2.8108744698757	0.00572223491528198	0.023108658197107	14886	5	14	3.02524956676674	0.0182935325119236	0.0405610038004978
GO:1902686	mitochondrial outer membrane permeabilization involved in programmed cell death	0.000467696547124558	9	2.8108744698757	0.00572223491528198	0.023108658197107	14886	5	14	3.02524956676674	0.0182935325119236	0.0405610038004978
GO:1905710	positive regulation of membrane permeability	0.000467696547124558	9	2.8108744698757	0.00572223491528198	0.023108658197107	14886	5	14	3.02524956676674	0.0182935325119236	0.0405610038004978
GO:0006520	amino acid metabolic process	0.00917131742294601	84	1.33785999158727	0.00587563680881888	0.0236886090675548	34340	45	233	1.63597186872364	0.000604268164115445	0.00262428130878862
GO:1901071	glucosamine-containing compound metabolic process	0.000930977001290191	14	2.19660611617374	0.00601591112384675	0.0242137920275962	39678	6	25	2.03296770886725	0.0663852958733439	0.110216905091022
GO:0098754	detoxification	0.00164684375396378	21	1.86264462259615	0.00604698153610846	0.0242984191625355	74257	10	38	2.22913125972286	0.0108802485370436	0.0271893814164343
GO:0048923	posterior lateral line neuromast hair cell differentiation	0.00103419747980574	15	2.11860937205207	0.00628131031790512	0.025198158638495	46447	4	14	2.42019965341339	0.0736389830452027	0.120522801073305
GO:2000026	regulation of multicellular organismal development	0.0323111586056379	259	1.17087447405382	0.00629961068460168	0.0252297321954494	53808	118	476	2.09987911104985	2.68249843756912e-15	2.0278011626499e-13
GO:1901605	alpha-amino acid metabolic process	0.00657455260902517	63	1.39970801588803	0.00632958646221517	0.0253078837224769	29333	35	164	1.80777108258012	0.000357412631261445	0.00164057145165358
GO:0000731	DNA synthesis involved in DNA repair	0.000653432668193026	11	2.45897972141586	0.00637765987767673	0.0254580185546205	37376	5	18	2.35297188526302	0.0525727374185885	0.091163764742341
GO:0030509	BMP signaling pathway	0.00870111464988618	80	1.34300676725227	0.00642833286301462	0.0255338870207428	47060	31	131	2.00451650683475	0.000109400505482848	0.000609769176873295
GO:0071772	response to BMP	0.00870111464988618	80	1.34300676725227	0.00642833286301462	0.0255338870207428	47060	31	131	2.00451650683475	0.000109400505482848	0.000609769176873295
GO:0071773	cellular response to BMP stimulus	0.00870111464988618	80	1.34300676725227	0.00642833286301462	0.0255338870207428	47060	31	131	2.00451650683475	0.000109400505482848	0.000609769176873295
GO:0009303	rRNA transcription	0.000393474710916502	8	2.96986198432325	0.00652242722667807	0.0258651663300561	32303	3	13	1.95477664314158	0.191806588198454	0.249317644735121
GO:0060420	regulation of heart growth	0.000394624634465981	8	2.96120790159195	0.00663166506364923	0.0262041973912299	1784	6	11	4.62038115651647	0.000734287670270792	0.0030998985591362
GO:0015748	organophosphate ester transport	0.00609753588321596	59	1.41338589225537	0.00663587044251139	0.0262041973912299	46523	31	127	2.06765088500278	5.88633419996441e-05	0.000351581294560837
GO:0070373	negative regulation of ERK1 and ERK2 cascade	0.00104091756124495	15	2.10493179752729	0.00664136287179306	0.0262041973912299	53224	6	15	3.38827951477875	0.0052312692144698	0.0155651171338283
GO:0006084	acetyl-CoA metabolic process	0.00145018819078681	19	1.91378145524343	0.00665125142547134	0.0262041973912299	69947	10	27	3.13729584701736	0.000652746218766028	0.0027996331616933
GO:0070585	protein localization to mitochondrion	0.00124532440981247	17	1.99402007231102	0.00676451634151783	0.0266030129378061	35053	11	40	2.32944216641039	0.00541821170215708	0.0160620761121544
GO:0006650	glycerophospholipid metabolic process	0.00922679467702128	84	1.32981594148445	0.00677447539052855	0.0266030129378061	66364	40	206	1.64479588096056	0.00105265409690936	0.00420887646351034
GO:0090288	negative regulation of cellular response to growth factor stimulus	0.00358044158287388	38	1.55027987576502	0.00679705012046556	0.0266484023361526	28285	16	59	2.29713865408729	0.00103804691333177	0.00416423794917006
GO:0060415	muscle tissue morphogenesis	0.00188158138916681	23	1.78553321071072	0.00683577611154234	0.0267204649609208	175374	11	28	3.32777452344341	0.000192101876536854	0.000976248822148426
GO:0000266	mitochondrial fission	0.000396753304469939	8	2.94532036048118	0.00683752286515502	0.0267204649609208	23006	6	17	2.98965839539301	0.0105090011967078	0.0266749988403319
GO:0031103	axon regeneration	0.00266445569177045	30	1.6446589673354	0.00700155799484558	0.0272815002553229	44613	11	37	2.5183158555788	0.00279538393811976	0.00933338834709735
GO:0072078	nephron tubule morphogenesis	0.00075550184269865	12	2.32011132144176	0.00700364268646364	0.0272815002553229	37685	6	13	3.90955328628317	0.00221042015865805	0.00762768382852187
GO:0019058	viral life cycle	0.000755841435967764	12	2.31906891472672	0.00702702372750338	0.0273285697698242	124496	2	13	1.30318442876106	0.464817985645328	0.507398333608325
GO:0000387	spliceosomal snRNP assembly	0.000663554894395377	11	2.42146911125023	0.00710562827576666	0.0275899113949913	6555	7	26	2.28057275033185	0.0275354316948145	0.0555995069029685
GO:0031667	response to nutrient levels	0.00662058820389676	63	1.38997528683534	0.00727540976374033	0.0282038721450126	54055	21	115	1.54682325674682	0.0277230352696604	0.0558850185977571
GO:0006998	nuclear envelope organization	0.000575097059863183	10	2.53993122922048	0.00731456851065569	0.0283103059636418	16610	8	24	2.82356626231562	0.00480449472073701	0.0146189594081293
GO:0000377	RNA splicing, via transesterification reactions with bulged adenosine as nucleophile	0.0114391709706651	101	1.28970364704269	0.00747088206952108	0.0288230681438142	70084	58	246	1.99715662456471	1.78481635186425e-07	2.35927363669924e-06
GO:0000398	mRNA splicing, via spliceosome	0.0114391709706651	101	1.28970364704269	0.00747088206952108	0.0288230681438142	70084	58	246	1.99715662456471	1.78481635186425e-07	2.35927363669924e-06
GO:1990928	response to amino acid starvation	0.00115746362442211	16	2.01918325740375	0.00753292966517188	0.0290161733440299	52900	8	24	2.82356626231562	0.00480449472073701	0.0146189594081293
GO:0090559	regulation of membrane permeability	0.000489213093827993	9	2.68724672447885	0.00755096348003022	0.0290393969128666	14886	5	16	2.6470933709209	0.0326799335044855	0.0629661435519853
GO:0170040	proteinogenic amino acid catabolic process	0.00314072834940058	34	1.58129044823559	0.00759878167452242	0.0291769093185234	33473	17	76	1.89476157076443	0.00664280273260383	0.0184913001267764
GO:0048644	muscle organ morphogenesis	0.00190182377088085	23	1.76652858716584	0.00769593493152759	0.0295031166392476	175374	11	29	3.21302367780743	0.000276597600320948	0.00132755872058804
GO:0000375	RNA splicing, via transesterification reactions	0.0114541620808518	101	1.28801569384764	0.00772594032795701	0.029571281097038	70084	58	247	1.98907097021424	2.06629234096607e-07	2.67292041326038e-06
GO:0060419	heart growth	0.00126568827204554	17	1.96193796256934	0.00785446229629352	0.0300157097863097	47755	11	28	3.32777452344341	0.000192101876536854	0.000976248822148426
GO:0048881	mechanosensory lateral line system development	0.00628093626521394	60	1.39537188772568	0.00799874954105004	0.0305188882331231	35242	25	92	2.30182032253991	4.55818001464772e-05	0.000286800587430117
GO:0170033	L-amino acid metabolic process	0.0056667970230862	55	1.41771239895429	0.00802960173982076	0.0305883568639786	30894	31	141	1.86235221556988	0.000440590846541558	0.00197734556175145
GO:0042573	retinoic acid metabolic process	0.000866760052146783	13	2.19082440651246	0.00807882832329949	0.0307173839069153	19878	5	14	3.02524956676674	0.0182935325119236	0.0405610038004978
GO:0048599	oocyte development	0.00126976753265624	17	1.95563503227264	0.00808886876755066	0.0307173839069153	47883	9	41	1.85942168493956	0.0465936029961256	0.0826925353247453
GO:0045685	regulation of glial cell differentiation	0.000676282049454711	11	2.37589875658073	0.00811111173887366	0.030753572564789	47769	3	12	2.11767469673672	0.160887990270784	0.217180830616645
GO:0043652	engulfment of apoptotic cell	0.000677226284398101	11	2.3725861169511	0.00818988576634689	0.0309594157295123	3432	6	12	4.23534939347343	0.00132190461016384	0.00495765465424236
GO:0045776	negative regulation of blood pressure	0.000868310999455114	13	2.18691123114276	0.00819099878746915	0.0309594157295123	658	5	12	3.52945782789453	0.00885286394535751	0.0229998964836052
GO:0022414	reproductive process	0.0160433564966359	136	1.23824556051005	0.00825179900883751	0.031140564434287	39740	83	399	1.76207518625712	1.90851626863959e-07	2.4955139750482e-06
GO:0007634	optokinetic behavior	0.000968245291884784	14	2.11205754594515	0.00829300534911039	0.0312473207780343	15344	4	22	1.54012705217216	0.25735050411413	0.313228819434782
GO:0044774	mitotic DNA integrity checkpoint signaling	0.0011705855911683	16	1.99654872665434	0.00831926156465487	0.0312975019049769	12776	7	29	2.044651431332	0.0478391520126878	0.0844692764370013
GO:0031507	heterochromatin formation	0.00316173826712123	34	1.57078268971701	0.0083324694514162	0.0312985149114531	70525	14	72	1.64708031968411	0.0405075922241567	0.0754201849989578
GO:0055006	cardiac cell development	0.00374868243851098	39	1.51966919682916	0.00835452004079832	0.031332688339056	54636	16	53	2.55719208662547	0.000279718198901609	0.00133196520303739
GO:0072655	establishment of protein localization to mitochondrion	0.00202926442787853	24	1.72757020182702	0.0084960955856013	0.0318143269683739	48890	13	52	2.11767469673672	0.0063310728761083	0.017971564201539
GO:0042476	odontogenesis	0.00214421882016427	25	1.70307592728277	0.00867991478354364	0.0324524170964329	80707	9	30	2.54120963608406	0.00621264830898737	0.0177012912360901
GO:0046164	alcohol catabolic process	0.000590764595667284	10	2.47257028077227	0.00871539147132689	0.0325347715573144	86534	3	14	1.81514974006004	0.224034116876614	0.283440653098603
GO:0043414	macromolecule methylation	0.00329121855442426	35	1.55336825953272	0.00880721336581441	0.0328268861816719	40167	15	81	1.56864792350868	0.0507780514177131	0.0890733186217898
GO:0048332	mesoderm morphogenesis	0.00376979105915335	39	1.5111599399302	0.00907992148120959	0.0337912770200708	29848	17	57	2.52634876101924	0.00021474221010707	0.00106665586498768
GO:1901607	alpha-amino acid biosynthetic process	0.00182301328415842	22	1.76277122537707	0.00918487608916176	0.0341293629180988	19658	11	53	1.75806955955501	0.0429590089759687	0.0786065376042876
GO:0045814	negative regulation of gene expression, epigenetic	0.00353833477842463	37	1.5274461498157	0.00926510848244048	0.0343746892929809	64824	16	84	1.61346643560893	0.0355990590852353	0.067646601671001
GO:0055002	striated muscle cell development	0.012990016815154	112	1.25942240362027	0.00978293444980168	0.0362403038806589	38887	52	224	1.96641221839838	1.23202008761846e-06	1.2681942944464e-05
GO:0051310	metaphase chromosome alignment	0.00119373177142535	16	1.95783611312983	0.00986482079075602	0.036487769866726	23014	8	30	2.2588530098525	0.0201179613676507	0.0439614711367182
GO:0006575	modified amino acid metabolic process	0.0040346627653787	41	1.48436163694422	0.0100495734160605	0.0371143787686264	31890	22	105	1.77481307916982	0.0051413820256251	0.0153923305940435
GO:0060217	hemangioblast cell differentiation	0.000605223538353056	10	2.41349995433799	0.0101824250142393	0.0375476922400075	4398	5	12	3.52945782789453	0.00885286394535751	0.0229998964836052
GO:0060216	definitive hemopoiesis	0.00262969776849246	29	1.61085060765314	0.01022821872666	0.0376041053130246	23033	8	62	1.09299339186411	0.451651770928484	0.498027032953103
GO:0001649	osteoblast differentiation	0.00195226648571849	23	1.72088497322953	0.0102288140950683	0.0376041053130246	32028	9	34	2.24224379654476	0.0147668409831798	0.0345798531832643
GO:0070050	neuron cellular homeostasis	0.00119993901180979	16	1.94770829890934	0.0103157266740445	0.0378660740887914	132998	5	17	2.49138199616084	0.0419178219660594	0.0769925674532253
GO:0008637	apoptotic mitochondrial changes	0.00131451446770378	17	1.8890639325124	0.011046571828303	0.0404873594737347	16606	11	33	2.82356626231562	0.000988364217007116	0.00399808200826123
GO:0031102	neuron projection regeneration	0.00276270237130788	30	1.5861719279097	0.0110975413026167	0.0406126360227381	44613	11	41	2.27262650381501	0.00662922774661152	0.0184747717961443
GO:0006221	pyrimidine nucleotide biosynthetic process	0.00121292983481384	16	1.92684778987706	0.011312060907916	0.0413351591182005	30492	8	30	2.2588530098525	0.0201179613676507	0.0439614711367182
GO:0016579	protein deubiquitination	0.00347163162002239	36	1.5147186428184	0.0113864759725351	0.0415443218364439	51279	17	78	1.84617794074483	0.00868207866803044	0.0228779393224026
GO:0051983	regulation of chromosome segregation	0.00142677213051304	18	1.84281183497566	0.0114892501405598	0.0418561688102621	14436	7	39	1.52038183355457	0.170351201313921	0.227668262971478
GO:0046620	regulation of organ growth	0.000617030616526762	10	2.36731686087415	0.0115137399752134	0.0418823112782573	1454	7	17	3.48793479462518	0.0021055340179743	0.00739228851883867
GO:0016197	endosomal transport	0.00867846405492837	78	1.31284918493485	0.0115552200914382	0.0419700861879716	41044	53	182	2.46674195444057	2.50569285280726e-10	7.13090707169501e-09
GO:0043605	amide catabolic process	0.000526869984037446	9	2.49518158898952	0.0117825749919758	0.0427317075046317	28351	5	13	3.25796107190264	0.0130043913120447	0.0314891116955316
GO:0170038	proteinogenic amino acid biosynthetic process	0.00153955298783041	19	1.80269421583983	0.011867646831314	0.0429758049175875	22517	10	47	1.80227633764827	0.0449319591040151	0.0804518201869818
GO:0030225	macrophage differentiation	0.00175977784239038	21	1.7431090383602	0.0119945034999812	0.0433702600395433	49573	7	25	2.37179566034512	0.0223382057160958	0.0476089159711327
GO:0042176	regulation of protein catabolic process	0.0038450144194132	39	1.48159580409817	0.0121021497708481	0.0436941795457932	38665	19	73	2.20470242399987	0.000642503269013062	0.00276550784295836
GO:0002027	regulation of heart rate	0.00154458683683783	19	1.79681918811548	0.0122376684566373	0.0441176154941962	17403	7	27	2.19610709291215	0.0334947419809207	0.0638988807979867
GO:0007034	vacuolar transport	0.00349110646572981	36	1.50626891143707	0.012294226823689	0.0442555575692019	17831	28	96	2.47062047952617	3.75261567353163e-06	3.20762449267598e-05
GO:0141193	nuclear receptor-mediated signaling pathway	0.00373389287554898	38	1.4865682324819	0.0124991016198106	0.0449261914090964	44581	12	55	1.84815246260659	0.0248105996531902	0.0510202740905808
GO:0016973	poly(A)+ mRNA export from nucleus	0.00027500911749258	6	3.18689139217819	0.0126802773696694	0.0455097788682942	7380	6	13	3.90955328628317	0.00221042015865805	0.00762768382852187
GO:0031398	positive regulation of protein ubiquitination	0.000629086177580308	10	2.32195052798295	0.0130046513412951	0.0466048171771748	8668	4	23	1.47316500642554	0.284849328174485	0.342054118522099
GO:0055013	cardiac muscle cell development	0.00338740903813101	35	1.50925807308131	0.0130437062923319	0.0466756294691582	40960	15	50	2.54120963608406	0.000463012094006089	0.00205887179301605
GO:0051225	spindle assembly	0.00245630986609157	27	1.60562350309645	0.0133057405469919	0.0475429636383655	35304	12	57	1.78330500777829	0.0321097872929167	0.0629661435519853
GO:0043954	cellular component maintenance	0.00155927010434568	19	1.7798989786349	0.0133694011974109	0.0476999727087565	36556	8	26	2.60636885752211	0.00823144948814482	0.0219052544684514
GO:0042440	pigment metabolic process	0.00223108567403527	25	1.63676702241722	0.0135384957092022	0.0482321371436821	35931	13	45	2.44709076067354	0.00159915567403994	0.00580834470796187
GO:0060581	cell fate commitment involved in pattern specification	0.000540034054827165	9	2.43435811540104	0.0136149480266075	0.0484331754064169	12701	7	12	4.94124095905234	0.000146670730377743	0.00076962363727497
GO:1901875	positive regulation of post-translational protein modification	0.000731561897686559	11	2.19636600194526	0.0138125237367097	0.048991928033872	8276	5	29	1.46046530809429	0.252915441275544	0.311825918677646
GO:1903322	positive regulation of protein modification by small protein conjugation or removal	0.000731561897686559	11	2.19636600194526	0.0138125237367097	0.048991928033872	8276	5	29	1.46046530809429	0.252915441275544	0.311825918677646
GO:0061300	cerebellum vasculature development	0.000635527406009925	10	2.29841698149609	0.0138583090438035	0.0490823566280538	16513	3	13	1.95477664314158	0.191806588198454	0.249317644735121
GO:0072583	clathrin-dependent endocytosis	0.00135066941695065	17	1.83849714707479	0.0140119580925212	0.0495539862950421	54681	9	29	2.62883755456972	0.00484889572063857	0.0146618484352809
GO:0010324	membrane invagination	0.00156754182332345	19	1.77050667793771	0.0140423681778587	0.0495890344850222	12287	9	33	2.31019057825824	0.0120965500724892	0.0298282921767088
GO:0090092	regulation of transmembrane receptor protein serine/threonine kinase signaling pathway	0.00825323806357993	74	1.30969585329503	0.0142258389866262	0.050163709196281	40723	31	133	1.97437340146882	0.000147065269757534	0.00077002356611142
GO:0003044	regulation of systemic arterial blood pressure mediated by a chemical signal	0.00135481632012308	17	1.83286976457395	0.01438837518009	0.0506629979048582	3964	8	21	3.22693287121785	0.00183819465452887	0.00654873765729799
GO:0061371	determination of heart left/right asymmetry	0.011369670309174	98	1.25904516455569	0.0148238043860547	0.0521203238515498	33714	47	220	1.80964928630228	3.85997892068374e-05	0.000249660133934063
GO:1902115	regulation of organelle assembly	0.00271546025400861	29	1.55997505103116	0.0150514666324632	0.0527176355194839	26246	19	68	2.3668128963528	0.000241587056752721	0.00118060422279764
GO:0050000	chromosome localization	0.00136194294716292	17	1.82327892286364	0.0150536379814883	0.0527176355194839	22125	9	37	2.06044024547356	0.0253623386671434	0.0518911957654312
GO:0045666	positive regulation of neuron differentiation	0.00168968703405966	20	1.72896749840101	0.0150590682695177	0.0527176355194839	11038	8	22	3.08025410434431	0.00259221018545182	0.00879460931081058
GO:0097305	response to alcohol	0.00180134212588531	21	1.70288842885363	0.0151032341465494	0.0527958430643106	24921	9	28	2.72272461009006	0.00372930450550804	0.0117006324238962
GO:0048382	mesendoderm development	0.00104593829587815	14	1.95517248303274	0.0152002247326336	0.0530582159137673	99462	3	13	1.95477664314158	0.191806588198454	0.249317644735121
GO:0010972	negative regulation of G2/M transition of mitotic cell cycle	0.00104668650543856	14	1.95377485467273	0.0152833134728862	0.0531947270372829	12361	10	35	2.42019965341339	0.00586896133393825	0.0170637229168229
GO:1902750	negative regulation of cell cycle G2/M phase transition	0.00104668650543856	14	1.95377485467273	0.0152833134728862	0.0531947270372829	12361	10	35	2.42019965341339	0.00586896133393825	0.0170637229168229
GO:2000765	regulation of cytoplasmic translation	0.000371540574928892	7	2.75204097889242	0.0154183225998496	0.0535875321394197	17920	4	12	2.82356626231562	0.0440347338350109	0.0791382029323115
GO:0071880	adenylate cyclase-activating adrenergic receptor signaling pathway	0.00136692986051525	17	1.81662713020909	0.0155332168099831	0.0539093995170001	601	7	19	3.120783763612	0.00440858963117717	0.0135334750226111
GO:0099558	maintenance of synapse structure	0.000746537132578219	11	2.15230778253212	0.0157811377880478	0.0546131665742126	27565	4	11	3.08025410434431	0.0323074438717932	0.0629661435519853
GO:0033365	protein localization to organelle	0.0121846154688022	104	1.24676504183179	0.0157811506553843	0.0546131665742126	42260	62	304	1.72757672628522	1.1955074420217e-05	9.03728906953281e-05
GO:0010996	response to auditory stimulus	0.00126363690782642	16	1.84952746869913	0.0159440621312327	0.0550981232792169	200764	3	16	1.58825602255254	0.290941931951894	0.345163576945381
GO:0045879	negative regulation of smoothened signaling pathway	0.0019243107812761	22	1.66997731970486	0.0159941152042962	0.0551922463326568	48187	8	22	3.08025410434431	0.00259221018545182	0.00879460931081058
GO:0046148	pigment biosynthetic process	0.00192539582318473	22	1.66903621691626	0.0160841382568372	0.055423832540298	38025	11	38	2.45204438569515	0.00352049129558741	0.0112795608530145
GO:0048546	digestive tract morphogenesis	0.00203894145558783	23	1.64773051712952	0.0161187080056336	0.0554639468927848	25184	11	40	2.32944216641039	0.00541821170215708	0.0160620761121544
GO:0045039	protein insertion into mitochondrial inner membrane	0.000376114040378382	7	2.71857675532905	0.016362717265316	0.0560892421557235	19861	4	14	2.42019965341339	0.0736389830452027	0.120522801073305
GO:0006222	UMP biosynthetic process	0.000557860630764983	9	2.35656759316158	0.0164217394726112	0.0560892421557235	41102	4	12	2.82356626231562	0.0440347338350109	0.0791382029323115
GO:0009173	pyrimidine ribonucleoside monophosphate metabolic process	0.000557860630764983	9	2.35656759316158	0.0164217394726112	0.0560892421557235	41102	4	12	2.82356626231562	0.0440347338350109	0.0791382029323115
GO:0009174	pyrimidine ribonucleoside monophosphate biosynthetic process	0.000557860630764983	9	2.35656759316158	0.0164217394726112	0.0560892421557235	41102	4	12	2.82356626231562	0.0440347338350109	0.0791382029323115
GO:0046049	UMP metabolic process	0.000557860630764983	9	2.35656759316158	0.0164217394726112	0.0560892421557235	41102	4	12	2.82356626231562	0.0440347338350109	0.0791382029323115
GO:0006901	vesicle coating	0.000376499188842134	7	2.71579572500565	0.0164440712601499	0.0560892421557235	1373	3	12	2.11767469673672	0.160887990270784	0.217180830616645
GO:0001707	mesoderm formation	0.00273629761417382	29	1.54809558228526	0.016462737466128	0.0560892421557235	15136	15	49	2.59307105722863	0.000363432508729543	0.0016587608275788
GO:1902117	positive regulation of organelle assembly	0.000558278220049158	9	2.35480489252416	0.0164921860646977	0.0561105458375581	35608	7	15	3.95299276724187	0.000862939058951919	0.00354405701800457
GO:1901096	regulation of autophagosome maturation	0.000212833179114965	5	3.43157722929646	0.0166145712469033	0.0564475391099144	7422	3	10	2.54120963608406	0.104574521900919	0.157807715831767
GO:0008202	steroid metabolic process	0.00653887736978243	60	1.34032822416547	0.016724108654002	0.0567399983646997	61532	22	142	1.31236178389318	0.111220252568441	0.163650724430084
GO:0002244	hematopoietic progenitor cell differentiation	0.00781024899747408	70	1.30917066518142	0.0167873656452775	0.0568748424312691	26994	40	146	2.32073939368407	2.28253221709487e-07	2.89080912730497e-06
GO:1901992	positive regulation of mitotic cell cycle phase transition	0.00116797514046955	15	1.8759478668255	0.0171295439776179	0.0579529606739267	65956	5	15	2.82356626231562	0.0248246641606505	0.0510202740905808
GO:0014044	Schwann cell development	0.00149265943679315	18	1.7614684924859	0.017215647505495	0.0581629208321124	67593	7	21	2.82356626231562	0.00823017236261636	0.0219052544684514
GO:0021554	optic nerve development	0.00160428346825882	19	1.72995815331375	0.0173594776760313	0.0585670522989117	58274	5	19	2.22913125972286	0.0646554662710204	0.108086781554664
GO:0170035	L-amino acid catabolic process	0.00310536164306698	32	1.5052231850064	0.0174913924271534	0.0589299140407856	33942	16	75	1.807082407882	0.0131031786865366	0.0316333225975369
GO:0009636	response to toxic substance	0.00217060977269389	24	1.61507462157957	0.0175649562276385	0.0590954507853374	68347	12	45	2.2588530098525	0.00492477593647031	0.0148356575221939
GO:0014037	Schwann cell differentiation	0.00149740200864697	18	1.75588956922706	0.0177004076161874	0.0594684528104964	67593	7	22	2.69522234130128	0.0108612213786265	0.0271893814164343
GO:0046839	phospholipid dephosphorylation	0.00322989228944965	33	1.49241293802193	0.0178590458090144	0.059918213331492	122194	11	54	1.72551271585955	0.0484089629692098	0.0851645683072862
GO:0072178	nephric duct morphogenesis	0.000662636197970192	10	2.20438754576623	0.0179160382179016	0.0599693598741733	38195	5	10	4.23534939347343	0.0034510203350468	0.0112053935442661
GO:0009080	pyruvate family amino acid catabolic process	0.000473205964754777	8	2.469465038018	0.0179295494869637	0.0599693598741733	39505	3	13	1.95477664314158	0.191806588198454	0.249317644735121
GO:0006898	receptor-mediated endocytosis	0.0039548390206907	39	1.44045236751625	0.0179486633108315	0.0599693598741733	54018	18	84	1.81514974006004	0.00845314840216915	0.0224124664464295
GO:0032509	endosome transport via multivesicular body sorting pathway	0.000863344793009433	12	2.03029935757787	0.018103022781556	0.060401671873909	6641	9	27	2.82356626231562	0.00282266868873904	0.00939207091892673
GO:0051204	protein insertion into mitochondrial membrane	0.000475494077939966	8	2.45758178694087	0.0183892198720946	0.0611877893680838	17783	5	16	2.6470933709209	0.0326799335044855	0.0629661435519853
GO:0090151	establishment of protein localization to mitochondrial membrane	0.000475494077939966	8	2.45758178694087	0.0183892198720946	0.0611877893680838	17783	5	16	2.6470933709209	0.0326799335044855	0.0629661435519853
GO:1901989	positive regulation of cell cycle phase transition	0.00128831401871537	16	1.81410055121301	0.0186712260665126	0.0620407910094696	62865	6	18	2.82356626231562	0.0142150417894839	0.0335802598523063
GO:0000491	small nucleolar ribonucleoprotein complex assembly	0.000300765058218165	6	2.91398274287532	0.0187723980436055	0.0622914003669158	6464	4	10	3.38827951477875	0.0226374512719993	0.0476271036563085
GO:0045048	protein insertion into ER membrane	0.000771143839984546	11	2.08362901586494	0.0194620945604613	0.064491516084597	28697	7	23	2.5780387612447	0.0140521520718862	0.0332930028030291
GO:0042552	myelination	0.00447066808210062	43	1.40494438594512	0.0195695652661339	0.0647589307507223	60666	13	71	1.5509730173283	0.0708427163624011	0.117215137401264
GO:0050684	regulation of mRNA processing	0.0054678236668245	51	1.36244437696749	0.0197656842600419	0.0653185658812039	112607	28	92	2.5780387612447	1.48039205011692e-06	1.4983549662062e-05
GO:0055117	regulation of cardiac muscle contraction	0.000578035369917285	9	2.27431806491281	0.0200838911464141	0.066279580741031	8768	3	15	1.69413975738937	0.257195234981325	0.313228819434782
GO:0048024	regulation of mRNA splicing, via spliceosome	0.0048544146882714	46	1.38415288958714	0.0203564891548729	0.0670876665744381	123845	24	80	2.54120963608406	1.06409029007103e-05	8.19756182064278e-05
GO:1903131	mononuclear cell differentiation	0.0052296259075197	49	1.36863789862812	0.0204556333014143	0.0673209524708664	38690	19	95	1.69413975738937	0.0145016154596138	0.0341904559423059
GO:0055001	muscle cell development	0.0149676713488899	124	1.21012588777664	0.0204829355182132	0.0673209524708664	36716	62	263	1.99689477106732	6.91767575120822e-08	1.02661703326213e-06
GO:0010564	regulation of cell cycle process	0.0112758459346675	96	1.24361286152457	0.0207435787754488	0.0680850977717918	27537	50	243	1.74294213723187	6.22345451037529e-05	0.000368983736779359
GO:0042310	vasoconstriction	0.00198578199459728	22	1.61828205187566	0.0217556354476377	0.0713101384117013	17929	9	31	2.45923513169425	0.00785297515368428	0.021272504923586
GO:0048915	posterior lateral line system development	0.00600795159296183	55	1.33720924306349	0.0219047806341301	0.0717018462164556	32857	23	89	2.18905698988514	0.000205242307903583	0.00103004386476923
GO:1902969	mitotic DNA replication	0.000312105540761951	6	2.80810198744947	0.021996957893193	0.0719062718157215	2090	5	12	3.52945782789453	0.00885286394535751	0.0229998964836052
GO:0000819	sister chromatid segregation	0.00340689699821265	34	1.45774989440989	0.0220758948969302	0.0720669227471985	26892	15	88	1.4438691114114	0.0914179895991813	0.142395439047276
GO:0021593	rhombomere morphogenesis	0.00131597085347173	16	1.77597487461162	0.0221366816017157	0.0721679687258091	17752	10	19	4.45826251944572	1.74706124705163e-05	0.00012321111243784
GO:0051156	glucose 6-phosphate metabolic process	0.000890988513391577	12	1.96730749304834	0.0223796703973096	0.0728619417107562	24670	4	22	1.54012705217216	0.25735050411413	0.313228819434782
GO:0022011	myelination in peripheral nervous system	0.000998045981709979	13	1.90263686406484	0.022787438842643	0.074089804516604	31660	5	14	3.02524956676674	0.0182935325119236	0.0405610038004978
GO:0051028	mRNA transport	0.00293602608229814	30	1.49253474720772	0.0229277346042813	0.074445892627861	19098	21	68	2.61595109596888	2.2822030802505e-05	0.000156392330060226
GO:0060971	embryonic heart tube left/right pattern formation	0.000896425456848509	12	1.95537550303134	0.0233016636600833	0.0755586117878573	105003	1	9	0.941188754105207	0.677198405140525	0.70306564035834
GO:0009068	aspartate family amino acid catabolic process	0.000595181378856431	9	2.20879941924149	0.0236311053384794	0.0765242889073384	67269	4	12	2.82356626231562	0.0440347338350109	0.0791382029323115
GO:0044818	mitotic G2/M transition checkpoint	0.000695023180436383	10	2.10166656781468	0.0238365496067564	0.0770863816828124	14815	7	22	2.69522234130128	0.0108612213786265	0.0271893814164343
GO:0050657	nucleic acid transport	0.00343393469646007	34	1.44627204021369	0.0243188038220494	0.0783318061858023	16994	23	79	2.46615281138959	2.75595364374618e-05	0.000185904478625087
GO:0050658	RNA transport	0.00343393469646007	34	1.44627204021369	0.0243188038220494	0.0783318061858023	16994	23	79	2.46615281138959	2.75595364374618e-05	0.000185904478625087
GO:0051236	establishment of RNA localization	0.00343393469646007	34	1.44627204021369	0.0243188038220494	0.0783318061858023	16994	23	79	2.46615281138959	2.75595364374618e-05	0.000185904478625087
GO:0043648	dicarboxylic acid metabolic process	0.00178099620963801	20	1.640325761812	0.0244589144983805	0.0786215945178256	12696	14	52	2.28057275033185	0.00225223851767443	0.00776091876674422
GO:0010720	positive regulation of cell development	0.0075838431312781	67	1.29047194294385	0.0245056032387878	0.0786215945178256	52675	30	79	3.21672105833425	2.07587958488632e-09	4.69303992134579e-08
GO:0009129	pyrimidine nucleoside monophosphate metabolic process	0.000698461217171051	10	2.091321531202	0.0245387779499621	0.0786215945178256	37818	5	15	2.82356626231562	0.0248246641606505	0.0510202740905808
GO:0009130	pyrimidine nucleoside monophosphate biosynthetic process	0.000698461217171051	10	2.091321531202	0.0245387779499621	0.0786215945178256	37818	5	15	2.82356626231562	0.0248246641606505	0.0510202740905808
GO:0042461	photoreceptor cell development	0.00579959662752575	53	1.33487680312234	0.0246854620420861	0.0789869479891617	43139	17	93	1.54840730514082	0.0439256908499706	0.0791382029323115
GO:0007611	learning or memory	0.00167096177837309	19	1.66092564298089	0.0248994161326261	0.0795069500704326	44000	7	24	2.47062047952617	0.017860010981183	0.0404905028711169
GO:0071396	cellular response to lipid	0.00580315614477945	53	1.33405802160178	0.0249220708327605	0.0795069500704326	50795	19	106	1.51833280143387	0.0413412458302349	0.0762229219994957
GO:0008608	attachment of spindle microtubules to kinetochore	0.000802189014899604	11	2.00299137803377	0.0249664885636735	0.0795069500704326	22771	4	20	1.69413975738937	0.20425454757123	0.262814760944045
GO:0006098	pentose-phosphate shunt	0.000504552770276751	8	2.31604235390985	0.024979446901004	0.0795069500704326	32492	2	11	1.54012705217216	0.3791615252051	0.428394081957561
GO:0045931	positive regulation of mitotic cell cycle	0.00122811351923248	15	1.78408627456392	0.025198560743832	0.0800989729820362	65956	5	16	2.6470933709209	0.0326799335044855	0.0629661435519853
GO:0006044	N-acetylglucosamine metabolic process	0.000702447986932031	10	2.07945215781608	0.0253715609460069	0.0805430523994628	54076	4	16	2.11767469673672	0.110959548108861	0.163366492316089
GO:0021533	cell differentiation in hindbrain	0.00101677537877788	13	1.86758955465228	0.0259167560943419	0.0820584201468758	72462	5	14	3.02524956676674	0.0182935325119236	0.0405610038004978
GO:0021697	cerebellar cortex formation	0.00101677537877788	13	1.86758955465228	0.0259167560943419	0.0820584201468758	72462	5	14	3.02524956676674	0.0182935325119236	0.0405610038004978
GO:0048916	posterior lateral line development	0.00506210634246435	47	1.35621860778627	0.025985650427492	0.0821690044236643	35103	20	73	2.32073939368407	0.000224269519469257	0.00110265847072385
GO:0015867	ATP transport	0.000509908956797735	8	2.2917141779234	0.0263531269590602	0.0832222116370322	24167	7	21	2.82356626231562	0.00823017236261636	0.0219052544684514
GO:0006086	pyruvate decarboxylation to acetyl-CoA	0.000607647626891934	9	2.1634846015703	0.0264756244260821	0.0835000462668744	101911	4	12	2.82356626231562	0.0440347338350109	0.0791382029323115
GO:0071985	multivesicular body sorting pathway	0.000914314843736509	12	1.9171168341224	0.0265326817697147	0.0835710380220572	6641	9	28	2.72272461009006	0.00372930450550804	0.0117006324238962
GO:0062207	regulation of pattern recognition receptor signaling pathway	0.00145870218057242	17	1.7023364349332	0.0266506379515767	0.0838334111896803	53100	13	29	3.79720980104515	9.1758108963218e-06	7.16009243812982e-05
GO:0051168	nuclear export	0.00274237094989523	28	1.49140274048575	0.0273705238310637	0.0859861001913547	10223	21	75	2.37179566034512	0.000112682893786901	0.000625183302914023
GO:0020027	hemoglobin metabolic process	0.000712610246487245	10	2.04979789356077	0.0275856133580575	0.0865494146733348	24574	6	19	2.67495751166743	0.0187410966317794	0.0412508760257273
GO:0031146	SCF-dependent proteasomal ubiquitin-dependent protein catabolic process	0.00157890784438544	18	1.66524764397904	0.0277891962062563	0.0870752145374793	17603	9	43	1.77293695540748	0.0606611018359359	0.102269891069481
GO:0072329	monocarboxylic acid catabolic process	0.00286747655805264	29	1.47727458710141	0.0279266681868095	0.0873927688795499	16288	18	72	2.11767469673672	0.00145723013427222	0.00539822311608651
GO:0006488	dolichol-linked oligosaccharide biosynthetic process	0.000421771389088446	7	2.42428698100038	0.0281204824262041	0.0878855904250488	9955	3	13	1.95477664314158	0.191806588198454	0.249317644735121
GO:0071322	cellular response to carbohydrate stimulus	0.000715642427851508	10	2.04111288729022	0.0282720508294249	0.0879050012292788	130690	3	10	2.54120963608406	0.104574521900919	0.157807715831767
GO:0071326	cellular response to monosaccharide stimulus	0.000715642427851508	10	2.04111288729022	0.0282720508294249	0.0879050012292788	130690	3	10	2.54120963608406	0.104574521900919	0.157807715831767
GO:0071331	cellular response to hexose stimulus	0.000715642427851508	10	2.04111288729022	0.0282720508294249	0.0879050012292788	130690	3	10	2.54120963608406	0.104574521900919	0.157807715831767
GO:0071333	cellular response to glucose stimulus	0.000715642427851508	10	2.04111288729022	0.0282720508294249	0.0879050012292788	130690	3	10	2.54120963608406	0.104574521900919	0.157807715831767
GO:0009205	purine ribonucleoside triphosphate metabolic process	0.00397106840389533	38	1.39778164658075	0.0284701155417284	0.0884072008927355	22956	21	105	1.69413975738937	0.0105575920490617	0.026770246505954
GO:0048920	posterior lateral line neuromast primordium migration	0.0018192342736942	20	1.60584813435074	0.0295142563339969	0.0915320334255621	14696	9	28	2.72272461009006	0.00372930450550804	0.0117006324238962
GO:0008593	regulation of Notch signaling pathway	0.0041097894934075	39	1.3861433145512	0.0298329194622276	0.0924018337760929	73676	14	63	1.88237750821041	0.0137964163771164	0.0330104166332784
GO:0007041	lysosomal transport	0.00159286222877909	18	1.65065912193685	0.0298784099014547	0.0924243907309705	27514	13	44	2.50270645977976	0.00127313924542057	0.00484995879475963
GO:0009166	nucleotide catabolic process	0.00337912489500925	33	1.42650336728046	0.0307216237458886	0.0949113765533901	34990	18	83	1.83701901403667	0.00744468302025588	0.0205344221505119
GO:0009144	purine nucleoside triphosphate metabolic process	0.00399725021666775	38	1.38862623839167	0.0309264601170996	0.0953978659358679	22956	21	107	1.66247359369985	0.0130213626624302	0.0314986762804187
GO:0000165	MAPK cascade	0.0157573920450633	128	1.18655735152275	0.0309579680693081	0.0953978659358679	27763	64	259	2.09314564619536	6.27907112979136e-09	1.1959900049579e-07
GO:0046394	carboxylic acid biosynthetic process	0.00704435090717503	62	1.28562353137288	0.0312715767144397	0.096241659124974	35903	36	175	1.74254375045764	0.000616329285683256	0.00267186477073082
GO:0070252	actin-mediated cell contraction	0.00115468958916079	14	1.77102988911278	0.0313679732562715	0.0964156636682602	11483	5	25	1.69413975738937	0.165145530286965	0.221445142884793
GO:0045766	positive regulation of angiogenesis	0.00148984053656741	17	1.66675681642159	0.0315286760780692	0.0967866337980322	28395	4	27	1.25491833880694	0.397121741176009	0.446392886572847
GO:0035176	social behavior	0.00183368631407775	20	1.59319178091159	0.0316163263592553	0.0968099917253654	40462	9	24	3.17651204510507	0.00109400708348113	0.00433126535996868
GO:0051703	biological process involved in intraspecies interaction between organisms	0.00183368631407775	20	1.59319178091159	0.0316163263592553	0.0968099917253654	40462	9	24	3.17651204510507	0.00109400708348113	0.00433126535996868
GO:0038203	TORC2 signaling	0.000529681981960963	8	2.20616450160773	0.0318773924545082	0.0974859827401457	18292	7	12	4.94124095905234	0.000146670730377743	0.00076962363727497
GO:0006096	glycolytic process	0.00195299122745135	21	1.57065972415029	0.0320863352752964	0.0977764536052077	25602	11	50	1.86355373312831	0.0291717802807697	0.0581760800531092
GO:0046032	ADP catabolic process	0.00195299122745135	21	1.57065972415029	0.0320863352752964	0.0977764536052077	25602	11	50	1.86355373312831	0.0291717802807697	0.0581760800531092
GO:0000380	alternative mRNA splicing, via spliceosome	0.00413349614060463	39	1.37819343159378	0.0320936354537143	0.0977764536052077	140123	20	69	2.45527501070924	9.61822714382107e-05	0.000548738006153377
GO:0045930	negative regulation of mitotic cell cycle	0.00451296400963063	42	1.35941020403916	0.0325383208041023	0.0990065383963816	17307	18	90	1.69413975738937	0.0170201204724701	0.0389514393783398
GO:0045333	cellular respiration	0.00706376363216249	62	1.28209036444494	0.0327085475681369	0.0992955087293716	46468	34	168	1.71430808783448	0.00115411174705358	0.0045174697671887
GO:1901679	nucleotide transmembrane transport	0.000435991512117482	7	2.34521741618227	0.0327153867124056	0.0992955087293716	15030	4	16	2.11767469673672	0.110959548108861	0.163366492316089
GO:0009220	pyrimidine ribonucleotide biosynthetic process	0.00105284542970747	13	1.80360670545989	0.0328145608023858	0.0994717074949515	36420	6	25	2.03296770886725	0.0663852958733439	0.110216905091022
GO:0016053	organic acid biosynthetic process	0.00706749501674142	62	1.28141346659028	0.0329905840409867	0.099871900332678	35903	36	177	1.72285399056546	0.00076710637645151	0.0032056573774493
GO:0071897	DNA biosynthetic process	0.00184300097092062	20	1.58513967732715	0.0330291526523945	0.099871900332678	33096	9	44	1.73264293369368	0.0686097863028144	0.113598270408288
GO:0007626	locomotory behavior	0.010736669836006	90	1.2244357925143	0.0334295446956008	0.100956390285466	70819	48	185	2.19780292850513	9.49961732186451e-08	1.34383475447896e-06
GO:0030522	intracellular receptor signaling pathway	0.00617628631990909	55	1.30076359576944	0.0337592331032504	0.101742169610893	47408	26	97	2.27049658206823	4.19199669823145e-05	0.000267557783984746
GO:0000724	double-strand break repair via homologous recombination	0.00402566009259607	38	1.37882642960601	0.0337738578741411	0.101742169610893	18953	27	102	2.24224379654476	3.8330285985603e-05	0.000248581667021913
GO:0009137	purine nucleoside diphosphate catabolic process	0.001966095938442	21	1.56019073260864	0.0340422836103352	0.102296005035281	25602	11	51	1.82701346385128	0.0333556109209017	0.0638988807979867
GO:0009181	purine ribonucleoside diphosphate catabolic process	0.001966095938442	21	1.56019073260864	0.0340422836103352	0.102296005035281	25602	11	51	1.82701346385128	0.0333556109209017	0.0638988807979867
GO:0042058	regulation of epidermal growth factor receptor signaling pathway	0.00116990295347897	14	1.74799949771038	0.0343656698307144	0.103012261770126	109823	4	20	1.69413975738937	0.20425454757123	0.262814760944045
GO:0051480	regulation of cytosolic calcium ion concentration	0.00116990364370919	14	1.74799846640999	0.0343658103548954	0.103012261770126	33803	10	28	3.02524956676674	0.000908659742226681	0.00371291877778098
GO:0062208	positive regulation of pattern recognition receptor signaling pathway	0.00044108472092397	7	2.31813717188769	0.0344758653475466	0.103214255291727	46576	5	11	3.85031763043039	0.00571496422236015	0.0167164431123207
GO:0072528	pyrimidine-containing compound biosynthetic process	0.00151144474250902	17	1.64293261927842	0.0352807133257764	0.105493257768916	39653	9	32	2.38238403382881	0.00980308604925822	0.0251737422008022
GO:0000725	recombinational repair	0.00404223735183247	38	1.37317184745852	0.0355258610241028	0.105990394237132	18953	27	104	2.19912372353428	5.53823797806589e-05	0.000335764352605047
GO:0006220	pyrimidine nucleotide metabolic process	0.00139933547919743	16	1.67017216831194	0.0355346050956239	0.105990394237132	30492	8	32	2.11767469673672	0.0292443626889544	0.0581760800531092
GO:0003313	heart rudiment development	0.00085207126279716	11	1.88573157029451	0.0360466572550562	0.107385300369435	26252	4	12	2.82356626231562	0.0440347338350109	0.0791382029323115
GO:0042953	lipoprotein transport	0.000351808273348749	6	2.49119834779673	0.0361575902749171	0.107451119011087	42742	1	12	0.705891565578905	0.778575103248516	0.79280744649145
GO:0044872	lipoprotein localization	0.000351808273348749	6	2.49119834779673	0.0361575902749171	0.107451119011087	42742	1	12	0.705891565578905	0.778575103248516	0.79280744649145
GO:0048883	neuromast primordium migration	0.00186298244561083	20	1.56813821367001	0.0362175152132352	0.1074971402464	14696	9	30	2.54120963608406	0.00621264830898737	0.0177012912360901
GO:0060034	notochord cell differentiation	0.00106930327911551	13	1.77584705286223	0.0363652599057835	0.107803386902071	78633	6	21	2.42019965341339	0.0305304164425599	0.0600431523370345
GO:0000479	endonucleolytic cleavage of tricistronic rRNA transcript (SSU-rRNA, 5.8S rRNA, LSU-rRNA)	0.000352735252536595	6	2.4846515424956	0.0365442365877799	0.108201356555495	60346	1	12	0.705891565578905	0.778575103248516	0.79280744649145
GO:1901184	regulation of ERBB signaling pathway	0.00118234642391715	14	1.72960287584413	0.036966937514435	0.109319097612981	109823	4	21	1.61346643560893	0.230423433081552	0.287316641558905
GO:0050935	iridophore differentiation	0.00140864461419853	16	1.65913470859131	0.0373325150912995	0.110265389506537	31514	10	19	4.45826251944572	1.74706124705163e-05	0.00012321111243784
GO:0034502	protein localization to chromosome	0.0010752240739579	13	1.766068229707	0.0377071277158215	0.111236026761673	64920	4	23	1.47316500642554	0.284849328174485	0.342054118522099
GO:0006886	intracellular protein transport	0.0161630003130484	130	1.17485555902649	0.03800295669048	0.111918483277998	30301	86	385	1.89215609266865	3.78129506363341e-09	7.62246063244102e-08
GO:0030336	negative regulation of cell migration	0.00319660938815559	31	1.41656082896283	0.0380310017587904	0.111918483277998	33062	10	47	1.80227633764827	0.0449319591040151	0.0804518201869818
GO:0048285	organelle fission	0.00765484159235046	66	1.25942071642839	0.038392679749925	0.11284555566837	23978	39	204	1.61939829750455	0.00162420816788211	0.00589049409011517
GO:0035907	dorsal aorta development	0.00119067267108244	14	1.71750794716068	0.0387843858154082	0.11385853068868	31782	3	15	1.69413975738937	0.257195234981325	0.313228819434782
GO:0019364	pyridine nucleotide catabolic process	0.00199717286394726	21	1.53591344943173	0.0390335317865265	0.114308795326404	25602	11	53	1.75806955955501	0.0429590089759687	0.0786065376042876
GO:0072526	pyridine-containing compound catabolic process	0.00199717286394726	21	1.53591344943173	0.0390335317865265	0.114308795326404	25602	11	53	1.75806955955501	0.0429590089759687	0.0786065376042876
GO:0021520	spinal cord motor neuron cell fate specification	0.000552216618241518	8	2.11613621745881	0.0390795261409409	0.114308795326404	3933	4	12	2.82356626231562	0.0440347338350109	0.0791382029323115
GO:0007272	ensheathment of neurons	0.00470498122571726	43	1.33497663902236	0.0392204522443499	0.114444238816746	60666	13	73	1.50848060589465	0.0846013792136651	0.134697444615755
GO:0008366	axon ensheathment	0.00470498122571726	43	1.33497663902236	0.0392204522443499	0.114444238816746	60666	13	73	1.50848060589465	0.0846013792136651	0.134697444615755
GO:0006310	DNA recombination	0.0067597869327224	59	1.27491757959706	0.0396377738784376	0.115522620496314	18807	40	183	1.85151886053483	8.2602467506926e-05	0.00047462082873932
GO:0030150	protein import into mitochondrial matrix	0.000759903440822918	10	1.92222709321797	0.0397105843679596	0.115595551848489	46284	7	21	2.82356626231562	0.00823017236261636	0.0219052544684514
GO:0048794	swim bladder development	0.00176724199200867	19	1.57043759637372	0.0398567546969322	0.115881598091201	30382	12	27	3.76475501642083	2.26365751172851e-05	0.000155562145479297
GO:0016236	macroautophagy	0.0056064695212425	50	1.30269769294639	0.0402444773258569	0.116868416147957	31670	28	145	1.6357211450656	0.00589253996699944	0.017111709700086
GO:0071806	protein transmembrane transport	0.0018882117406772	20	1.54718557321913	0.0405604194616482	0.11764466987737	62177	12	48	2.11767469673672	0.00854262679166237	0.0225596224989424
GO:1901606	alpha-amino acid catabolic process	0.00358869673632633	34	1.38390176275911	0.0407686552958413	0.118107038515737	33473	17	84	1.71430808783448	0.0179119023029292	0.0405610038004978
GO:0008360	regulation of cell shape	0.00484649912808807	44	1.32613471120642	0.040821988862942	0.11812008499935	73648	13	75	1.46825445640412	0.0999305741702341	0.153969464278851
GO:0034976	response to endoplasmic reticulum stress	0.00600522863473692	53	1.28916773639041	0.041576630078004	0.120159938062953	29101	30	149	1.70550982287521	0.00235511598686853	0.00808088733650352
GO:0072348	sulfur compound transport	0.00143201097789633	16	1.63206232882399	0.0421336076032728	0.121624339847633	104768	4	31	1.09299339186411	0.506153184443749	0.543687634622304
GO:0015866	ADP transport	0.000274193955600662	5	2.66363818812031	0.0422245414662951	0.121741556384944	15419	4	12	2.82356626231562	0.0440347338350109	0.0791382029323115
GO:0043087	regulation of GTPase activity	0.00261847945669793	26	1.45039830041504	0.0426727928450742	0.122887483205041	85232	9	43	1.77293695540748	0.0606611018359359	0.102269891069481
GO:0045907	positive regulation of vasoconstriction	0.000463297709921177	7	2.20699318306478	0.0428833212752243	0.123346913394492	29274	4	10	3.38827951477875	0.0226374512719993	0.0476271036563085
GO:2000514	regulation of CD4-positive, alpha-beta T cell activation	0.000463544812340573	7	2.20581669841733	0.0429836397341988	0.123488627692431	67925	2	10	1.69413975738937	0.334163916288144	0.388813137807128
GO:0090407	organophosphate biosynthetic process	0.0176089511805037	140	1.16133536522908	0.0433032146091139	0.124152987494648	46591	77	403	1.61847098410647	1.39915894799263e-05	0.000102874331160917
GO:0043277	apoptotic cell clearance	0.00121029522605732	14	1.68966193621446	0.0433175367695257	0.124152987494648	7255	8	20	3.38827951477875	0.00126830313970141	0.00484680141380364
GO:0009141	nucleoside triphosphate metabolic process	0.00461999179804949	42	1.32791779581589	0.0439538177885409	0.125723623870985	21325	24	122	1.66636697448135	0.00812634862078719	0.0218661149206721
GO:0006261	DNA-templated DNA replication	0.00336426423833441	32	1.38938621102133	0.0439854407672774	0.125723623870985	21498	19	87	1.8499227235861	0.00561538699885313	0.0166058938266818
GO:0044092	negative regulation of molecular function	0.00361336763514328	34	1.37445293169372	0.0440214590403985	0.125723623870985	32872	13	101	1.09028796267633	0.414538193484858	0.464459421046721
GO:0046496	nicotinamide nucleotide metabolic process	0.00399138671093376	37	1.35406970696641	0.0443292551894116	0.126315858965727	21854	20	98	1.72871403815242	0.00992765569872596	0.0254126974975853
GO:0048318	axial mesoderm development	0.000775348032265386	10	1.88393717581449	0.0443565729940691	0.126315858965727	24956	3	10	2.54120963608406	0.104574521900919	0.157807715831767
GO:0035195	miRNA-mediated post-transcriptional gene silencing	0.00226644961944799	23	1.48232990938084	0.0443854816539346	0.126315858965727	27062	15	79	1.60836052916713	0.041970344814913	0.0770305493985391
GO:0030497	fatty acid elongation	0.000467956073687946	7	2.18502322123381	0.0448000437680475	0.127345835340666	8324	6	16	3.17651204510507	0.00754307160421367	0.0205944584769671
GO:0072527	pyrimidine-containing compound metabolic process	0.002030604164739	21	1.5106265986463	0.0449814545323297	0.127711430180406	39517	11	45	2.07061525903146	0.0137033767053269	0.0328202655942434
GO:0034248	regulation of amide metabolic process	0.000778022674374769	10	1.8774606837175	0.0451969504576222	0.128169233961083	79682	3	15	1.69413975738937	0.257195234981325	0.313228819434782
GO:0046632	alpha-beta T cell differentiation	0.000569399209382419	8	2.05227820216145	0.0452486671363229	0.128169233961083	59936	3	10	2.54120963608406	0.104574521900919	0.157807715831767
GO:0046474	glycerophospholipid biosynthetic process	0.0055306836233519	49	1.29413734361126	0.0458267907454499	0.12965497872894	55765	25	125	1.69413975738937	0.00564785725018128	0.0166611788880348
GO:0000226	microtubule cytoskeleton organization	0.0177926821827779	141	1.15755276451038	0.0462068120022769	0.130577427842883	45946	74	408	1.53635223096585	0.000116806637256096	0.000645103323110722
GO:0007492	endoderm development	0.00489555240948927	44	1.3128468830466	0.0464695533551239	0.131166685607987	47170	22	76	2.45204438569515	4.4984703953308e-05	0.000284863871369246
GO:0006270	DNA replication initiation	0.00111133760939146	13	1.70867885760924	0.0466584203134508	0.131546292235708	6316	10	27	3.13729584701736	0.000652746218766028	0.0027996331616933
GO:0046031	ADP metabolic process	0.00204103423362026	21	1.50290701255695	0.046964595661361	0.132255363102249	25602	11	54	1.72551271585955	0.0484089629692098	0.0851645683072862
GO:0001556	oocyte maturation	0.000575386956556329	8	2.03092123036178	0.0475400154838702	0.133720113320328	24556	5	19	2.22913125972286	0.0646554662710204	0.108086781554664
GO:0022408	negative regulation of cell-cell adhesion	0.00314181753269054	30	1.394772580184	0.0477611616756688	0.134186120898308	75955	9	61	1.24977523086101	0.290316278749045	0.345163576945381
GO:0006913	nucleocytoplasmic transport	0.00439862599293293	40	1.32833024178571	0.048013512320886	0.13458248702691	8983	28	118	2.00999632232637	0.00021835349106075	0.00108015765823303
GO:0051169	nuclear transport	0.00439862599293293	40	1.32833024178571	0.048013512320886	0.13458248702691	8983	28	118	2.00999632232637	0.00021835349106075	0.00108015765823303
GO:0045332	phospholipid translocation	0.00252952465640605	25	1.44365758451901	0.0480909364531126	0.134643489907499	20318	15	42	3.02524956676674	5.08623719769829e-05	0.000313068900285806
GO:0048199	vesicle targeting, to, from or within Golgi	0.000477736635930517	7	2.14028988070799	0.0490009013865321	0.137032578559562	1373	3	14	1.81514974006004	0.224034116876614	0.283440653098603
GO:0060070	canonical Wnt signaling pathway	0.012158172749006	99	1.18940563044378	0.049102774138375	0.137158903742182	42205	57	198	2.43853449927258	8.87756090275102e-11	2.82563418733615e-09
GO:0040013	negative regulation of locomotion	0.00365033084397985	34	1.36053523685408	0.0492514418681755	0.13727248028517	37348	11	50	1.86355373312831	0.0291717802807697	0.0581760800531092
GO:0048538	thymus development	0.00123392870885094	14	1.65729977784167	0.0492569296765306	0.13727248028517	30318	7	20	2.9647445754314	0.00609951312658721	0.0174405700392606
GO:0070646	protein modification by small protein removal	0.00390295441491977	36	1.34732425153212	0.0494197726507531	0.137567813627355	51279	17	91	1.58243823492414	0.0366179667329056	0.0693648093397796
GO:0009135	purine nucleoside diphosphate metabolic process	0.00205413894461091	21	1.49331897466056	0.0495445289597832	0.137598410509432	25602	11	55	1.69413975738937	0.0543085537982145	0.0938374225984864
GO:0009179	purine ribonucleoside diphosphate metabolic process	0.00205413894461091	21	1.49331897466056	0.0495445289597832	0.137598410509432	25602	11	55	1.69413975738937	0.0543085537982145	0.0938374225984864
GO:0006040	amino sugar metabolic process	0.001465028140555	16	1.59528073679296	0.0496467438553756	0.13772416672724	33822	9	41	1.85942168493956	0.0465936029961256	0.0826925353247453
GO:0006312	mitotic recombination	0.000583191389673954	8	2.00374286457969	0.0506380584278879	0.140313245517825	10660	6	13	3.90955328628317	0.00221042015865805	0.00762768382852187
GO:0042541	hemoglobin biosynthetic process	0.000688140204664829	9	1.91041923586161	0.0507881945928986	0.140444339056485	26026	5	18	2.35297188526302	0.0525727374185885	0.091163764742341
GO:0045661	regulation of myoblast differentiation	0.000688176096636361	9	1.9103195975377	0.0508014868434992	0.140444339056485	16757	5	13	3.25796107190264	0.0130043913120447	0.0314891116955316
GO:0046850	regulation of bone remodeling	0.000688657877331161	9	1.9089831500312	0.0509801307061287	0.140777324404253	10150	6	14	3.63029948012008	0.00348393715226265	0.0112069733661215
GO:0006302	double-strand break repair	0.00648569651165501	56	1.26123063043496	0.0513252337390027	0.141568689184319	28820	36	163	1.87082917993918	0.000146096752726479	0.00076962363727497
GO:0035459	vesicle cargo loading	0.000585246205044182	8	1.99670766879263	0.0514748644369681	0.141819700538754	32098	2	11	1.54012705217216	0.3791615252051	0.428394081957561
GO:0035904	aorta development	0.00124782442367575	14	1.63884416449163	0.053000946247434	0.145858121698001	31782	3	18	1.41178313115781	0.358957919818097	0.4099712974693
GO:0034198	cellular response to amino acid starvation	0.000911631228634243	11	1.7625303191999	0.0533085138887657	0.146468363720394	9327	7	23	2.5780387612447	0.0140521520718862	0.0332930028030291
GO:0001678	intracellular glucose homeostasis	0.000802369855217709	10	1.82049085304063	0.053343790176795	0.146468363720394	130690	3	14	1.81514974006004	0.224034116876614	0.283440653098603
GO:0070536	protein K63-linked deubiquitination	0.000803789658783903	10	1.81727516174985	0.0538468685260453	0.147682057782884	102818	3	16	1.58825602255254	0.290941931951894	0.345163576945381
GO:2000146	negative regulation of cell motility	0.00330558845741142	31	1.36985946771549	0.054107712511893	0.148229395884789	33062	10	49	1.72871403815242	0.0575436368989581	0.0981621664385375
GO:1904018	positive regulation of vasculature development	0.00171852002111392	18	1.529963303086	0.0542397754359138	0.148319009789609	35793	5	29	1.46046530809429	0.252915441275544	0.311825918677646
GO:0006368	transcription elongation by RNA polymerase II	0.00136746202801624	15	1.60228249734115	0.054263052362052	0.148319009789609	4247	12	45	2.2588530098525	0.00492477593647031	0.0148356575221939
GO:0046034	ATP metabolic process	0.0034337835360415	32	1.36125713630817	0.0546010756786599	0.148945184385026	21953	17	90	1.60002088197885	0.0333158246818277	0.0638988807979867
GO:0005975	carbohydrate metabolic process	0.0150621203817471	120	1.16374609562902	0.0546152867091848	0.148945184385026	42313	62	350	1.5005237851163	0.000738931607056426	0.00310325617616232
GO:0009063	amino acid catabolic process	0.00406596401570603	37	1.32923356261558	0.0547925984555224	0.149260468089987	32831	20	92	1.84145625803193	0.00482558864732819	0.0146462972871855
GO:0048709	oligodendrocyte differentiation	0.00381565133554861	35	1.33986939267677	0.0552592531457052	0.150362354735052	41474	18	60	2.54120963608406	0.000130250408085706	0.000712721176966175
GO:0044773	mitotic DNA damage checkpoint signaling	0.00114204043011652	13	1.66274242728819	0.0553466560736023	0.150430967462971	14318	5	26	1.62898053595132	0.185884881515551	0.244910418510957
GO:0006403	RNA localization	0.00381844469725614	35	1.33888921877055	0.0557006508669829	0.15122320364448	21040	24	83	2.44935868538223	2.11086294329221e-05	0.000147577383231904
GO:0006911	phagocytosis, engulfment	0.000921014908499292	11	1.74457293315198	0.0564573920035917	0.152808822727711	3432	6	20	2.54120963608406	0.0241589181340045	0.0500346087039015
GO:0009628	response to abiotic stimulus	0.0199978959574104	156	1.13947132090936	0.0564707351335658	0.152808822727711	50101	89	403	1.87070022838281	3.68391863181555e-09	7.48857073139647e-08
GO:0022010	central nervous system myelination	0.00103289915675858	12	1.69701792004169	0.0565373693019022	0.152808822727711	30695	4	17	1.99310559692867	0.1322031561528	0.1847483736185
GO:0032291	axon ensheathment in central nervous system	0.00103289915675858	12	1.69701792004169	0.0565373693019022	0.152808822727711	30695	4	17	1.99310559692867	0.1322031561528	0.1847483736185
GO:1903829	positive regulation of protein localization	0.00126098918469569	14	1.62173458731499	0.056723989550863	0.15314211018252	21235	8	39	1.73757923834807	0.0821046028306323	0.131443437622303
GO:0043547	positive regulation of GTPase activity	0.00245386852179715	24	1.4286408281822	0.0568738660221866	0.153204768271347	90480	8	40	1.69413975738937	0.0925182002212924	0.143738937916061
GO:0051345	positive regulation of hydrolase activity	0.00245386852179715	24	1.4286408281822	0.0568738660221866	0.153204768271347	90480	8	40	1.69413975738937	0.0925182002212924	0.143738937916061
GO:0031123	RNA 3'-end processing	0.00245485417055384	24	1.42806721445273	0.0570743850171047	0.153573901397526	18605	14	62	1.9127384357622	0.0120017983391234	0.0296854296342939
GO:0008654	phospholipid biosynthetic process	0.00653831345169124	56	1.25108090345357	0.0575273616986618	0.154620764387848	50188	31	157	1.67255835920607	0.00276213001080438	0.0092671185799387
GO:0009191	ribonucleoside diphosphate catabolic process	0.00209342132699264	21	1.4652973211959	0.0578826036139954	0.155402905818263	25602	11	52	1.79187858954645	0.0379460254548755	0.0713774771192409
GO:0045324	late endosome to vacuole transport	0.000927218007502397	11	1.73290172041138	0.0586052840019863	0.157168716187145	5779	8	26	2.60636885752211	0.00823144948814482	0.0219052544684514
GO:0042430	indole-containing compound metabolic process	0.0010401044700437	12	1.68526184541982	0.05888659638318	0.157748257642206	14083	6	21	2.42019965341339	0.0305304164425599	0.0600431523370345
GO:0007064	mitotic sister chromatid cohesion	0.000399220187282568	6	2.19534035909685	0.0593885301932028	0.158916874488227	32607	4	13	2.60636885752211	0.0578259971785515	0.0981621664385375
GO:0007283	spermatogenesis	0.00448085588017403	40	1.30395354926938	0.0597158194005573	0.159616096276186	36810	26	110	2.0021651678238	0.000383741713989347	0.00173508636661725
GO:0060236	regulation of mitotic spindle organization	0.000304018803483619	5	2.40232999643734	0.0602589867017033	0.160748112981169	1928	2	11	1.54012705217216	0.3791615252051	0.428394081957561
GO:0007033	vacuole organization	0.00410090830114391	37	1.31790701892947	0.0602722358304755	0.160748112981169	13508	25	117	1.80997837327924	0.00226868088950163	0.00780645671650704
GO:0007528	neuromuscular junction development	0.00309297753242787	29	1.36957032629818	0.06077860442905	0.16166421559638	46888	17	45	3.2000417639577	6.82194258806716e-06	5.51915689649982e-05
GO:0006289	nucleotide-excision repair	0.00115963715939049	13	1.63751140730198	0.0607904103643223	0.16166421559638	13921	8	34	1.99310559692867	0.040874684801006	0.0754201849989578
GO:0090150	establishment of protein localization to membrane	0.00578068431944908	50	1.26343777090961	0.0608162200052526	0.16166421559638	51143	33	136	2.0553901468327	3.93727431371073e-05	0.000252633065381068
GO:0045664	regulation of neuron differentiation	0.00487691757396175	43	1.28791186812471	0.0612946804163284	0.162757224947419	35769	19	64	2.51473870237485	0.000100075934026322	0.000565616085069328
GO:0007005	mitochondrion organization	0.00722780374666987	61	1.23278286234591	0.0615814601206853	0.163339421087651	19953	45	209	1.82383466704598	4.56462282598573e-05	0.000286800587430117
GO:0035710	CD4-positive, alpha-beta T cell activation	0.000504406441469734	7	2.02712496007432	0.0616897954219232	0.163447552163891	67925	2	12	1.41178313115781	0.422816232191963	0.4717677424688
GO:0034694	response to prostaglandin	0.000403507897420243	6	2.17201248082352	0.0618425901301326	0.163673113265635	16265	5	10	4.23534939347343	0.0034510203350468	0.0112053935442661
GO:0060351	cartilage development involved in endochondral bone morphogenesis	0.000826008859853106	10	1.76839142190211	0.0621293576638028	0.164252367419387	20644	5	13	3.25796107190264	0.0130043913120447	0.0314891116955316
GO:0010507	negative regulation of autophagy	0.00139746840644753	15	1.56787836001166	0.0627111490200423	0.165609464497251	8497	8	23	2.94633001285108	0.0035676655083184	0.0114005057656832
GO:0009132	nucleoside diphosphate metabolic process	0.0024822066137824	24	1.41233076157528	0.06284042705285	0.165735995313608	22885	13	67	1.6435684213479	0.0479174919965452	0.0844842661367659
GO:0006584	catecholamine metabolic process	0.000718754675921498	9	1.8290472785808	0.0629646050819372	0.165735995313608	5022	4	17	1.99310559692867	0.1322031561528	0.1847483736185
GO:0009712	catechol-containing compound metabolic process	0.000718754675921498	9	1.8290472785808	0.0629646050819372	0.165735995313608	5022	4	17	1.99310559692867	0.1322031561528	0.1847483736185
GO:0046486	glycerolipid metabolic process	0.0105681411543664	86	1.18867451363974	0.0630483016318559	0.165775914834195	66864	42	243	1.46407139527477	0.00737011643073184	0.0203752133096461
GO:0007178	cell surface receptor protein serine/threonine kinase signaling pathway	0.0140791828493615	112	1.1619934463136	0.0631195577796827	0.165783073039145	39305	56	224	2.11767469673672	3.48132175475297e-08	5.69007927347799e-07
GO:0046434	organophosphate catabolic process	0.00566850741357576	49	1.26267175650811	0.0633322797514286	0.166161371712262	33783	29	139	1.76726809224071	0.00157465438757841	0.00574523222255229
GO:0006740	NADPH regeneration	0.000613515274007255	8	1.90470496049896	0.063893019149552	0.167450935344276	32492	2	13	1.30318442876106	0.464817985645328	0.507398333608325
GO:0007204	positive regulation of cytosolic calcium ion concentration	0.0027352795245967	26	1.38846436699238	0.0640358946425676	0.167643754480921	22240	14	64	1.85296535964463	0.0157909888461613	0.0365534947548941
GO:0009620	response to fungus	0.00117039784854798	13	1.62245605559599	0.0642897236684577	0.168126315193513	22852	11	29	3.21302367780743	0.000276597600320948	0.00132755872058804
GO:0035567	non-canonical Wnt signaling pathway	0.00311297971402473	29	1.36077027075884	0.0646486707209454	0.168882434637113	47464	19	47	3.42432504153171	5.84054160352274e-07	6.66427836741581e-06
GO:0039531	regulation of cytoplasmic pattern recognition receptor signaling pathway	0.00117215586492285	13	1.62002267246104	0.0648738248092458	0.169287790953145	58288	11	20	4.65888433282077	3.70889011634042e-06	3.19381791331683e-05
GO:0009074	aromatic amino acid family catabolic process	0.000834210865578475	10	1.7510045031198	0.0653832959316936	0.170433397477119	8456	5	23	1.84145625803193	0.126731089827441	0.181828295547201
GO:0006997	nucleus organization	0.00176669532967302	18	1.48824334550626	0.0664986172654969	0.173154095979803	20226	13	49	2.24732824959815	0.00366569199243946	0.0116744675750006
GO:0010043	response to zinc ion	0.000513877780572949	7	1.98976279220621	0.0666355468778919	0.173324073008194	24878	5	14	3.02524956676674	0.0182935325119236	0.0405610038004978
GO:0000381	regulation of alternative mRNA splicing, via spliceosome	0.00375714397079974	34	1.32185611677605	0.066917139366799	0.17384483907252	157516	17	58	2.48279102376029	0.000270644186116125	0.00130937657242981
GO:0006614	SRP-dependent cotranslational protein targeting to membrane	0.000514520384909423	7	1.98727770077674	0.0669794915318678	0.17384483907252	21393	4	15	2.2588530098525	0.091389644457767	0.142395439047276
GO:0072524	pyridine-containing compound metabolic process	0.00414355762654747	37	1.30434190161534	0.0674823441942049	0.174962262171256	21854	20	103	1.64479588096056	0.0168953984679326	0.0387026220586449
GO:0009218	pyrimidine ribonucleotide metabolic process	0.00118017081825811	13	1.60902053114304	0.0675811978338083	0.175030960984992	36420	6	26	1.95477664314158	0.0780402551269028	0.125785289126688
GO:0000712	resolution of meiotic recombination intermediates	0.000413301574037028	6	2.12054403942121	0.0676695507089655	0.175072345631003	35232	4	13	2.60636885752211	0.0578259971785515	0.0981621664385375
GO:1901292	nucleoside phosphate catabolic process	0.00376507333558751	34	1.31907224554363	0.068387053981595	0.176739619210981	36122	19	95	1.69413975738937	0.0145016154596138	0.0341904559423059
GO:0006281	DNA repair	0.0142805195539026	113	1.15583952224736	0.0691467969489432	0.178512381877795	27963	74	363	1.72680911910212	1.86959466505413e-06	1.77354882147684e-05
GO:0034620	cellular response to unfolded protein	0.00165672370935828	17	1.49886300031692	0.0692935112637246	0.178700430433848	27764	8	47	1.44182107011862	0.184590342494043	0.244002206826825
GO:0015919	peroxisomal membrane transport	0.00107048702394585	12	1.63743075759498	0.0695023064516406	0.178857531177147	69925	6	20	2.54120963608406	0.0241589181340045	0.0500346087039015
GO:0043574	peroxisomal transport	0.00107048702394585	12	1.63743075759498	0.0695023064516406	0.178857531177147	69925	6	20	2.54120963608406	0.0241589181340045	0.0500346087039015
GO:0036503	ERAD pathway	0.00264090917798477	25	1.38276904252915	0.070648136508542	0.181613009791884	21946	16	80	1.69413975738937	0.0235248397504612	0.0493124673798662
GO:0007088	regulation of mitotic nuclear division	0.00166182174977632	17	1.49426487530276	0.0707866785369965	0.181775982357744	14420	6	35	1.45211979204803	0.226459399786406	0.285612767509549
GO:0034103	regulation of tissue remodeling	0.000737241802181556	9	1.78318196292088	0.0711424766525282	0.182472674940209	10150	6	16	3.17651204510507	0.00754307160421367	0.0205944584769671
GO:0021692	cerebellar Purkinje cell layer morphogenesis	0.000522265458227976	7	1.95780684212746	0.0712088487571549	0.182472674940209	16100	2	13	1.30318442876106	0.464817985645328	0.507398333608325
GO:1903008	organelle disassembly	0.000738519418322064	9	1.78009711233907	0.071730831768827	0.183424765476954	26622	4	25	1.3553118059115	0.340853824145976	0.394321090678679
GO:0042572	retinol metabolic process	0.000419841505388359	6	2.08751202074917	0.0717320496656463	0.183424765476954	11307	3	13	1.95477664314158	0.191806588198454	0.249317644735121
GO:1902667	regulation of axon guidance	0.00107691444777103	12	1.62765796507164	0.0718968902550091	0.183473779364883	28611	3	13	1.95477664314158	0.191806588198454	0.249317644735121
GO:0110020	regulation of actomyosin structure organization	0.00239784943699778	23	1.40109967172041	0.0719029114666841	0.183473779364883	46573	9	37	2.06044024547356	0.0253623386671434	0.0518911957654312
GO:0141091	transforming growth factor beta receptor superfamily signaling pathway	0.0126988728759972	101	1.16176771466839	0.0741151697559518	0.188523009996514	42007	46	201	1.93856788158983	7.31062752364606e-06	5.87521859790692e-05
GO:0006505	GPI anchor metabolic process	0.00085500888262104	10	1.70841147018445	0.0741154950420358	0.188523009996514	19293	5	25	1.69413975738937	0.165145530286965	0.221445142884793
GO:0006506	GPI anchor biosynthetic process	0.00085500888262104	10	1.70841147018445	0.0741154950420358	0.188523009996514	19293	5	25	1.69413975738937	0.165145530286965	0.221445142884793
GO:0031099	regeneration	0.01447278801379	114	1.15057717842467	0.0746085828128321	0.189577901075883	45923	57	233	2.07223103371662	5.94321260990366e-08	8.9853945645981e-07
GO:0043473	pigmentation	0.00946499657770742	77	1.18831989747063	0.0749295681878896	0.190193730793814	27164	42	160	2.22355843157355	4.14058034914906e-07	4.9584474577186e-06
GO:0043409	negative regulation of MAPK cascade	0.00192381036436531	19	1.44262829515238	0.0766247853413503	0.194046931212778	44076	10	38	2.22913125972286	0.0108802485370436	0.0271893814164343
GO:0009185	ribonucleoside diphosphate metabolic process	0.0022928088213874	22	1.40158016264525	0.0766732364970169	0.194046931212778	24608	12	59	1.72285399056546	0.0408284940636981	0.0754201849989578
GO:0035194	regulatory ncRNA-mediated post-transcriptional gene silencing	0.00241689703019792	23	1.39005758914663	0.0766882456549878	0.194046931212778	27062	15	83	1.53084917836389	0.0607931369919523	0.102408494696053
GO:0048232	male gamete generation	0.00484425449940685	42	1.26644240634025	0.0772409700329955	0.195241281619453	35175	28	119	1.99310559692867	0.000253748845447771	0.00123504719746108
GO:0009950	dorsal/ventral axis specification	0.00132578730768583	14	1.542471981136	0.0776262643649055	0.196010368996562	60263	6	19	2.67495751166743	0.0187410966317794	0.0412508760257273
GO:0002832	negative regulation of response to biotic stimulus	0.000533899288616017	7	1.91514562638975	0.0778528602106023	0.196377548331019	46063	4	18	1.88237750821041	0.154954704362575	0.211105044235298
GO:0080134	regulation of response to stress	0.0154648800696069	121	1.14288338511633	0.078172919220981	0.196979470412034	44699	66	344	1.62519220912353	4.81241319921959e-05	0.000299859179021168
GO:0030968	endoplasmic reticulum unfolded protein response	0.00156731128642937	16	1.49117229724761	0.0787336114707866	0.19798943468733	28280	7	45	1.31766425574729	0.277639262612881	0.33580468813028
GO:0120254	olefinic compound metabolic process	0.00132889127299316	14	1.53886914348158	0.0787374271059161	0.19798943468733	13754	6	44	1.15509528912912	0.420091032419318	0.470245352809963
GO:0071763	nuclear membrane organization	0.000330609922777554	5	2.20910940891842	0.079492455328803	0.199680425171728	5349	5	16	2.6470933709209	0.0326799335044855	0.0629661435519853
GO:0009154	purine ribonucleotide catabolic process	0.0028038987620946	26	1.35448476421783	0.0796111438986715	0.199771117314198	42982	14	69	1.71869250749647	0.0292249331692116	0.0581760800531092
GO:0097035	regulation of membrane lipid distribution	0.00293154027608682	27	1.34533674466478	0.0799845603228828	0.200500156913009	20295	17	50	2.88003758756193	3.40605863979053e-05	0.000225733036976803
GO:0032259	methylation	0.00829829629245749	68	1.19696948973103	0.080117025240915	0.200624310618813	40591	35	197	1.50494648499056	0.00891248667772904	0.0231075083316469
GO:0009145	purine nucleoside triphosphate biosynthetic process	0.00133391269785658	14	1.53307617382843	0.0805565912237105	0.201308258440244	17060	8	41	1.65281927550183	0.103651435912242	0.157807715831767
GO:0009206	purine ribonucleoside triphosphate biosynthetic process	0.00133391269785658	14	1.53307617382843	0.0805565912237105	0.201308258440244	17060	8	41	1.65281927550183	0.103651435912242	0.157807715831767
GO:1905897	regulation of response to endoplasmic reticulum stress	0.00121726862198793	13	1.55998359156917	0.0810713852613889	0.202385635652528	43065	6	28	1.81514974006004	0.104544299805727	0.157807715831767
GO:1902806	regulation of cell cycle G1/S phase transition	0.00218593978591955	21	1.40327957903301	0.0812861536743879	0.202712583235407	54736	9	31	2.45923513169425	0.00785297515368428	0.021272504923586
GO:0006405	RNA export from nucleus	0.00145603237007459	15	1.50481577079006	0.0816515366054287	0.203414075230208	7990	12	47	2.16273160517792	0.00716039139717674	0.019863516960746
GO:0019395	fatty acid oxidation	0.00194337217908068	19	1.42810692466211	0.0824267491190373	0.205124615210733	15455	13	49	2.24732824959815	0.00366569199243946	0.0116744675750006
GO:0030162	regulation of proteolysis	0.00605422876841105	51	1.2304797017226	0.0825077513848875	0.205124615210733	39632	30	142	1.78958425076342	0.00107236141131024	0.00428059777881102
GO:0034453	microtubule anchoring	0.000436415313473653	6	2.00823427191799	0.0826389642631024	0.205125287586098	26373	3	11	2.31019057825824	0.131674676161841	0.1847483736185
GO:0048892	lateral line nerve development	0.000988426933339303	11	1.62559075051605	0.0826926821299209	0.205125287586098	24505	5	17	2.49138199616084	0.0419178219660594	0.0769925674532253
GO:0006942	regulation of striated muscle contraction	0.000874322904686786	10	1.67067221314836	0.0828472094276674	0.205125287586098	8566	4	19	1.78330500777829	0.179034501186989	0.237046775244295
GO:0045580	regulation of T cell differentiation	0.000988780331212853	11	1.62500975158599	0.0828472120593707	0.205125287586098	46545	4	16	2.11767469673672	0.110959548108861	0.163366492316089
GO:0061024	membrane organization	0.0195047029961236	150	1.12334982681075	0.0832527925489671	0.205918716948825	28591	94	425	1.87351926111295	1.25994726871633e-09	3.0478124430248e-08
GO:0001101	response to acid chemical	0.000875824845649372	10	1.66780719847739	0.0835514419844232	0.206052971776914	26014	5	23	1.84145625803193	0.126731089827441	0.181828295547201
GO:0043200	response to amino acid	0.000875824845649372	10	1.66780719847739	0.0835514419844232	0.206052971776914	26014	5	23	1.84145625803193	0.126731089827441	0.181828295547201
GO:0006644	phospholipid metabolic process	0.0125116292921243	99	1.15580463470721	0.0835626148462807	0.206052971776914	58971	53	278	1.61491739463375	0.00029448509938746	0.00138591333738962
GO:0048008	platelet-derived growth factor receptor signaling pathway	0.00122452225138858	13	1.55074280984267	0.0838951395799023	0.206662263384708	24942	5	18	2.35297188526302	0.0525727374185885	0.091163764742341
GO:0062014	negative regulation of small molecule metabolic process	0.000438834570400979	6	1.99716305054728	0.0843039026228055	0.207457925172499	46002	2	10	1.69413975738937	0.334163916288144	0.388813137807128
GO:0009062	fatty acid catabolic process	0.00232348265244315	22	1.38307697602802	0.0850587071774606	0.209067958522733	14964	15	61	2.08295871810169	0.00414398613243531	0.0128516698132833
GO:0006099	tricarboxylic acid cycle	0.000993956367645954	11	1.61654749916512	0.0851310207295956	0.209067958522733	24487	6	26	1.95477664314158	0.0780402551269028	0.125785289126688
GO:0036302	atrioventricular canal development	0.00134827707900197	14	1.51674296544808	0.085908273789616	0.210762793404747	43352	7	20	2.9647445754314	0.00609951312658721	0.0174405700392606
GO:0003073	regulation of systemic arterial blood pressure	0.00183317002187186	18	1.43427643729309	0.0863117736761384	0.211538176821255	3765	9	34	2.24224379654476	0.0147668409831798	0.0345798531832643
GO:0032292	peripheral nervous system axon ensheathment	0.00123235912532662	13	1.54088125596498	0.0870147809847789	0.212206240007314	31660	5	16	2.6470933709209	0.0326799335044855	0.0629661435519853
GO:0009743	response to carbohydrate	0.000998179886373003	11	1.60970753100998	0.0870229806065545	0.212206240007314	123022	4	18	1.88237750821041	0.154954704362575	0.211105044235298
GO:0009746	response to hexose	0.000998179886373003	11	1.60970753100998	0.0870229806065545	0.212206240007314	123022	4	18	1.88237750821041	0.154954704362575	0.211105044235298
GO:0009749	response to glucose	0.000998179886373003	11	1.60970753100998	0.0870229806065545	0.212206240007314	123022	4	18	1.88237750821041	0.154954704362575	0.211105044235298
GO:0034284	response to monosaccharide	0.000998179886373003	11	1.60970753100998	0.0870229806065545	0.212206240007314	123022	4	18	1.88237750821041	0.154954704362575	0.211105044235298
GO:0006695	cholesterol biosynthetic process	0.000772763810315055	9	1.70121357446263	0.0886231870396626	0.21567353063274	4410	5	25	1.69413975738937	0.165145530286965	0.221445142884793
GO:1902653	secondary alcohol biosynthetic process	0.000772763810315055	9	1.70121357446263	0.0886231870396626	0.21567353063274	4410	5	25	1.69413975738937	0.165145530286965	0.221445142884793
GO:0007031	peroxisome organization	0.00147714168094717	15	1.48331097925834	0.0892934617615778	0.217086315579153	64953	8	29	2.33674449295086	0.0164098778853405	0.0376617595869437
GO:0060029	convergent extension involved in organogenesis	0.00184314108765564	18	1.42651725661823	0.0895814812403524	0.217567874618888	77924	7	22	2.69522234130128	0.0108612213786265	0.0271893814164343
GO:0006612	protein targeting to membrane	0.00259160603324328	24	1.35271206821635	0.0899417040972752	0.218103957162515	69128	13	66	1.6684709731865	0.0431035353811467	0.0786924166694293
GO:0021696	cerebellar cortex morphogenesis	0.00123985226461423	13	1.53156882560038	0.0900645577231397	0.218103957162515	72462	5	20	2.11767469673672	0.0781543156500255	0.125785289126688
GO:0071229	cellular response to acid chemical	0.000663705364583724	8	1.76066918861869	0.0901628595132347	0.218103957162515	17108	4	21	1.61346643560893	0.230423433081552	0.287316641558905
GO:0071230	cellular response to amino acid stimulus	0.000663705364583724	8	1.76066918861869	0.0901628595132347	0.218103957162515	17108	4	21	1.61346643560893	0.230423433081552	0.287316641558905
GO:0006613	cotranslational protein targeting to membrane	0.000555531103766488	7	1.84057180703847	0.0911316352749088	0.220227198531473	21393	4	16	2.11767469673672	0.110959548108861	0.163366492316089
GO:0042278	purine nucleoside metabolic process	0.00089238484913023	10	1.63685766696181	0.0915574894206667	0.220879729892914	7899	6	25	2.03296770886725	0.0663852958733439	0.110216905091022
GO:0072523	purine-containing compound catabolic process	0.00323318606806797	29	1.3101783068277	0.0915842782482813	0.220879729892914	39420	16	88	1.54012705217216	0.0516439758151517	0.0904610988391398
GO:0045601	regulation of endothelial cell differentiation	0.000666620206810285	8	1.75297054275474	0.0918548701062208	0.221311684050745	103997	4	10	3.38827951477875	0.0226374512719993	0.0476271036563085
GO:0072594	establishment of protein localization to organelle	0.00770809078326985	63	1.19386943491943	0.0919888271430761	0.221413903342389	41614	36	189	1.61346643560893	0.00254797759911088	0.00871790355339352
GO:0018279	protein N-linked glycosylation via asparagine	0.00124597253599072	13	1.52404569280758	0.0926041817001904	0.222673474684653	35567	7	23	2.5780387612447	0.0140521520718862	0.0332930028030291
GO:0099024	plasma membrane invagination	0.00148869820555038	15	1.47179627482591	0.0936622673568815	0.22499406627239	12428	8	32	2.11767469673672	0.0292443626889544	0.0581760800531092
GO:0006721	terpenoid metabolic process	0.00185734947677091	18	1.41560465642362	0.0943765612861196	0.22637832605787	14949	9	43	1.77293695540748	0.0606611018359359	0.102269891069481
GO:0034331	cell junction maintenance	0.00137001657006704	14	1.49267521264437	0.0944256845772596	0.22637832605787	25018	7	22	2.69522234130128	0.0108612213786265	0.0271893814164343
GO:0034204	lipid translocation	0.00286339177560017	26	1.32634248167816	0.0950413217848148	0.227628670690561	21064	16	47	2.88364214023723	5.65820665038396e-05	0.000341440402365711
GO:0009142	nucleoside triphosphate biosynthetic process	0.00173752412981009	17	1.42916108450036	0.0955076738760664	0.228519350253417	14840	10	55	1.54012705217216	0.1082147510051	0.162389257246487
GO:0097194	execution phase of apoptosis	0.00125804880395092	13	1.50941606626834	0.0977435291777829	0.2336379417797	7168	8	22	3.08025410434431	0.00259221018545182	0.00879460931081058
GO:0086003	cardiac muscle cell contraction	0.000790366751661018	9	1.6633243759288	0.0981476055392605	0.234214830109202	8645	3	15	1.69413975738937	0.257195234981325	0.313228819434782
GO:0042761	very long-chain fatty acid biosynthetic process	0.000677249752225641	8	1.72545738393148	0.098178519111505	0.234214830109202	7648	7	20	2.9647445754314	0.00609951312658721	0.0174405700392606
GO:0032511	late endosome to vacuole transport via multivesicular body sorting pathway	0.00056680808512987	7	1.80395254469823	0.098526342154802	0.234756703698758	6852	5	18	2.35297188526302	0.0525727374185885	0.091163764742341
GO:0040029	epigenetic regulation of gene expression	0.0054810629727084	46	1.22590310519729	0.0985997564935667	0.234756703698758	58538	24	122	1.66636697448135	0.00812634862078719	0.0218661149206721
GO:0001523	retinoid metabolic process	0.00150304671140066	15	1.45774609441596	0.099269317619859	0.236118465410461	17295	7	37	1.60256463536833	0.13938931681711	0.193449660000339
GO:0090224	regulation of spindle organization	0.00035481974780636	5	2.05837892508811	0.0995170999639612	0.236475309246387	1928	2	12	1.41178313115781	0.422816232191963	0.4717677424688
GO:0097150	neuronal stem cell population maintenance	0.000794085712095949	9	1.65553448945898	0.100232454702727	0.237730693971404	9852	2	14	1.21009982670669	0.504948630440114	0.543687634622304
GO:0060395	SMAD protein signal transduction	0.00114442517553276	12	1.53164087621478	0.100241962732878	0.237730693971404	49298	6	16	3.17651204510507	0.00754307160421367	0.0205944584769671
GO:1990542	mitochondrial transmembrane transport	0.000795847179621922	9	1.65187025552566	0.101228735752998	0.239479182475354	29553	5	21	2.01683304451116	0.0930367841523585	0.144081933972186
GO:0048645	animal organ formation	0.00339929687324067	30	1.28912569567968	0.101236451123115	0.239479182475354	55454	11	41	2.27262650381501	0.00662922774661152	0.0184747717961443
GO:0033338	medial fin development	0.00187711905078303	18	1.4006956920639	0.101314928953295	0.239479182475354	52800	5	22	1.9251588152152	0.109251613434954	0.162834043684013
GO:0045727	positive regulation of translation	0.00212673943002801	20	1.37365862649204	0.101449668119505	0.239479182475354	19637	11	40	2.32944216641039	0.00541821170215708	0.0160620761121544
GO:0001704	formation of primary germ layer	0.00536284517193409	45	1.22568920210624	0.101474229862438	0.239479182475354	20368	27	89	2.56976255334343	2.4232283184447e-06	2.17910382985789e-05
GO:0021680	cerebellar Purkinje cell layer development	0.000572601877611461	7	1.785699501704	0.102449786608937	0.241545841917172	16100	2	14	1.21009982670669	0.504948630440114	0.543687634622304
GO:0014821	phasic smooth muscle contraction	0.000799159594456227	9	1.64502346349975	0.103117521221954	0.24279097529473	19059	4	10	3.38827951477875	0.0226374512719993	0.0476271036563085
GO:0030217	T cell differentiation	0.0026370811611748	24	1.3293852342674	0.103178636875975	0.24279097529473	35099	10	51	1.6609213307739	0.0722661108419451	0.119000491577035
GO:0019674	NAD+ metabolic process	0.00115454809196533	12	1.5182116629126	0.104996875303668	0.246600873369195	19405	7	33	1.79681489420085	0.0867949832389124	0.137586542893138
GO:0110154	RNA decapping	0.000361003520363254	5	2.02312013565624	0.105001612058814	0.246600873369195	23031	2	10	1.69413975738937	0.334163916288144	0.388813137807128
GO:0009134	nucleoside diphosphate catabolic process	0.00226333530068733	21	1.35529396004434	0.105129864114328	0.246662600671736	25602	11	58	1.60651183890372	0.0748031236279626	0.122180118876463
GO:0006352	DNA-templated transcription initiation	0.00328544063723777	29	1.28934006608065	0.105330353785747	0.246893532759421	31481	18	71	2.14750110091611	0.00122633457808985	0.00474640535103896
GO:0072331	signal transduction by p53 class mediator	0.00251876327701834	23	1.3338395432657	0.105904087072308	0.247808838428303	52921	8	48	1.41178313115781	0.200184921161434	0.259734967954977
GO:0016101	diterpenoid metabolic process	0.00151944589123985	15	1.44201283237614	0.105925729200027	0.247808838428303	17295	7	38	1.560391881806	0.154512068252818	0.211105044235298
GO:0010256	endomembrane system organization	0.0128312880222032	100	1.13839466439517	0.106937996868862	0.249935279638432	23795	68	302	1.90730966063704	1.10360174950835e-07	1.54228915009428e-06
GO:0051726	regulation of cell cycle	0.019054578329985	145	1.11155706910978	0.108370545583968	0.253038947652142	28945	78	440	1.50162387586785	0.000166468539666122	0.000860443156949466
GO:0072662	protein localization to peroxisome	0.000810205348695314	9	1.62259640235456	0.109559658610705	0.255144073143451	87490	4	15	2.2588530098525	0.091389644457767	0.142395439047276
GO:0072663	establishment of protein localization to peroxisome	0.000810205348695314	9	1.62259640235456	0.109559658610705	0.255144073143451	87490	4	15	2.2588530098525	0.091389644457767	0.142395439047276
GO:0060795	cell fate commitment involved in formation of primary germ layer	0.00227691074868923	21	1.34721339619595	0.109722132985638	0.255144073143451	31526	13	36	3.05886345084192	0.000140441100991001	0.000748297408143684
GO:0007131	reciprocal meiotic recombination	0.00128496295098864	13	1.47780064426929	0.109809033979543	0.255144073143451	28051	7	34	1.74396739731259	0.0987002457968883	0.152364961443952
GO:0140527	reciprocal homologous recombination	0.00128496295098864	13	1.47780064426929	0.109809033979543	0.255144073143451	28051	7	34	1.74396739731259	0.0987002457968883	0.152364961443952
GO:0006720	isoprenoid metabolic process	0.00215125226612418	20	1.3580062228695	0.109904970738105	0.255144073143451	15078	11	56	1.66388726172171	0.0606685794479973	0.102269891069481
GO:0180046	GPI anchored protein biosynthesis	0.000927987614199677	10	1.57405870490969	0.110261912569959	0.255727292911536	19293	5	27	1.56864792350868	0.207502458087907	0.265300447206473
GO:0006206	pyrimidine nucleobase metabolic process	0.000811992354739493	9	1.61902544560682	0.110622560359268	0.256099129038906	77607	4	12	2.82356626231562	0.0440347338350109	0.0791382029323115
GO:0006195	purine nucleotide catabolic process	0.0029173843444684	26	1.3017956173198	0.110633976786134	0.256099129038906	42982	14	75	1.58119710689675	0.0545754825676467	0.094231329287036
GO:0010927	cellular component assembly involved in morphogenesis	0.00835916907617639	67	1.17077866130187	0.110987866686295	0.256265672699638	36760	33	136	2.0553901468327	3.93727431371073e-05	0.000252633065381068
GO:0032989	cellular anatomical entity morphogenesis	0.00835916907617639	67	1.17077866130187	0.110987866686295	0.256265672699638	36760	33	136	2.0553901468327	3.93727431371073e-05	0.000252633065381068
GO:0140888	interferon-mediated signaling pathway	0.000474587115428551	6	1.84670877235303	0.111023739143952	0.256265672699638	17742	4	20	1.69413975738937	0.20425454757123	0.262814760944045
GO:0021513	spinal cord dorsal/ventral patterning	0.000588031974219272	7	1.73884232891098	0.113304198390296	0.261280129557794	13156	5	10	4.23534939347343	0.0034510203350468	0.0112053935442661
GO:0072530	purine-containing compound transmembrane transport	0.000478645669132596	6	1.83105007697215	0.11430121862973	0.263328236062206	28968	5	18	2.35297188526302	0.0525727374185885	0.091163764742341
GO:0009261	ribonucleotide catabolic process	0.00293122415064524	26	1.29564917538987	0.114876387281513	0.264401504123673	42982	14	70	1.69413975738937	0.0326934585784595	0.0629661435519853
GO:0019827	stem cell population maintenance	0.00204078091912887	19	1.35994179489168	0.115539909843493	0.265614007366725	15551	8	36	1.88237750821041	0.0552203618471707	0.0952767869531427
GO:0016441	post-transcriptional gene silencing	0.00254856051569242	23	1.31824456916997	0.115622798576751	0.265614007366725	27062	15	85	1.49482919769651	0.0720672591782128	0.118834832959848
GO:0010830	regulation of myotube differentiation	0.000938140210531786	10	1.55702416950167	0.115965091839987	0.26614758743921	30618	5	23	1.84145625803193	0.126731089827441	0.181828295547201
GO:0036444	calcium import into the mitochondrion	0.000482285253092023	6	1.81723198809978	0.117281432608335	0.268231765241186	4308	2	10	1.69413975738937	0.334163916288144	0.388813137807128
GO:0007198	adenylate cyclase-inhibiting serotonin receptor signaling pathway	0.000707579848630939	8	1.65149641839645	0.117528478030881	0.268231765241186	24828	3	22	1.15509528912912	0.490300798807983	0.530665607300452
GO:0010508	positive regulation of autophagy	0.00179510796652223	17	1.38331616594393	0.117556652018131	0.268231765241186	24578	12	37	2.74725366063142	0.000777642612971258	0.00323216061989257
GO:0021695	cerebellar cortex development	0.00130158507518946	13	1.45892812773439	0.117680212271258	0.268231765241186	72462	5	22	1.9251588152152	0.109251613434954	0.162834043684013
GO:1902105	regulation of leukocyte differentiation	0.00281152028420345	25	1.29885865521438	0.117743650540225	0.268231765241186	45297	11	50	1.86355373312831	0.0291717802807697	0.0581760800531092
GO:2000781	positive regulation of double-strand break repair	0.000594166050200198	7	1.72089079674115	0.117780646716633	0.268231765241186	123408	2	14	1.21009982670669	0.504948630440114	0.543687634622304
GO:0010563	negative regulation of phosphorus metabolic process	0.000707993986764004	8	1.65053038244662	0.117805865996228	0.268231765241186	34821	4	18	1.88237750821041	0.154954704362575	0.211105044235298
GO:0045936	negative regulation of phosphate metabolic process	0.000707993986764004	8	1.65053038244662	0.117805865996228	0.268231765241186	34821	4	18	1.88237750821041	0.154954704362575	0.211105044235298
GO:0048066	developmental pigmentation	0.0061056543710845	50	1.19619199958081	0.117871172571881	0.268231765241186	30514	30	92	2.76218438704789	1.17705161353275e-07	1.62702163036327e-06
GO:0061548	ganglion development	0.000942040701515044	10	1.5505773581016	0.118199214977885	0.268725470894271	39028	4	15	2.2588530098525	0.091389644457767	0.142395439047276
GO:0045786	negative regulation of cell cycle	0.00624211288592968	51	1.1934429487661	0.118406991879865	0.268945082964688	20473	20	127	1.33396831290502	0.110017068895012	0.163366492316089
GO:0010842	retina layer formation	0.00294310646391312	26	1.29041820275058	0.118598798134434	0.269128041920445	37592	12	59	1.72285399056546	0.0408284940636981	0.0754201849989578
GO:0000462	maturation of SSU-rRNA from tricistronic rRNA transcript (SSU-rRNA, 5.8S rRNA, LSU-rRNA)	0.00082601438169488	9	1.59154164030893	0.119160861619482	0.270150069594683	44449	4	26	1.30318442876106	0.369029995533327	0.420086380797703
GO:0010717	regulation of epithelial to mesenchymal transition	0.000828097496504201	9	1.58753804897509	0.120459084365322	0.272657318446215	40561	4	14	2.42019965341339	0.0736389830452027	0.120522801073305
GO:0090382	phagosome maturation	0.000828366686290694	9	1.58702215542755	0.12062740486724	0.272657318446215	9207	8	18	3.76475501642083	0.000547641742975015	0.00239556125905345
GO:0034340	response to type I interferon	0.000378187491964599	5	1.93119420025148	0.120998029510663	0.272657318446215	20775	3	15	1.69413975738937	0.257195234981325	0.313228819434782
GO:0060337	type I interferon-mediated signaling pathway	0.000378187491964599	5	1.93119420025148	0.120998029510663	0.272657318446215	20775	3	15	1.69413975738937	0.257195234981325	0.313228819434782
GO:0071357	cellular response to type I interferon	0.000378187491964599	5	1.93119420025148	0.120998029510663	0.272657318446215	20775	3	15	1.69413975738937	0.257195234981325	0.313228819434782
GO:0033500	carbohydrate homeostasis	0.0025645441769381	23	1.31002853810214	0.121055791654086	0.272657318446215	84379	12	46	2.20974750963831	0.00596011702928858	0.01720468149624
GO:0042593	glucose homeostasis	0.0025645441769381	23	1.31002853810214	0.121055791654086	0.272657318446215	84379	12	46	2.20974750963831	0.00596011702928858	0.01720468149624
GO:0009072	aromatic amino acid metabolic process	0.00130877865456082	13	1.45090926583793	0.121185195045704	0.272694871456334	15468	8	33	2.05350273622954	0.0347316627262233	0.0662063767807204
GO:0051262	protein tetramerization	0.00143373655345077	14	1.42633580076422	0.12229229582913	0.274930356515488	33814	10	30	2.82356626231562	0.00166680634782471	0.00600894866674811
GO:0050769	positive regulation of neurogenesis	0.00612684858027436	50	1.19205409032156	0.122511030144222	0.275166371326716	52772	21	57	3.120783763612	9.44939908316363e-07	1.0069645983336e-05
GO:0002831	regulation of response to biotic stimulus	0.00545875680263125	45	1.20415355683894	0.122735758959948	0.275415399744076	36599	28	120	1.97649638362094	0.000294139999993527	0.00138591333738962
GO:0007062	sister chromatid cohesion	0.00155853569938971	15	1.40584554728329	0.122854925548254	0.275427307600766	47464	9	36	2.11767469673672	0.021368559878932	0.0461935177364937
GO:0006085	acetyl-CoA biosynthetic process	0.000952558429634472	10	1.5334565699449	0.124341655177731	0.278502281365678	110692	5	18	2.35297188526302	0.0525727374185885	0.091163764742341
GO:0045292	mRNA cis splicing, via spliceosome	0.000604638913355211	7	1.6910834961839	0.125631439451449	0.281130852944546	10523	4	19	1.78330500777829	0.179034501186989	0.237046775244295
GO:0042462	eye photoreceptor cell development	0.00401377846955841	34	1.23733877618718	0.126468495216379	0.282742412133475	38069	13	57	1.93191375842648	0.0139670661348065	0.03325426474419
GO:0045454	cell redox homeostasis	0.000720846763723702	8	1.62110124446838	0.126587395032042	0.282746914665291	9108	8	20	3.38827951477875	0.00126830313970141	0.00484680141380364
GO:0006607	NLS-bearing protein import into nucleus	0.00038498418895843	5	1.89709996419762	0.127621453829689	0.284793631747249	10746	2	11	1.54012705217216	0.3791615252051	0.428394081957561
GO:0051783	regulation of nuclear division	0.0019503145146513	18	1.34812746773459	0.129703141106539	0.289172256531538	13807	7	41	1.4462168660641	0.203992660423879	0.262814760944045
GO:0050931	pigment cell differentiation	0.00442393121332369	37	1.22167718561863	0.130237417940431	0.290096053405067	27539	20	66	2.56687842028693	4.80129665814698e-05	0.000299859179021168
GO:0034440	lipid oxidation	0.00207968091396774	19	1.33450436915625	0.130737752166236	0.290942614986315	15455	13	56	1.96641221839838	0.0120518192015066	0.02977870342027
GO:0030177	positive regulation of Wnt signaling pathway	0.0041656415424932	35	1.22729581637692	0.132078025322453	0.293655094903505	48012	17	74	1.94597134294725	0.0050091133827793	0.0150522301527244
GO:0034308	primary alcohol metabolic process	0.000847115409804806	9	1.55189749678188	0.132661901386915	0.294556308493749	15290	5	27	1.56864792350868	0.207502458087907	0.265300447206473
GO:0006605	protein targeting	0.00469880573592303	39	1.21238407175403	0.132726902132363	0.294556308493749	62983	20	108	1.56864792350868	0.0271978345998342	0.0551479982372163
GO:0009262	deoxyribonucleotide metabolic process	0.000729831490520565	8	1.60114437499812	0.132922402047243	0.29471978969045	32586	6	14	3.63029948012008	0.00348393715226265	0.0112069733661215
GO:0008589	regulation of smoothened signaling pathway	0.00311755801108577	27	1.26506350093891	0.133088008540751	0.294816751520217	42006	10	44	1.9251588152152	0.0297495511314083	0.0590838786427559
GO:0055017	cardiac muscle tissue growth	0.00121027037776934	12	1.44831139455462	0.13349660939369	0.295042205211807	66936	8	24	2.82356626231562	0.00480449472073701	0.0146189594081293
GO:0001878	response to yeast	0.0010884350804027	11	1.4762273922693	0.133509607812845	0.295042205211807	26268	9	24	3.17651204510507	0.00109400708348113	0.00433126535996868
GO:0001885	endothelial cell development	0.00170694762121562	16	1.36918739769097	0.133555690246767	0.295042205211807	36075	4	26	1.30318442876106	0.369029995533327	0.420086380797703
GO:0035967	cellular response to topologically incorrect protein	0.00183390718774872	17	1.3540499139181	0.133991328363816	0.295734510321233	27764	8	54	1.25491833880694	0.30291925466046	0.358669445434974
GO:0007127	meiosis I	0.00196194351342779	18	1.34013673172943	0.134601670264994	0.296810793410227	22039	12	54	1.88237750821041	0.0216546433660263	0.0466867934959158
GO:0009755	hormone-mediated signaling pathway	0.0061804228696282	50	1.18172090566616	0.13475432031284	0.296876776718361	41982	19	88	1.82890087445444	0.00638583111933563	0.0179829167376867
GO:0021603	cranial nerve formation	0.00133629882373326	13	1.42102877223832	0.135137342854784	0.297449710978819	57970	7	15	3.95299276724187	0.000862939058951919	0.00354405701800457
GO:0035825	homologous recombination	0.00133758817378754	13	1.41965899074614	0.135811931316285	0.298387936808439	28051	7	35	1.69413975738937	0.11145087244922	0.163691354252982
GO:0044091	membrane biogenesis	0.000852132693286898	9	1.54276005875393	0.135985213528986	0.298387936808439	33676	6	21	2.42019965341339	0.0305304164425599	0.0600431523370345
GO:0071709	membrane assembly	0.000852132693286898	9	1.54276005875393	0.135985213528986	0.298387936808439	33676	6	21	2.42019965341339	0.0305304164425599	0.0600431523370345
GO:0032475	otolith formation	0.000852240369201495	9	1.54256513944908	0.136057004671231	0.298387936808439	76534	1	14	0.605049913353347	0.827780983505859	0.83747478005047
GO:0007612	learning	0.00146258058418858	14	1.39820656527152	0.136312517229976	0.298677517372566	52522	5	18	2.35297188526302	0.0525727374185885	0.091163764742341
GO:0010506	regulation of autophagy	0.00578427489706276	47	1.18689428466293	0.136590494023746	0.299015751170535	30328	31	111	2.36569065221039	3.20508065423174e-06	2.82959492795131e-05
GO:0007602	phototransduction	0.0027386264509421	24	1.28009307586456	0.137002805300709	0.299647184468729	27109	14	48	2.47062047952617	0.000966786417024412	0.00393051486181858
GO:0014855	striated muscle cell proliferation	0.00134162049874316	13	1.41539211618495	0.137933603027625	0.30141046587518	59630	9	30	2.54120963608406	0.00621264830898737	0.0177012912360901
GO:0046634	regulation of alpha-beta T cell activation	0.000621392871528389	7	1.64548860209905	0.138723336826376	0.302862591861917	67925	2	16	1.05883734836836	0.579082052502613	0.610042399123279
GO:0051240	positive regulation of multicellular organismal process	0.022377096064046	167	1.09012387186333	0.138895475248773	0.302964972612068	45541	79	320	2.09120376302751	1.19635746198215e-10	3.61748587566852e-09
GO:0042908	xenobiotic transport	0.000396539333101189	5	1.8418185287645	0.139250481392287	0.303465688727877	4234	3	12	2.11767469673672	0.160887990270784	0.217180830616645
GO:0045017	glycerolipid biosynthetic process	0.00620437661924473	50	1.17715853809435	0.140466833996482	0.30584092838658	58158	26	140	1.5731297747187	0.01275839438767	0.0312690537221619
GO:0030903	notochord development	0.0048635146835153	40	1.20135916285429	0.141226979562557	0.307123506382794	43136	22	83	2.24524546160037	0.000188495727315069	0.000963998233351273
GO:0071559	response to transforming growth factor beta	0.00366818917050787	31	1.23444877956747	0.141436786320972	0.307123506382794	35759	18	59	2.5842809858482	0.000102396474600481	0.000576039702461773
GO:0071560	cellular response to transforming growth factor beta stimulus	0.00366818917050787	31	1.23444877956747	0.141436786320972	0.307123506382794	35759	18	59	2.5842809858482	0.000102396474600481	0.000576039702461773
GO:0031124	mRNA 3'-end processing	0.000625144272783744	7	1.63561426064488	0.141742343361683	0.307510967347005	3507	6	21	2.42019965341339	0.0305304164425599	0.0600431523370345
GO:0035264	multicellular organism growth	0.000510741374445198	6	1.71598431840314	0.141878192501106	0.307529881415929	7561	3	9	2.82356626231562	0.079993400712243	0.128488735938191
GO:0043567	regulation of insulin-like growth factor receptor signaling pathway	0.000625827600703302	7	1.63382836803057	0.142295649546169	0.30815861795182	16216	4	12	2.82356626231562	0.0440347338350109	0.0791382029323115
GO:0001732	formation of cytoplasmic translation initiation complex	0.00122634307871362	12	1.42932953187448	0.142433717013609	0.30818171865467	2523	8	17	3.98621119385735	0.000339309822404838	0.0015663940083918
GO:0030193	regulation of blood coagulation	0.000512330974645949	6	1.71066016438551	0.143317695284656	0.30908816313529	21295	4	17	1.99310559692867	0.1322031561528	0.1847483736185
GO:1900046	regulation of hemostasis	0.000512330974645949	6	1.71066016438551	0.143317695284656	0.30908816313529	21295	4	17	1.99310559692867	0.1322031561528	0.1847483736185
GO:0048846	axon extension involved in axon guidance	0.00160190286422392	15	1.36778610126937	0.143363753219428	0.30908816313529	127333	7	16	3.70593071928925	0.00137826523156335	0.0051371704085543
GO:1902284	neuron projection extension involved in neuron projection guidance	0.00160190286422392	15	1.36778610126937	0.143363753219428	0.30908816313529	127333	7	16	3.70593071928925	0.00137826523156335	0.0051371704085543
GO:0042537	benzene-containing compound metabolic process	0.000512993595658854	6	1.70845054738355	0.143919725627517	0.31001052207744	10506	4	13	2.60636885752211	0.0578259971785515	0.0981621664385375
GO:0019228	neuronal action potential	0.000513482278655872	6	1.70682460863463	0.144364465899707	0.310691853212982	28232	3	12	2.11767469673672	0.160887990270784	0.217180830616645
GO:0030856	regulation of epithelial cell differentiation	0.00185951748989751	17	1.33540119046786	0.145523793357677	0.312908494339752	92142	8	27	2.50983667761389	0.0105088308773683	0.0266749988403319
GO:1901532	regulation of hematopoietic progenitor cell differentiation	0.00250280515429087	22	1.28398143790188	0.14588569483928	0.313408077989536	19176	11	42	2.21851634896227	0.00804201013993732	0.0217116322862817
GO:0070189	kynurenine metabolic process	0.000404912515921558	5	1.8037315774926	0.147956130847858	0.317573984490655	12011	3	10	2.54120963608406	0.104574521900919	0.157807715831767
GO:0097306	cellular response to alcohol	0.000990897267303041	10	1.47412555305055	0.14815873133526	0.317726924734037	27360	6	15	3.38827951477875	0.0052312692144698	0.0155651171338283
GO:0046549	retinal cone cell development	0.00123780642223688	12	1.41609249000956	0.148998135079812	0.319244011300324	54179	4	16	2.11767469673672	0.110959548108861	0.163366492316089
GO:0008217	regulation of blood pressure	0.00290385376143092	25	1.25755900794707	0.149827306275122	0.320736507857982	11576	14	55	2.15617787304102	0.0039484172718173	0.0123082749749047
GO:0090385	phagosome-lysosome fusion	0.00040774591098195	5	1.79119758511084	0.150953242555036	0.322638107921569	10717	4	10	3.38827951477875	0.0226374512719993	0.0476271036563085
GO:0045638	negative regulation of myeloid cell differentiation	0.000874027486151866	9	1.5041132055806	0.150982363855815	0.322638107921569	64430	3	13	1.95477664314158	0.191806588198454	0.249317644735121
GO:0008206	bile acid metabolic process	0.000755367938035625	8	1.5470150729225	0.151782273178815	0.324061181658918	102894	2	10	1.69413975738937	0.334163916288144	0.388813137807128
GO:0046337	phosphatidylethanolamine metabolic process	0.000408808175293264	5	1.78654326216876	0.152083425022525	0.324417817574505	14574	4	17	1.99310559692867	0.1322031561528	0.1847483736185
GO:0001709	cell fate determination	0.000756337021267	8	1.54503290581485	0.152522218871627	0.325067178370455	32705	4	10	3.38827951477875	0.0226374512719993	0.0476271036563085
GO:0006094	gluconeogenesis	0.000877068640509013	9	1.49889783221354	0.153127850396465	0.325991831927351	7004	6	26	1.95477664314158	0.0780402551269028	0.125785289126688
GO:1902106	negative regulation of leukocyte differentiation	0.000877206686553368	9	1.49866195061368	0.15322559441976	0.325991831927351	64430	3	12	2.11767469673672	0.160887990270784	0.217180830616645
GO:0000280	nuclear division	0.00707374574162982	56	1.1563829686533	0.153874840683175	0.327085447814235	23757	31	181	1.4507826651677	0.0214538700261356	0.0463365282082339
GO:0060038	cardiac muscle cell proliferation	0.00112321163989668	11	1.43052085940376	0.154415928481542	0.327783138807689	67353	7	22	2.69522234130128	0.0108612213786265	0.0271893814164343
GO:0016239	positive regulation of macroautophagy	0.000640605429751534	7	1.59613834044795	0.154512184029556	0.327783138807689	20070	4	20	1.69413975738937	0.20425454757123	0.262814760944045
GO:0009201	ribonucleoside triphosphate biosynthetic process	0.0016242228389055	15	1.34899006514742	0.154609574774524	0.327783138807689	16409	9	49	1.55584263433718	0.117659056915166	0.171249854800112
GO:0016072	rRNA metabolic process	0.00653367303391024	52	1.16254307001753	0.154857160904241	0.328020553614151	26930	32	185	1.46520195233675	0.0172827684641549	0.0394405819950856
GO:0007006	mitochondrial membrane organization	0.00226661665516166	20	1.28888753980783	0.155332040659956	0.328738588238349	17373	13	53	2.07771857038319	0.00750038278586445	0.0205944584769671
GO:0009148	pyrimidine nucleoside triphosphate biosynthetic process	0.000642936337210473	7	1.59035168545908	0.156482047665648	0.330882931209093	16711	4	20	1.69413975738937	0.20425454757123	0.262814760944045
GO:0009156	ribonucleoside monophosphate biosynthetic process	0.00188337046590166	17	1.31848827124732	0.156744105115782	0.331147589759891	32528	11	43	2.16692294549803	0.00967760835466036	0.0249043985211951
GO:0000038	very long-chain fatty acid metabolic process	0.00125159377091687	12	1.40049305081727	0.157099311017038	0.33160840606476	9646	10	29	2.92093061618857	0.00124132402744022	0.00478146946238519
GO:0008045	motor neuron axon guidance	0.00331907348525427	28	1.23226544042273	0.157343148252126	0.33183354457009	41062	12	54	1.88237750821041	0.0216546433660263	0.0466867934959158
GO:2000045	regulation of G1/S transition of mitotic cell cycle	0.00214342298471857	19	1.29481828175189	0.158030788341147	0.332966608237645	59292	7	28	2.11767469673672	0.0402527754991901	0.0753066233043627
GO:0031365	N-terminal protein amino acid modification	0.00052839470259735	6	1.65865438279286	0.158233156690124	0.332966608237645	20743	5	11	3.85031763043039	0.00571496422236015	0.0167164431123207
GO:0006637	acyl-CoA metabolic process	0.00292659684723845	25	1.24778630131248	0.158430990525643	0.332966608237645	56496	14	66	1.79681489420085	0.0204331556349844	0.0444894720801325
GO:0035383	thioester metabolic process	0.00292659684723845	25	1.24778630131248	0.158430990525643	0.332966608237645	56496	14	66	1.79681489420085	0.0204331556349844	0.0444894720801325
GO:0030239	myofibril assembly	0.00764228216323502	60	1.14680951394842	0.159262009925672	0.334422571189411	35709	29	122	2.01352676083163	0.000164824261621686	0.000853768498635669
GO:0021984	adenohypophysis development	0.00125556190446186	12	1.39606687044756	0.159471962791669	0.334573007799694	56091	5	16	2.6470933709209	0.0326799335044855	0.0629661435519853
GO:0050994	regulation of lipid catabolic process	0.000529989824639875	6	1.65366229418301	0.159749956038023	0.334865809060639	5134	4	13	2.60636885752211	0.0578259971785515	0.0981621664385375
GO:1902222	erythrose 4-phosphate/phosphoenolpyruvate family amino acid catabolic process	0.00076679746027802	8	1.52395599395936	0.160618586843088	0.336395118245393	10317	4	18	1.88237750821041	0.154954704362575	0.211105044235298
GO:0002183	cytoplasmic translational initiation	0.00163615070736802	15	1.33915565565088	0.160806757935791	0.336497878414082	4022	11	32	2.91180270801298	0.000736884967251806	0.00310004301875151
GO:0048771	tissue remodeling	0.00176542323537429	16	1.3238361910375	0.161692647667679	0.337856402751138	25657	10	31	2.73248347966028	0.00220296046639491	0.00762768382852187
GO:0001522	pseudouridine synthesis	0.000417750107816376	5	1.74830234014139	0.161735309791574	0.337856402751138	1399	4	17	1.99310559692867	0.1322031561528	0.1847483736185
GO:0009124	nucleoside monophosphate biosynthetic process	0.00202397105230773	18	1.29906629095559	0.162481727474009	0.33912277718691	31251	12	46	2.20974750963831	0.00596011702928858	0.01720468149624
GO:0043144	sno(s)RNA processing	0.000420404043019107	5	1.73726562153089	0.164646429975259	0.343344581129442	9578	3	10	2.54120963608406	0.104574521900919	0.157807715831767
GO:0046578	regulation of Ras protein signal transduction	0.00077273827179685	8	1.51223982089852	0.165304382382972	0.344419725223437	21677	5	13	3.25796107190264	0.0130043913120447	0.0314891116955316
GO:0007162	negative regulation of cell adhesion	0.00414290811990878	34	1.19877235885193	0.166031212751094	0.34507759433776	70437	11	71	1.31236178389318	0.212188944179099	0.271148999455489
GO:0016558	protein import into peroxisome matrix	0.000773811579791712	8	1.51014228303232	0.166157604636041	0.34507759433776	97330	3	13	1.95477664314158	0.191806588198454	0.249317644735121
GO:0044743	protein transmembrane import into intracellular organelle	0.000773811579791712	8	1.51014228303232	0.166157604636041	0.34507759433776	97330	3	13	1.95477664314158	0.191806588198454	0.249317644735121
GO:0006635	fatty acid beta-oxidation	0.00177424506783881	16	1.31725386410899	0.166190738901815	0.34507759433776	17381	12	44	2.31019057825824	0.00403794386648887	0.0125407109346344
GO:0009117	nucleotide metabolic process	0.0125054186005888	95	1.10965628372094	0.166472758751551	0.345366726775302	34093	59	289	1.72931220909988	1.85377602176179e-05	0.000129979252076573
GO:0006183	GTP biosynthetic process	0.000424704177300773	5	1.71967578876074	0.169407095495438	0.35115318252225	21017	3	12	2.11767469673672	0.160887990270784	0.217180830616645
GO:0098664	G protein-coupled serotonin receptor signaling pathway	0.00102307303932137	10	1.42776412439556	0.169801917550327	0.351670238488221	25137	4	27	1.25491833880694	0.397121741176009	0.446392886572847
GO:0046039	GTP metabolic process	0.000541426249184488	6	1.61873235852107	0.170806156246934	0.353447469599088	28476	4	16	2.11767469673672	0.110959548108861	0.163366492316089
GO:0140694	membraneless organelle assembly	0.0136444572194708	103	1.10266620902866	0.171289364990072	0.35414442214614	35762	52	274	1.60757787197532	0.000373420234537487	0.00169475337213167
GO:0098727	maintenance of cell number	0.00230431081780309	20	1.26780377967587	0.1721328098268	0.35558434412556	17144	9	38	2.00621813375057	0.0298567804316571	0.0591996326755561
GO:0022604	regulation of cell morphogenesis	0.00619387890780173	49	1.1555705752761	0.172869649947372	0.356801777493766	77593	15	90	1.41178313115781	0.105972498082884	0.159618600786112
GO:0032386	regulation of intracellular transport	0.00153142276604811	14	1.33535286296435	0.173169128410991	0.357115193202206	24066	9	39	1.95477664314158	0.0348781819830928	0.0663810560323379
GO:0071482	cellular response to light stimulus	0.00283372844158911	24	1.23713221979187	0.173935172852374	0.358389423449652	27187	14	59	2.00999632232637	0.00768565374986135	0.0209129318570468
GO:1903432	regulation of TORC1 signaling	0.00192061735935938	17	1.29291858037418	0.175162877386816	0.360611915232943	3776	11	49	1.90158544196766	0.0253771329435738	0.0518911957654312
GO:1903707	negative regulation of hemopoiesis	0.00090865771683883	9	1.44678932407572	0.176275416436525	0.362501156255238	64430	3	13	1.95477664314158	0.191806588198454	0.249317644735121
GO:0014003	oligodendrocyte development	0.00192300555592672	17	1.29131289405363	0.176380264949324	0.362501156255238	23239	8	34	1.99310559692867	0.040874684801006	0.0754201849989578
GO:0006754	ATP biosynthetic process	0.000909208520555808	9	1.44591285083623	0.176692557268405	0.362834716495987	14862	5	29	1.46046530809429	0.252915441275544	0.311825918677646
GO:0001655	urogenital system development	0.000790261836667308	8	1.47870684312882	0.179483261353684	0.367552062968727	25726	4	15	2.2588530098525	0.091389644457767	0.142395439047276
GO:0006654	phosphatidic acid biosynthetic process	0.00091301721091957	9	1.43988116350771	0.179589259459068	0.367552062968727	19038	4	17	1.99310559692867	0.1322031561528	0.1847483736185
GO:0046473	phosphatidic acid metabolic process	0.00091301721091957	9	1.43988116350771	0.179589259459068	0.367552062968727	19038	4	17	1.99310559692867	0.1322031561528	0.1847483736185
GO:0032869	cellular response to insulin stimulus	0.00337886536844587	28	1.21045946023693	0.179597576861941	0.367552062968727	39059	16	63	2.1512885808119	0.00219396300411336	0.00762768382852187
GO:0022618	protein-RNA complex assembly	0.00580982169803114	46	1.15653327541914	0.179906098883204	0.367776618382329	45599	31	125	2.10073329916282	4.25458013078803e-05	0.000270126754235597
GO:0045596	negative regulation of cell differentiation	0.00649276861050733	51	1.14736964398501	0.180011375016402	0.367776618382329	33588	26	116	1.89860490052257	0.000904036277062063	0.00370654873595446
GO:0019319	hexose biosynthetic process	0.000914178868382819	9	1.43805149017175	0.180476999098533	0.368416760185107	7004	6	27	1.88237750821041	0.0907675445971834	0.142395439047276
GO:0048854	brain morphogenesis	0.00245475546763213	21	1.24960905598292	0.181023645533125	0.369221078030885	20261	7	35	1.69413975738937	0.11145087244922	0.163691354252982
GO:0060349	bone morphogenesis	0.00258779596241908	22	1.2418117222003	0.181645217310509	0.370176731823185	27387	13	44	2.50270645977976	0.00127313924542057	0.00484995879475963
GO:0006909	phagocytosis	0.00351889996607008	29	1.20379956496775	0.182073785075434	0.370737782910332	22549	16	67	2.02285344165895	0.00426532399725337	0.0131604830986682
GO:0042403	thyroid hormone metabolic process	0.000554299042820617	6	1.58113964052298	0.183616847603823	0.37356531064226	27700	4	10	3.38827951477875	0.0226374512719993	0.0476271036563085
GO:0042663	regulation of endodermal cell fate specification	0.00129486085236892	12	1.3536963260635	0.183927651719695	0.373883184462136	28850	7	20	2.9647445754314	0.00609951312658721	0.0174405700392606
GO:0016241	regulation of macroautophagy	0.00104378339712577	10	1.3994349653402	0.184482912189055	0.374697031557788	17850	7	31	1.9127384357622	0.06557786729501	0.109477474800986
GO:0000045	autophagosome assembly	0.00246338265517411	21	1.24523271126137	0.184988178618047	0.375392742089366	13654	13	72	1.52943172542096	0.0775267267657431	0.125785289126688
GO:0001714	endodermal cell fate specification	0.00181027301472488	16	1.29103795531206	0.185220964611971	0.375392742089366	35401	10	25	3.38827951477875	0.000315960684225151	0.0014754997975688
GO:0031401	positive regulation of protein modification process	0.00142431145977241	13	1.33321898367413	0.185291002089584	0.375392742089366	11267	7	47	1.26159343635379	0.316720118503831	0.372820421732734
GO:0098719	sodium ion import across plasma membrane	0.000439100309036363	5	1.66329532468902	0.185722783866183	0.375952647842926	3607	3	11	2.31019057825824	0.131674676161841	0.1847483736185
GO:0048259	regulation of receptor-mediated endocytosis	0.00104922448196403	10	1.3921777534633	0.188432701459216	0.381119318419601	63512	4	21	1.61346643560893	0.230423433081552	0.287316641558905
GO:0044283	small molecule biosynthetic process	0.012339683970887	93	1.10088515770082	0.188721208931227	0.38138396357948	27490	56	318	1.49169538386486	0.00147849090036648	0.00546860777979589
GO:1901873	regulation of post-translational protein modification	0.00156042693019738	14	1.3105322238911	0.190052558002032	0.383433809680496	13167	8	41	1.65281927550183	0.103651435912242	0.157807715831767
GO:1903320	regulation of protein modification by small protein conjugation or removal	0.00156042693019738	14	1.3105322238911	0.190052558002032	0.383433809680496	13167	8	41	1.65281927550183	0.103651435912242	0.157807715831767
GO:0071478	cellular response to radiation	0.00314034665208794	26	1.20936908386891	0.190961845515701	0.3849472535854	35356	15	66	1.9251588152152	0.00895699796838943	0.0231548610165014
GO:0090068	positive regulation of cell cycle process	0.0024771955423723	21	1.23828927111628	0.191426989545878	0.385563603423379	48475	11	44	2.11767469673672	0.0115574965173842	0.0286744452056947
GO:0010821	regulation of mitochondrion organization	0.00130669208860039	12	1.34143949742035	0.191618437821614	0.385628120707557	21394	9	36	2.11767469673672	0.021368559878932	0.0461935177364937
GO:0051145	smooth muscle cell differentiation	0.00105518047854774	10	1.38431956606112	0.192799192240867	0.387681833774445	3627	6	17	2.98965839539301	0.0105090011967078	0.0266749988403319
GO:0007219	Notch signaling pathway	0.00708934218372108	55	1.13323467732089	0.193222419029407	0.388210159162904	58019	26	122	1.80523088902146	0.00195211020195228	0.00693414769239731
GO:0071786	endoplasmic reticulum tubular network organization	0.000684835382362964	7	1.49305207332824	0.193754628500375	0.388956387006147	64114	3	15	1.69413975738937	0.257195234981325	0.313228819434782
GO:0033002	muscle cell proliferation	0.0015676639940727	14	1.30448219949121	0.194383165198876	0.389894590892273	55404	10	34	2.49138199616084	0.00467907532057088	0.0143456060842344
GO:0010631	epithelial cell migration	0.00118523089601396	11	1.35566638180042	0.195484052001081	0.391507950474835	18392	4	12	2.82356626231562	0.0440347338350109	0.0791382029323115
GO:0046364	monosaccharide biosynthetic process	0.000933592283600501	9	1.40814818958378	0.195598600342242	0.391507950474835	7004	6	28	1.81514974006004	0.104544299805727	0.157807715831767
GO:0014013	regulation of gliogenesis	0.000687015129403334	7	1.48831494935721	0.195784488941607	0.391507950474835	36657	2	15	1.12942650492625	0.543064537433774	0.577692663171635
GO:0051248	negative regulation of protein metabolic process	0.00723650340838513	56	1.13037452462555	0.195834898749298	0.391507950474835	23596	34	168	1.71430808783448	0.00115411174705358	0.0045174697671887
GO:0033260	nuclear DNA replication	0.000566500242450958	6	1.54708528546393	0.196095665197307	0.391553895699141	2090	5	16	2.6470933709209	0.0326799335044855	0.0629661435519853
GO:0002753	cytoplasmic pattern recognition receptor signaling pathway	0.00157064716909122	14	1.30200455919986	0.196181612892666	0.391553895699141	57778	12	28	3.63029948012008	3.53560077516404e-05	0.000233678094948683
GO:0060350	endochondral bone morphogenesis	0.00131508045648563	12	1.33288299584307	0.197159127481949	0.393180485885271	30063	6	20	2.54120963608406	0.0241589181340045	0.0500346087039015
GO:0061982	meiosis I cell cycle process	0.00222600074799145	19	1.24678451642258	0.197588837944072	0.393399699869354	20977	13	65	1.69413975738937	0.0386381575523571	0.072510242916332
GO:0008203	cholesterol metabolic process	0.00288895169094277	24	1.21348403582563	0.197594309773157	0.393399699869354	38245	13	77	1.430117977017	0.116831728336761	0.170250572799171
GO:0032388	positive regulation of intracellular transport	0.000449472398578997	5	1.62491288319081	0.197816356496388	0.393517899971022	24656	3	15	1.69413975738937	0.257195234981325	0.313228819434782
GO:0001711	endodermal cell fate commitment	0.00183388302969096	16	1.27441670687189	0.198247001831826	0.393858689616685	35401	10	26	3.25796107190264	0.000459330264545733	0.0020500367341995
GO:0030490	maturation of SSU-rRNA	0.00131681431480274	12	1.33112797978493	0.198313304651973	0.393858689616685	34928	7	42	1.41178313115781	0.221692643391954	0.282249739139545
GO:0046548	retinal rod cell development	0.00119072167742819	11	1.34941498996454	0.199336820327187	0.395566668065189	34202	5	13	3.25796107190264	0.0130043913120447	0.0314891116955316
GO:0006900	vesicle budding from membrane	0.00183614974573927	16	1.2728434469521	0.199519875343137	0.395605392176269	7978	10	52	1.62898053595132	0.0804375597436285	0.129030807042332
GO:1905037	autophagosome organization	0.00249477777681161	21	1.22956228450015	0.199782390104442	0.395801475563182	13654	13	73	1.50848060589465	0.0846013792136651	0.134697444615755
GO:0006414	translational elongation	0.00236376793933712	20	1.23591403189012	0.200472084670367	0.396842858279556	35387	14	58	2.044651431332	0.00655975447720069	0.0183870754117595
GO:0043525	positive regulation of neuron apoptotic process	0.0010669765130379	10	1.36901512294816	0.201576443130373	0.398702711310198	24355	6	27	1.88237750821041	0.0907675445971834	0.142395439047276
GO:0006465	signal peptide processing	0.000453559251722134	5	1.61027139963871	0.202654231419561	0.400414789810109	105780	2	10	1.69413975738937	0.334163916288144	0.388813137807128
GO:0030048	actin filament-based movement	0.00210433248633848	18	1.24945681587503	0.202773095294495	0.400414789810109	10655	8	39	1.73757923834807	0.0821046028306323	0.131443437622303
GO:0016074	sno(s)RNA metabolic process	0.000454461382621996	5	1.60707492213297	0.203727469582148	0.40170730962292	9578	3	12	2.11767469673672	0.160887990270784	0.217180830616645
GO:0045445	myoblast differentiation	0.00106987617019958	10	1.36530471737387	0.203759763913734	0.40170730962292	19893	6	18	2.82356626231562	0.0142150417894839	0.0335802598523063
GO:0006706	steroid catabolic process	0.000695782433680337	7	1.46956122780663	0.204032642078132	0.401917720836321	114742	1	12	0.705891565578905	0.778575103248516	0.79280744649145
GO:0006903	vesicle targeting	0.00119763088194817	11	1.34163013380516	0.204231744059415	0.401982578421256	9911	7	23	2.5780387612447	0.0140521520718862	0.0332930028030291
GO:0055086	nucleobase-containing small molecule metabolic process	0.0183161375979082	135	1.07662132117164	0.204476459425735	0.402069509695729	37577	87	436	1.69025411574398	6.43939836994351e-07	7.21152993374692e-06
GO:0006400	tRNA modification	0.00250476885927182	21	1.22465777679321	0.204608336682696	0.402069509695729	17752	12	68	1.49482919769651	0.10005067639628	0.154056388416678
GO:1903224	regulation of endodermal cell differentiation	0.00158473062653634	14	1.29043368053077	0.204775264412589	0.402070912836082	33503	8	23	2.94633001285108	0.0035676655083184	0.0114005057656832
GO:0001710	mesodermal cell fate commitment	0.000574990764409029	6	1.52424046359841	0.204960977284039	0.402109026945951	14905	3	13	1.95477664314158	0.191806588198454	0.249317644735121
GO:0090114	COPII-coated vesicle budding	0.000820497371532222	8	1.42421612339999	0.20512713487032	0.402109026945951	1228	3	19	1.33747875583372	0.39269356081143	0.443269119740013
GO:0006457	protein folding	0.00534546586517998	42	1.14769591273909	0.205341850097131	0.402203996263125	22471	27	152	1.50466360031293	0.0197020280357024	0.0432871987451081
GO:0035675	neuromast hair cell development	0.00171741772344974	15	1.27578773838896	0.206317783335004	0.403530747200437	10664	8	29	2.33674449295086	0.0164098778853405	0.0376617595869437
GO:0043457	regulation of cellular respiration	0.00045668944577789	5	1.59923444222727	0.206386229195959	0.403530747200437	17647	3	11	2.31019057825824	0.131674676161841	0.1847483736185
GO:0031396	regulation of protein ubiquitination	0.00145795121009112	13	1.30245721783413	0.206519663098033	0.403530747200437	13845	7	35	1.69413975738937	0.11145087244922	0.163691354252982
GO:2000243	positive regulation of reproductive process	0.00094767712150607	9	1.38721960689753	0.206894217614741	0.40393632962878	62530	4	27	1.25491833880694	0.397121741176009	0.446392886572847
GO:0006851	mitochondrial calcium ion transmembrane transport	0.00057766057490686	6	1.51719578482388	0.207778032242058	0.405334725801241	4308	2	13	1.30318442876106	0.464817985645328	0.507398333608325
GO:0001845	phagolysosome assembly	0.000700476689418638	7	1.45971293973278	0.208502623640784	0.406249593818778	8198	6	15	3.38827951477875	0.0052312692144698	0.0155651171338283
GO:0009583	detection of light stimulus	0.00345109243931299	28	1.18512604980133	0.208582883639075	0.406249593818778	35605	17	60	2.40003132296828	0.000421172327455924	0.00189723623857706
GO:0042246	tissue regeneration	0.0104779536028984	79	1.1013205055637	0.208859920342442	0.406461904511961	44901	44	163	2.28656899770345	9.35261132511928e-08	1.33082157620374e-06
GO:0006338	chromatin remodeling	0.0107596303443334	81	1.09964061747569	0.20946873070659	0.407319018954375	45166	45	275	1.38611434695494	0.0148663160678877	0.0347455251866864
GO:0048589	developmental growth	0.0252886320878452	184	1.06280989729843	0.210963614202076	0.40989637169062	48338	103	383	2.27802082259929	5.01264717090839e-16	4.66368981016438e-14
GO:0003260	cardioblast migration	0.00133634575938834	12	1.31167279598174	0.211520478185349	0.410319195453375	103820	3	14	1.81514974006004	0.224034116876614	0.283440653098603
GO:0060975	cardioblast migration to the midline involved in heart field formation	0.00133634575938834	12	1.31167279598174	0.211520478185349	0.410319195453375	103820	3	14	1.81514974006004	0.224034116876614	0.283440653098603
GO:0009123	nucleoside monophosphate metabolic process	0.00238866523366682	20	1.22303197751747	0.212971208493895	0.412802366463728	32006	14	56	2.11767469673672	0.00470281342629044	0.0143819287967087
GO:0048898	anterior lateral line system development	0.00108254810684117	10	1.34932292888272	0.213416690649552	0.413334647462984	26058	4	13	2.60636885752211	0.0578259971785515	0.0981621664385375
GO:0072176	nephric duct development	0.0013411304352857	12	1.30699321445333	0.214812069473798	0.415704316845693	41165	7	19	3.120783763612	0.00440858963117717	0.0135334750226111
GO:0046631	alpha-beta T cell activation	0.000832710305076333	8	1.40332787839869	0.215876526018638	0.41739904233942	59936	3	21	1.21009982670669	0.458534849531549	0.502808613334913
GO:0048821	erythrocyte development	0.00226175122232835	19	1.22707715983181	0.216077511298803	0.41739904233942	21122	13	61	1.80523088902146	0.0240277068896583	0.0500346087039015
GO:0051301	cell division	0.017816438526551	131	1.07402281539228	0.216205456821535	0.41739904233942	47827	68	370	1.5567770743578	0.000144321553164373	0.000765600519966269
GO:0065002	intracellular protein transmembrane transport	0.00108689172562681	10	1.34393053856122	0.216769073975738	0.418153421010614	78070	5	23	1.84145625803193	0.126731089827441	0.181828295547201
GO:0048918	posterior lateral line nerve development	0.000962724140340795	9	1.36553788242608	0.219245225885923	0.422251072408539	29468	4	15	2.2588530098525	0.091389644457767	0.142395439047276
GO:0002221	pattern recognition receptor signaling pathway	0.00253474624803379	21	1.21017425904315	0.219416948333003	0.422251072408539	49799	16	61	2.2218226326418	0.00152620065045225	0.00561075892620666
GO:0002758	innate immune response-activating signaling pathway	0.00253474624803379	21	1.21017425904315	0.219416948333003	0.422251072408539	49799	16	61	2.2218226326418	0.00152620065045225	0.00561075892620666
GO:0048799	animal organ maturation	0.000964423487146808	9	1.36313175848788	0.220657753497599	0.424301355890852	34724	3	12	2.11767469673672	0.160887990270784	0.217180830616645
GO:0071679	commissural neuron axon guidance	0.000839043857591353	8	1.39273480780624	0.221533439067371	0.425646853934845	5556	2	12	1.41178313115781	0.422816232191963	0.4717677424688
GO:0030316	osteoclast differentiation	0.000968822324350189	9	1.35694260022672	0.22433028298823	0.430585923756212	46134	4	17	1.99310559692867	0.1322031561528	0.1847483736185
GO:0048268	clathrin coat assembly	0.000842296912626585	8	1.38735589342182	0.224460045414049	0.430585923756212	25427	5	16	2.6470933709209	0.0326799335044855	0.0629661435519853
GO:0051607	defense response to virus	0.00362501527013575	29	1.16856066323868	0.224793500675672	0.430745564796475	79289	16	84	1.61346643560893	0.0355990590852353	0.067646601671001
GO:0015986	proton motive force-driven ATP synthesis	0.000717387329852159	7	1.42530380030029	0.224899399891669	0.430745564796475	17986	4	24	1.41178313115781	0.312740497128534	0.368494526329237
GO:0060027	convergent extension involved in gastrulation	0.00595518625342791	46	1.12830259744729	0.225140445810641	0.43086609051894	107689	18	102	1.49482919769651	0.0525539526899611	0.091163764742341
GO:0043410	positive regulation of MAPK cascade	0.00887543643377713	67	1.10267668002855	0.226865907523515	0.433204805154303	22646	38	136	2.3668128963528	2.61433866417009e-07	3.25983774671518e-06
GO:0033044	regulation of chromosome organization	0.0025496566012846	21	1.20309717827537	0.226960264681353	0.433204805154303	31408	8	57	1.18887000518552	0.358148424520593	0.4099712974693
GO:0060117	auditory receptor cell development	0.00214901730066606	18	1.22347668727839	0.227038868656682	0.433204805154303	80546	4	24	1.41178313115781	0.312740497128534	0.368494526329237
GO:0090132	epithelium migration	0.00148909370746745	13	1.27521798481221	0.227078831308663	0.433204805154303	25750	6	16	3.17651204510507	0.00754307160421367	0.0205944584769671
GO:0001508	action potential	0.00652213790644391	50	1.11980688167923	0.229679401037212	0.437820702213566	58157	23	87	2.23938013907791	0.000142130798597883	0.000755636047930285
GO:0002040	sprouting angiogenesis	0.00972658071738645	73	1.09629080143743	0.230378972914993	0.437862523186818	39338	40	152	2.22913125972286	7.18585099192164e-07	8.01040255735413e-06
GO:0032008	positive regulation of TOR signaling	0.00110428897836668	10	1.32275791101334	0.230403009062012	0.437862523186818	710	6	30	1.69413975738937	0.135102174789594	0.188399203543715
GO:1902807	negative regulation of cell cycle G1/S phase transition	0.00123347867874635	11	1.30263920089026	0.230425379089218	0.437862523186818	23639	3	12	2.11767469673672	0.160887990270784	0.217180830616645
GO:2000134	negative regulation of G1/S transition of mitotic cell cycle	0.00123347867874635	11	1.30263920089026	0.230425379089218	0.437862523186818	23639	3	12	2.11767469673672	0.160887990270784	0.217180830616645
GO:0051668	localization within membrane	0.0177525735948207	130	1.06965847328592	0.23085659591072	0.438337602439585	58321	81	328	2.091849395557	6.90903094962876e-11	2.25850619826378e-09
GO:0006406	mRNA export from nucleus	0.00110557763819074	10	1.32121610615225	0.231425670786597	0.439073488339433	7690	9	36	2.11767469673672	0.021368559878932	0.0461935177364937
GO:0051276	chromosome organization	0.00945180144655772	71	1.09725322015208	0.231648721200003	0.43915223870126	31472	40	246	1.37734939625152	0.0226420707750123	0.0476271036563085
GO:0140014	mitotic nuclear division	0.00473721566730444	37	1.14088448017377	0.232510901245807	0.440293626876516	24837	18	116	1.31441877728486	0.137448709102363	0.191305194084359
GO:0044272	sulfur compound biosynthetic process	0.00296532911613343	24	1.18222855539275	0.232777131552327	0.440293626876516	53417	15	73	1.74055454526305	0.0221042596540886	0.0473187646931331
GO:0071826	protein-RNA complex organization	0.00597826203020234	46	1.12394740880866	0.232796837029791	0.440293626876516	45599	31	129	2.03559428213452	8.0633158290983e-05	0.000465516968749136
GO:0050818	regulation of coagulation	0.000601204327771652	6	1.45778090546365	0.23318469553162	0.440368437643644	21295	4	22	1.54012705217216	0.25735050411413	0.313228819434782
GO:0051093	negative regulation of developmental process	0.0107178182681888	80	1.09030173539318	0.233200483101078	0.440368437643644	32569	44	180	2.07061525903146	1.84034304909073e-06	1.75267316368129e-05
GO:0006739	NADP+ metabolic process	0.000981663367396117	9	1.33919256603059	0.235180441741635	0.443534389004059	32404	3	20	1.27060481804203	0.425947504324407	0.473514252279752
GO:0018958	phenol-containing compound metabolic process	0.00229736503108135	19	1.20805497976718	0.23524374580083	0.443534389004059	21257	11	42	2.21851634896227	0.00804201013993732	0.0217116322862817
GO:0003181	atrioventricular valve morphogenesis	0.00163332352437962	14	1.25204207526973	0.235665228742987	0.443911308672724	38845	4	20	1.69413975738937	0.20425454757123	0.262814760944045
GO:0007600	sensory perception	0.0163633762171207	120	1.07120215006807	0.235810678645907	0.443911308672724	53093	59	443	1.12815175717802	0.178633258727407	0.237046775244295
GO:0035278	miRNA-mediated gene silencing by inhibition of translation	0.000481410041170811	5	1.51711312317756	0.236601450251759	0.445053583327375	4869	4	10	3.38827951477875	0.0226374512719993	0.0476271036563085
GO:0007179	transforming growth factor beta receptor signaling pathway	0.00351815451743056	28	1.16253550827248	0.237406671576724	0.446221242070003	38063	17	58	2.48279102376029	0.000270644186116125	0.00130937657242981
GO:0001935	endothelial cell proliferation	0.00243702414346491	20	1.19876283219958	0.238235820020874	0.447432025334234	91384	8	42	1.61346643560893	0.115492745583505	0.168502383333232
GO:0001889	liver development	0.00947766851434901	71	1.09425852547723	0.238545045369036	0.447665217026919	26222	35	166	1.78599070809121	0.000453318161509564	0.00202694386819156
GO:0010639	negative regulation of organelle organization	0.00571954648732501	44	1.12370984934422	0.238862936787733	0.447914297743818	28008	22	115	1.6204815070681	0.0149856060837905	0.034889490968902
GO:0051289	protein homotetramerization	0.000732134098540411	7	1.39659509038579	0.239548124010092	0.448851209899623	11767	4	17	1.99310559692867	0.1322031561528	0.1847483736185
GO:0006413	translational initiation	0.00420848620304953	33	1.14538406653182	0.240375246256815	0.450052415398789	32142	20	97	1.74653583236018	0.00886147313878465	0.0229998964836052
GO:0007169	cell surface receptor protein tyrosine kinase signaling pathway	0.0284800454228913	205	1.051420132589	0.242562489272912	0.4537963353064	75282	93	376	2.09514624251611	2.56543867993516e-12	1.12832657577512e-10
GO:0001666	response to hypoxia	0.00366951993437545	29	1.15438812816837	0.243997816558974	0.456128839456072	23094	21	82	2.16932529909615	0.000433803879695086	0.00195050480480002
GO:0006986	response to unfolded protein	0.00218167416314897	18	1.20516281135578	0.245530323755455	0.458639268852854	26251	9	62	1.22961756584713	0.307159257675971	0.363511861212414
GO:0061008	hepaticobiliary system development	0.00992662185980123	74	1.08891341090571	0.24617879456519	0.459495759300305	25219	38	172	1.87143345293012	9.66228489083128e-05	0.000549954521198138
GO:0006399	tRNA metabolic process	0.00560404543270362	43	1.12080462208906	0.246906469552377	0.460233416105723	29028	24	169	1.20293947270251	0.195842125400641	0.254426477628438
GO:0048841	regulation of axon extension involved in axon guidance	0.000995358915456603	9	1.32076607095881	0.246954515959168	0.460233416105723	124761	4	9	3.76475501642083	0.0149628788972183	0.0348701387787776
GO:1903706	regulation of hemopoiesis	0.00408793887527673	32	1.14342765036025	0.24723648550753	0.460404202034422	45086	16	80	1.69413975738937	0.0235248397504612	0.0493124673798662
GO:0002218	activation of innate immune response	0.00286245030157767	23	1.17368886969352	0.24875142009924	0.462868988630816	49614	17	66	2.18184665724389	0.00137205797875603	0.00512984273664736
GO:0036293	response to decreased oxygen levels	0.00368173148745912	29	1.1505592579875	0.249389545259346	0.463699700217031	23094	21	83	2.14318884970945	0.000516892124856058	0.00227752650278106
GO:0070654	sensory epithelium regeneration	0.0012592146027955	11	1.27601576159474	0.249989185687321	0.464101182024275	30061	7	20	2.9647445754314	0.00609951312658721	0.0174405700392606
GO:1990399	epithelium regeneration	0.0012592146027955	11	1.27601576159474	0.249989185687321	0.464101182024275	30061	7	20	2.9647445754314	0.00609951312658721	0.0174405700392606
GO:0006766	vitamin metabolic process	0.0013911949039618	12	1.259958883995	0.250477923873394	0.464651915528942	25929	5	24	1.76472891394726	0.14539348340424	0.200631395524733
GO:0006497	protein lipidation	0.000743881126684823	7	1.37454070394608	0.251429525346828	0.466059786830633	9382	6	21	2.42019965341339	0.0305304164425599	0.0600431523370345
GO:0043085	positive regulation of catalytic activity	0.00368818721072339	29	1.14854534390334	0.252260389045791	0.467241869143774	82220	12	65	1.56382131451327	0.0764910453822982	0.124349354018669
GO:0009259	ribonucleotide metabolic process	0.00869290781254926	65	1.092223176514	0.25403857722988	0.47017545395492	39576	39	205	1.61149879361428	0.0017813387920047	0.00638033127818068
GO:0008033	tRNA processing	0.00355848397905873	28	1.14936011351219	0.255550228889838	0.472611623612016	14542	18	109	1.39883099233985	0.0885318066449189	0.14024783253049
GO:0042594	response to starvation	0.00383353658105528	30	1.1431013775097	0.255888586896591	0.472875853096145	32995	17	78	1.84617794074483	0.00868207866803044	0.0228779393224026
GO:0007040	lysosome organization	0.00126750840914036	11	1.26766628829472	0.256416642226827	0.473128800569561	6157	9	34	2.24224379654476	0.0147668409831798	0.0345798531832643
GO:0080171	lytic vacuole organization	0.00126750840914036	11	1.26766628829472	0.256416642226827	0.473128800569561	6157	9	34	2.24224379654476	0.0147668409831798	0.0345798531832643
GO:0071248	cellular response to metal ion	0.00100757530015182	9	1.30475239296095	0.257621150601854	0.474988996422168	24468	7	20	2.9647445754314	0.00609951312658721	0.0174405700392606
GO:1903708	positive regulation of hemopoiesis	0.000750325116035327	7	1.36273578702571	0.258021174573481	0.47536422032997	46976	5	14	3.02524956676674	0.0182935325119236	0.0405610038004978
GO:0035384	thioester biosynthetic process	0.00166877996064205	14	1.22544003600351	0.259306729613125	0.476839719259528	84095	7	33	1.79681489420085	0.0867949832389124	0.137586542893138
GO:0071616	acyl-CoA biosynthetic process	0.00166877996064205	14	1.22544003600351	0.259306729613125	0.476839719259528	84095	7	33	1.79681489420085	0.0867949832389124	0.137586542893138
GO:0072521	purine-containing compound metabolic process	0.0142096004693057	104	1.06909076349335	0.259413423127548	0.476839719259528	39148	66	351	1.59278096848574	8.99979578010248e-05	0.000514669172389312
GO:0045787	positive regulation of cell cycle	0.00261303768162944	21	1.17391520380367	0.260247984263473	0.478010534497602	48475	11	50	1.86355373312831	0.0291717802807697	0.0581760800531092
GO:0016114	terpenoid biosynthetic process	0.000626756650581813	6	1.39834844750997	0.261768493955486	0.480438533291594	10073	4	15	2.2588530098525	0.091389644457767	0.142395439047276
GO:0016052	carbohydrate catabolic process	0.00371137273410308	29	1.14137020229629	0.262684451302689	0.481700491027992	19802	16	99	1.36900182415303	0.119609193711301	0.17346201414127
GO:0022411	cellular component disassembly	0.00830279245212214	62	1.09076354030714	0.263039632929404	0.481700491027992	33523	37	175	1.79094774352591	0.000300037722612517	0.0014038515493224
GO:0006937	regulation of muscle contraction	0.00221171091171001	18	1.1887957662107	0.263053471950383	0.481700491027992	7969	10	41	2.06602409437728	0.0186070497901804	0.0411806527378283
GO:0090594	inflammatory response to wounding	0.00101490761579775	9	1.29532606071547	0.264093036621767	0.483238317388846	171418	4	17	1.99310559692867	0.1322031561528	0.1847483736185
GO:0008333	endosome to lysosome transport	0.00114634539600974	10	1.27422937908931	0.264609391299572	0.483779914099292	17190	8	26	2.60636885752211	0.00823144948814482	0.0219052544684514
GO:0070936	protein K48-linked ubiquitination	0.00127820559711745	11	1.25705730284771	0.264789006311477	0.483779914099292	37142	7	27	2.19610709291215	0.0334947419809207	0.0638988807979867
GO:0007346	regulation of mitotic cell cycle	0.0100031628695545	74	1.08058139301383	0.266986438132268	0.487426561390156	27395	40	235	1.44182107011862	0.0112146703441771	0.0279097608668358
GO:0002761	regulation of myeloid leukocyte differentiation	0.00168082378778183	14	1.21665922978749	0.267526664894853	0.488044496516328	44317	7	30	1.97649638362094	0.0562760361220469	0.0964789024657913
GO:0007189	adenylate cyclase-activating G protein-coupled receptor signaling pathway	0.00775953295146862	58	1.09183124160029	0.268470745233819	0.489397688561122	20066	31	128	2.05149736246369	6.89777867662475e-05	0.000404993364532895
GO:0071027	nuclear RNA surveillance	0.000890104328477481	8	1.31284114497266	0.2689553418176	0.489911876398173	18354	4	19	1.78330500777829	0.179034501186989	0.237046775244295
GO:0046849	bone remodeling	0.00115210743790113	10	1.26785656799547	0.269419392621981	0.490056573605477	11168	7	21	2.82356626231562	0.00823017236261636	0.0219052544684514
GO:0009435	NAD+ biosynthetic process	0.000507301957250086	5	1.43968198949732	0.269439951589617	0.490056573605477	22568	4	16	2.11767469673672	0.110959548108861	0.163366492316089
GO:0009648	photoperiodism	0.000891082384701738	8	1.31140016434579	0.269891671957149	0.490509357223398	40631	5	22	1.9251588152152	0.109251613434954	0.162834043684013
GO:0003323	type B pancreatic cell development	0.00128648145747655	11	1.24897072636323	0.271327048468476	0.492747845529462	16404	3	24	1.05883734836836	0.550886808299361	0.584471574243927
GO:0003170	heart valve development	0.00359313905803368	28	1.13827477424168	0.271584927504927	0.492846166267381	34247	14	42	2.82356626231562	0.000209961182507867	0.0010472084546114
GO:0006119	oxidative phosphorylation	0.00290938043481668	23	1.15475653125585	0.272847240794104	0.494390965946748	51824	13	67	1.6435684213479	0.0479174919965452	0.0844842661367659
GO:1990868	response to chemokine	0.000510100840799389	5	1.43178256664924	0.273049330510482	0.494390965946748	18523	4	12	2.82356626231562	0.0440347338350109	0.0791382029323115
GO:1990869	cellular response to chemokine	0.000510100840799389	5	1.43178256664924	0.273049330510482	0.494390965946748	18523	4	12	2.82356626231562	0.0440347338350109	0.0791382029323115
GO:0042491	inner ear auditory receptor cell differentiation	0.00263733378543597	21	1.16310065851965	0.273491050936734	0.494820383108422	71396	7	32	1.85296535964463	0.0757512485847056	0.123478618818331
GO:0008300	isoprenoid catabolic process	0.000637286112615012	6	1.37524444979876	0.27380417034673	0.495016657749432	23466	2	10	1.69413975738937	0.334163916288144	0.388813137807128
GO:0051865	protein autoubiquitination	0.000766384012375176	7	1.33418086887884	0.274656281098467	0.496186365927702	58735	2	12	1.41178313115781	0.422816232191963	0.4717677424688
GO:0007271	synaptic transmission, cholinergic	0.00102724064940045	9	1.27977439826658	0.275089205048874	0.496597602248677	31724	8	22	3.08025410434431	0.00259221018545182	0.00879460931081058
GO:0009165	nucleotide biosynthetic process	0.0063819162564296	48	1.09863452178603	0.275992555569493	0.497856817242807	33774	30	154	1.65013612732731	0.00393140709212757	0.0122869169972307
GO:0050688	regulation of defense response to virus	0.000639409951007417	6	1.37067649311178	0.276247773861535	0.497945875537298	37664	3	11	2.31019057825824	0.131674676161841	0.1847483736185
GO:0006275	regulation of DNA replication	0.00116184175471884	10	1.25723402197131	0.277605964889786	0.50002146617155	60460	4	22	1.54012705217216	0.25735050411413	0.313228819434782
GO:1903225	negative regulation of endodermal cell differentiation	0.00103478072434314	9	1.27044914254268	0.281876101007844	0.507335035965755	35048	5	13	3.25796107190264	0.0130043913120447	0.0314891116955316
GO:0072659	protein localization to plasma membrane	0.00584156538593064	44	1.10023774399049	0.282825806680183	0.508086324959581	84378	21	103	1.72703567500858	0.00848250769956272	0.0224498754105495
GO:0061041	regulation of wound healing	0.000645106421027738	6	1.35857303654081	0.282826581501429	0.508086324959581	21295	4	21	1.61346643560893	0.230423433081552	0.287316641558905
GO:0045047	protein targeting to ER	0.000904599163134785	8	1.29180484944732	0.282923637751367	0.508086324959581	18946	5	26	1.62898053595132	0.185884881515551	0.244910418510957
GO:0007369	gastrulation	0.0172994705852752	125	1.05545641915676	0.283446128538612	0.508647021465061	54462	70	300	1.97649638362094	1.61081180272963e-08	2.8235896744949e-07
GO:0006984	ER-nucleus signaling pathway	0.000519207048115285	5	1.40667098750077	0.284860182432499	0.510805619943821	3168	3	17	1.49482919769651	0.324957383908844	0.380664364007503
GO:0050890	cognition	0.00265892832815446	21	1.15365451189344	0.28546392431332	0.51150906141772	41502	8	28	2.42019965341339	0.0132206414261124	0.031789991659807
GO:0000466	maturation of 5.8S rRNA from tricistronic rRNA transcript (SSU-rRNA, 5.8S rRNA, LSU-rRNA)	0.000648186228277304	6	1.35211788074688	0.286397761338037	0.512802505312147	60346	1	20	0.423534939347343	0.918975397770036	0.923173375085431
GO:0009084	glutamine family amino acid biosynthetic process	0.000779380357221004	7	1.31193309922695	0.288315007285247	0.515853552235956	25177	4	19	1.78330500777829	0.179034501186989	0.237046775244295
GO:0038202	TORC1 signaling	0.00239810344171939	19	1.1573075697481	0.292980761419604	0.523814088598686	16124	12	59	1.72285399056546	0.0408284940636981	0.0754201849989578
GO:0042659	regulation of cell fate specification	0.00185354699847915	15	1.18209059444775	0.293455496535964	0.524275366411002	29310	9	29	2.62883755456972	0.00484889572063857	0.0146618484352809
GO:0008299	isoprenoid biosynthetic process	0.00091651805860442	8	1.27500552201107	0.294547119674399	0.525837256451935	11614	6	27	1.88237750821041	0.0907675445971834	0.142395439047276
GO:0006541	glutamine metabolic process	0.00118302837137627	10	1.23471847127392	0.295667402260911	0.526904049485181	36837	7	22	2.69522234130128	0.0108612213786265	0.0271893814164343
GO:0007212	G protein-coupled dopamine receptor signaling pathway	0.00145123734072391	12	1.20783026278864	0.295787428324067	0.526904049485181	26000	7	28	2.11767469673672	0.0402527754991901	0.0753066233043627
GO:0003179	heart valve morphogenesis	0.00199299490041485	16	1.172672931075	0.295798139396807	0.526904049485181	38296	6	25	2.03296770886725	0.0663852958733439	0.110216905091022
GO:0008286	insulin receptor signaling pathway	0.00267782890231737	21	1.1455118211332	0.296088666481315	0.527033468887638	51007	11	41	2.27262650381501	0.00662922774661152	0.0184747717961443
GO:0034067	protein localization to Golgi apparatus	0.000788905534281517	7	1.29609293266878	0.298423694805687	0.530670583906867	119907	2	15	1.12942650492625	0.543064537433774	0.577692663171635
GO:0042664	negative regulation of endodermal cell fate specification	0.000789043580325873	7	1.29586617649595	0.298570758452768	0.530670583906867	27512	4	11	3.08025410434431	0.0323074438717932	0.0629661435519853
GO:0009147	pyrimidine nucleoside triphosphate metabolic process	0.000921748623225041	8	1.26777036200487	0.299683668799359	0.5316813717177	15655	5	23	1.84145625803193	0.126731089827441	0.181828295547201
GO:0048919	posterior lateral line neuromast development	0.0026844702975113	21	1.14267781819768	0.2998525197248	0.5316813717177	40262	9	38	2.00621813375057	0.0298567804316571	0.0591996326755561
GO:0035844	cloaca development	0.000659856640867099	6	1.32820393859482	0.300013849020639	0.5316813717177	26120	3	12	2.11767469673672	0.160887990270784	0.217180830616645
GO:0009948	anterior/posterior axis specification	0.00199940023687293	16	1.16891612213785	0.300018632655916	0.5316813717177	40482	8	45	1.50590200656833	0.155077992396083	0.211105044235298
GO:0045214	sarcomere organization	0.003934594568286	30	1.11374142125324	0.301884730183344	0.534596751327605	38399	11	62	1.50286591381315	0.108842854256823	0.162826755997065
GO:0060974	cell migration involved in heart formation	0.00146082877988571	12	1.19989994909081	0.30323557046862	0.536596082636131	103820	3	17	1.49482919769651	0.324957383908844	0.380664364007503
GO:0003171	atrioventricular valve development	0.00255593286469122	20	1.14299323144064	0.305122778645363	0.539540936800535	38376	8	28	2.42019965341339	0.0132206414261124	0.031789991659807
GO:1990778	protein localization to cell periphery	0.0060430449681276	45	1.08772670970937	0.305903369806512	0.540526115092733	82664	22	109	1.70968232397093	0.00809722011195936	0.0218363159986953
GO:0035701	hematopoietic stem cell migration	0.000666453171096616	6	1.31505742236249	0.307763209160118	0.543415476611916	46954	4	13	2.60636885752211	0.0578259971785515	0.0981621664385375
GO:0043094	metabolic compound salvage	0.00119795667061285	10	1.21933206601881	0.308573438127474	0.544448684777798	5635	8	38	1.78330500777829	0.0724171318875472	0.119006142687484
GO:0006979	response to oxidative stress	0.00353271423372871	27	1.11639622991005	0.309346665841602	0.545415149176993	21723	18	89	1.71317503556229	0.0152530872178099	0.0354643233326895
GO:0050795	regulation of behavior	0.00133413978359955	11	1.20435482109842	0.309887229983481	0.545648308161891	9645	5	30	1.41178313115781	0.276478094572734	0.335238351263881
GO:0071025	RNA surveillance	0.00093212278345834	8	1.25366057613989	0.309930043577693	0.545648308161891	18354	4	21	1.61346643560893	0.230423433081552	0.287316641558905
GO:0016125	sterol metabolic process	0.00339747673614584	26	1.11784081205357	0.311262292976638	0.547595263062173	35465	15	87	1.46046530809429	0.0846383281587218	0.134697444615755
GO:0042158	lipoprotein biosynthetic process	0.000802031642409039	7	1.27488098157116	0.312472714681866	0.549228770430154	9382	6	23	2.20974750963831	0.0463254984219991	0.0823980740314822
GO:2000779	regulation of double-strand break repair	0.00120263436082582	10	1.21458942947243	0.312644901563589	0.549228770430154	86625	4	32	1.05883734836836	0.532069523669242	0.568457584606959
GO:0000422	autophagy of mitochondrion	0.0018834098090243	15	1.1633477020087	0.313969456866492	0.55115538182877	19562	12	52	1.95477664314158	0.0162458840215445	0.0373918110828888
GO:0060028	convergent extension involved in axis elongation	0.00215888207099569	17	1.1502258057846	0.314763264263796	0.551860462832653	54120	7	38	1.560391881806	0.154512068252818	0.211105044235298
GO:2000738	positive regulation of stem cell differentiation	0.000804220362442291	7	1.2714113385794	0.314827382682539	0.551860462832653	20056	5	11	3.85031763043039	0.00571496422236015	0.0167164431123207
GO:0050932	regulation of pigment cell differentiation	0.000808228529340147	7	1.2651061555082	0.319147612872274	0.559028295103571	46776	3	11	2.31019057825824	0.131674676161841	0.1847483736185
GO:0048638	regulation of developmental growth	0.00622214590607414	46	1.0798930496737	0.3204668342922	0.560683581682468	40724	28	90	2.63532851149458	9.04595105648099e-07	9.81262583211996e-06
GO:0006661	phosphatidylinositol biosynthetic process	0.00272055208235466	21	1.12752285922854	0.320556177539005	0.560683581682468	32785	12	73	1.39244363621044	0.14789418357498	0.203965809616805
GO:0072599	establishment of protein localization to endoplasmic reticulum	0.000943882925976965	8	1.23804081373119	0.321630715281585	0.561595642562835	18946	5	27	1.56864792350868	0.207502458087907	0.265300447206473
GO:0015844	monoamine transport	0.00121305476648398	10	1.20415584072367	0.321757903886805	0.561595642562835	3687	7	21	2.82356626231562	0.00823017236261636	0.0219052544684514
GO:0045619	regulation of lymphocyte differentiation	0.00148444086554246	12	1.18081388036613	0.321774105246833	0.561595642562835	42674	5	22	1.9251588152152	0.109251613434954	0.162834043684013
GO:0034982	mitochondrial protein processing	0.000811282107841285	7	1.26034443215602	0.322445704249998	0.561748996776003	82493	2	14	1.21009982670669	0.504948630440114	0.543687634622304
GO:0031032	actomyosin structure organization	0.0109070296984239	79	1.05799520843741	0.322447112662624	0.561748996776003	32403	39	182	1.81514974006004	0.000156487294913917	0.000815824927579235
GO:0099171	presynaptic modulation of chemical synaptic transmission	0.00107905209076788	9	1.21832513481895	0.322558642629958	0.561748996776003	11369	5	12	3.52945782789453	0.00885286394535751	0.0229998964836052
GO:0048009	insulin-like growth factor receptor signaling pathway	0.00107976509858697	9	1.21752063081297	0.323223793195583	0.562502414201521	47261	5	20	2.11767469673672	0.0781543156500255	0.125785289126688
GO:0070059	intrinsic apoptotic signaling pathway in response to endoplasmic reticulum stress	0.000548951139062294	5	1.33045263798389	0.324013300821738	0.563471009840248	30660	4	14	2.42019965341339	0.0736389830452027	0.120522801073305
GO:0097324	melanocyte migration	0.00108159973051645	9	1.21545544702911	0.324936510069713	0.564527037703416	6110	3	11	2.31019057825824	0.131674676161841	0.1847483736185
GO:0006829	zinc ion transport	0.00081372414236593	7	1.25656206359151	0.325087293725035	0.564527037703416	25670	7	22	2.69522234130128	0.0108612213786265	0.0271893814164343
GO:0044786	cell cycle DNA replication	0.000682091027001181	6	1.28490795892864	0.326261997520531	0.566160525109156	2090	5	18	2.35297188526302	0.0525727374185885	0.091163764742341
GO:0033108	mitochondrial respiratory chain complex assembly	0.00162917317005608	13	1.16557227416642	0.328115454622719	0.568968662890579	8467	9	63	1.21009982670669	0.324215192808571	0.380664364007503
GO:0050767	regulation of neurogenesis	0.0103605433714836	75	1.05740615849346	0.32917451039644	0.57033174183926	47014	35	129	2.29825160886155	1.6099054658746e-06	1.56400053090388e-05
GO:0032984	protein-containing complex disassembly	0.00695269661648579	51	1.07146996626471	0.329373064633917	0.57033174183926	22115	32	145	1.86939559436069	0.000335237510056906	0.00155055360770106
GO:0009308	amine metabolic process	0.00177177818502619	14	1.15420191552979	0.332133910830671	0.574452734751648	9335	8	42	1.61346643560893	0.115492745583505	0.168502383333232
GO:0098813	nuclear chromosome segregation	0.00512331526830126	38	1.08341693641705	0.332227935476459	0.574452734751648	24629	19	125	1.28754621561592	0.149574610729744	0.206048395988183
GO:0009119	ribonucleoside metabolic process	0.000957243022149669	8	1.22076166522402	0.335018373485622	0.578863889615514	3898	5	24	1.76472891394726	0.14539348340424	0.200631395524733
GO:1903035	negative regulation of response to wounding	0.000689936183701891	6	1.2702974709996	0.335598587255834	0.579452521464571	21264	3	16	1.58825602255254	0.290941931951894	0.345163576945381
GO:0022407	regulation of cell-cell adhesion	0.00640723735211547	47	1.07149500462572	0.337184834763428	0.581776116471278	64297	19	114	1.41178313115781	0.0761783507898827	0.12400769216738
GO:0019693	ribose phosphate metabolic process	0.00896443678926364	65	1.05914020114875	0.337674927020175	0.582093466058178	39576	39	211	1.56567418336933	0.00303022906492206	0.00997295797013125
GO:0006626	protein targeting to mitochondrion	0.000825480833733447	7	1.23866581238606	0.337850031560844	0.582093466058178	82493	2	14	1.21009982670669	0.504948630440114	0.543687634622304
GO:2000736	regulation of stem cell differentiation	0.00247311490130116	19	1.12220554923697	0.338655094008152	0.583065247263857	20286	12	38	2.67495751166743	0.00101557496979007	0.00408085689688069
GO:0060840	artery development	0.00219608340925877	17	1.13074114545725	0.339080591734654	0.583382611241912	35020	5	39	1.08598702396755	0.494672901822561	0.53467995956603
GO:0007043	cell-cell junction assembly	0.00570612081928124	42	1.0751558754983	0.339746097643762	0.584112160767775	73092	25	90	2.35297188526302	3.04840911191013e-05	0.000203143295914893
GO:0070918	regulatory ncRNA processing	0.00123462929252605	10	1.18311382292799	0.34079313690245	0.585496163470899	26716	8	39	1.73757923834807	0.0821046028306323	0.131443437622303
GO:0002833	positive regulation of response to biotic stimulus	0.00373590696733612	28	1.09477553532833	0.341254521499235	0.585872737761994	41327	20	82	2.06602409437728	0.00113886454671595	0.00449414900245658
GO:0031929	TOR signaling	0.00430017776617074	32	1.08699281684263	0.342130755209341	0.586960494220848	20793	20	100	1.69413975738937	0.0123679286520791	0.0304354215761743
GO:0030178	negative regulation of Wnt signaling pathway	0.00642159414072841	47	1.06909945813927	0.342695748255359	0.58751312192042	54666	29	93	2.64140069700494	5.51566747359638e-07	6.3954311396577e-06
GO:0040007	growth	0.0266306301425197	188	1.0311919439385	0.344809422853264	0.590718125978786	48364	107	407	2.22694046733001	7.49633825158862e-16	6.71616378910847e-14
GO:0009612	response to mechanical stimulus	0.00360332616587688	27	1.09451897228531	0.345261917626566	0.591074719560271	143258	10	61	1.38863914540113	0.17785775163989	0.237046775244295
GO:0030388	fructose 1,6-bisphosphate metabolic process	0.00056554151267291	5	1.29142330796873	0.346107336186584	0.592103002995295	14495	4	14	2.42019965341339	0.0736389830452027	0.120522801073305
GO:0072698	protein localization to microtubule cytoskeleton	0.000700958470113438	6	1.25032256071575	0.348764837646186	0.596227662378886	10033	5	18	2.35297188526302	0.0525727374185885	0.091163764742341
GO:0043066	negative regulation of apoptotic process	0.0107144879073688	77	1.04974160781365	0.349715941827019	0.597431400621158	31970	47	257	1.54911612057005	0.00154693131580577	0.00566116014059631
GO:0043297	apical junction assembly	0.00165981317983095	13	1.14405590936842	0.351551619027086	0.599499061244817	7824	14	53	2.23754307579728	0.00273319623070477	0.00918278011399283
GO:0070830	bicellular tight junction assembly	0.00165981317983095	13	1.14405590936842	0.351551619027086	0.599499061244817	7824	14	53	2.23754307579728	0.00273319623070477	0.00918278011399283
GO:0002683	negative regulation of immune system process	0.00389767277326274	29	1.08681525996196	0.351852607318062	0.599499061244817	46413	17	89	1.61799864469772	0.0302377472200602	0.0598568825902828
GO:0010721	negative regulation of cell development	0.00319455112163426	24	1.09739885941693	0.351917596927507	0.599499061244817	48658	11	45	2.07061525903146	0.0137033767053269	0.0328202655942434
GO:0030098	lymphocyte differentiation	0.00375811857587289	28	1.08830508338931	0.352513131237589	0.599730953908436	30528	12	70	1.45211979204803	0.11792081951344	0.171527638245949
GO:0031349	positive regulation of defense response	0.00404051660788958	30	1.08454471836139	0.352784593803912	0.599730953908436	39136	21	94	1.89239015453068	0.00279731564764183	0.00933338834709735
GO:0016311	dephosphorylation	0.0104388679361299	75	1.04947226398257	0.352797497896529	0.599730953908436	75375	43	186	1.95827982708987	1.09132012735711e-05	8.35412464581282e-05
GO:0046330	positive regulation of JNK cascade	0.00124859610106369	10	1.16987949981182	0.35321727406385	0.600012775940764	49327	4	20	1.69413975738937	0.20425454757123	0.262814760944045
GO:0006631	fatty acid metabolic process	0.00858489920698525	62	1.05492016518298	0.353459365736085	0.600012775940764	31658	42	221	1.60981605905778	0.00124769696655893	0.0047983767283085
GO:0070482	response to oxygen levels	0.00390238014337526	29	1.08550425450257	0.354204788456437	0.600856510011305	23094	21	88	2.02141675597596	0.00117235987571864	0.00457409441832806
GO:0035966	response to topologically incorrect protein	0.00235885764153941	18	1.11463808651335	0.354512415164167	0.60095692521522	26251	9	69	1.10487375481916	0.428924816903788	0.475949143160672
GO:0006753	nucleoside phosphate metabolic process	0.0173293023354604	123	1.03678125829923	0.355399927495175	0.601715686203961	37974	80	403	1.68152829517556	2.17844724788445e-06	1.98107665136559e-05
GO:0008354	germ cell migration	0.000977486094093926	8	1.1954805217221	0.35545750954339	0.601715686203961	67873	5	17	2.49138199616084	0.0419178219660594	0.0769925674532253
GO:0006123	mitochondrial electron transport, cytochrome c to oxygen	0.000707080812180594	6	1.23949649631247	0.356097198461963	0.602377009146496	15878	3	22	1.15509528912912	0.490300798807983	0.530665607300452
GO:0042391	regulation of membrane potential	0.0103076883020209	74	1.04865721114289	0.356401624827534	0.602470671179459	46339	35	157	1.88837234103911	0.000147666066290474	0.000771499383059735
GO:0048741	skeletal muscle fiber development	0.00405044971101117	30	1.08188503973406	0.357666914022181	0.604034990252089	39083	19	88	1.82890087445444	0.00638583111933563	0.0179829167376867
GO:0007286	spermatid development	0.00152983868768913	12	1.14577333722876	0.358076137255682	0.604034990252089	31651	8	38	1.78330500777829	0.0724171318875472	0.119006142687484
GO:0048515	spermatid differentiation	0.00152983868768913	12	1.14577333722876	0.358076137255682	0.604034990252089	31651	8	38	1.78330500777829	0.0724171318875472	0.119006142687484
GO:0051222	positive regulation of protein transport	0.000709459345524836	6	1.23534096045951	0.358948720303945	0.605084985655222	17056	3	18	1.41178313115781	0.358957919818097	0.4099712974693
GO:0010453	regulation of cell fate commitment	0.00209013721159743	16	1.11817117006438	0.361444867974011	0.60886847885037	31589	10	33	2.56687842028693	0.003687181987309	0.0116744675750006
GO:0001817	regulation of cytokine production	0.00378003959748628	28	1.08199383753072	0.363708353418103	0.612255050047593	21872	20	97	1.74653583236018	0.00886147313878465	0.0229998964836052
GO:0001816	cytokine production	0.00378822158653522	28	1.07965689352481	0.367906338914415	0.618891122276752	21872	20	98	1.72871403815242	0.00992765569872596	0.0254126974975853
GO:0031399	regulation of protein modification process	0.00364897040021272	27	1.08082785534637	0.369008034584275	0.620207331957903	16364	18	95	1.60497450700046	0.0283380212961374	0.0570771636264416
GO:0015914	phospholipid transport	0.00421544096276415	31	1.07419168830841	0.36920155354253	0.620207331957903	28328	18	72	2.11767469673672	0.00145723013427222	0.00539822311608651
GO:0051241	negative regulation of multicellular organismal process	0.00992026483945867	71	1.04543777220765	0.369481570401007	0.620246994309532	30120	39	185	1.78571487941042	0.000223556072409149	0.00110265847072385
GO:0039022	pronephric duct development	0.00126952802276928	10	1.15059057853096	0.371951408789712	0.623789709914939	44489	6	18	2.82356626231562	0.0142150417894839	0.0335802598523063
GO:0015980	energy derivation by oxidation of organic compounds	0.00949881785857446	68	1.04568880324972	0.372107710379189	0.623789709914939	44552	39	224	1.47480916379878	0.00845910784026048	0.0224124664464295
GO:0046580	negative regulation of Ras protein signal transduction	0.00058535802234011	5	1.24770390635448	0.372601576303258	0.624185050607742	33832	3	9	2.82356626231562	0.079993400712243	0.128488735938191
GO:0006120	mitochondrial electron transport, NADH to ubiquinone	0.000586308469355496	5	1.24568129110012	0.37387313638476	0.62480716629293	33703	4	15	2.2588530098525	0.091389644457767	0.142395439047276
GO:0098930	axonal transport	0.00141039572827118	11	1.13923890167113	0.373924779353485	0.62480716629293	31101	8	28	2.42019965341339	0.0132206414261124	0.031789991659807
GO:0000425	pexophagy	0.000586407862507432	5	1.24547015445317	0.374006108636694	0.62480716629293	148761	1	11	0.770063526086079	0.74892853066047	0.766677154324027
GO:0030242	autophagy of peroxisome	0.000586407862507432	5	1.24547015445317	0.374006108636694	0.62480716629293	148761	1	11	0.770063526086079	0.74892853066047	0.766677154324027
GO:0043069	negative regulation of programmed cell death	0.0110842359544117	79	1.04108079318035	0.374795837928282	0.62569436297344	31197	49	265	1.5662801530581	0.000978277362647765	0.00397055862457205
GO:0044380	protein localization to cytoskeleton	0.00113536659410217	9	1.15789586446397	0.375744009903164	0.62684466203845	11696	8	26	2.60636885752211	0.00823144948814482	0.0219052544684514
GO:0060284	regulation of cell development	0.0172751710303175	122	1.03157445742873	0.376935009971121	0.628398200634142	45662	59	257	1.9446351300773	3.69653167648473e-07	4.53904067280028e-06
GO:1902410	mitotic cytokinetic process	0.001000423824824	8	1.16807052845736	0.37877317044583	0.631027754344672	217066	1	11	0.770063526086079	0.74892853066047	0.766677154324027
GO:0021514	ventral spinal cord interneuron differentiation	0.0028219275754874	21	1.08701750151999	0.38055562718275	0.633560951242307	38222	13	26	4.23534939347343	1.98388697982417e-06	1.84968194335683e-05
GO:0090130	tissue migration	0.00211938157586387	16	1.1027420442373	0.381727182802363	0.635074315817686	29001	8	21	3.22693287121785	0.00183819465452887	0.00654873765729799
GO:0031101	fin regeneration	0.00695334198174315	50	1.05036325411194	0.382858269064357	0.636518318121429	58514	25	95	2.22913125972286	8.09231450828016e-05	0.000466078780845945
GO:0045773	positive regulation of axon extension	0.0017042529624298	13	1.11422372071212	0.386013240313748	0.641196274681704	78603	5	16	2.6470933709209	0.0326799335044855	0.0629661435519853
GO:0009798	axis specification	0.00382367388141632	28	1.0696465433363	0.386202138160911	0.641196274681704	42982	16	76	1.78330500777829	0.0148259456075853	0.034684683196082
GO:0014904	myotube cell development	0.00411083381173305	30	1.06599321384162	0.387647549966083	0.643154611363481	39083	19	89	1.80835142642686	0.00724021576912064	0.0200619495366584
GO:0006656	phosphatidylcholine biosynthetic process	0.000596897981417989	5	1.22358177414951	0.388035483755561	0.643356980949076	12220	3	12	2.11767469673672	0.160887990270784	0.217180830616645
GO:0009260	ribonucleotide biosynthetic process	0.00525323385179512	38	1.05662277539479	0.38876421332686	0.643948114123186	38791	22	121	1.54012705217216	0.0258462143391302	0.0525394894843328
GO:0006241	CTP biosynthetic process	0.000597891912937347	5	1.22154769998741	0.389363934033186	0.643948114123186	22167	3	17	1.49482919769651	0.324957383908844	0.380664364007503
GO:0009209	pyrimidine ribonucleoside triphosphate biosynthetic process	0.000597891912937347	5	1.22154769998741	0.389363934033186	0.643948114123186	22167	3	17	1.49482919769651	0.324957383908844	0.380664364007503
GO:0035987	endodermal cell differentiation	0.00227143239141899	17	1.09323168899324	0.389456837933948	0.643948114123186	33647	11	34	2.74052019577693	0.0013066379874805	0.00494641203711318
GO:0032878	regulation of establishment or maintenance of cell polarity	0.000598634600655979	5	1.22003220376733	0.390356448890999	0.644557396544798	24451	2	11	1.54012705217216	0.3791615252051	0.428394081957561
GO:1904262	negative regulation of TORC1 signaling	0.000873389023196723	7	1.17072101934953	0.390358241396498	0.644557396544798	8155	5	22	1.9251588152152	0.109251613434954	0.162834043684013
GO:0021594	rhombomere formation	0.000873716192321845	7	1.17028263469439	0.390718150159277	0.644711599751222	20178	6	14	3.63029948012008	0.00348393715226265	0.0112069733661215
GO:0007009	plasma membrane organization	0.00354921004579894	26	1.07005167478372	0.391331991320738	0.64492570417885	14690	15	75	1.69413975738937	0.0277115811633431	0.0558850185977571
GO:0035269	protein O-linked glycosylation via mannose	0.000599401446432372	5	1.21847135244124	0.391381121841484	0.64492570417885	36585	1	14	0.605049913353347	0.827780983505859	0.83747478005047
GO:0048488	synaptic vesicle endocytosis	0.00143147397878378	11	1.12246377105819	0.391921033054309	0.644936720379847	40066	6	28	1.81514974006004	0.104544299805727	0.157807715831767
GO:0140238	presynaptic endocytosis	0.00143147397878378	11	1.12246377105819	0.391921033054309	0.644936720379847	40066	6	28	1.81514974006004	0.104544299805727	0.157807715831767
GO:0008347	glial cell migration	0.000602484014602825	5	1.21223712727243	0.395498674680738	0.650173368589714	143313	2	11	1.54012705217216	0.3791615252051	0.428394081957561
GO:0061026	cardiac muscle tissue regeneration	0.0018573080629576	14	1.10105039429735	0.395640842730078	0.650173368589714	63758	7	25	2.37179566034512	0.0223382057160958	0.0476089159711327
GO:0010824	regulation of centrosome duplication	0.000744827432318879	6	1.17668086764614	0.401426992862525	0.658786903483343	16012	5	18	2.35297188526302	0.0525727374185885	0.091163764742341
GO:0046605	regulation of centrosome cycle	0.000744827432318879	6	1.17668086764614	0.401426992862525	0.658786903483343	16012	5	18	2.35297188526302	0.0525727374185885	0.091163764742341
GO:0019725	cellular homeostasis	0.0162276327807853	114	1.02615457360867	0.403350405937735	0.66110917129352	55687	70	339	1.74911184391233	2.17184520052028e-06	1.98107665136559e-05
GO:1900151	regulation of nuclear-transcribed mRNA catabolic process, deadenylation-dependent decay	0.00102455496360752	8	1.14055919618886	0.403388646890962	0.66110917129352	14849	6	12	4.23534939347343	0.00132190461016384	0.00495765465424236
GO:0009411	response to UV	0.000886591746878861	7	1.15328717092747	0.404881179755834	0.663106008009047	30323	4	29	1.16837224647543	0.452527250281488	0.498027032953103
GO:0009615	response to virus	0.00443179293554973	32	1.05471135744617	0.405275796883585	0.663303215603106	72958	17	97	1.48455545750615	0.0615504123679559	0.103551077497796
GO:0033077	T cell differentiation in thymus	0.000748910144080686	6	1.17026614772787	0.40632701177225	0.664574064555153	12437	4	21	1.61346643560893	0.230423433081552	0.287316641558905
GO:0001837	epithelial to mesenchymal transition	0.00372656470128438	27	1.05832292420014	0.410030140486593	0.669965302974416	40129	14	47	2.52318687270758	0.000767290459505228	0.0032056573774493
GO:0038127	ERBB signaling pathway	0.00329854327753775	24	1.06280150425899	0.410177186318772	0.669965302974416	101370	10	48	1.76472891394726	0.0509790442550022	0.0893610927919206
GO:0061138	morphogenesis of a branching epithelium	0.00173668964147196	13	1.09341302641946	0.411374198350216	0.67146706194951	18619	6	26	1.95477664314158	0.0780402551269028	0.125785289126688
GO:0022613	ribonucleoprotein complex biogenesis	0.0132269466215414	93	1.02703785861995	0.411956779011554	0.671964564011429	33207	65	336	1.63867684866532	4.21658454496612e-05	0.000268418895112449
GO:0051231	spindle elongation	0.000755784146859357	6	1.15962235110327	0.414569107852063	0.675769994537831	72455	1	11	0.770063526086079	0.74892853066047	0.766677154324027
GO:0014074	response to purine-containing compound	0.000757466928140047	6	1.15704614518244	0.41658495423584	0.676763449946817	5728	3	18	1.41178313115781	0.358957919818097	0.4099712974693
GO:0046683	response to organophosphorus	0.000757466928140047	6	1.15704614518244	0.41658495423584	0.676763449946817	5728	3	18	1.41178313115781	0.358957919818097	0.4099712974693
GO:0071867	response to monoamine	0.00188625631845891	14	1.08415264407008	0.417416728946115	0.676763449946817	26053	8	34	1.99310559692867	0.040874684801006	0.0754201849989578
GO:0071868	cellular response to monoamine stimulus	0.00188625631845891	14	1.08415264407008	0.417416728946115	0.676763449946817	26053	8	34	1.99310559692867	0.040874684801006	0.0754201849989578
GO:0071869	response to catecholamine	0.00188625631845891	14	1.08415264407008	0.417416728946115	0.676763449946817	26053	8	34	1.99310559692867	0.040874684801006	0.0754201849989578
GO:0071870	cellular response to catecholamine stimulus	0.00188625631845891	14	1.08415264407008	0.417416728946115	0.676763449946817	26053	8	34	1.99310559692867	0.040874684801006	0.0754201849989578
GO:1903350	response to dopamine	0.00188625631845891	14	1.08415264407008	0.417416728946115	0.676763449946817	26053	8	34	1.99310559692867	0.040874684801006	0.0754201849989578
GO:1903351	cellular response to dopamine	0.00188625631845891	14	1.08415264407008	0.417416728946115	0.676763449946817	26053	8	34	1.99310559692867	0.040874684801006	0.0754201849989578
GO:0006308	DNA catabolic process	0.000619799820176529	5	1.17836996287232	0.418567694011959	0.678174984470817	14813	3	16	1.58825602255254	0.290941931951894	0.345163576945381
GO:0061383	trabecula morphogenesis	0.00104011275280636	8	1.12349895008071	0.419260834678613	0.678389270292686	113834	5	11	3.85031763043039	0.00571496422236015	0.0167164431123207
GO:0061384	heart trabecula morphogenesis	0.00104011275280636	8	1.12349895008071	0.419260834678613	0.678389270292686	113834	5	11	3.85031763043039	0.00571496422236015	0.0167164431123207
GO:0033120	positive regulation of RNA splicing	0.000620552171118265	5	1.17694131949221	0.419567001440855	0.678430866634644	13263	3	14	1.81514974006004	0.224034116876614	0.283440653098603
GO:0046390	ribose phosphate biosynthetic process	0.00533927657078132	38	1.03959524454253	0.427103630107288	0.690156099685725	38791	22	125	1.49084298650265	0.0358888851202228	0.0680903632202502
GO:0003014	renal system process	0.003190302064389	23	1.05307459645079	0.430116898651147	0.694561266913969	38925	14	49	2.42019965341339	0.00120812798034236	0.00469849129332502
GO:0043244	regulation of protein-containing complex disassembly	0.00419724994526923	30	1.04404574511396	0.431174103918547	0.695047194248128	31516	18	77	1.98016335279277	0.00323730467285937	0.0105994039831701
GO:0060249	anatomical structure homeostasis	0.00664555176032775	47	1.03307040014755	0.431198916914919	0.695047194248128	50315	25	111	1.90781504210515	0.0010428900407214	0.00417674008030641
GO:0007187	G protein-coupled receptor signaling pathway, coupled to cyclic nucleotide second messenger	0.00261918004037303	19	1.0596229443416	0.431279800978272	0.695047194248128	22273	8	46	1.47316500642554	0.169542666875984	0.226838335825777
GO:0009267	cellular response to starvation	0.00304972701650114	22	1.05371901924568	0.431757683181556	0.695354084964171	6734	15	65	1.95477664314158	0.00774817841625924	0.0210593748190237
GO:0032102	negative regulation of response to external stimulus	0.00319373595974234	23	1.05194233379381	0.432111015465512	0.695460110719277	32774	13	65	1.69413975738937	0.0386381575523571	0.072510242916332
GO:0019359	nicotinamide nucleotide biosynthetic process	0.000631178955612734	5	1.15712585883139	0.4336472489011	0.696171333483873	22568	4	19	1.78330500777829	0.179034501186989	0.237046775244295
GO:0019363	pyridine nucleotide biosynthetic process	0.000631178955612734	5	1.15712585883139	0.4336472489011	0.696171333483873	22568	4	19	1.78330500777829	0.179034501186989	0.237046775244295
GO:0042632	cholesterol homeostasis	0.00162263876054652	12	1.08024559824078	0.433704092418436	0.696171333483873	86307	5	35	1.2100998267067	0.398331069384664	0.447128935889328
GO:0055092	sterol homeostasis	0.00162263876054652	12	1.08024559824078	0.433704092418436	0.696171333483873	86307	5	35	1.2100998267067	0.398331069384664	0.447128935889328
GO:0035082	axoneme assembly	0.0020523194977463	15	1.06760203548966	0.434887015702245	0.697261378394931	19040	9	64	1.1911920169144	0.341446210273628	0.394628945366414
GO:0072666	establishment of protein localization to vacuole	0.0011973561703199	9	1.09794922893344	0.434959661016102	0.697261378394931	24514	5	29	1.46046530809429	0.252915441275544	0.311825918677646
GO:0032006	regulation of TOR signaling	0.00348810603495575	25	1.04691985245075	0.436209839101017	0.698802384626066	11432	15	80	1.58825602255254	0.0462269998297865	0.0823980740314822
GO:0006091	generation of precursor metabolites and energy	0.0104183950175218	73	1.02349363332605	0.436848545083283	0.699362429223336	42149	41	246	1.41178313115781	0.0145305102356239	0.0342252232326915
GO:0021654	rhombomere boundary formation	0.000778576929242856	6	1.12567449199904	0.44178692055108	0.706107203871642	23520	5	12	3.52945782789453	0.00885286394535751	0.0229998964836052
GO:0097720	calcineurin-mediated signaling	0.000920308112752193	7	1.11103539494809	0.441857383887936	0.706107203871642	21012	6	20	2.54120963608406	0.0241589181340045	0.0500346087039015
GO:0001881	receptor recycling	0.000920381277155702	7	1.11094707476604	0.441937290889486	0.706107203871642	115586	3	13	1.95477664314158	0.191806588198454	0.249317644735121
GO:0016180	snRNA processing	0.00120539597194315	9	1.09062608019354	0.442623413217004	0.706560953546802	18087	7	30	1.97649638362094	0.0562760361220469	0.0964789024657913
GO:0048570	notochord morphogenesis	0.00177680996334294	13	1.06872378926811	0.442805459105809	0.706560953546802	17760	10	30	2.82356626231562	0.00166680634782471	0.00600894866674811
GO:0072330	monocarboxylic acid biosynthetic process	0.00422268147779058	30	1.03775787247656	0.444054315129153	0.708086610611352	46329	18	100	1.52472578165044	0.0445179357193762	0.0799472060172019
GO:0060914	heart formation	0.00293143260017222	21	1.04641145847818	0.447009062490234	0.712328670727191	71507	6	33	1.54012705217216	0.187677168752418	0.246332648514432
GO:0006760	folic acid-containing compound metabolic process	0.000784946373729408	6	1.11654021043959	0.44935118259107	0.715589539623304	12922	5	20	2.11767469673672	0.0781543156500255	0.125785289126688
GO:0140013	meiotic nuclear division	0.00250455488790307	18	1.04979634529959	0.450066903679558	0.71573821145259	22039	12	69	1.47316500642554	0.108770779043512	0.162826755997065
GO:0051149	positive regulation of muscle cell differentiation	0.00135651152554776	10	1.07681133161736	0.450332185957355	0.71573821145259	31119	5	14	3.02524956676674	0.0182935325119236	0.0405610038004978
GO:0051155	positive regulation of striated muscle cell differentiation	0.00135651152554776	10	1.07681133161736	0.450332185957355	0.71573821145259	31119	5	14	3.02524956676674	0.0182935325119236	0.0405610038004978
GO:0034504	protein localization to nucleus	0.00279470489554054	20	1.04533897980442	0.451485947378551	0.717100792323516	26268	15	71	1.78958425076342	0.0173961889283095	0.0396246525589271
GO:0043173	nucleotide salvage	0.00078724345990748	6	1.11328227408917	0.452073684229805	0.717563151018306	4609	4	22	1.54012705217216	0.25735050411413	0.313228819434782
GO:0030859	polarized epithelial cell differentiation	0.000930366147543919	7	1.0990241747562	0.452823187338476	0.718281501751982	45024	2	10	1.69413975738937	0.334163916288144	0.388813137807128
GO:0009996	negative regulation of cell fate specification	0.000934515121407016	7	1.09414482880286	0.457334342029407	0.724961843623286	27512	4	14	2.42019965341339	0.0736389830452027	0.120522801073305
GO:1905515	non-motile cilium assembly	0.00107863312102326	8	1.08337632413413	0.458386408905884	0.726153715221568	26393	5	30	1.41178313115781	0.276478094572734	0.335238351263881
GO:0070507	regulation of microtubule cytoskeleton organization	0.00323980675635525	23	1.03698347206119	0.458873720589995	0.726449954258638	19399	15	70	1.81514974006004	0.01535083153222	0.0356369112057968
GO:0009150	purine ribonucleotide metabolic process	0.00758566948044492	53	1.02057531316229	0.459409649207043	0.726822721668959	39325	34	186	1.54840730514082	0.00637111027960551	0.0179829167376867
GO:0000302	response to reactive oxygen species	0.00122455607266944	9	1.07356152429641	0.460830640297903	0.728594326065769	17567	6	28	1.81514974006004	0.104544299805727	0.157807715831767
GO:0007059	chromosome segregation	0.00773714878537641	54	1.01947344203552	0.461826002554875	0.729098279549225	22802	32	199	1.36212241800151	0.0433351599239212	0.0790556198008788
GO:0090257	regulation of muscle system process	0.00266724836324776	19	1.04052674823331	0.462105949233049	0.729098279549225	9084	11	50	1.86355373312831	0.0291717802807697	0.0581760800531092
GO:0032944	regulation of mononuclear cell proliferation	0.00151425121859076	11	1.06110377239297	0.462754912545916	0.729098279549225	40960	4	40	0.847069878694686	0.710780139929118	0.732439895098862
GO:0050670	regulation of lymphocyte proliferation	0.00151425121859076	11	1.06110377239297	0.462754912545916	0.729098279549225	40960	4	40	0.847069878694686	0.710780139929118	0.732439895098862
GO:0070663	regulation of leukocyte proliferation	0.00151425121859076	11	1.06110377239297	0.462754912545916	0.729098279549225	40960	4	40	0.847069878694686	0.710780139929118	0.732439895098862
GO:0006026	aminoglycan catabolic process	0.000653618340122684	5	1.11740054747026	0.463111680109355	0.729098279549225	12346	3	22	1.15509528912912	0.490300798807983	0.530665607300452
GO:0035622	intrahepatic bile duct development	0.000939975532691489	7	1.08778883275588	0.463259221028177	0.729098279549225	27036	4	21	1.61346643560893	0.230423433081552	0.287316641558905
GO:0001941	postsynaptic membrane organization	0.00137147295583499	10	1.06506437182355	0.463752904162883	0.729400699070231	40788	6	12	4.23534939347343	0.00132190461016384	0.00495765465424236
GO:0051056	regulation of small GTPase mediated signal transduction	0.00876106321533812	61	1.01703553236493	0.464613043988328	0.730278722162291	86961	28	135	1.75688567432972	0.00205474931395893	0.00727736250434357
GO:0001738	morphogenesis of a polarized epithelium	0.00151830701137392	11	1.05826928833276	0.466206946289542	0.731843881632432	30545	3	21	1.21009982670669	0.458534849531549	0.502808613334913
GO:0032868	response to insulin	0.00397659645774154	28	1.02851259703257	0.466213898964687	0.731843881632432	39059	16	72	1.88237750821041	0.00885645961642306	0.0229998964836052
GO:0045089	positive regulation of innate immune response	0.00368850678731607	26	1.02964109127473	0.467108455053016	0.732400038769233	44289	19	79	2.03725667027836	0.00178301113850771	0.00638033127818068
GO:0019217	regulation of fatty acid metabolic process	0.00108740870806292	8	1.07463327916984	0.46723792036883	0.732400038769233	70323	4	23	1.47316500642554	0.284849328174485	0.342054118522099
GO:0031644	regulation of nervous system process	0.00123157640425513	9	1.06744192192976	0.46747650262906	0.732400038769233	17518	4	19	1.78330500777829	0.179034501186989	0.237046775244295
GO:0042773	ATP synthesis coupled electron transport	0.00209922133154623	15	1.04374914657293	0.468891289768518	0.734141119708768	61272	9	52	1.46608248235619	0.154303826233206	0.211105044235298
GO:0055003	cardiac myofibril assembly	0.00109025038588597	8	1.07183230647874	0.47009759141224	0.735079460602927	18515	6	20	2.54120963608406	0.0241589181340045	0.0500346087039015
GO:0045667	regulation of osteoblast differentiation	0.000802522396096722	6	1.09208689199248	0.470098356987486	0.735079460602927	7653	3	16	1.58825602255254	0.290941931951894	0.345163576945381
GO:0001894	tissue homeostasis	0.00646061975746765	45	1.01742273443804	0.473833546833817	0.740154192932374	52536	24	108	1.88237750821041	0.00157821142269737	0.00574953830045924
GO:0007548	sex differentiation	0.00181731060206611	13	1.04490617876454	0.474418056139188	0.740154192932374	25110	10	43	1.96992995045276	0.0256149932645846	0.0521571285412712
GO:0042752	regulation of circadian rhythm	0.00225193476811425	16	1.03783253608367	0.474566820201612	0.740154192932374	21581	8	46	1.47316500642554	0.169542666875984	0.226838335825777
GO:0006163	purine nucleotide metabolic process	0.0103896876523679	72	1.01226241091998	0.474567653260898	0.740154192932374	36379	46	247	1.57753904534233	0.00117529978473421	0.00457818064295015
GO:0000460	maturation of 5.8S rRNA	0.000952748242945461	7	1.07320574464087	0.477058058228683	0.743558919365454	51859	2	29	0.584186123237715	0.872313355503863	0.878487096987445
GO:0032481	positive regulation of type I interferon production	0.000665751206961069	5	1.09703667594311	0.478853294096418	0.745876444571305	22280	3	11	2.31019057825824	0.131674676161841	0.1847483736185
GO:0006376	mRNA splice site recognition	0.00153393244313449	11	1.04748920826915	0.479470291866119	0.746356908638444	171551	6	20	2.54120963608406	0.0241589181340045	0.0500346087039015
GO:1990138	neuron projection extension	0.00735118723042394	51	1.01338809305299	0.4809191825445	0.748130869823245	63584	27	91	2.51328425546775	3.8815729953762e-06	3.30617080134332e-05
GO:0006364	rRNA processing	0.00575160008859409	40	1.01586129750299	0.481539299615161	0.748614116818172	22765	27	169	1.35330690679033	0.0633269474794552	0.10645440302488
GO:1902532	negative regulation of intracellular signal transduction	0.0115877658034998	80	1.00844770731435	0.484997132041661	0.75283942096197	41713	50	226	1.87404840419178	8.23531980091478e-06	6.48900280078595e-05
GO:0030100	regulation of endocytosis	0.00270318934112587	19	1.02669214616868	0.485071588081551	0.75283942096197	46354	11	53	1.75806955955501	0.0429590089759687	0.0786065376042876
GO:0016126	sterol biosynthetic process	0.00139551091353857	10	1.04671842262809	0.485190846333076	0.75283942096197	4046	6	38	1.33747875583372	0.288715333342628	0.345163576945381
GO:0014902	myotube differentiation	0.00590952062195519	41	1.0134322240429	0.486882158855358	0.754519401599487	41432	26	111	1.98412764378936	0.000445546807818352	0.00199588468168999
GO:0006885	regulation of pH	0.00256056223878867	18	1.02683407889617	0.486897389787846	0.754519401599487	36717	12	48	2.11767469673672	0.00854262679166237	0.0225596224989424
GO:0006570	tyrosine metabolic process	0.000673360995156153	5	1.08463884356758	0.488646557884242	0.756745213522395	10469	3	13	1.95477664314158	0.191806588198454	0.249317644735121
GO:0050772	positive regulation of axonogenesis	0.0031470619019156	22	1.02112874196677	0.489517586997517	0.757165833441077	63545	10	29	2.92093061618857	0.00124132402744022	0.00478146946238519
GO:0033504	floor plate development	0.00125502214442843	9	1.0475004682568	0.489544176726682	0.757165833441077	14213	4	19	1.78330500777829	0.179034501186989	0.237046775244295
GO:0003146	heart jogging	0.00227671679399691	16	1.02653574553031	0.491822463050492	0.760203538734275	44076	8	40	1.69413975738937	0.0925182002212924	0.143738937916061
GO:0030307	positive regulation of cell growth	0.00184108351136453	13	1.03141387401041	0.492842244005976	0.761292841432854	78603	5	20	2.11767469673672	0.0781543156500255	0.125785289126688
GO:0009069	serine family amino acid metabolic process	0.000822283687346179	6	1.06584163445608	0.493156627749186	0.761292841432854	9852	3	24	1.05883734836836	0.550886808299361	0.584471574243927
GO:0046112	nucleobase biosynthetic process	0.000970032988159185	7	1.05408259307339	0.495575631658249	0.764481019776541	80532	4	16	2.11767469673672	0.110959548108861	0.163366492316089
GO:0035196	miRNA processing	0.000824821663871651	6	1.06256203940347	0.496094275477323	0.764481019776541	25552	5	23	1.84145625803193	0.126731089827441	0.181828295547201
GO:0019226	transmission of nerve impulse	0.00184580468608148	13	1.02877573729887	0.496485318100849	0.764481019776541	26272	5	29	1.46046530809429	0.252915441275544	0.311825918677646
GO:0048675	axon extension	0.00666164378771824	46	1.00864776504758	0.496486019871412	0.764481019776541	66985	24	81	2.50983667761389	1.34376458019638e-05	9.94057039600929e-05
GO:0009394	2'-deoxyribonucleotide metabolic process	0.000679842947168855	5	1.07429737137258	0.496935535732307	0.764686425532093	46772	4	12	2.82356626231562	0.0440347338350109	0.0791382029323115
GO:0072522	purine-containing compound biosynthetic process	0.00725392343872233	50	1.00683926051793	0.499756390878726	0.768399326374884	47046	32	179	1.51431486694022	0.0109545499249773	0.0273468072946544
GO:0043162	ubiquitin-dependent protein catabolic process via the multivesicular body sorting pathway	0.000682236665577976	5	1.0705280556432	0.49998368735596	0.768399326374884	29211	3	18	1.41178313115781	0.358957919818097	0.4099712974693
GO:0042026	protein refolding	0.00068260731920707	5	1.06994676227334	0.50045503932215	0.76863539055256	13450	3	27	0.941188754105207	0.633216656526415	0.659953077181128
GO:1902017	regulation of cilium assembly	0.00112244272342962	8	1.04109150636475	0.502221898287971	0.770859626877285	32638	5	27	1.56864792350868	0.207502458087907	0.265300447206473
GO:0009112	nucleobase metabolic process	0.00170887957560637	12	1.0257296088247	0.503652120946356	0.772201418494754	62470	7	34	1.74396739731259	0.0987002457968883	0.152364961443952
GO:0007530	sex determination	0.00083144649354026	6	1.05409571886683	0.503734534264043	0.772201418494754	22733	3	14	1.81514974006004	0.224034116876614	0.283440653098603
GO:0001757	somite specification	0.000981718585813859	7	1.04153563180012	0.507977698837977	0.777737612555784	22180	4	20	1.69413975738937	0.20425454757123	0.262814760944045
GO:0007224	smoothened signaling pathway	0.00537365969904888	37	1.00576071741578	0.508099591882276	0.777737612555784	48659	18	78	1.95477664314158	0.00375254832432918	0.0117430975375838
GO:0071391	cellular response to estrogen stimulus	0.000982215551573538	7	1.04100865221233	0.508502855131136	0.777737612555784	7496	4	29	1.16837224647543	0.452527250281488	0.498027032953103
GO:0007032	endosome organization	0.00068948891451818	5	1.05926792398115	0.509174415896742	0.777737612555784	42310	3	22	1.15509528912912	0.490300798807983	0.530665607300452
GO:0009306	protein secretion	0.00215545714863524	15	1.0165177603537	0.509275063368483	0.777737612555784	56311	7	48	1.23531023976308	0.33661637170863	0.390726968888281
GO:0035592	establishment of protein localization to extracellular region	0.00215545714863524	15	1.0165177603537	0.509275063368483	0.777737612555784	56311	7	48	1.23531023976308	0.33661637170863	0.390726968888281
GO:0032886	regulation of microtubule-based process	0.00464640414771599	32	1.00599564617549	0.510192317377371	0.778646823808114	17423	23	108	1.80394511203498	0.00346881256129127	0.0112069733661215
GO:0019646	aerobic electron transport chain	0.00245137610046631	17	1.01298281778654	0.511251111826199	0.779770768920287	68136	9	51	1.49482919769651	0.14151928011001	0.196180595178288
GO:1901293	nucleoside phosphate biosynthetic process	0.0096337820249895	66	1.00071457475128	0.514284457675622	0.783706515720329	43504	41	217	1.60045460951531	0.00158522326725967	0.00576639862180624
GO:0060606	tube closure	0.000693700009101238	5	1.05283765533741	0.514479515073949	0.783706515720329	9558	3	11	2.31019057825824	0.131674676161841	0.1847483736185
GO:0009395	phospholipid catabolic process	0.00172310936185851	12	1.01725892587843	0.515011786679812	0.784023607286636	32648	7	36	1.64708031968411	0.12502375431868	0.180664552984998
GO:0042157	lipoprotein metabolic process	0.00128471515833903	9	1.02329008529883	0.517137009042252	0.785929947266118	13551	7	45	1.31766425574729	0.277639262612881	0.33580468813028
GO:0016050	vesicle organization	0.00891000868512547	61	1.0000341084032	0.517149769662032	0.785929947266118	19045	44	214	1.74163900292365	0.000168116775082914	0.000867109763167527
GO:0045088	regulation of innate immune response	0.00480755702920567	33	1.00265748526927	0.517238725112716	0.785929947266118	40230	24	109	1.86510798978647	0.00180101275353771	0.0064352287308829
GO:0051604	protein maturation	0.0140369262649542	96	0.998992711383867	0.517824345503802	0.786325857987255	23169	62	348	1.50914748503076	0.000636043331576846	0.00275239502519569
GO:0006623	protein targeting to vacuole	0.00099186427984375	7	1.03088185380225	0.518659906579489	0.787100573410153	31143	4	22	1.54012705217216	0.25735050411413	0.313228819434782
GO:0006749	glutathione metabolic process	0.000992476514050465	7	1.03024592829163	0.519301825946731	0.7875806375957	5272	6	35	1.45211979204803	0.226459399786406	0.285612767509549
GO:0060218	hematopoietic stem cell differentiation	0.0046664808741768	32	1.00166752398799	0.519917509469764	0.78802033546827	28509	22	88	2.11767469673672	0.000460655378479508	0.00205216456821718
GO:0022603	regulation of anatomical structure morphogenesis	0.0232697756414809	159	0.998086160111083	0.520663244779447	0.78831581844202	63001	67	320	1.773552558517	2.14779732971098e-06	1.96800065930714e-05
GO:0061515	myeloid cell development	0.00364160288282548	25	1.00279123587882	0.521195619668458	0.78831581844202	25373	19	88	1.82890087445444	0.00638583111933563	0.0179829167376867
GO:0042180	ketone metabolic process	0.00334863811634361	23	1.00328131684798	0.521618622523699	0.78831581844202	34621	14	78	1.52038183355457	0.0716611135878637	0.118245725626905
GO:0006690	icosanoid metabolic process	0.000847326620252669	6	1.0343404401083	0.521873659229341	0.78831581844202	3514	4	33	1.02675136811477	0.557290961013803	0.588427252157306
GO:0071692	protein localization to extracellular region	0.00217324162052953	15	1.00819920462189	0.521899957839347	0.78831581844202	56311	7	49	1.21009982670669	0.356671178856862	0.4099712974693
GO:0070372	regulation of ERK1 and ERK2 cascade	0.0030555801687818	21	1.00389598476797	0.522067772279502	0.78831581844202	43109	11	49	1.90158544196766	0.0253771329435738	0.0518911957654312
GO:0140719	constitutive heterochromatin formation	0.000700178509962831	5	1.04309612577007	0.522593855894742	0.788617927267237	25147	3	18	1.41178313115781	0.358957919818097	0.4099712974693
GO:0003140	determination of left/right asymmetry in lateral mesoderm	0.00114481791652895	8	1.0207436212097	0.524192973368498	0.790537906844387	8803	5	25	1.69413975738937	0.165145530286965	0.221445142884793
GO:0006536	glutamate metabolic process	0.0008540218534039	6	1.02623157219506	0.529441973140362	0.797956469175411	13422	5	21	2.01683304451116	0.0930367841523585	0.144081933972186
GO:0051336	regulation of hydrolase activity	0.00513108726059846	35	0.996372538211623	0.531231570468776	0.799770259944526	73340	16	119	1.13891748395924	0.32905006069105	0.384713434901716
GO:0007379	segment specification	0.0010039833420777	7	1.01843810018755	0.531306658838716	0.799770259944526	22180	4	21	1.61346643560893	0.230423433081552	0.287316641558905
GO:0001676	long-chain fatty acid metabolic process	0.00130062979656252	9	1.01076900393635	0.53172626923167	0.799904132631474	26573	6	34	1.49482919769651	0.206743652242889	0.265300447206473
GO:0170041	non-proteinogenic amino acid metabolic process	0.00174610852307832	12	1.00385992935024	0.533211292011904	0.801639599364074	36314	7	37	1.60256463536833	0.13938931681711	0.193449660000339
GO:0034243	regulation of transcription elongation by RNA polymerase II	0.000709057631535762	5	1.03003403194152	0.533618131943435	0.801752957249173	4658	4	21	1.61346643560893	0.230423433081552	0.287316641558905
GO:0006576	biogenic amine metabolic process	0.00174742134096014	12	1.00310574074374	0.534243589341254	0.802194439861263	9457	7	40	1.4823722877157	0.186861231848721	0.245928900893393
GO:0040037	negative regulation of fibroblast growth factor receptor signaling pathway	0.00115665053322086	8	1.0103013418318	0.535671128813701	0.803838995409642	44348	5	15	2.82356626231562	0.0248246641606505	0.0510202740905808
GO:0050768	negative regulation of neurogenesis	0.00204838725617284	14	0.998341387297992	0.538126614351334	0.80679502861267	41708	7	26	2.28057275033185	0.0275354316948145	0.0555995069029685
GO:0030534	adult behavior	0.000861922228522352	6	1.0168251384004	0.538308051335614	0.80679502861267	10254	4	17	1.99310559692867	0.1322031561528	0.1847483736185
GO:0071695	anatomical structure maturation	0.00485812122456234	33	0.992221646677043	0.541207763063447	0.810638748514228	31368	18	94	1.62204870388344	0.0257163865060592	0.0523195449606032
GO:0060973	cell migration involved in heart development	0.00220226580135522	15	0.99491190932572	0.542304743943984	0.811779192822089	100774	5	28	1.51262478338337	0.22988466641012	0.287316641558905
GO:0032479	regulation of type I interferon production	0.000717621317897341	5	1.01774218919479	0.544139740783881	0.813471436150673	22280	3	14	1.81514974006004	0.224034116876614	0.283440653098603
GO:0032606	type I interferon production	0.000717621317897341	5	1.01774218919479	0.544139740783881	0.813471436150673	22280	3	14	1.81514974006004	0.224034116876614	0.283440653098603
GO:0042129	regulation of T cell proliferation	0.00131480436439692	9	0.999872163159754	0.544585763874602	0.813471436150673	49933	3	36	0.705891565578905	0.814286245683277	0.824511690375826
GO:0007188	adenylate cyclase-modulating G protein-coupled receptor signaling pathway	0.0132521759166078	90	0.992015418625648	0.544780374768123	0.813471436150673	18959	51	224	1.9285965988138	2.83091051545089e-06	2.53628612476878e-05
GO:0071456	cellular response to hypoxia	0.00101939756339041	7	1.00303838683394	0.547199288275018	0.816579320380795	13907	6	24	2.11767469673672	0.0558139942356044	0.0960954107159622
GO:0015669	gas transport	0.0010202720850814	7	1.00217863693094	0.548094127299141	0.817410415497301	70453	4	25	1.3553118059115	0.340853824145976	0.394321090678679
GO:0045739	positive regulation of DNA repair	0.00161828754922844	11	0.992887624429527	0.549587001547859	0.819131827938552	121909	4	26	1.30318442876106	0.369029995533327	0.420086380797703
GO:0043470	regulation of carbohydrate catabolic process	0.000722558534673708	5	1.01078799300253	0.550154264023939	0.819472392040584	51456	1	10	0.847069878694686	0.715313348346345	0.73631616580843
GO:0032438	melanosome organization	0.000873099816733799	6	1.00380755156525	0.550726709713362	0.819820252797921	22701	4	17	1.99310559692867	0.1322031561528	0.1847483736185
GO:0071277	cellular response to calcium ion	0.000724036317578531	5	1.00872494011389	0.551947000402262	0.821087886385424	18777	5	13	3.25796107190264	0.0130043913120447	0.0314891116955316
GO:0097475	motor neuron migration	0.00132345018815489	9	0.99334020707969	0.552362347835051	0.821087886385424	129303	6	10	5.08241927216812	0.000370905025234993	0.00168650236098392
GO:0007030	Golgi organization	0.00369950491566986	25	0.987096257118291	0.552596560163485	0.821087886385424	17530	18	83	1.83701901403667	0.00744468302025588	0.0205344221505119
GO:0009208	pyrimidine ribonucleoside triphosphate metabolic process	0.00072521730148799	5	1.0070822767068	0.553377169209372	0.821238878722375	22167	3	18	1.41178313115781	0.358957919818097	0.4099712974693
GO:0046036	CTP metabolic process	0.00072521730148799	5	1.0070822767068	0.553377169209372	0.821238878722375	22167	3	18	1.41178313115781	0.358957919818097	0.4099712974693
GO:0006897	endocytosis	0.016528054104353	112	0.989827241435533	0.556285396613876	0.824250388004113	43900	60	320	1.58825602255254	0.000197088050220168	0.000997397475904994
GO:0000154	rRNA modification	0.00102895932265268	7	0.9937175017663	0.556941661061466	0.824250388004113	9963	5	26	1.62898053595132	0.185884881515551	0.244910418510957
GO:0006140	regulation of nucleotide metabolic process	0.00132875805856036	9	0.989372200222652	0.557110121697695	0.824250388004113	32313	3	16	1.58825602255254	0.290941931951894	0.345163576945381
GO:1900542	regulation of purine nucleotide metabolic process	0.00132875805856036	9	0.989372200222652	0.557110121697695	0.824250388004113	32313	3	16	1.58825602255254	0.290941931951894	0.345163576945381
GO:1903578	regulation of ATP metabolic process	0.00132875805856036	9	0.989372200222652	0.557110121697695	0.824250388004113	32313	3	16	1.58825602255254	0.290941931951894	0.345163576945381
GO:0055074	calcium ion homeostasis	0.00711318687696257	48	0.98568948570278	0.559242020101728	0.826898806006162	52613	28	142	1.67027863404586	0.00437315155006459	0.0134759918466322
GO:0036294	cellular response to decreased oxygen levels	0.00103160911647408	7	0.991165036443585	0.5596250346568	0.826959657199022	13907	6	25	2.03296770886725	0.0663852958733439	0.110216905091022
GO:0050920	regulation of chemotaxis	0.00356775308070696	24	0.982606328949152	0.56148504446111	0.829201662119308	60694	9	47	1.62204870388344	0.0961852482379462	0.148862517906329
GO:0061009	common bile duct development	0.00118433290649542	8	0.986686749422017	0.562092605916444	0.829592442777229	25800	5	24	1.76472891394726	0.14539348340424	0.200631395524733
GO:0071577	zinc ion transmembrane transport	0.000732896802935474	5	0.99652978177064	0.562621746040165	0.829867075409244	25797	5	20	2.11767469673672	0.0781543156500255	0.125785289126688
GO:0030537	larval behavior	0.00118719045961358	8	0.984311806316115	0.564782967914699	0.832197661231952	43299	7	23	2.5780387612447	0.0140521520718862	0.0332930028030291
GO:0016042	lipid catabolic process	0.00919504615751024	62	0.984919829044593	0.564889855205814	0.832197661231952	33722	37	214	1.46456007064035	0.011252318290993	0.0279746741479056
GO:1904263	positive regulation of TORC1 signaling	0.00103798960464418	7	0.985072377363619	0.566056210570596	0.833408383061639	766	5	26	1.62898053595132	0.185884881515551	0.244910418510957
GO:0003318	cell migration to the midline involved in heart development	0.00178939838212769	12	0.979574138505153	0.566826575187401	0.833669062490019	103820	3	21	1.21009982670669	0.458534849531549	0.502808613334913
GO:0071453	cellular response to oxygen levels	0.0010388523924214	7	0.984254254969074	0.566922533193915	0.833669062490019	13907	6	26	1.95477664314158	0.0780402551269028	0.125785289126688
GO:0048753	pigment granule organization	0.000892040424249564	6	0.982493803512238	0.571413730286902	0.839461710354237	22701	4	18	1.88237750821041	0.154954704362575	0.211105044235298
GO:0042775	mitochondrial ATP synthesis coupled electron transport	0.00209507995021557	14	0.976091520918191	0.571555782122128	0.839461710354237	65647	8	51	1.32873706461912	0.249849990185228	0.309307638821938
GO:0016073	snRNA metabolic process	0.00180140286614483	12	0.973046291619659	0.575978807300437	0.845444620667328	15184	10	43	1.96992995045276	0.0256149932645846	0.0521571285412712
GO:0000018	regulation of DNA recombination	0.000898661802767065	6	0.975254747235313	0.578534083737312	0.848680381176808	39183	4	39	0.868789619174037	0.691493198752175	0.715756118006638
GO:0009451	RNA modification	0.00538530940473203	36	0.976461098265795	0.57918187946878	0.84911573723332	22496	24	119	1.70837622593886	0.00592673268937941	0.0171697800905495
GO:0034599	cellular response to oxidative stress	0.00165654010811929	11	0.969960022411727	0.580222507295428	0.849650690085725	43909	9	36	2.11767469673672	0.021368559878932	0.0461935177364937
GO:0003094	glomerular filtration	0.0022574165765356	15	0.970605291040977	0.580249251765861	0.849650690085725	45735	8	32	2.11767469673672	0.0292443626889544	0.0581760800531092
GO:0061158	3'-UTR-mediated mRNA destabilization	0.000900871229706971	6	0.972862891395368	0.580896684038652	0.850084137138233	18942	4	10	3.38827951477875	0.0226374512719993	0.0476271036563085
GO:0010565	regulation of ketone metabolic process	0.00181010459855076	12	0.968368557274892	0.582562635413318	0.851627105674152	52976	7	33	1.79681489420085	0.0867949832389124	0.137586542893138
GO:0071214	cellular response to abiotic stimulus	0.00420386373125429	28	0.972909640170933	0.583007229018766	0.851627105674152	37295	17	81	1.7778009799765	0.0126473615623898	0.031028364725579
GO:0104004	cellular response to environmental stimulus	0.00420386373125429	28	0.972909640170933	0.583007229018766	0.851627105674152	37295	17	81	1.7778009799765	0.0126473615623898	0.031028364725579
GO:0043467	regulation of generation of precursor metabolites and energy	0.0016619349475327	11	0.966811416284814	0.584471036394101	0.853250112877085	41786	5	32	1.32354668546045	0.324738809865298	0.380664364007503
GO:0048511	rhythmic process	0.00969891076825588	65	0.978934192821048	0.585109140507569	0.853666472188063	41619	34	140	2.05716970540138	2.97624947028338e-05	0.000199433447884086
GO:0001838	embryonic epithelial tube formation	0.00331457456466873	22	0.969522723986691	0.586080164960595	0.854567763134225	39285	11	42	2.21851634896227	0.00804201013993732	0.0217116322862817
GO:1904951	positive regulation of establishment of protein localization	0.000907356632870782	6	0.965909277077427	0.58779249483723	0.8565482198863	17056	3	23	1.10487375481916	0.521118519403008	0.558538762295912
GO:0008088	axo-dendritic transport	0.00181759359645704	12	0.96437860588418	0.588193773050952	0.856616939801477	41727	9	34	2.24224379654476	0.0147668409831798	0.0345798531832643
GO:0051129	negative regulation of cellular component organization	0.00956644247432278	64	0.977220603274447	0.590228059044661	0.858660204544993	35431	34	168	1.71430808783448	0.00115411174705358	0.0045174697671887
GO:0006891	intra-Golgi vesicle-mediated transport	0.000909735166215023	6	0.963383874621458	0.590306705315553	0.858660204544993	2449	5	25	1.69413975738937	0.165145530286965	0.221445142884793
GO:0022900	electron transport chain	0.0031748975062994	21	0.966168090935349	0.591665121671898	0.859694054328708	58974	12	67	1.51714008124421	0.0917635102425317	0.142841654618201
GO:0048588	developmental cell growth	0.00823685751995673	55	0.975358427958914	0.591728234996816	0.859694054328708	61949	30	104	2.44347080392698	2.21356981810081e-06	2.00547767415201e-05
GO:0086002	cardiac muscle cell action potential involved in contraction	0.000758359395816804	5	0.96307040582394	0.592556652056184	0.859785558396728	5595	2	14	1.21009982670669	0.504948630440114	0.543687634622304
GO:0000245	spliceosomal complex assembly	0.00227598514996183	15	0.962686629702224	0.592739939506181	0.859785558396728	128260	8	37	1.83150244042094	0.0634570578968336	0.106525068044719
GO:0060837	blood vessel endothelial cell differentiation	0.00106507423854668	7	0.960022175468989	0.59285750781552	0.859785558396728	116823	4	16	2.11767469673672	0.110959548108861	0.163366492316089
GO:0007168	receptor guanylyl cyclase signaling pathway	0.000759223564054468	5	0.961974213747257	0.593552504584156	0.859932339724491	136688	3	16	1.58825602255254	0.290941931951894	0.345163576945381
GO:0046854	phosphatidylinositol phosphate biosynthetic process	0.00167409128219862	11	0.959790960912894	0.593974298338575	0.859932339724491	45051	7	43	1.37895096531693	0.239905661577038	0.298064609838138
GO:0017004	cytochrome complex assembly	0.000913267074259853	6	0.959658148212464	0.594025192095752	0.859932339724491	7468	4	28	1.21009982670669	0.424994586970324	0.473325002707741
GO:0031110	regulation of microtubule polymerization or depolymerization	0.00197959131973817	13	0.95924803160096	0.596294504070771	0.861992670478684	23391	10	43	1.96992995045276	0.0256149932645846	0.0521571285412712
GO:0048670	regulation of collateral sprouting	0.00137383561388413	9	0.956909451666259	0.596545228102323	0.861992670478684	57626	5	14	3.02524956676674	0.0182935325119236	0.0405610038004978
GO:0031128	developmental induction	0.000762114248223268	5	0.958325464708704	0.596873800352127	0.861992670478684	41124	3	15	1.69413975738937	0.257195234981325	0.313228819434782
GO:0060061	Spemann organizer formation	0.000762114248223268	5	0.958325464708704	0.596873800352127	0.861992670478684	41124	3	15	1.69413975738937	0.257195234981325	0.313228819434782
GO:0010454	negative regulation of cell fate commitment	0.00106967531320504	7	0.95589276007678	0.597326473258138	0.862131705734746	27512	4	16	2.11767469673672	0.110959548108861	0.163366492316089
GO:0030641	regulation of cellular pH	0.00228564354145514	15	0.958618626889709	0.599174189220724	0.864282864475213	14665	11	45	2.07061525903146	0.0137033767053269	0.0328202655942434
GO:0022904	respiratory electron transport chain	0.00289136887717943	19	0.959871736894462	0.601268771176664	0.866787340569935	62955	11	61	1.52750305994124	0.0996097908244415	0.153573029958141
GO:0072525	pyridine-containing compound biosynthetic process	0.000766428877339592	5	0.952930549309248	0.601802655614983	0.866935961631309	22568	4	23	1.47316500642554	0.284849328174485	0.342054118522099
GO:0071711	basement membrane organization	0.00153260927179934	10	0.953085048522803	0.602088638090368	0.866935961631309	96800	4	21	1.61346643560893	0.230423433081552	0.287316641558905
GO:2000050	regulation of non-canonical Wnt signaling pathway	0.00153474484410552	10	0.951758846292593	0.603811048899779	0.868898826465536	102062	6	17	2.98965839539301	0.0105090011967078	0.0266749988403319
GO:0007173	epidermal growth factor receptor signaling pathway	0.0024464437153015	16	0.955317776930329	0.605613479215672	0.870477362136002	105129	6	41	1.23961445662637	0.3539536243836	0.407332929297777
GO:0043524	negative regulation of neuron apoptotic process	0.00168945235578425	11	0.951064216102997	0.605838918871891	0.870477362136002	25293	6	33	1.54012705217216	0.187677168752418	0.246332648514432
GO:0048668	collateral sprouting	0.00153744985634466	10	0.95008430756386	0.605987547679631	0.870477362136002	52893	6	16	3.17651204510507	0.00754307160421367	0.0205944584769671
GO:0030183	B cell differentiation	0.000770564046598254	5	0.947816725052147	0.6064941467881	0.870688036249504	3552	3	16	1.58825602255254	0.290941931951894	0.345163576945381
GO:0070371	ERK1 and ERK2 cascade	0.00335261660334193	22	0.958521579112658	0.607067559312105	0.870994321456691	41163	12	52	1.95477664314158	0.0162458840215445	0.0373918110828888
GO:0071910	determination of liver left/right asymmetry	0.00108033384828971	7	0.94646195631497	0.607580953910083	0.8712141834668	2464	5	24	1.76472891394726	0.14539348340424	0.200631395524733
GO:0019220	regulation of phosphate metabolic process	0.00410590004610779	27	0.960546727293802	0.608485705770686	0.871328874730761	46659	14	83	1.42879256647297	0.107220312583025	0.161196977090328
GO:0051174	regulation of phosphorus metabolic process	0.00410590004610779	27	0.960546727293802	0.608485705770686	0.871328874730761	46659	14	83	1.42879256647297	0.107220312583025	0.161196977090328
GO:0032456	endocytic recycling	0.00380637947297949	25	0.959380818799438	0.608741545388584	0.871328874730761	67200	19	58	2.77488408537915	2.18847176953091e-05	0.000152417159057819
GO:0034728	nucleosome organization	0.00169645060000284	11	0.947140860096143	0.61118903618029	0.873566197907454	46643	5	45	0.941188754105207	0.626190677947138	0.654321922226405
GO:0032506	cytokinetic process	0.00200071098406408	13	0.949122133060855	0.611255688806557	0.873566197907454	146725	4	29	1.16837224647543	0.452527250281488	0.498027032953103
GO:0034472	snRNA 3'-end processing	0.00092999342322416	6	0.94239826585997	0.61138800043709	0.873566197907454	26402	4	20	1.69413975738937	0.20425454757123	0.262814760944045
GO:0072665	protein localization to vacuole	0.00139380328396989	9	0.943200736489176	0.613460794528745	0.876010426189512	24514	5	37	1.14468902526309	0.447038758305749	0.493333374243434
GO:0051153	regulation of striated muscle cell differentiation	0.00185323708510957	12	0.94583061859655	0.614522947341739	0.876494609247969	26461	7	31	1.9127384357622	0.06557786729501	0.109477474800986
GO:0001706	endoderm formation	0.00336633354853929	22	0.954615849694703	0.614524537943181	0.876494609247969	28492	15	52	2.44347080392698	0.000733359006012354	0.0030998985591362
GO:0014029	neural crest formation	0.00215932105741674	14	0.947052207927618	0.615903213258223	0.877926117709799	32660	6	23	2.20974750963831	0.0463254984219991	0.0823980740314822
GO:0033559	unsaturated fatty acid metabolic process	0.000934754631293973	6	0.937598124648389	0.616254050380834	0.877926117709799	7723	3	36	0.705891565578905	0.814286245683277	0.824511690375826
GO:0098703	calcium ion import across plasma membrane	0.00185670204082289	12	0.94406552051744	0.617038861579873	0.878010003624537	73016	7	22	2.69522234130128	0.0108612213786265	0.0271893814164343
GO:1902656	calcium ion import into cytosol	0.00185670204082289	12	0.94406552051744	0.617038861579873	0.878010003624537	73016	7	22	2.69522234130128	0.0108612213786265	0.0271893814164343
GO:0042274	ribosomal small subunit biogenesis	0.00216266798376214	14	0.945586558087248	0.618154227877423	0.879079998374771	31224	9	69	1.10487375481916	0.428924816903788	0.475949143160672
GO:0051321	meiotic cell cycle	0.00397826060280624	26	0.954647905918331	0.619637309594141	0.879568036952708	22549	20	115	1.47316500642554	0.0487845991755593	0.0856385670578214
GO:0140374	antiviral innate immune response	0.000938439770448037	6	0.933916290535296	0.619996624116888	0.879568036952708	24605	5	12	3.52945782789453	0.00885286394535751	0.0229998964836052
GO:0048895	lateral line nerve glial cell differentiation	0.000782795616358353	5	0.933006618620794	0.62018277264936	0.879568036952708	34706	4	13	2.60636885752211	0.0578259971785515	0.0981621664385375
GO:0048937	lateral line nerve glial cell development	0.000782795616358353	5	0.933006618620794	0.62018277264936	0.879568036952708	34706	4	13	2.60636885752211	0.0578259971785515	0.0981621664385375
GO:0000041	transition metal ion transport	0.00247000127277072	16	0.946206464446604	0.620530001665099	0.879568036952708	23293	14	67	1.76999676145158	0.0231071002094918	0.0485208987905909
GO:0030488	tRNA methylation	0.00109416606193411	7	0.934496986424657	0.620679057080725	0.879568036952708	35394	3	29	0.876279184856572	0.68193515732603	0.706769985249215
GO:0097205	renal filtration	0.00277902079421111	18	0.946114751426051	0.624052083766942	0.883830205288192	46052	10	38	2.22913125972286	0.0108802485370436	0.0271893814164343
GO:1903034	regulation of response to wounding	0.0020204964333713	13	0.939827977654354	0.625030894501799	0.88425294850237	20582	9	41	1.85942168493956	0.0465936029961256	0.0826925353247453
GO:0051147	regulation of muscle cell differentiation	0.00217302764916078	14	0.941078580312082	0.62508166264533	0.88425294850237	23688	9	36	2.11767469673672	0.021368559878932	0.0461935177364937
GO:0009064	glutamine family amino acid metabolic process	0.00247934975089446	16	0.942638758668011	0.626375569709799	0.885565460624198	26446	12	58	1.75255836971314	0.0362844388904012	0.0687868790563327
GO:0051961	negative regulation of nervous system development	0.00232906730516754	15	0.940745880725611	0.627532434211027	0.886682802778314	39075	8	29	2.33674449295086	0.0164098778853405	0.0376617595869437
GO:0032007	negative regulation of TOR signaling	0.00171993913444989	11	0.934206128701888	0.628882441071389	0.888071584910502	14705	7	39	1.52038183355457	0.170351201313921	0.227668262971478
GO:0006418	tRNA aminoacylation for protein translation	0.00141296959676818	9	0.930406632222196	0.629350044206299	0.888213393777735	60317	2	41	0.413204818875457	0.962449671575159	0.965242850555684
GO:0090090	negative regulation of canonical Wnt signaling pathway	0.00430439300213513	28	0.950187296576654	0.63173321733363	0.891056940367376	43167	19	62	2.59585930567726	6.2036013927509e-05	0.000368710362876276
GO:0060048	cardiac muscle contraction	0.0024892400597423	16	0.938893443539132	0.632512687517617	0.89163647500298	6418	8	63	1.07564429040595	0.470188000473199	0.512566369150369
GO:0003401	axis elongation	0.00325267471837982	21	0.94306530107155	0.634771577970569	0.894299619750033	46712	10	53	1.59824505414092	0.089153501782619	0.14114026231162
GO:0031348	negative regulation of defense response	0.00188890404158964	12	0.927971109183561	0.640027897835402	0.901180142528427	31714	7	45	1.31766425574729	0.277639262612881	0.33580468813028
GO:0032943	mononuclear cell proliferation	0.00173762766434336	11	0.924696189735508	0.641928235754335	0.902328562619451	40960	4	44	0.770063526086079	0.779042290330789	0.79280744649145
GO:0046651	lymphocyte proliferation	0.00173762766434336	11	0.924696189735508	0.641928235754335	0.902328562619451	40960	4	44	0.770063526086079	0.779042290330789	0.79280744649145
GO:1990402	embryonic liver development	0.000802814363480533	5	0.90974143502279	0.641962569767704	0.902328562619451	5143	4	10	3.38827951477875	0.0226374512719993	0.0476271036563085
GO:0048639	positive regulation of developmental growth	0.00204709514519768	13	0.927616423344024	0.643161414412648	0.903488653579673	78603	5	20	2.11767469673672	0.0781543156500255	0.125785289126688
GO:0060348	bone development	0.00463357897996516	30	0.945731359168733	0.644388014781308	0.904086281782686	27998	20	82	2.06602409437728	0.00113886454671595	0.00449414900245658
GO:0030516	regulation of axon extension	0.00342282060942903	22	0.9388617539412	0.644557405208058	0.904086281782686	70565	12	38	2.67495751166743	0.00101557496979007	0.00408085689688069
GO:0099054	presynapse assembly	0.00189647241597142	12	0.924267795225168	0.64532461074815	0.904086281782686	42256	7	17	3.48793479462518	0.0021055340179743	0.00739228851883867
GO:0099172	presynapse organization	0.00189647241597142	12	0.924267795225168	0.64532461074815	0.904086281782686	42256	7	17	3.48793479462518	0.0021055340179743	0.00739228851883867
GO:1903046	meiotic cell cycle process	0.00312048389699588	20	0.936205428642405	0.645455563720008	0.904086281782686	19953	14	91	1.30318442876106	0.182433850693979	0.241283479950101
GO:0032103	positive regulation of response to external stimulus	0.00599521477467939	39	0.950217372455053	0.646627685283047	0.905203918228987	52371	26	119	1.85074091143377	0.00134212170062306	0.00502568482013497
GO:0051962	positive regulation of nervous system development	0.00914910995579057	60	0.957933824757376	0.648135072764312	0.906789323896397	49517	27	80	2.85886084059457	2.25571242197383e-07	2.87187807829194e-06
GO:0043543	protein acylation	0.00128293436436684	8	0.910853756980945	0.650220716852508	0.909181453217466	9597	8	30	2.2588530098525	0.0201179613676507	0.0439614711367182
GO:0044782	cilium organization	0.0151247732692079	100	0.965771159791985	0.650604940543495	0.909193154924733	18056	59	378	1.32214610695731	0.0157071576385407	0.0363942665973466
GO:0009581	detection of external stimulus	0.0051047266781986	33	0.944288175462702	0.652296918326915	0.910505623446513	41543	20	91	1.86169204108722	0.00423742087731541	0.0131078274964527
GO:0009582	detection of abiotic stimulus	0.0051047266781986	33	0.944288175462702	0.652296918326915	0.910505623446513	41543	20	91	1.86169204108722	0.00423742087731541	0.0131078274964527
GO:0070661	leukocyte proliferation	0.00175297976493611	11	0.91659796224509	0.653048894301717	0.911029570539708	40960	4	45	0.752951003284166	0.793954642758462	0.80628727155026
GO:1902036	regulation of hematopoietic stem cell differentiation	0.0019087226219475	12	0.918335832802561	0.653809067233462	0.911032551900756	15126	8	31	2.18598678372822	0.0243840435290303	0.0504576572255983
GO:0051453	regulation of intracellular pH	0.00221724655808866	14	0.922310497040066	0.653938809102355	0.911032551900756	15358	10	42	2.01683304451116	0.0219086246808813	0.0469415085058032
GO:0042219	modified amino acid catabolic process	0.00113081452578955	7	0.904210959628099	0.654180877491365	0.911032551900756	27531	6	23	2.20974750963831	0.0463254984219991	0.0823980740314822
GO:0036342	post-anal tail morphogenesis	0.00160001922594869	10	0.912930893885533	0.654618215966913	0.911117068138068	27089	6	22	2.31019057825824	0.0379063645915348	0.0713774771192409
GO:0006954	inflammatory response	0.00872306051978756	57	0.954484928716877	0.655620602432464	0.911987485499787	41762	35	212	1.3984644223733	0.025539654099326	0.0521571285412712
GO:0031623	receptor internalization	0.000976717177626867	6	0.8973162440299	0.657606951977441	0.914224837260592	7630	4	24	1.41178313115781	0.312740497128534	0.368494526329237
GO:0006790	sulfur compound metabolic process	0.00677771704319349	44	0.94827073491415	0.65807385412946	0.914348450970227	37471	29	187	1.3136377797939	0.0761530214003886	0.12400769216738
GO:0006874	intracellular calcium ion homeostasis	0.0064807993282315	42	0.946637754764041	0.659658184110719	0.916023620759948	51137	25	130	1.62898053595132	0.00937138314587476	0.0241420402874026
GO:0032836	glomerular basement membrane development	0.00129942120344419	8	0.899296996729118	0.663911275341236	0.921400674154016	54010	7	15	3.95299276724187	0.000862939058951919	0.00354405701800457
GO:0090066	regulation of anatomical structure size	0.0150384185661615	99	0.961603712515028	0.666114452742369	0.923928246091623	32599	55	236	1.97410353085626	5.42498282889924e-07	6.33962969232235e-06
GO:0042558	pteridine-containing compound metabolic process	0.000987186589630771	6	0.887799934190178	0.667480275267236	0.925292140900541	12922	5	28	1.51262478338337	0.22988466641012	0.287316641558905
GO:0070286	axonemal dynein complex assembly	0.00114817519632767	7	0.890539083927188	0.669415556049222	0.927443430746316	34564	4	32	1.05883734836836	0.532069523669242	0.568457584606959
GO:0006446	regulation of translational initiation	0.00130700545312107	8	0.894078584716701	0.670100309463852	0.927860703258762	86364	4	33	1.02675136811477	0.557290961013803	0.588427252157306
GO:0050673	epithelial cell proliferation	0.00424091874071036	27	0.929965673245535	0.672525489526452	0.930245343901642	77659	15	80	1.58825602255254	0.0462269998297865	0.0823980740314822
GO:0045637	regulation of myeloid cell differentiation	0.00271015445429382	17	0.916258431607353	0.672591610782957	0.930245343901642	39340	10	52	1.62898053595132	0.0804375597436285	0.129030807042332
GO:0007606	sensory perception of chemical stimulus	0.00286649505067728	18	0.917243016799086	0.673926040991622	0.931558338947848	89128	10	173	0.489635768031611	0.997519107950057	0.998757749226486
GO:0015804	neutral amino acid transport	0.00162763878827307	10	0.897439279957925	0.674969563651185	0.932467946586075	17330	7	43	1.37895096531693	0.239905661577038	0.298064609838138
GO:0050885	neuromuscular process controlling balance	0.00099607261350592	6	0.87987981741897	0.675717287486145	0.932968104126133	117164	3	11	2.31019057825824	0.131674676161841	0.1847483736185
GO:0044804	nucleophagy	0.000842977479625256	5	0.866397393456305	0.683234124385757	0.942808526462719	24530	4	23	1.47316500642554	0.284849328174485	0.342054118522099
GO:0051402	neuron apoptotic process	0.0041174344833439	26	0.92237974132427	0.685744586868611	0.945733270031454	24573	17	93	1.54840730514082	0.0439256908499706	0.0791382029323115
GO:0042073	intraciliary transport	0.00100970949199756	6	0.86799638535016	0.68809982727197	0.948311588707053	10360	4	32	1.05883734836836	0.532069523669242	0.568457584606959
GO:0048936	peripheral nervous system neuron axonogenesis	0.000848241865526745	5	0.861020330134436	0.688398160301606	0.948311588707053	10462	1	16	0.529418674184179	0.866053593844901	0.874323591705588
GO:0070121	Kupffer's vesicle development	0.00427826226639912	27	0.921848312773909	0.68924078755263	0.948931966471151	30093	16	79	1.71558456444493	0.0210585107099621	0.0457686769159014
GO:0007608	sensory perception of smell	0.0019627075982833	12	0.893076676397643	0.689836534697022	0.948950373516484	101323	5	150	0.282356626231562	0.999948239952209	0.999948239952209
GO:0040008	regulation of growth	0.00807817704312145	52	0.940271086754709	0.690422566303463	0.948950373516484	42857	34	119	2.42019965341339	6.16913551652608e-07	6.97342935255916e-06
GO:0051952	regulation of amine transport	0.00085033050217784	5	0.858905436438101	0.690431028271605	0.948950373516484	6078	4	15	2.2588530098525	0.091389644457767	0.142395439047276
GO:0001819	positive regulation of cytokine production	0.00196535877256514	12	0.89187195899478	0.691546756593251	0.949202149184016	34400	9	43	1.77293695540748	0.0606611018359359	0.102269891069481
GO:0060560	developmental growth involved in morphogenesis	0.0118464882486793	77	0.94943273708435	0.691637284542343	0.949202149184016	57799	41	161	2.15713447369454	1.32800667406341e-06	1.361206840915e-05
GO:0006282	regulation of DNA repair	0.0024341265569939	15	0.900142380425356	0.691791396862927	0.949202149184016	90058	7	49	1.21009982670669	0.356671178856862	0.4099712974693
GO:0042445	hormone metabolic process	0.0042886992375826	27	0.919604904285002	0.693828475426219	0.951457529510218	32571	16	78	1.73757923834807	0.0187933682218256	0.0413283252078147
GO:0007156	homophilic cell adhesion via plasma membrane adhesion molecules	0.0144085317215239	94	0.95295245191256	0.694748339816277	0.952013873490966	52442	40	161	2.10452143775077	3.44117512922135e-06	3.02698277730416e-05
GO:0036465	synaptic vesicle recycling	0.00197077224819453	12	0.889422093405806	0.695021290031024	0.952013873490966	36786	7	36	1.64708031968411	0.12502375431868	0.180664552984998
GO:0042098	T cell proliferation	0.00149887288924958	9	0.877083235937116	0.696000503159405	0.952815629395926	49933	3	39	0.651592214380528	0.854822269847175	0.863388338522053
GO:0043112	receptor metabolic process	0.00118400849829119	7	0.863587456510042	0.69951539530741	0.957085826498091	115586	3	16	1.58825602255254	0.290941931951894	0.345163576945381
GO:0048168	regulation of neuronal synaptic plasticity	0.0019785780617726	12	0.885913177994543	0.699989490304082	0.957193090472343	16196	9	19	4.01243626750115	0.000134176799991557	0.000722881245388809
GO:0055080	monoatomic cation homeostasis	0.013384806414643	87	0.949445987583194	0.701119985486282	0.957834068476035	41155	56	282	1.68212458180505	6.60608044122834e-05	0.000388810427915605
GO:0016485	protein processing	0.00507214505080987	32	0.921555337268531	0.701475722714341	0.957834068476035	30689	19	101	1.59349779160387	0.0265351744588169	0.0538946994255903
GO:2000241	regulation of reproductive process	0.0026072390575363	16	0.896400797898243	0.701646122091581	0.957834068476035	37160	11	76	1.22602219284757	0.282570404358686	0.341257018544014
GO:0061709	reticulophagy	0.0010270328901037	6	0.853355523228796	0.703373990200835	0.959651259050097	43338	5	18	2.35297188526302	0.0525727374185885	0.091163764742341
GO:0009311	oligosaccharide metabolic process	0.00135313906068416	8	0.86359607796161	0.706226604990616	0.963000088766799	23972	6	33	1.54012705217216	0.187677168752418	0.246332648514432
GO:0015909	long-chain fatty acid transport	0.001192896592857	7	0.857152995195227	0.70669535208643	0.963096369970183	43263	5	25	1.69413975738937	0.165145530286965	0.221445142884793
GO:0042446	hormone biosynthetic process	0.00167709723481446	10	0.87097334123324	0.70958127881702	0.966484861181515	58700	7	29	2.044651431332	0.0478391520126878	0.0844692764370013
GO:0003157	endocardium development	0.00119737687722655	7	0.853945743376918	0.71027102447266	0.96687991457477	42650	4	15	2.2588530098525	0.091389644457767	0.142395439047276
GO:0009611	response to wounding	0.0110153413150553	71	0.941506874534962	0.710834204116762	0.967102328323087	50271	36	204	1.49482919769651	0.00898208543657984	0.0231885428720242
GO:0060271	cilium assembly	0.0144809030505074	94	0.948189873559372	0.711958684189015	0.968087721783714	18952	56	355	1.33622290723669	0.014954076787982	0.0348701387787776
GO:0048015	phosphatidylinositol-mediated signaling	0.00120539942309426	7	0.848262300392361	0.716600510594113	0.973852042206269	43783	6	19	2.67495751166743	0.0187410966317794	0.0412508760257273
GO:0061387	regulation of extent of cell growth	0.00434427174342848	27	0.907841195213031	0.717615856626327	0.974684310600272	65256	15	49	2.59307105722863	0.000363432508729543	0.0016587608275788
GO:0061640	cytoskeleton-dependent cytokinesis	0.00434869266799896	27	0.906918274751085	0.719460946998791	0.976641992587023	89447	13	80	1.37648855287887	0.145076642566015	0.200631395524733
GO:0001990	regulation of systemic arterial blood pressure by hormone	0.000885216118046861	5	0.825056702199614	0.723038874286965	0.980658163042305	12091	4	16	2.11767469673672	0.110959548108861	0.163366492316089
GO:0032101	regulation of response to external stimulus	0.0131745629793201	85	0.942422861996552	0.723230327766628	0.980658163042305	39479	52	265	1.66217485630655	0.000160447068939115	0.000834669805943484
GO:0006633	fatty acid biosynthetic process	0.00296500401769898	18	0.88676863580217	0.725479212248333	0.982925752530352	25742	13	79	1.39391245861151	0.135282933673185	0.188399203543715
GO:0043523	regulation of neuron apoptotic process	0.00358911984745227	22	0.895360282570602	0.725715334443658	0.982925752530352	26106	13	79	1.39391245861151	0.135282933673185	0.188399203543715
GO:0043039	tRNA aminoacylation	0.00154424793379894	9	0.851311667762675	0.72797886303991	0.985439770393701	60317	2	45	0.376475501642083	0.975415661776344	0.977841063338987
GO:0045927	positive regulation of growth	0.0021839256941324	13	0.86949802455965	0.728591928015738	0.985661459164722	78603	5	24	1.76472891394726	0.14539348340424	0.200631395524733
GO:0032233	positive regulation of actin filament bundle assembly	0.00105746376012138	6	0.828798321378909	0.728957565293794	0.985661459164722	11926	5	23	1.84145625803193	0.126731089827441	0.181828295547201
GO:0030325	adrenal gland development	0.000892811411407288	5	0.818037809282111	0.729800878214079	0.986250460558579	2560	3	12	2.11767469673672	0.160887990270784	0.217180830616645
GO:0038061	non-canonical NF-kappaB signal transduction	0.0021890541046802	13	0.867461006456302	0.731521176971029	0.988023298209335	52876	7	38	1.560391881806	0.154512068252818	0.211105044235298
GO:0071824	protein-DNA complex organization	0.00329202543355352	20	0.887421444130607	0.732387757183415	0.988454372005704	35724	12	90	1.12942650492625	0.372944533144929	0.424342815464526
GO:0043038	amino acid activation	0.00155129380390283	9	0.84744506853183	0.732736620954002	0.988454372005704	60317	2	46	0.368291251606385	0.977906911890966	0.979932402594965
GO:0007200	phospholipase C-activating G protein-coupled receptor signaling pathway	0.00298040995624903	18	0.882184869370094	0.733066202306008	0.988454372005704	20156	11	62	1.50286591381315	0.108842854256823	0.162826755997065
GO:0048679	regulation of axon regeneration	0.00106663208815723	6	0.821674313981854	0.736352434446177	0.991314715594401	23193	4	16	2.11767469673672	0.110959548108861	0.163366492316089
GO:0070570	regulation of neuron projection regeneration	0.00106663208815723	6	0.821674313981854	0.736352434446177	0.991314715594401	23193	4	16	2.11767469673672	0.110959548108861	0.163366492316089
GO:0043647	inositol phosphate metabolic process	0.00106671284509318	6	0.821612108018694	0.736416925970707	0.991314715594401	13588	4	21	1.61346643560893	0.230423433081552	0.287316641558905
GO:0048368	lateral mesoderm development	0.00140194731035663	8	0.833530316803585	0.741526584298284	0.997025782265464	8803	5	28	1.51262478338337	0.22988466641012	0.287316641558905
GO:0030168	platelet activation	0.000906922478061284	5	0.805309724653593	0.742044184322894	0.997025782265464	10218	4	19	1.78330500777829	0.179034501186989	0.237046775244295
GO:0040001	establishment of mitotic spindle localization	0.00188820621883542	11	0.850954553781903	0.742208494358977	0.997025782265464	211163	4	29	1.16837224647543	0.452527250281488	0.498027032953103
GO:0097479	synaptic vesicle localization	0.0014030779074599	8	0.832858659900818	0.742308157858661	0.997025782265464	49513	5	37	1.14468902526309	0.447038758305749	0.493333374243434
GO:0051781	positive regulation of cell division	0.00221126433275652	13	0.858748114688771	0.743970572660541	0.998704115019894	16068	7	34	1.74396739731259	0.0987002457968883	0.152364961443952
GO:0001578	microtubule bundle formation	0.0028479533962297	17	0.871925036762314	0.745182248269551	0.99977585056242	29469	11	74	1.2591579277894	0.253556767847326	0.312457372095101
GO:0007007	inner mitochondrial membrane organization	0.00173761247927848	10	0.840640246084049	0.74860222807406	0.999999904388717	21099	7	36	1.64708031968411	0.12502375431868	0.180664552984998
GO:0046068	cGMP metabolic process	0.001083848500579	6	0.808622412486093	0.749847086854813	0.999999904388717	119275	4	24	1.41178313115781	0.312740497128534	0.368494526329237
GO:0098876	vesicle-mediated transport to the plasma membrane	0.00535542933843133	33	0.900083398841721	0.750193582438006	0.999999904388717	60678	26	91	2.42019965341339	1.23524851964368e-05	9.25219447253243e-05
GO:0050801	monoatomic ion homeostasis	0.0139046905786058	89	0.93495731299473	0.752357951781076	0.999999904388717	40468	58	300	1.63766843214306	0.000107039551625999	0.000600762587896266
GO:0055082	intracellular chemical homeostasis	0.0131497913068908	84	0.933089990856131	0.75274542861342	0.999999904388717	48469	54	275	1.66333721634593	0.000119431664518802	0.000658098397428203
GO:0021700	developmental maturation	0.00644280836659471	40	0.906875945435837	0.752762307852384	0.999999904388717	37164	24	113	1.79908646802411	0.00298040273352395	0.00983573562400333
GO:1901222	regulation of non-canonical NF-kappaB signal transduction	0.00174541139055433	10	0.836884066463818	0.753359405265773	0.999999904388717	59984	5	27	1.56864792350868	0.207502458087907	0.265300447206473
GO:0006164	purine nucleotide biosynthetic process	0.00505472294978201	31	0.895833795391564	0.753390348459777	0.999999904388717	35506	21	128	1.38972401973347	0.0742724038787386	0.121477312361507
GO:0009152	purine ribonucleotide biosynthetic process	0.00427871850857572	26	0.887611126101068	0.75385570159011	0.999999904388717	37902	17	104	1.38463345555862	0.102899867103134	0.157807715831767
GO:0086009	membrane repolarization	0.000922609340311596	5	0.79161727415747	0.755169189121922	0.999999904388717	5979	2	12	1.41178313115781	0.422816232191963	0.4717677424688
GO:0009309	amine biosynthetic process	0.000922850920889218	5	0.791410047449432	0.755367339475321	0.999999904388717	3875	4	17	1.99310559692867	0.1322031561528	0.1847483736185
GO:0042401	biogenic amine biosynthetic process	0.000922850920889218	5	0.791410047449432	0.755367339475321	0.999999904388717	3875	4	17	1.99310559692867	0.1322031561528	0.1847483736185
GO:0070593	dendrite self-avoidance	0.00092662095836056	5	0.788190127257512	0.758444047499361	0.999999904388717	164631	2	11	1.54012705217216	0.3791615252051	0.428394081957561
GO:0072576	liver morphogenesis	0.00109697805985763	6	0.798944136969678	0.759796008745863	0.999999904388717	10718	5	14	3.02524956676674	0.0182935325119236	0.0405610038004978
GO:0006940	regulation of smooth muscle contraction	0.000930018961742365	5	0.785310322836203	0.761192107084729	0.999999904388717	7974	4	13	2.60636885752211	0.0578259971785515	0.0981621664385375
GO:0043242	negative regulation of protein-containing complex disassembly	0.00351469301286835	21	0.872760338199013	0.761624827854989	0.999999904388717	40979	14	58	2.044651431332	0.00655975447720069	0.0183870754117595
GO:0000578	embryonic axis specification	0.00126647789541925	7	0.807353125722797	0.761690881770852	0.999999904388717	26436	5	32	1.32354668546045	0.324738809865298	0.380664364007503
GO:0007622	rhythmic behavior	0.00160213409134821	9	0.820553217774149	0.765393001844349	0.999999904388717	34171	4	27	1.25491833880694	0.397121741176009	0.446392886572847
GO:0048512	circadian behavior	0.00160213409134821	9	0.820553217774149	0.765393001844349	0.999999904388717	34171	4	27	1.25491833880694	0.397121741176009	0.446392886572847
GO:0032922	circadian regulation of gene expression	0.00192912720776366	11	0.83290395466454	0.765905237156328	0.999999904388717	54962	6	34	1.49482919769651	0.206743652242889	0.265300447206473
GO:0034314	Arp2/3 complex-mediated actin nucleation	0.00144169628836829	8	0.810549069988992	0.76802010447612	0.999999904388717	32458	5	32	1.32354668546045	0.324738809865298	0.380664364007503
GO:0008345	larval locomotory behavior	0.0011168380540288	6	0.784737040563827	0.774285761758659	0.999999904388717	43037	6	20	2.54120963608406	0.0241589181340045	0.0500346087039015
GO:0006939	smooth muscle contraction	0.00259473139568749	15	0.844426701318935	0.776368218232824	0.999999904388717	24610	10	33	2.56687842028693	0.003687181987309	0.0116744675750006
GO:0002757	immune response-activating signaling pathway	0.00402432449711693	24	0.871126759221832	0.776619209677646	0.999999904388717	45014	19	102	1.5778752642352	0.0291158201607868	0.0581760800531092
GO:0048469	cell maturation	0.0035556685299841	21	0.862702649785637	0.778545337465476	0.999999904388717	31346	13	77	1.430117977017	0.116831728336761	0.170250572799171
GO:0046470	phosphatidylcholine metabolic process	0.00112315435078828	6	0.780323905340806	0.778754021261926	0.999999904388717	15746	4	23	1.47316500642554	0.284849328174485	0.342054118522099
GO:0006906	vesicle fusion	0.00418888159406041	25	0.871776242285394	0.779324096759673	0.999999904388717	10981	19	96	1.6764924682499	0.0161331615766641	0.0372474587098202
GO:0040011	locomotion	0.0253685441820016	164	0.944303084003443	0.781494443973641	0.999999904388717	41473	86	434	1.67852556607703	1.0043569511803e-06	1.06093426415072e-05
GO:0032011	ARF protein signal transduction	0.00212342839565415	12	0.825480332749936	0.782921431983836	0.999999904388717	23486	8	25	2.710623611823	0.00634465309140733	0.017971564201539
GO:0032012	regulation of ARF protein signal transduction	0.00212342839565415	12	0.825480332749936	0.782921431983836	0.999999904388717	23486	8	25	2.710623611823	0.00634465309140733	0.017971564201539
GO:0048264	determination of ventral identity	0.00112981300173775	6	0.775724998702977	0.783391809897566	0.999999904388717	57126	5	21	2.01683304451116	0.0930367841523585	0.144081933972186
GO:0009791	post-embryonic development	0.000960571312279074	5	0.760332399847371	0.78484502203145	0.999999904388717	24220	3	11	2.31019057825824	0.131674676161841	0.1847483736185
GO:0016051	carbohydrate biosynthetic process	0.00309652462553758	18	0.849104362432259	0.78592949918362	0.999999904388717	18470	13	79	1.39391245861151	0.135282933673185	0.188399203543715
GO:0030513	positive regulation of BMP signaling pathway	0.00147046991562348	8	0.794688536860018	0.785938900054038	0.999999904388717	62255	6	24	2.11767469673672	0.0558139942356044	0.0960954107159622
GO:0001570	vasculogenesis	0.0037330438923762	22	0.860840497310386	0.786029297269424	0.999999904388717	33355	14	62	1.9127384357622	0.0120017983391234	0.0296854296342939
GO:0010212	response to ionizing radiation	0.00113417663719982	6	0.772740471423777	0.78639083622951	0.999999904388717	69529	3	29	0.876279184856572	0.68193515732603	0.706769985249215
GO:0015695	organic cation transport	0.00229390421674936	13	0.827810970906231	0.786883224751138	0.999999904388717	10874	9	57	1.33747875583372	0.225822684770712	0.285404950083778
GO:0009566	fertilization	0.00197000333172748	11	0.815621808613057	0.788019147285685	0.999999904388717	21797	11	64	1.45590135400649	0.12873287521498	0.184590886274473
GO:0001932	regulation of protein phosphorylation	0.0018063497461443	10	0.808651251119719	0.78838599881214	0.999999904388717	23349	8	45	1.50590200656833	0.155077992396083	0.211105044235298
GO:0090174	organelle membrane fusion	0.0042138230631243	25	0.866616229666954	0.788453515989787	0.999999904388717	10981	19	98	1.6422783362448	0.0198229446961766	0.0435133423049466
GO:0051937	catecholamine transport	0.000967499843245266	5	0.754887451598832	0.789947901360795	0.999999904388717	6078	4	16	2.11767469673672	0.110959548108861	0.163366492316089
GO:0042254	ribosome biogenesis	0.0084262863727117	52	0.901426318945335	0.791323640406063	0.999999904388717	20529	38	238	1.3524645122016	0.0330616165306618	0.0635739669218369
GO:0032231	regulation of actin filament bundle assembly	0.00114297914321814	6	0.766789310643055	0.792344088788379	0.999999904388717	11926	5	25	1.69413975738937	0.165145530286965	0.221445142884793
GO:1902600	proton transmembrane transport	0.00246939110925467	14	0.828135230335528	0.7931564361056	0.999999904388717	14492	10	74	1.14468902526309	0.375389239513773	0.426122276106906
GO:0038034	signal transduction in absence of ligand	0.0011448924613929	6	0.765507869832026	0.793621093664524	0.999999904388717	89407	4	16	2.11767469673672	0.110959548108861	0.163366492316089
GO:0097192	extrinsic apoptotic signaling pathway in absence of ligand	0.0011448924613929	6	0.765507869832026	0.793621093664524	0.999999904388717	89407	4	16	2.11767469673672	0.110959548108861	0.163366492316089
GO:0006182	cGMP biosynthetic process	0.000972628944023286	5	0.750906597606047	0.793664240175585	0.999999904388717	136688	3	20	1.27060481804203	0.425947504324407	0.473514252279752
GO:0051646	mitochondrion localization	0.000973439964533873	5	0.750280980542456	0.794247124532742	0.999999904388717	29804	4	22	1.54012705217216	0.25735050411413	0.313228819434782
GO:0000910	cytokinesis	0.00548792731226396	33	0.878352202373355	0.794305429862298	0.999999904388717	77877	18	104	1.46608248235619	0.0615570274666516	0.103551077497796
GO:0030837	negative regulation of actin filament polymerization	0.0031222184455432	18	0.842116787720609	0.79658483613191	0.999999904388717	40939	11	52	1.79187858954645	0.0379460254548755	0.0713774771192409
GO:0000423	mitophagy	0.00148847042957719	8	0.785078132909526	0.796616639958882	0.999999904388717	15538	7	37	1.60256463536833	0.13938931681711	0.193449660000339
GO:0030318	melanocyte differentiation	0.00312231093639292	18	0.84209184206374	0.796622509448815	0.999999904388717	33018	12	45	2.2588530098525	0.00492477593647031	0.0148356575221939
GO:1901342	regulation of vasculature development	0.00596713689948775	36	0.88125096246697	0.797430666076337	0.999999904388717	34122	20	98	1.72871403815242	0.00992765569872596	0.0254126974975853
GO:2001222	regulation of neuron migration	0.00166060487389533	9	0.791661101703053	0.799324071909183	0.999999904388717	105356	4	11	3.08025410434431	0.0323074438717932	0.0629661435519853
GO:0015837	amine transport	0.00098072810544561	5	0.744705374541948	0.799427273552713	0.999999904388717	6078	4	17	1.99310559692867	0.1322031561528	0.1847483736185
GO:0017015	regulation of transforming growth factor beta receptor signaling pathway	0.00182875807029427	10	0.79874260346768	0.800315483591554	0.999999904388717	19521	7	27	2.19610709291215	0.0334947419809207	0.0638988807979867
GO:1903844	regulation of cellular response to transforming growth factor beta stimulus	0.00182875807029427	10	0.79874260346768	0.800315483591554	0.999999904388717	19521	7	27	2.19610709291215	0.0334947419809207	0.0638988807979867
GO:0097009	energy homeostasis	0.00166466894944115	9	0.789728362749108	0.801539917561262	0.999999904388717	59575	6	22	2.31019057825824	0.0379063645915348	0.0713774771192409
GO:0003351	epithelial cilium movement involved in extracellular fluid movement	0.00132881258674788	7	0.769480134160986	0.802098609630346	0.999999904388717	28360	4	36	0.941188754105207	0.628258442879296	0.655067747122852
GO:0006858	extracellular transport	0.00132881258674788	7	0.769480134160986	0.802098609630346	0.999999904388717	28360	4	36	0.941188754105207	0.628258442879296	0.655067747122852
GO:0008285	negative regulation of cell population proliferation	0.00472917172429986	28	0.86484056586204	0.802862029902782	0.999999904388717	53140	12	89	1.14211669037486	0.358073874973655	0.4099712974693
GO:1901880	negative regulation of protein depolymerization	0.00330383596287833	19	0.840036641444786	0.804971633536658	0.999999904388717	43431	12	52	1.95477664314158	0.0162458840215445	0.0373918110828888
GO:0032465	regulation of cytokinesis	0.00116240360211937	6	0.753975802991038	0.805029057229342	0.999999904388717	25812	5	27	1.56864792350868	0.207502458087907	0.265300447206473
GO:0001966	thigmotaxis	0.00266044614441215	15	0.823568813024477	0.805916418005813	0.999999904388717	47637	9	40	1.90590722706304	0.0404502132679912	0.0754201849989578
GO:0050770	regulation of axonogenesis	0.00584091725975239	35	0.87528622821898	0.806314556729175	0.999999904388717	59494	19	61	2.63841437626214	4.83443901687704e-05	0.000299859179021168
GO:0006893	Golgi to plasma membrane transport	0.00150546665855821	8	0.77621485610491	0.80632734108914	0.999999904388717	40297	7	32	1.85296535964463	0.0757512485847056	0.123478618818331
GO:0007631	feeding behavior	0.00116483804411157	6	0.752400038561651	0.806575417683755	0.999999904388717	16328	5	27	1.56864792350868	0.207502458087907	0.265300447206473
GO:0006664	glycolipid metabolic process	0.002836824814364	16	0.823854599569616	0.811746912050754	0.999999904388717	22491	10	74	1.14468902526309	0.375389239513773	0.426122276106906
GO:1903509	liposaccharide metabolic process	0.002836824814364	16	0.823854599569616	0.811746912050754	0.999999904388717	22491	10	74	1.14468902526309	0.375389239513773	0.426122276106906
GO:0030042	actin filament depolymerization	0.00316482842782412	18	0.830778864600426	0.813423929090995	0.999999904388717	33715	11	51	1.82701346385128	0.0333556109209017	0.0638988807979867
GO:0030149	sphingolipid catabolic process	0.00100306257496185	5	0.728123558111483	0.814661502983743	0.999999904388717	31473	4	30	1.12942650492625	0.479611735775142	0.521195322929052
GO:0001525	angiogenesis	0.0231825712650314	148	0.932530869380482	0.815374999517153	0.999999904388717	35764	81	367	1.86955477314086	1.85339269566136e-08	3.11798885019016e-07
GO:0060828	regulation of canonical Wnt signaling pathway	0.00806136303491898	49	0.887872706101353	0.816026781411597	0.999999904388717	31733	33	133	2.10175233059584	2.42760523427924e-05	0.000165886357675748
GO:0006518	peptide metabolic process	0.00152836849731675	8	0.764583664080403	0.818849853782829	0.999999904388717	15816	6	37	1.37362683031571	0.267525344117921	0.325197893176507
GO:0055088	lipid homeostasis	0.00334311903549029	19	0.830165853108425	0.819718678919029	0.999999904388717	64784	10	78	1.08598702396755	0.441617938810719	0.488671929363445
GO:0009408	response to heat	0.00135907780151233	7	0.752344631328517	0.819729538873391	0.999999904388717	10049	5	33	1.28343921014346	0.349214102921169	0.402644859373836
GO:0019722	calcium-mediated signaling	0.0039939522966681	23	0.841178313976178	0.822411571440824	0.999999904388717	29956	17	89	1.61799864469772	0.0302377472200602	0.0598568825902828
GO:0042110	T cell activation	0.0059020978861502	35	0.866213088336723	0.823590407639945	0.999999904388717	29174	17	127	1.13387306596927	0.328652429382183	0.384434345587766
GO:0072657	protein localization to membrane	0.00980532839315869	60	0.893824412774505	0.824712149686278	0.999999904388717	66301	35	165	1.79681489420085	0.000402838715310758	0.00181803517227001
GO:0051054	positive regulation of DNA metabolic process	0.00221172126516334	12	0.792526800833467	0.824740516651071	0.999999904388717	111947	5	41	1.03301204718864	0.54068254812859	0.575918575043178
GO:0031333	negative regulation of protein-containing complex assembly	0.00352157184725857	20	0.829576703548722	0.825782815010135	0.999999904388717	43976	13	61	1.80523088902146	0.0240277068896583	0.0500346087039015
GO:0098771	inorganic ion homeostasis	0.0118195968792389	73	0.902159445779344	0.826282588579802	0.999999904388717	43186	46	255	1.52804762431198	0.00227902969982307	0.00783092733504545
GO:0051693	actin filament capping	0.00271061828900285	15	0.808324979639638	0.826504088925981	0.999999904388717	39680	9	42	1.81514974006004	0.053325869809374	0.0923373508009131
GO:0050863	regulation of T cell activation	0.00368853439652495	21	0.831626964212842	0.827726399789028	0.999999904388717	32075	10	79	1.07224035277808	0.458122128319458	0.502808613334913
GO:0009065	glutamine family amino acid catabolic process	0.00102439552042629	5	0.712960449871704	0.82833214989877	0.999999904388717	16025	4	21	1.61346643560893	0.230423433081552	0.287316641558905
GO:0051302	regulation of cell division	0.0033680549827124	19	0.824019584117875	0.828650969169807	0.999999904388717	22209	12	65	1.56382131451327	0.0764910453822982	0.124349354018669
GO:0050776	regulation of immune response	0.00997966881326563	61	0.892846522065944	0.828819083400879	0.999999904388717	57021	39	224	1.47480916379878	0.00845910784026048	0.0224124664464295
GO:0046466	membrane lipid catabolic process	0.00102625776156464	5	0.711666716143693	0.82948562152675	0.999999904388717	31473	4	31	1.09299339186411	0.506153184443749	0.543687634622304
GO:0050728	negative regulation of inflammatory response	0.00137783963940065	7	0.742100066137116	0.830028168120714	0.999999904388717	9108	4	29	1.16837224647543	0.452527250281488	0.498027032953103
GO:0050654	chondroitin sulfate proteoglycan metabolic process	0.00205806221319148	11	0.78072357098751	0.83044707373269	0.999999904388717	74796	4	25	1.3553118059115	0.340853824145976	0.394321090678679
GO:0045087	innate immune response	0.0135395187579333	84	0.906231518983449	0.831549047588394	0.999999904388717	51892	57	350	1.37951380244563	0.00758825602468577	0.0206711614005798
GO:1901655	cellular response to ketone	0.00103198253102406	5	0.70771885098185	0.832992049162224	0.999999904388717	12396	5	17	2.49138199616084	0.0419178219660594	0.0769925674532253
GO:0060536	cartilage morphogenesis	0.00338549433949581	19	0.81977489483977	0.834702105606009	0.999999904388717	44367	11	34	2.74052019577693	0.0013066379874805	0.00494641203711318
GO:0042074	cell migration involved in gastrulation	0.00673605405677684	40	0.867396235165199	0.835748406677662	0.999999904388717	83516	22	91	2.04786124519595	0.00075278003079363	0.00315593569235666
GO:0048878	chemical homeostasis	0.0212132491905329	134	0.922700402253275	0.837276609964467	0.999999904388717	46468	88	454	1.64189756222759	1.96391886365908e-06	1.84852907828456e-05
GO:0002253	activation of immune response	0.00500218331553062	29	0.846840265763199	0.83754715939052	0.999999904388717	43075	23	133	1.46485768496074	0.038828793907114	0.0728115135358983
GO:0043549	regulation of kinase activity	0.00139335739524663	7	0.733835332567047	0.838189953801868	0.999999904388717	16393	7	30	1.97649638362094	0.0562760361220469	0.0964789024657913
GO:0045859	regulation of protein kinase activity	0.00139335739524663	7	0.733835332567047	0.838189953801868	0.999999904388717	16393	7	30	1.97649638362094	0.0562760361220469	0.0964789024657913
GO:0032400	melanosome localization	0.00122385894014545	6	0.716115363101786	0.841197480150467	0.999999904388717	10125	4	33	1.02675136811477	0.557290961013803	0.588427252157306
GO:0030834	regulation of actin filament depolymerization	0.00274958109479191	15	0.796870649648864	0.841339151388423	0.999999904388717	39680	9	43	1.77293695540748	0.0606611018359359	0.102269891069481
GO:0030835	negative regulation of actin filament depolymerization	0.00274958109479191	15	0.796870649648864	0.841339151388423	0.999999904388717	39680	9	43	1.77293695540748	0.0606611018359359	0.102269891069481
GO:0045995	regulation of embryonic development	0.00104653603525021	5	0.697877059641879	0.841641099676688	0.999999904388717	23405	2	23	0.736582503212771	0.773245903533529	0.789565994363701
GO:0032272	negative regulation of protein polymerization	0.00324461490008014	18	0.810349655935419	0.842205013531237	0.999999904388717	40939	11	54	1.72551271585955	0.0484089629692098	0.0851645683072862
GO:0042273	ribosomal large subunit biogenesis	0.00208611593032536	11	0.770224538837931	0.842510628554927	0.999999904388717	47035	6	53	0.958947032484551	0.60694261551024	0.634757538659434
GO:0006383	transcription by RNA polymerase III	0.00174690159760314	9	0.752553140809533	0.842516343506961	0.999999904388717	87811	6	34	1.49482919769651	0.206743652242889	0.265300447206473
GO:0006892	post-Golgi vesicle-mediated transport	0.00292104739625537	16	0.800100393606444	0.843734862052127	0.999999904388717	22109	13	55	2.0021651678238	0.0103458000036885	0.0264550636457955
GO:0051058	negative regulation of small GTPase mediated signal transduction	0.00175170905109782	9	0.750487806829302	0.844690332383234	0.999999904388717	37385	6	33	1.54012705217216	0.187677168752418	0.246332648514432
GO:0009127	purine nucleoside monophosphate biosynthetic process	0.00105951788526138	5	0.689326250410119	0.849041413189668	0.999999904388717	16005	6	28	1.81514974006004	0.104544299805727	0.157807715831767
GO:0009168	purine ribonucleoside monophosphate biosynthetic process	0.00105951788526138	5	0.689326250410119	0.849041413189668	0.999999904388717	16005	6	28	1.81514974006004	0.104544299805727	0.157807715831767
GO:0007338	single fertilization	0.00159756338681961	8	0.731467430578672	0.852895827737813	0.999999904388717	26299	8	51	1.32873706461912	0.249849990185228	0.309307638821938
GO:0042113	B cell activation	0.00160316943668088	8	0.728909595583883	0.85541384303812	0.999999904388717	3026	5	38	1.11456562986143	0.471027156027434	0.513018771017723
GO:0007265	Ras protein signal transduction	0.00378396148560642	21	0.810654303497778	0.857789231004288	0.999999904388717	21705	15	59	2.15356748820683	0.00294079252936289	0.00971827476574976
GO:0090100	positive regulation of transmembrane receptor protein serine/threonine kinase signaling pathway	0.0017820198210569	9	0.737722593445529	0.857856405838566	0.999999904388717	61806	7	30	1.97649638362094	0.0562760361220469	0.0964789024657913
GO:0007623	circadian rhythm	0.00540059800414437	31	0.838461155835181	0.858289612694802	0.999999904388717	32755	19	94	1.71216252076586	0.0130024587802092	0.0314891116955316
GO:0001841	neural tube formation	0.00296410740864089	16	0.788477220722115	0.858413213265323	0.999999904388717	33987	9	37	2.06044024547356	0.0253623386671434	0.0518911957654312
GO:0051960	regulation of nervous system development	0.0147835869487421	91	0.899134532364849	0.858893742481987	0.999999904388717	51795	44	167	2.23180087799798	1.98744559432704e-07	2.58474779176189e-06
GO:0019751	polyol metabolic process	0.00247175445753404	13	0.768247457204005	0.861297478205357	0.999999904388717	14703	9	65	1.17286598588495	0.358814586695583	0.4099712974693
GO:0000209	protein polyubiquitination	0.00621436425055383	36	0.846191971347206	0.861933435751233	0.999999904388717	18178	26	141	1.56197282596183	0.0139318855954622	0.033235928259786
GO:0001510	RNA methylation	0.00230786481321501	12	0.759510855479188	0.863048007898458	0.999999904388717	26262	7	54	1.09805354645608	0.457373185462334	0.502808613334913
GO:0007019	microtubule depolymerization	0.00144488584222312	7	0.707664825583963	0.863064821225395	0.999999904388717	39926	6	27	1.88237750821041	0.0907675445971834	0.142395439047276
GO:0014866	skeletal myofibril assembly	0.00179561528573523	9	0.732136941807747	0.863464544134869	0.999999904388717	51099	5	24	1.76472891394726	0.14539348340424	0.200631395524733
GO:0010638	positive regulation of organelle organization	0.00669943251190006	39	0.850334296282638	0.863692309432966	0.999999904388717	27646	27	137	1.66940779012821	0.00510167755853131	0.0152923891128714
GO:1902622	regulation of neutrophil migration	0.00108769515360496	5	0.671468920927955	0.864117917207873	0.999999904388717	11117	4	23	1.47316500642554	0.284849328174485	0.342054118522099
GO:1902904	negative regulation of supramolecular fiber organization	0.00397529951515482	22	0.808380688937716	0.865755843796832	0.999999904388717	43950	14	69	1.71869250749647	0.0292249331692116	0.0581760800531092
GO:0006694	steroid biosynthetic process	0.00316122749675712	17	0.785518243230606	0.868257144607968	0.999999904388717	31506	11	76	1.22602219284757	0.282570404358686	0.341257018544014
GO:0006470	protein dephosphorylation	0.00703875383030665	41	0.850846438349518	0.868279066174403	0.999999904388717	38578	31	126	2.08406081266153	5.0107282419891e-05	0.000309207949422745
GO:0031109	microtubule polymerization or depolymerization	0.00282818589290824	15	0.774722934147719	0.868309246930716	0.999999904388717	23601	12	69	1.47316500642554	0.108770779043512	0.162826755997065
GO:2001242	regulation of intrinsic apoptotic signaling pathway	0.00181089629261514	9	0.725958901855695	0.869553774643113	0.999999904388717	8879	6	35	1.45211979204803	0.226459399786406	0.285612767509549
GO:0048514	blood vessel morphogenesis	0.0281864235572383	178	0.922450634078969	0.871345303073513	0.999999904388717	33135	100	454	1.86579268434953	4.83927429062293e-10	1.25873166763622e-08
GO:0050790	regulation of catalytic activity	0.00784997036627687	46	0.855958915066832	0.872031748679814	0.999999904388717	61782	26	173	1.27305299688219	0.117414985277835	0.170997501136112
GO:0009247	glycolipid biosynthetic process	0.00216553589033362	11	0.74197693400952	0.873060244124343	0.999999904388717	18451	6	53	0.958947032484551	0.60694261551024	0.634757538659434
GO:0016049	cell growth	0.00990840668424855	59	0.86978375731778	0.874066252224505	0.999999904388717	66017	33	129	2.16692294549804	1.23106997984959e-05	9.25219447253243e-05
GO:0050907	detection of chemical stimulus involved in sensory perception	0.00164773415094987	8	0.70919546400726	0.874215386742404	0.999999904388717	56589	6	136	0.373707299424126	0.999210564604586	0.999948239952209
GO:0006873	intracellular monoatomic ion homeostasis	0.0113250531374081	68	0.877064977824288	0.87544814655192	0.999999904388717	39132	46	241	1.6168138763467	0.000688970458298697	0.0029292564516907
GO:0030003	intracellular monoatomic cation homeostasis	0.0113250531374081	68	0.877064977824288	0.87544814655192	0.999999904388717	39132	46	241	1.6168138763467	0.000688970458298697	0.0029292564516907
GO:0006606	protein import into nucleus	0.00217469524537659	11	0.738851884563287	0.876255259435055	0.999999904388717	9116	8	53	1.27859604331273	0.28492726284499	0.342054118522099
GO:0051170	import into nucleus	0.00217469524537659	11	0.738851884563287	0.876255259435055	0.999999904388717	9116	8	53	1.27859604331273	0.28492726284499	0.342054118522099
GO:0002764	immune response-regulating signaling pathway	0.00434388107312296	24	0.80704252676746	0.876688151553113	0.999999904388717	45014	19	107	1.50414277525225	0.0449060867111237	0.0804518201869818
GO:1901568	fatty acid derivative metabolic process	0.00111625826064251	5	0.654287199334411	0.87808644167277	0.999999904388717	11648	4	28	1.21009982670669	0.424994586970324	0.473325002707741
GO:0071222	cellular response to lipopolysaccharide	0.00165894832136307	8	0.70440143957188	0.878616898409062	0.999999904388717	9209	5	44	0.962579407607598	0.60572579032108	0.634307656617615
GO:0031400	negative regulation of protein modification process	0.0011199475411779	5	0.652131876035497	0.879798259581882	0.999999904388717	19171	5	22	1.9251588152152	0.109251613434954	0.162834043684013
GO:0140546	defense response to symbiont	0.0138452797024966	84	0.886218185111434	0.879826943376923	0.999999904388717	51892	57	358	1.34868667836863	0.0118861696059453	0.0294596765130961
GO:0000959	mitochondrial RNA metabolic process	0.0011202422694826	5	0.651960304467899	0.879934123206004	0.999999904388717	38565	5	29	1.46046530809429	0.252915441275544	0.311825918677646
GO:0033555	multicellular organismal response to stress	0.00148551693445821	7	0.688309142634232	0.880392241120972	0.999999904388717	55379	3	21	1.21009982670669	0.458534849531549	0.502808613334913
GO:0032365	intracellular lipid transport	0.00148625755148617	7	0.687966151292638	0.880690317021103	0.999999904388717	9251	6	22	2.31019057825824	0.0379063645915348	0.0713774771192409
GO:0009126	purine nucleoside monophosphate metabolic process	0.00131255421387393	6	0.66772418239465	0.883601048518996	0.999999904388717	14255	7	36	1.64708031968411	0.12502375431868	0.180664552984998
GO:0009167	purine ribonucleoside monophosphate metabolic process	0.00131255421387393	6	0.66772418239465	0.883601048518996	0.999999904388717	14255	7	36	1.64708031968411	0.12502375431868	0.180664552984998
GO:0051048	negative regulation of secretion	0.00112843116083376	5	0.647229105717052	0.88365688640943	0.999999904388717	1278	3	22	1.15509528912912	0.490300798807983	0.530665607300452
GO:0031347	regulation of defense response	0.00838979873249794	49	0.853115127178731	0.883834584241041	0.999999904388717	33818	34	187	1.54012705217216	0.00692338143351093	0.0192280823050091
GO:0048859	formation of anatomical boundary	0.00167366886130289	8	0.698205966999835	0.884200875297091	0.999999904388717	22083	6	16	3.17651204510507	0.00754307160421367	0.0205944584769671
GO:0043627	response to estrogen	0.00149546453241445	7	0.683730617050964	0.88434434126275	0.999999904388717	7496	4	33	1.02675136811477	0.557290961013803	0.588427252157306
GO:0007418	ventral midline development	0.00113020298181306	5	0.646214443637429	0.884449234325601	0.999999904388717	16744	3	16	1.58825602255254	0.290941931951894	0.345163576945381
GO:0051223	regulation of protein transport	0.00202905114674	10	0.719896580490954	0.885577456965926	0.999999904388717	41254	5	42	1.00841652225558	0.562937335549272	0.59361177623962
GO:0048754	branching morphogenesis of an epithelial tube	0.00149914414972674	7	0.682052414847459	0.885778249755984	0.999999904388717	12798	4	23	1.47316500642554	0.284849328174485	0.342054118522099
GO:0120031	plasma membrane bounded cell projection assembly	0.0180732435121745	111	0.897118853694917	0.886351613248694	0.999999904388717	19383	67	419	1.35450314731609	0.00627081318130327	0.0178250259524942
GO:0042325	regulation of phosphorylation	0.00203207228442072	10	0.718826290471148	0.886591207338307	0.999999904388717	23349	8	51	1.32873706461912	0.249849990185228	0.309307638821938
GO:0021952	central nervous system projection neuron axonogenesis	0.00132037452228666	6	0.663769388544252	0.886833509465804	0.999999904388717	73355	4	21	1.61346643560893	0.230423433081552	0.287316641558905
GO:0071219	cellular response to molecule of bacterial origin	0.00168122688223134	8	0.695067154881895	0.88698401245316	0.999999904388717	9209	5	47	0.901138168824135	0.665135098379661	0.691431801882424
GO:1901654	response to ketone	0.00150676360114493	7	0.67860338990709	0.888700081750341	0.999999904388717	14503	7	25	2.37179566034512	0.0223382057160958	0.0476089159711327
GO:0048640	negative regulation of developmental growth	0.00150913109080562	7	0.677538812734766	0.889595042308777	0.999999904388717	67604	5	16	2.6470933709209	0.0326799335044855	0.0629661435519853
GO:1990504	dense core granule exocytosis	0.00114301434495945	5	0.638971413010218	0.890041747401819	0.999999904388717	33918	3	10	2.54120963608406	0.104574521900919	0.157807715831767
GO:0051494	negative regulation of cytoskeleton organization	0.00407207462385942	22	0.789169074153383	0.890356317855457	0.999999904388717	43950	14	72	1.64708031968411	0.0405075922241567	0.0754201849989578
GO:0021955	central nervous system neuron axonogenesis	0.00151170219838174	7	0.676386452715444	0.890560102555337	0.999999904388717	71067	5	26	1.62898053595132	0.185884881515551	0.244910418510957
GO:0006022	aminoglycan metabolic process	0.00239250498439056	12	0.732641474124974	0.891003236488855	0.999999904388717	32989	9	60	1.27060481804203	0.273724037044415	0.332398818077531
GO:0051014	actin filament severing	0.00114586982738694	5	0.637379110291437	0.891255975705587	0.999999904388717	8714	3	20	1.27060481804203	0.425947504324407	0.473514252279752
GO:0008154	actin polymerization or depolymerization	0.00732864293092028	42	0.837122149759722	0.89300437859036	0.999999904388717	74063	25	124	1.70780217478767	0.00507529117038918	0.0152321703984757
GO:0050771	negative regulation of axonogenesis	0.00115201563728163	5	0.63397879981306	0.893830137785448	0.999999904388717	94143	3	10	2.54120963608406	0.104574521900919	0.157807715831767
GO:0006826	iron ion transport	0.0013383791776217	6	0.654839976564066	0.893986919625663	0.999999904388717	17463	5	37	1.14468902526309	0.447038758305749	0.493333374243434
GO:1903670	regulation of sprouting angiogenesis	0.00133838124831236	6	0.654838963421489	0.893987719607901	0.999999904388717	16031	5	19	2.22913125972286	0.0646554662710204	0.108086781554664
GO:0040012	regulation of locomotion	0.0201495333250626	124	0.89891742338742	0.894450674223848	0.999999904388717	44943	63	307	1.73828672175131	8.33333757429473e-06	6.54491675072044e-05
GO:0042177	negative regulation of protein catabolic process	0.0011546612897217	5	0.632526176802652	0.894921939359064	0.999999904388717	32480	4	20	1.69413975738937	0.20425454757123	0.262814760944045
GO:0000281	mitotic cytokinesis	0.00275143436293738	14	0.743244978909086	0.89556615485981	0.999999904388717	130500	6	46	1.10487375481916	0.463751510355429	0.507279086390452
GO:0015718	monocarboxylic acid transport	0.00292879039888326	15	0.748111054346705	0.897415401611778	0.999999904388717	33744	11	79	1.17946438805589	0.327739031200419	0.383737036047344
GO:0098542	defense response to other organism	0.0139867127065502	84	0.87725678704765	0.898311097620817	0.999999904388717	51892	57	362	1.33378406313804	0.014697270848226	0.0345798531832643
GO:0050921	positive regulation of chemotaxis	0.00171797680992938	8	0.680198695925082	0.899733305172329	0.999999904388717	108540	4	21	1.61346643560893	0.230423433081552	0.287316641558905
GO:0070509	calcium ion import	0.00260201746590856	13	0.729787213849517	0.901547431809869	0.999999904388717	70259	8	32	2.11767469673672	0.0292443626889544	0.0581760800531092
GO:0051052	regulation of DNA metabolic process	0.00527525978840222	29	0.8030031540121	0.90156810546344	0.999999904388717	69172	14	113	1.0494671063474	0.466593196589285	0.50887689023872
GO:0031290	retinal ganglion cell axon guidance	0.00378947504461797	20	0.770928408278585	0.901752236679953	0.999999904388717	53921	11	46	2.02560188383512	0.0161369726035104	0.0372474587098202
GO:0030301	cholesterol transport	0.00172664541128467	8	0.676783767012159	0.902557265376818	0.999999904388717	23895	7	43	1.37895096531693	0.239905661577038	0.298064609838138
GO:0046503	glycerolipid catabolic process	0.00117543376824606	5	0.62134805960143	0.903161149159399	0.999999904388717	30294	4	31	1.09299339186411	0.506153184443749	0.543687634622304
GO:2001235	positive regulation of apoptotic signaling pathway	0.00172920064356569	8	0.675783686578942	0.903376726254347	0.999999904388717	21921	6	33	1.54012705217216	0.187677168752418	0.246332648514432
GO:1990266	neutrophil migration	0.00172958993341077	8	0.675631583631546	0.903501057327441	0.999999904388717	8298	7	48	1.23531023976308	0.33661637170863	0.390726968888281
GO:0006941	striated muscle contraction	0.00379997344629118	20	0.768798520739686	0.904076546565033	0.999999904388717	24443	12	85	1.1958633581572	0.299760415856921	0.355277043585444
GO:0050778	positive regulation of immune response	0.00740759215391729	42	0.828200202937614	0.906045307070264	0.999999904388717	69929	30	171	1.48608750648191	0.01719403644241	0.0392751408443719
GO:0045765	regulation of angiogenesis	0.005464295900161	30	0.80195527961965	0.906309624985772	0.999999904388717	29913	15	87	1.46046530809429	0.0846383281587218	0.134697444615755
GO:0062197	cellular response to chemical stress	0.00227256920059426	11	0.707031354634726	0.906487456489947	0.999999904388717	43909	9	42	1.81514974006004	0.053325869809374	0.0923373508009131
GO:0046660	female sex differentiation	0.00118626624134662	5	0.615674176364159	0.907230040820485	0.999999904388717	33151	4	25	1.3553118059115	0.340853824145976	0.394321090678679
GO:0008406	gonad development	0.00156298354293883	7	0.654194276161727	0.908368788610942	0.999999904388717	45659	5	33	1.28343921014346	0.349214102921169	0.402644859373836
GO:0048608	reproductive structure development	0.00156298354293883	7	0.654194276161727	0.908368788610942	0.999999904388717	45659	5	33	1.28343921014346	0.349214102921169	0.402644859373836
GO:0061458	reproductive system development	0.00156298354293883	7	0.654194276161727	0.908368788610942	0.999999904388717	45659	5	33	1.28343921014346	0.349214102921169	0.402644859373836
GO:0032252	secretory granule localization	0.00119212008385751	5	0.612650940940768	0.90936598376295	0.999999904388717	33918	3	11	2.31019057825824	0.131674676161841	0.1847483736185
GO:0032253	dense core granule localization	0.00119212008385751	5	0.612650940940768	0.90936598376295	0.999999904388717	33918	3	11	2.31019057825824	0.131674676161841	0.1847483736185
GO:0051298	centrosome duplication	0.00156765156992871	7	0.652246268966555	0.90985914143244	0.999999904388717	16446	6	38	1.33747875583372	0.288715333342628	0.345163576945381
GO:0001763	morphogenesis of a branching structure	0.00332137195189278	17	0.747643415333176	0.91009115236123	0.999999904388717	19587	8	35	1.93615972273071	0.0476977391875622	0.0844662013870519
GO:0032946	positive regulation of mononuclear cell proliferation	0.00119838806450146	5	0.609446566370404	0.911605117397528	0.999999904388717	8171	3	25	1.01648385443362	0.579527669774822	0.610042399123279
GO:0050671	positive regulation of lymphocyte proliferation	0.00119838806450146	5	0.609446566370404	0.911605117397528	0.999999904388717	8171	3	25	1.01648385443362	0.579527669774822	0.610042399123279
GO:0070665	positive regulation of leukocyte proliferation	0.00119838806450146	5	0.609446566370404	0.911605117397528	0.999999904388717	8171	3	25	1.01648385443362	0.579527669774822	0.610042399123279
GO:1902903	regulation of supramolecular fiber organization	0.0106469392169448	62	0.850609091023897	0.912827386377963	0.999999904388717	36444	36	182	1.6755228369785	0.00129408890134634	0.0049142873663372
GO:0071805	potassium ion transmembrane transport	0.0119175170798814	70	0.857976439783492	0.913503975895226	0.999999904388717	57527	40	187	1.81191417902607	0.000135305728148789	0.000727343458648712
GO:0031641	regulation of myelination	0.00120472575839781	5	0.606240454309702	0.913819599064188	0.999999904388717	152283	2	15	1.12942650492625	0.543064537433774	0.577692663171635
GO:0051249	regulation of lymphocyte activation	0.004515993430074	24	0.776284733694365	0.913865344735837	0.999999904388717	28118	12	94	1.08136580258896	0.432913286820302	0.480154626693403
GO:0010817	regulation of hormone levels	0.00632974313442597	35	0.807690664384512	0.914633263521685	0.999999904388717	40887	22	120	1.55296144427359	0.0237090009385717	0.0496554746929914
GO:0060074	synapse maturation	0.0012077841685105	5	0.604705302595907	0.914870678410455	0.999999904388717	82690	4	10	3.38827951477875	0.0226374512719993	0.0476271036563085
GO:0007596	blood coagulation	0.00402308691432929	21	0.762470393480944	0.915501529026997	0.999999904388717	15207	15	90	1.41178313115781	0.105972498082884	0.159618600786112
GO:0007599	hemostasis	0.00402308691432929	21	0.762470393480944	0.915501529026997	0.999999904388717	15207	15	90	1.41178313115781	0.105972498082884	0.159618600786112
GO:0007249	canonical NF-kappaB signal transduction	0.00452507340864147	24	0.774727046534917	0.915541472121458	0.999999904388717	31327	17	93	1.54840730514082	0.0439256908499706	0.0791382029323115
GO:0006487	protein N-linked glycosylation	0.00419150930051472	22	0.766682149649531	0.915630273892218	0.999999904388717	34580	13	70	1.5731297747187	0.0645455834388594	0.108086781554664
GO:0051293	establishment of spindle localization	0.0023075507584641	11	0.696313038620557	0.91567792965361	0.999999904388717	211163	4	36	0.941188754105207	0.628258442879296	0.655067747122852
GO:0051653	spindle localization	0.0023075507584641	11	0.696313038620557	0.91567792965361	0.999999904388717	211163	4	36	0.941188754105207	0.628258442879296	0.655067747122852
GO:0045137	development of primary sexual characteristics	0.0015903173499514	7	0.642950218430811	0.916802725164747	0.999999904388717	45659	5	34	1.24569099808042	0.37377797372777	0.424891409044866
GO:0051651	maintenance of location in cell	0.0031842004292285	16	0.733977406080956	0.917387074361989	0.999999904388717	48843	11	57	1.6346962571301	0.0674978558329079	0.111833776205345
GO:0030041	actin filament polymerization	0.00684011178455141	38	0.811490616983485	0.91803434970181	0.999999904388717	81438	22	113	1.64916259568877	0.0123070458655264	0.0303164398663019
GO:0030593	neutrophil chemotaxis	0.00121933793219281	5	0.598975453651513	0.918740071540134	0.999999904388717	9585	4	33	1.02675136811477	0.557290961013803	0.588427252157306
GO:0060030	dorsal convergence	0.00122121190724494	5	0.598056313369373	0.919352806780699	0.999999904388717	55255	3	16	1.58825602255254	0.290941931951894	0.345163576945381
GO:0021535	cell migration in hindbrain	0.00122293265118782	5	0.597214810137174	0.919911837323576	0.999999904388717	12110	3	11	2.31019057825824	0.131674676161841	0.1847483736185
GO:0051338	regulation of transferase activity	0.00197004267485012	9	0.667313607336682	0.92071612706151	0.999999904388717	29897	8	41	1.65281927550183	0.103651435912242	0.157807715831767
GO:0051235	maintenance of location	0.00320198490112279	16	0.729900747085808	0.921098143239164	0.999999904388717	48843	11	58	1.60651183890372	0.0748031236279626	0.122180118876463
GO:0098742	cell-cell adhesion via plasma-membrane adhesion molecules	0.0174870151095247	105	0.877074973448702	0.922002540028226	0.999999904388717	52896	48	193	2.1067022889816	3.74107122069283e-07	4.57053095093735e-06
GO:0050727	regulation of inflammatory response	0.00286235504980706	14	0.714443086013724	0.922400498305348	0.999999904388717	7930	9	70	1.08908984403603	0.446434469702749	0.493333374243434
GO:1901879	regulation of protein depolymerization	0.00372198019215134	19	0.745663094068385	0.922523350129812	0.999999904388717	43431	12	59	1.72285399056546	0.0408284940636981	0.0754201849989578
GO:0050868	negative regulation of T cell activation	0.00142312840517229	6	0.615843367416677	0.922678192140432	0.999999904388717	13114	3	36	0.705891565578905	0.814286245683277	0.824511690375826
GO:1903038	negative regulation of leukocyte cell-cell adhesion	0.00142312840517229	6	0.615843367416677	0.922678192140432	0.999999904388717	13114	3	36	0.705891565578905	0.814286245683277	0.824511690375826
GO:1902533	positive regulation of intracellular signal transduction	0.017655673554446	106	0.876969885252686	0.923140832719067	0.999999904388717	28259	68	312	1.84617794074483	3.98827199493111e-07	4.7998158983773e-06
GO:0033059	cellular pigmentation	0.0025184989188434	12	0.695989331383248	0.923817398274656	0.999999904388717	16413	8	57	1.18887000518552	0.358148424520593	0.4099712974693
GO:0061025	membrane fusion	0.00473949066611541	25	0.770497868379917	0.923839406168445	0.999999904388717	10981	19	110	1.46312069956355	0.0569158023868416	0.0974375979998371
GO:0015908	fatty acid transport	0.00216304070808189	10	0.675302585254938	0.923906508379187	0.999999904388717	35638	7	53	1.11877153789864	0.437351379617647	0.484189010203702
GO:0050878	regulation of body fluid levels	0.00492432948789557	26	0.77123965059645	0.926737937742987	0.999999904388717	12963	20	106	1.59824505414092	0.0226231064363091	0.0476271036563085
GO:0065004	protein-DNA complex assembly	0.00306104196052672	15	0.71578910107199	0.927477565391415	0.999999904388717	29763	10	84	1.00841652225558	0.538992493567077	0.574877796269295
GO:2000027	regulation of animal organ morphogenesis	0.00124903577771496	5	0.584733843593997	0.927980854297938	0.999999904388717	13441	3	24	1.05883734836836	0.550886808299361	0.584471574243927
GO:0051261	protein depolymerization	0.00476741876134893	25	0.765984201986733	0.928343621142859	0.999999904388717	35454	17	81	1.7778009799765	0.0126473615623898	0.031028364725579
GO:0043123	positive regulation of canonical NF-kappaB signal transduction	0.00307333772169744	15	0.712925383305715	0.929850601567214	0.999999904388717	40716	11	60	1.55296144427359	0.0908578091729369	0.142395439047276
GO:0019748	secondary metabolic process	0.00144932057139803	6	0.604713827019108	0.93004711192033	0.999999904388717	21976	5	27	1.56864792350868	0.207502458087907	0.265300447206473
GO:0051592	response to calcium ion	0.00125694581605652	5	0.581054077081113	0.930278804104148	0.999999904388717	18777	5	20	2.11767469673672	0.0781543156500255	0.125785289126688
GO:0048545	response to steroid hormone	0.00272671169685379	13	0.69641358821479	0.930540002706072	0.999999904388717	21143	10	55	1.54012705217216	0.1082147510051	0.162389257246487
GO:0050817	coagulation	0.00411196026745499	21	0.745990832366491	0.931331489175701	0.999999904388717	15207	15	95	1.33747875583372	0.148109738663325	0.204146699616287
GO:0097553	calcium ion transmembrane import into cytosol	0.00445214575409925	23	0.754608282066964	0.931610272417064	0.999999904388717	71354	15	66	1.9251588152152	0.00895699796838943	0.0231548610165014
GO:0043266	regulation of potassium ion transport	0.00164793845909551	7	0.62046909693871	0.932404841283265	0.999999904388717	9402	3	29	0.876279184856572	0.68193515732603	0.706769985249215
GO:0007157	heterophilic cell-cell adhesion via plasma membrane cell adhesion molecules	0.00165533496615207	7	0.61769666468317	0.934208968940885	0.999999904388717	35470	3	22	1.15509528912912	0.490300798807983	0.530665607300452
GO:0006334	nucleosome assembly	0.00146546712697605	6	0.598051074073632	0.934274210788522	0.999999904388717	40840	3	39	0.651592214380528	0.854822269847175	0.863388338522053
GO:0046189	phenol-containing compound biosynthetic process	0.00146571491962567	6	0.597949968013874	0.934337277516046	0.999999904388717	23634	4	21	1.61346643560893	0.230423433081552	0.287316641558905
GO:0003012	muscle system process	0.00794160256959901	44	0.8092964442961	0.934494406234058	0.999999904388717	21004	30	151	1.68292028879739	0.00290453835407674	0.00962476476508444
GO:0006970	response to osmotic stress	0.00146975138596261	6	0.596307782172024	0.935357077142246	0.999999904388717	100104	4	21	1.61346643560893	0.230423433081552	0.287316641558905
GO:0072593	reactive oxygen species metabolic process	0.0020325312875182	9	0.646797563232919	0.935490792658058	0.999999904388717	13296	8	49	1.38297123052194	0.216287528819243	0.275949120365901
GO:0043122	regulation of canonical NF-kappaB signal transduction	0.00430972226967747	22	0.745652540862017	0.935734996109637	0.999999904388717	32164	16	87	1.55782966196724	0.0472315272656086	0.0837632437357091
GO:0035845	photoreceptor cell outer segment organization	0.0018492855170899	8	0.631901117996315	0.935799560898166	0.999999904388717	59029	3	34	0.747414598848253	0.782210522809696	0.795362444168413
GO:1902414	protein localization to cell junction	0.00345616287052216	17	0.718485199550152	0.936216828615999	0.999999904388717	95734	6	35	1.45211979204803	0.226459399786406	0.285612767509549
GO:0045103	intermediate filament-based process	0.00147371951950761	6	0.594702165307855	0.936345872298464	0.999999904388717	14511	6	46	1.10487375481916	0.463751510355429	0.507279086390452
GO:0045104	intermediate filament cytoskeleton organization	0.00147371951950761	6	0.594702165307855	0.936345872298464	0.999999904388717	14511	6	46	1.10487375481916	0.463751510355429	0.507279086390452
GO:0048278	vesicle docking	0.00221942009305703	10	0.658148039097634	0.936404588660535	0.999999904388717	20766	8	34	1.99310559692867	0.040874684801006	0.0754201849989578
GO:0095500	acetylcholine receptor signaling pathway	0.00166550757916061	7	0.613923887419884	0.936620919996804	0.999999904388717	19220	6	29	1.75255836971314	0.119336947056085	0.173171010755051
GO:1905144	response to acetylcholine	0.00166550757916061	7	0.613923887419884	0.936620919996804	0.999999904388717	19220	6	29	1.75255836971314	0.119336947056085	0.173171010755051
GO:1905145	cellular response to acetylcholine	0.00166550757916061	7	0.613923887419884	0.936620919996804	0.999999904388717	19220	6	29	1.75255836971314	0.119336947056085	0.173171010755051
GO:0055113	epiboly involved in gastrulation with mouth forming second	0.00380729402802334	19	0.728954277161962	0.937232645833747	0.999999904388717	128900	9	59	1.2921404929241	0.257419964049751	0.313228819434782
GO:0045216	cell-cell junction organization	0.00861893169830016	48	0.813487536494088	0.93759878086412	0.999999904388717	66598	31	126	2.08406081266153	5.0107282419891e-05	0.000309207949422745
GO:0140056	organelle localization by membrane tethering	0.0027660313516675	13	0.686513938350129	0.93802302409202	0.999999904388717	17635	11	45	2.07061525903146	0.0137033767053269	0.0328202655942434
GO:0097190	apoptotic signaling pathway	0.00830968163996569	46	0.808605240146464	0.939234058936013	0.999999904388717	35740	28	166	1.42879256647297	0.0330326161293869	0.0635687338241742
GO:0071216	cellular response to biotic stimulus	0.00186814743836038	8	0.62552107063301	0.939915194668332	0.999999904388717	9209	5	51	0.830460665386948	0.73470659065729	0.754352819524612
GO:0050886	endocrine process	0.00129304761757631	5	0.564831086776728	0.939955510141981	0.999999904388717	12091	4	24	1.41178313115781	0.312740497128534	0.368494526329237
GO:0001895	retina homeostasis	0.00295408871697181	14	0.692257400159402	0.939972349977809	0.999999904388717	39995	11	52	1.79187858954645	0.0379460254548755	0.0713774771192409
GO:0010977	negative regulation of neuron projection development	0.00186926285039877	8	0.625147814548504	0.940151140747425	0.999999904388717	65994	4	17	1.99310559692867	0.1322031561528	0.1847483736185
GO:0007413	axonal fasciculation	0.00224414275914062	10	0.650897531464863	0.941297617779562	0.999999904388717	44886	3	15	1.69413975738937	0.257195234981325	0.313228819434782
GO:0106030	neuron projection fasciculation	0.00224414275914062	10	0.650897531464863	0.941297617779562	0.999999904388717	44886	3	15	1.69413975738937	0.257195234981325	0.313228819434782
GO:0098657	import into cell	0.0244330109710175	148	0.884805534688239	0.94133995721772	0.999999904388717	43165	85	474	1.51900716643562	5.82526930456915e-05	0.000348795209102791
GO:0042330	taxis	0.0102716306752353	58	0.824805794182853	0.941385795591631	0.999999904388717	45660	29	195	1.25974494780235	0.113625688185356	0.166582145285077
GO:0048284	organelle fusion	0.00553145530073984	29	0.765811168672665	0.941615635599064	0.999999904388717	16603	23	126	1.54623866745855	0.0221284961922731	0.0473287641813516
GO:0090263	positive regulation of canonical Wnt signaling pathway	0.00260950577358461	12	0.671716612532114	0.941937229326194	0.999999904388717	11778	7	51	1.16264493154173	0.397027871198378	0.446392886572847
GO:0032543	mitochondrial translation	0.00150556950286125	6	0.582121375095621	0.94380682715115	0.999999904388717	42213	5	38	1.11456562986143	0.471027156027434	0.513018771017723
GO:2001233	regulation of apoptotic signaling pathway	0.0043673123184616	22	0.735819910843154	0.943968339139618	0.999999904388717	33656	14	86	1.37895096531693	0.132856211658729	0.185446725910252
GO:0043603	amide metabolic process	0.010957473793722	62	0.826502847280447	0.945192296630309	0.999999904388717	41502	38	269	1.19660428960588	0.138950197042991	0.193283799106955
GO:0022406	membrane docking	0.00280908722267169	13	0.675991496991377	0.945411421665543	0.999999904388717	17635	11	46	2.02560188383512	0.0161369726035104	0.0372474587098202
GO:0007520	myoblast fusion	0.00190176026970045	8	0.614465242734072	0.946676306239883	0.999999904388717	38326	6	23	2.20974750963831	0.0463254984219991	0.0823980740314822
GO:0045010	actin nucleation	0.0020932328941421	9	0.628041097405091	0.947485845790655	0.999999904388717	29113	6	41	1.23961445662637	0.3539536243836	0.407332929297777
GO:0046847	filopodium assembly	0.00152295088030603	6	0.575477647139554	0.947539331895907	0.999999904388717	31960	5	31	1.36624173983014	0.300456957262049	0.355928197657638
GO:0002682	regulation of immune system process	0.0190918307452845	113	0.864557680132574	0.948656742672583	0.999999904388717	43970	71	436	1.37940278411291	0.00322182119683292	0.0105747428427935
GO:0008078	mesodermal cell migration	0.00133127256725829	5	0.548613040674178	0.948867086418173	0.999999904388717	36257	4	16	2.11767469673672	0.110959548108861	0.163366492316089
GO:0085029	extracellular matrix assembly	0.00133226856946831	5	0.54820289829487	0.949082353735087	0.999999904388717	3915	3	32	0.794128011276269	0.74568431958565	0.764650431995629
GO:0051250	negative regulation of lymphocyte activation	0.00153219030205473	6	0.572007398906198	0.949431347452655	0.999999904388717	13114	3	40	0.635302409021015	0.866501361462153	0.874323591705588
GO:0006813	potassium ion transport	0.0127736027216484	73	0.834781009106986	0.949450859644556	0.999999904388717	55574	43	201	1.81213954148615	7.76124135187492e-05	0.000451308721879457
GO:0006936	muscle contraction	0.00743148309258363	40	0.786226363691582	0.949729337186562	0.999999904388717	21932	27	140	1.63363476605404	0.00687445748645162	0.0191141524824442
GO:0051588	regulation of neurotransmitter transport	0.00229398635414575	10	0.636754869766137	0.950172013392556	0.999999904388717	85418	7	30	1.97649638362094	0.0562760361220469	0.0964789024657913
GO:0031346	positive regulation of cell projection organization	0.00727208960792926	39	0.783372804467095	0.950270928020498	0.999999904388717	64237	19	88	1.82890087445444	0.00638583111933563	0.0179829167376867
GO:0050650	chondroitin sulfate proteoglycan biosynthetic process	0.00173150187112509	7	0.590524852774873	0.950453929285075	0.999999904388717	76330	3	22	1.15509528912912	0.490300798807983	0.530665607300452
GO:0001702	gastrulation with mouth forming second	0.00424805088959197	21	0.722092258850346	0.950712351983397	0.999999904388717	118962	10	69	1.22763750535462	0.294365313413485	0.349053771150598
GO:0046928	regulation of neurotransmitter secretion	0.00211501103809959	9	0.621574195254643	0.951283259204515	0.999999904388717	93077	6	27	1.88237750821041	0.0907675445971834	0.142395439047276
GO:0015833	peptide transport	0.0019299527231089	8	0.605489228700428	0.951817854115239	0.999999904388717	75289	7	40	1.4823722877157	0.186861231848721	0.245928900893393
GO:0060491	regulation of cell projection assembly	0.00391217589068271	19	0.70941167874139	0.952009066387249	0.999999904388717	30627	12	69	1.47316500642554	0.108770779043512	0.162826755997065
GO:0000768	syncytium formation by plasma membrane fusion	0.00193304840565357	8	0.604519567293714	0.952354607315989	0.999999904388717	38326	6	27	1.88237750821041	0.0907675445971834	0.142395439047276
GO:0006949	syncytium formation	0.00193304840565357	8	0.604519567293714	0.952354607315989	0.999999904388717	38326	6	27	1.88237750821041	0.0907675445971834	0.142395439047276
GO:0140253	cell-cell fusion	0.00193304840565357	8	0.604519567293714	0.952354607315989	0.999999904388717	38326	6	27	1.88237750821041	0.0907675445971834	0.142395439047276
GO:0071675	regulation of mononuclear cell migration	0.00155096663477771	6	0.565082555391811	0.953088054033764	0.999999904388717	23607	4	25	1.3553118059115	0.340853824145976	0.394321090678679
GO:0060341	regulation of cellular localization	0.00392796007539429	19	0.706560966219144	0.953950244554686	0.999999904388717	19116	14	82	1.4462168660641	0.0993892227242898	0.153330695006414
GO:0045494	photoreceptor cell maintenance	0.00194334526010203	8	0.601316508051764	0.95410177525148	0.999999904388717	29521	6	38	1.33747875583372	0.288715333342628	0.345163576945381
GO:0008277	regulation of G protein-coupled receptor signaling pathway	0.00250401995948119	11	0.641679262305169	0.954252813208655	0.999999904388717	13366	7	54	1.09805354645608	0.457373185462334	0.502808613334913
GO:0051606	detection of stimulus	0.00765866891893021	41	0.781976436157523	0.955371398755162	0.999999904388717	44584	26	238	0.925370455716884	0.692903934723177	0.716909588578
GO:0098659	inorganic cation import across plasma membrane	0.00548792455134307	28	0.745268910284362	0.955606378082062	0.999999904388717	44605	17	101	1.42576118196135	0.0834842931680753	0.133475548693704
GO:0099587	inorganic ion import across plasma membrane	0.00548792455134307	28	0.745268910284362	0.955606378082062	0.999999904388717	44605	17	101	1.42576118196135	0.0834842931680753	0.133475548693704
GO:2001234	negative regulation of apoptotic signaling pathway	0.00251369422626961	11	0.639209679365741	0.955666275826965	0.999999904388717	50250	7	48	1.23531023976308	0.33661637170863	0.390726968888281
GO:0051875	pigment granule localization	0.00156518054573475	6	0.559950857871289	0.955695407615339	0.999999904388717	10125	4	37	0.915751220210472	0.650224465251846	0.677095558090493
GO:0006687	glycosphingolipid metabolic process	0.00156836319728736	6	0.558814559550675	0.956260925392321	0.999999904388717	27822	5	41	1.03301204718864	0.54068254812859	0.575918575043178
GO:0141162	negative regulation of cAMP/PKA signal transduction	0.00156951243060662	6	0.558405382599542	0.95646351594746	0.999999904388717	125609	5	26	1.62898053595132	0.185884881515551	0.244910418510957
GO:0046649	lymphocyte activation	0.00784276850414285	42	0.782245366787589	0.956956691415099	0.999999904388717	24761	21	169	1.0525720386147	0.436140341671463	0.483290648879189
GO:0046165	alcohol biosynthetic process	0.00307283592432621	14	0.665505684459718	0.957554410439864	0.999999904388717	10904	9	78	0.977388321570792	0.581414975920933	0.610796827340152
GO:0007098	centrosome cycle	0.00234232110588609	10	0.623615173218019	0.957625868134637	0.999999904388717	26797	9	60	1.27060481804203	0.273724037044415	0.332398818077531
GO:0051924	regulation of calcium ion transport	0.0015769890043689	6	0.555757958286059	0.957760856547588	0.999999904388717	58782	2	38	0.445826251944572	0.948637227397371	0.951784924543443
GO:0022612	gland morphogenesis	0.00157772340932487	6	0.555499261865335	0.957886378534471	0.999999904388717	10718	5	19	2.22913125972286	0.0646554662710204	0.108086781554664
GO:0140053	mitochondrial gene expression	0.00253145454010614	11	0.63472507799012	0.958160891936707	0.999999904388717	40555	10	62	1.36624173983014	0.191129847290479	0.249317644735121
GO:0002694	regulation of leukocyte activation	0.00483328536072238	24	0.725323769566657	0.958396866497579	0.999999904388717	28118	12	100	1.01648385443362	0.52196544470744	0.55918264426364
GO:0001558	regulation of cell growth	0.0056888767976506	29	0.7446197903371	0.958642485498765	0.999999904388717	72255	17	70	2.05716970540138	0.00271607665629249	0.00916344411655723
GO:0120032	regulation of plasma membrane bounded cell projection assembly	0.00379933981494759	18	0.692034062754437	0.959340197606595	0.999999904388717	25061	11	68	1.37026009788846	0.173953620964426	0.232226163969617
GO:0061951	establishment of protein localization to plasma membrane	0.00158962504903896	6	0.551340198015554	0.959873860615553	0.999999904388717	79926	6	28	1.81514974006004	0.104544299805727	0.157807715831767
GO:0086001	cardiac muscle cell action potential	0.00159334815085522	6	0.550051907260324	0.960477831499306	0.999999904388717	5700	3	24	1.05883734836836	0.550886808299361	0.584471574243927
GO:0031334	positive regulation of protein-containing complex assembly	0.00198778780362177	8	0.587872399465558	0.961002971464291	0.999999904388717	31413	7	42	1.41178313115781	0.221692643391954	0.282249739139545
GO:0051209	release of sequestered calcium ion into cytosol	0.00255381799929169	11	0.629166871266063	0.961124468444749	0.999999904388717	69542	8	41	1.65281927550183	0.103651435912242	0.157807715831767
GO:0030031	cell projection assembly	0.0191611050112629	112	0.853808702096912	0.961269979410978	0.999999904388717	20377	68	438	1.31508565642097	0.011434310435635	0.0283979434741285
GO:0090504	epiboly	0.00520682967398509	26	0.729395503878595	0.96132239980455	0.999999904388717	98822	14	86	1.37895096531693	0.132856211658729	0.185446725910252
GO:0035725	sodium ion transmembrane transport	0.00673197134501504	35	0.759431996307226	0.96138751472273	0.999999904388717	19048	23	111	1.75518983873674	0.00495141982409923	0.0148973688488757
GO:0006904	vesicle docking involved in exocytosis	0.00139786666928549	5	0.522477219850303	0.961569871469375	0.999999904388717	36236	3	13	1.95477664314158	0.191806588198454	0.249317644735121
GO:0002695	negative regulation of leukocyte activation	0.00160758483940958	6	0.545180675894848	0.96271171639569	0.999999904388717	13114	3	43	0.590978985135828	0.896703589777939	0.90192348593465
GO:0045746	negative regulation of Notch signaling pathway	0.00161119267277881	6	0.543959890157684	0.96325921422761	0.999999904388717	40765	6	27	1.88237750821041	0.0907675445971834	0.142395439047276
GO:0051258	protein polymerization	0.00810139638778201	43	0.775303382617342	0.964035601537638	0.999999904388717	73605	26	150	1.46825445640412	0.028804147149006	0.0579195610585581
GO:0046467	membrane lipid biosynthetic process	0.00437516437746453	21	0.701113009233801	0.964368084739869	0.999999904388717	15057	14	113	1.0494671063474	0.466593196589285	0.50887689023872
GO:0180064	protein O-linked glycosylation via xylose	0.00349478470258165	16	0.668748255009965	0.96472939265784	0.999999904388717	45280	9	39	1.95477664314158	0.0348781819830928	0.0663810560323379
GO:0007398	ectoderm development	0.00182293183699225	7	0.560906813286353	0.965149306295555	0.999999904388717	31624	6	21	2.42019965341339	0.0305304164425599	0.0600431523370345
GO:0010975	regulation of neuron projection development	0.0135114967913896	76	0.821624223871169	0.965650478023724	0.999999904388717	51654	36	147	2.07445684578291	1.45176730055134e-05	0.000105777864458846
GO:0031345	negative regulation of cell projection organization	0.00221674338025698	9	0.593048476278311	0.965977560312523	0.999999904388717	58668	5	20	2.11767469673672	0.0781543156500255	0.125785289126688
GO:0070201	regulation of establishment of protein localization	0.00240740153303694	10	0.606756688543225	0.966089922884505	0.999999904388717	41254	5	49	0.864357019076211	0.701327053438911	0.725004334302874
GO:0032496	response to lipopolysaccharide	0.00259647077584636	11	0.618831413526522	0.966262898434501	0.999999904388717	7422	8	64	1.05883734836836	0.488579684787423	0.530665607300452
GO:0006959	humoral immune response	0.00142804698573266	5	0.511435196731274	0.96631159102512	0.999999904388717	15823	4	48	0.705891565578905	0.833863066826441	0.842923008212771
GO:0050866	negative regulation of cell activation	0.00163330833931474	6	0.536594449566902	0.966457800830855	0.999999904388717	13114	3	44	0.577547644564559	0.905312953152121	0.910204502774306
GO:0000723	telomere maintenance	0.00202835401421601	8	0.576115203536189	0.966470811447885	0.999999904388717	41641	6	50	1.01648385443362	0.547945450479575	0.582372603123942
GO:0032200	telomere organization	0.00202835401421601	8	0.576115203536189	0.966470811447885	0.999999904388717	41641	6	50	1.01648385443362	0.547945450479575	0.582372603123942
GO:0097530	granulocyte migration	0.00202928375432474	8	0.575851249611147	0.966587556197906	0.999999904388717	8298	7	53	1.11877153789864	0.437351379617647	0.484189010203702
GO:0060078	regulation of postsynaptic membrane potential	0.00143293657662373	5	0.509690033044268	0.967026931762406	0.999999904388717	21782	2	14	1.21009982670669	0.504948630440114	0.543687634622304
GO:0099565	chemical synaptic transmission, postsynaptic	0.00143293657662373	5	0.509690033044268	0.967026931762406	0.999999904388717	21782	2	14	1.21009982670669	0.504948630440114	0.543687634622304
GO:0032970	regulation of actin filament-based process	0.0127433878936902	71	0.813835352105127	0.967684627254144	0.999999904388717	35450	43	219	1.66319656547359	0.000553074384174407	0.0024149583669998
GO:0016339	calcium-dependent cell-cell adhesion via plasma membrane cell adhesion molecules	0.00334442702176056	15	0.655137773679288	0.96768784519853	0.999999904388717	109862	10	28	3.02524956676674	0.000908659742226681	0.00371291877778098
GO:0009593	detection of chemical stimulus	0.0020525348495755	8	0.569328012133475	0.969389774039821	0.999999904388717	56589	6	145	0.350511673942629	0.999655365842173	0.999948239952209
GO:0045861	negative regulation of proteolysis	0.0029986630944639	13	0.633255226417049	0.969559732380477	0.999999904388717	38864	10	82	1.03301204718864	0.507072140839376	0.5444329821085
GO:0050879	multicellular organismal movement	0.00166310488775861	6	0.526980706844531	0.970364027794701	0.999999904388717	70666	6	41	1.23961445662637	0.3539536243836	0.407332929297777
GO:0050881	musculoskeletal movement	0.00166310488775861	6	0.526980706844531	0.970364027794701	0.999999904388717	70666	6	41	1.23961445662637	0.3539536243836	0.407332929297777
GO:0030334	regulation of cell migration	0.0174616256810469	100	0.836524049284168	0.970532742305808	0.999999904388717	40049	53	264	1.70055695344009	7.573277754697e-05	0.000441439973219567
GO:0051208	sequestering of calcium ion	0.00264515202315803	11	0.607442470727634	0.971376983406627	0.999999904388717	69542	8	42	1.61346643560893	0.115492745583505	0.168502383333232
GO:0051282	regulation of sequestering of calcium ion	0.00264515202315803	11	0.607442470727634	0.971376983406627	0.999999904388717	69542	8	42	1.61346643560893	0.115492745583505	0.168502383333232
GO:0051283	negative regulation of sequestering of calcium ion	0.00264515202315803	11	0.607442470727634	0.971376983406627	0.999999904388717	69542	8	42	1.61346643560893	0.115492745583505	0.168502383333232
GO:0141156	cAMP/PKA signal transduction	0.00207120695753499	8	0.564195471385557	0.971483430183272	0.999999904388717	94792	7	37	1.60256463536833	0.13938931681711	0.193449660000339
GO:0051049	regulation of transport	0.0205156618048226	119	0.847275279408657	0.971840712769119	0.999999904388717	38132	68	398	1.4472550691266	0.00114936255395793	0.0045174697671887
GO:0098926	postsynaptic signal transduction	0.00187794180520739	7	0.544476343564142	0.971956200491803	0.999999904388717	19220	6	31	1.63949008779617	0.151788008588295	0.208978481943702
GO:0120034	positive regulation of plasma membrane bounded cell projection assembly	0.001878024632834	7	0.544452330203243	0.971965460288823	0.999999904388717	43244	5	32	1.32354668546045	0.324738809865298	0.380664364007503
GO:0051493	regulation of cytoskeleton organization	0.0160578002542568	91	0.827786703493749	0.971992631223622	0.999999904388717	32045	58	296	1.65979908663148	7.30526946566173e-05	0.000427880068703044
GO:0002237	response to molecule of bacterial origin	0.00265207158113134	11	0.605857583871052	0.972044164011859	0.999999904388717	7422	8	68	0.996552798464337	0.560044137305639	0.590818477166306
GO:0015918	sterol transport	0.00227989944554952	9	0.576620291972821	0.972954816205068	0.999999904388717	21273	8	48	1.41178313115781	0.200184921161434	0.259734967954977
GO:0006865	amino acid transport	0.00690664031470754	35	0.740225957147487	0.973486889511367	0.999999904388717	11351	23	125	1.55860857679822	0.0202891722613451	0.0442955845669618
GO:0009914	hormone transport	0.00209488185414192	8	0.557819326867076	0.973949992560347	0.999999904388717	68956	6	45	1.12942650492625	0.442006689312616	0.488671929363445
GO:1903825	organic acid transmembrane transport	0.00449363825365111	21	0.68262830460025	0.973986705166885	0.999999904388717	24678	15	93	1.36624173983014	0.130282477970286	0.1847483736185
GO:0006029	proteoglycan metabolic process	0.00519626362975014	25	0.702767933971054	0.974000760655004	0.999999904388717	51646	14	66	1.79681489420085	0.0204331556349844	0.0444894720801325
GO:0010466	negative regulation of peptidase activity	0.0022930621358788	9	0.573310362328064	0.974233864426626	0.999999904388717	38983	7	69	0.859346253748233	0.720181798429868	0.740697181293304
GO:1905517	macrophage migration	0.00149072265079085	5	0.489932510720372	0.974480630593128	0.999999904388717	33854	4	30	1.12942650492625	0.479611735775142	0.521195322929052
GO:0050982	detection of mechanical stimulus	0.00149106431475062	5	0.489820247097682	0.974519621370029	0.999999904388717	78358	3	29	0.876279184856572	0.68193515732603	0.706769985249215
GO:0043254	regulation of protein-containing complex assembly	0.00760681054190771	39	0.748902210606506	0.974783638201556	0.999999904388717	29891	27	141	1.62204870388344	0.00756795250705072	0.0206390948303897
GO:0008361	regulation of cell size	0.00573436918133766	28	0.713239664340582	0.975081123942062	0.999999904388717	65153	16	75	1.807082407882	0.0131031786865366	0.0316333225975369
GO:0006643	membrane lipid metabolic process	0.00626463233714536	31	0.722818419511503	0.975846500306703	0.999999904388717	17310	22	154	1.21009982670669	0.20025039902275	0.259734967954977
GO:0050865	regulation of cell activation	0.00505436195937602	24	0.6935982791512	0.976106869972785	0.999999904388717	28118	12	106	0.958947032484551	0.606347842262518	0.634684305682835
GO:0015012	heparan sulfate proteoglycan biosynthetic process	0.0025151899551602	10	0.580754141126624	0.976815805986898	0.999999904388717	19248	7	27	2.19610709291215	0.0334947419809207	0.0638988807979867
GO:0051495	positive regulation of cytoskeleton organization	0.00381872769164707	17	0.650269427468367	0.976858215847311	0.999999904388717	19564	13	69	1.595928756961	0.058630188821928	0.0994575222722607
GO:0009266	response to temperature stimulus	0.00271339232426417	11	0.592165631939364	0.977369802071572	0.999999904388717	19425	9	57	1.33747875583372	0.225822684770712	0.285404950083778
GO:0071621	granulocyte chemotaxis	0.00151903175310678	5	0.48080199087079	0.977529422142643	0.999999904388717	9585	4	38	0.891652503889144	0.671306501631189	0.697547434469865
GO:0030201	heparan sulfate proteoglycan metabolic process	0.00290947430612685	12	0.602462230006313	0.977874917306919	0.999999904388717	30631	9	31	2.45923513169425	0.00785297515368428	0.021272504923586
GO:0070588	calcium ion transmembrane transport	0.0100194557539395	53	0.772671410072025	0.978116594332763	0.999999904388717	48454	35	175	1.69413975738937	0.00122564914639178	0.00474640535103896
GO:0002687	positive regulation of leukocyte migration	0.00152516997046904	5	0.478866949409632	0.978143956137411	0.999999904388717	29787	4	31	1.09299339186411	0.506153184443749	0.543687634622304
GO:0007216	G protein-coupled glutamate receptor signaling pathway	0.0015308139829925	5	0.477101397821021	0.978695107975443	0.999999904388717	69259	4	16	2.11767469673672	0.110959548108861	0.163366492316089
GO:1902905	positive regulation of supramolecular fiber organization	0.00366496510514195	16	0.637695340729985	0.978760832946053	0.999999904388717	20610	12	66	1.54012705217216	0.0839104920492207	0.134068348921443
GO:1905039	carboxylic acid transmembrane transport	0.00421380925851987	19	0.658630492239146	0.979022479364377	0.999999904388717	24160	14	91	1.30318442876106	0.182433850693979	0.241283479950101
GO:0030155	regulation of cell adhesion	0.0102233014453367	54	0.77155288298445	0.979635187570036	0.999999904388717	59194	24	177	1.14856932704364	0.265555204529149	0.322965329188543
GO:0141161	regulation of cAMP/PKA signal transduction	0.00195762198200925	7	0.522314776255271	0.979672194785977	0.999999904388717	107700	6	32	1.58825602255254	0.169334953204508	0.226811324364177
GO:0046425	regulation of receptor signaling pathway via JAK-STAT	0.00196084535714495	7	0.521456158589858	0.97993846192162	0.999999904388717	16687	4	26	1.30318442876106	0.369029995533327	0.420086380797703
GO:1904892	regulation of receptor signaling pathway via STAT	0.00196084535714495	7	0.521456158589858	0.97993846192162	0.999999904388717	16687	4	26	1.30318442876106	0.369029995533327	0.420086380797703
GO:0008064	regulation of actin polymerization or depolymerization	0.00600111003100358	29	0.705877783682593	0.980161563436826	0.999999904388717	29874	20	102	1.6609213307739	0.0152618274449482	0.0354643233326895
GO:0097193	intrinsic apoptotic signaling pathway	0.00441424521262151	20	0.661815060931741	0.98021915552611	0.999999904388717	37393	14	90	1.31766425574729	0.171866654249347	0.229566778922789
GO:0099560	synaptic membrane adhesion	0.00237162621041205	9	0.554318500187697	0.980785997397107	0.999999904388717	97218	7	14	4.23534939347343	0.0005123975005186	0.00226184225137681
GO:0061572	actin filament bundle organization	0.00351971236704111	15	0.622511229549989	0.981186726343724	0.999999904388717	14553	10	70	1.2100998267067	0.31024828126639	0.366629502874156
GO:0044331	cell-cell adhesion mediated by cadherin	0.00443599022552835	20	0.658570875009265	0.981405502138781	0.999999904388717	82214	13	43	2.56090893558859	0.00100434670553504	0.00405595105290361
GO:0015711	organic anion transport	0.0111012528902994	59	0.776324193315977	0.981417167678909	0.999999904388717	47693	37	256	1.22428068405091	0.113271676472683	0.16616384802148
GO:0051046	regulation of secretion	0.00792497354309597	40	0.737267815084079	0.981693137210855	0.999999904388717	47817	24	130	1.56382131451327	0.0173729554806092	0.0396090285651213
GO:0032880	regulation of protein localization	0.00568713396634062	27	0.693479154038993	0.98183173179634	0.999999904388717	27155	18	113	1.34931485101808	0.114882490281528	0.16811902237811
GO:0015850	organic hydroxy compound transport	0.00462760572762591	21	0.662866467699355	0.982021694183559	0.999999904388717	12367	17	102	1.41178313115781	0.0896703612636982	0.14186566638122
GO:0006935	chemotaxis	0.0101257905512157	53	0.764557292232479	0.982170696076777	0.999999904388717	46651	27	193	1.18502003755215	0.200539485392254	0.259970533313967
GO:0030203	glycosaminoglycan metabolic process	0.00178254784717656	6	0.491669376895449	0.982173693263321	0.999999904388717	60181	6	38	1.33747875583372	0.288715333342628	0.345163576945381
GO:0045926	negative regulation of growth	0.00198980741725068	7	0.513866255930608	0.982189874757133	0.999999904388717	67604	5	23	1.84145625803193	0.126731089827441	0.181828295547201
GO:2001236	regulation of extrinsic apoptotic signaling pathway	0.00219912180269503	8	0.531378291239447	0.982650879912881	0.999999904388717	76049	5	39	1.08598702396755	0.494672901822561	0.53467995956603
GO:0008038	neuron recognition	0.00410250135249577	18	0.640894991131045	0.982913576554612	0.999999904388717	124984	6	34	1.49482919769651	0.206743652242889	0.265300447206473
GO:0052547	regulation of peptidase activity	0.00240697428052966	9	0.546177952376022	0.983201093834409	0.999999904388717	38983	7	72	0.823540159842056	0.760715779916596	0.777721184676677
GO:0035141	medial fin morphogenesis	0.00158608761915236	5	0.460474870537106	0.983445940789573	0.999999904388717	22157	4	17	1.99310559692867	0.1322031561528	0.1847483736185
GO:1902476	chloride transmembrane transport	0.00374913384907602	16	0.623378963133841	0.9836352305087	0.999999904388717	38368	8	68	0.996552798464337	0.560044137305639	0.590818477166306
GO:0071674	mononuclear cell migration	0.00241553382550991	9	0.544242547994096	0.983742125381975	0.999999904388717	27350	7	48	1.23531023976308	0.33661637170863	0.390726968888281
GO:0030308	negative regulation of cell growth	0.00159033667639761	5	0.459244575019212	0.983766514615853	0.999999904388717	94143	3	16	1.58825602255254	0.290941931951894	0.345163576945381
GO:0060627	regulation of vesicle-mediated transport	0.00866063126691855	44	0.742106495878563	0.983807922174298	0.999999904388717	40340	27	157	1.45674437737303	0.0287921142546456	0.0579195610585581
GO:0010970	transport along microtubule	0.00467950689892216	21	0.65551450801007	0.984477827037607	0.999999904388717	29448	16	94	1.44182107011862	0.0841760163733158	0.13440381756241
GO:0051346	negative regulation of hydrolase activity	0.00242926388508148	9	0.541166520457016	0.984576415837961	0.999999904388717	38983	7	72	0.823540159842056	0.760715779916596	0.777721184676677
GO:0030166	proteoglycan biosynthetic process	0.00432218713725253	19	0.64211547950351	0.984710424378065	0.999999904388717	43559	11	55	1.69413975738937	0.0543085537982145	0.0938374225984864
GO:0035329	hippo signaling	0.00182173428755747	6	0.481093316019598	0.984971151035712	0.999999904388717	55696	4	34	0.996552798464337	0.581759359318607	0.610796827340152
GO:0006869	lipid transport	0.0123801059233648	66	0.778722423060141	0.985116959774577	0.999999904388717	27598	46	258	1.51027962868045	0.00288105164524094	0.00956003282556629
GO:0044089	positive regulation of cellular component biogenesis	0.00785414349819773	39	0.725318710029526	0.985328661627668	0.999999904388717	27689	29	126	1.94960527636079	0.000296762998359453	0.00139158542062332
GO:0051130	positive regulation of cellular component organization	0.0176182251137635	98	0.812506840667789	0.985397859147009	0.999999904388717	40317	58	271	1.8129170835532	4.92573980118637e-06	4.09462700311678e-05
GO:0051016	barbed-end actin filament capping	0.00183302507352529	6	0.478129951393451	0.985697355847758	0.999999904388717	12170	4	26	1.30318442876106	0.369029995533327	0.420086380797703
GO:0030833	regulation of actin filament polymerization	0.00595743985510201	28	0.686533082931513	0.985742832677042	0.999999904388717	30787	19	100	1.6094327695199	0.02413096283854	0.0500346087039015
GO:0050906	detection of stimulus involved in sensory perception	0.00379351082072469	16	0.616086596805997	0.985772850564125	0.999999904388717	76764	11	169	0.551347258321985	0.992243946966995	0.993887415202138
GO:0006814	sodium ion transport	0.00855376085099025	43	0.734301570126802	0.985858668213012	0.999999904388717	18007	31	164	1.6011686731424	0.00542709548165287	0.0160687196696674
GO:0016082	synaptic vesicle priming	0.00162757252617178	5	0.448737908354569	0.986336003319764	0.999999904388717	44062	3	19	1.33747875583372	0.39269356081143	0.443269119740013
GO:0034219	carbohydrate transmembrane transport	0.00162830900181842	5	0.448534946545198	0.986382721357801	0.999999904388717	16707	4	37	0.915751220210472	0.650224465251846	0.677095558090493
GO:0042886	amide transport	0.00286092558301776	11	0.561628617652631	0.986612030810682	0.999999904388717	55188	9	61	1.24977523086101	0.290316278749045	0.345163576945381
GO:0031023	microtubule organizing center organization	0.00267198403279936	10	0.546675041560421	0.98697181611617	0.999999904388717	26797	9	69	1.10487375481916	0.428924816903788	0.475949143160672
GO:0046879	hormone secretion	0.00206552222142844	7	0.495029720289545	0.987013878517411	0.999999904388717	78387	5	43	0.98496497522638	0.584630931468607	0.613279368266505
GO:0002250	adaptive immune response	0.00286936916932075	11	0.559975933935916	0.987017019503062	0.999999904388717	13733	8	80	0.847069878694686	0.741913873015558	0.761429638873413
GO:0007269	neurotransmitter secretion	0.00528479877006717	24	0.663354823855657	0.987103632925711	0.999999904388717	57741	16	86	1.57594396036221	0.0430915885717466	0.0786924166694293
GO:0099643	signal release from synapse	0.00528479877006717	24	0.663354823855657	0.987103632925711	0.999999904388717	57741	16	86	1.57594396036221	0.0430915885717466	0.0786924166694293
GO:0005976	polysaccharide metabolic process	0.00227670989169469	8	0.513269428839555	0.987284786280553	0.999999904388717	19002	6	59	0.861426995282732	0.710942072630065	0.732439895098862
GO:0032273	positive regulation of protein polymerization	0.00164337258617846	5	0.444423557525727	0.987305777792923	0.999999904388717	20291	4	34	0.996552798464337	0.581759359318607	0.610796827340152
GO:0010976	positive regulation of neuron projection development	0.0026816493265949	10	0.544704696357204	0.987437255469801	0.999999904388717	80456	4	30	1.12942650492625	0.479611735775142	0.521195322929052
GO:0050905	neuromuscular process	0.00364870121042623	15	0.600504219695509	0.987592536002404	0.999999904388717	84842	11	73	1.27640666652624	0.239456296719069	0.298064609838138
GO:0031122	cytoplasmic microtubule organization	0.00164936723565459	5	0.442808293569521	0.987656379421609	0.999999904388717	36666	4	33	1.02675136811477	0.557290961013803	0.588427252157306
GO:0022409	positive regulation of cell-cell adhesion	0.00248764148654866	9	0.528466939898705	0.98769949861568	0.999999904388717	19693	6	52	0.977388321570792	0.587743607673343	0.616010306309279
GO:0008610	lipid biosynthetic process	0.0179136747090438	99	0.807260339291253	0.98813738833429	0.999999904388717	38230	63	426	1.2527089755344	0.0358381320411416	0.0680474422351032
GO:0043065	positive regulation of apoptotic process	0.00708610431375073	34	0.700865174927282	0.988269963956693	0.999999904388717	26820	23	138	1.41178313115781	0.0554866809021069	0.0956680549552364
GO:0030832	regulation of actin filament length	0.00621351733807171	29	0.681747554217784	0.988396113278067	0.999999904388717	29874	20	104	1.62898053595132	0.0186623147592561	0.0412508760257273
GO:0043068	positive regulation of programmed cell death	0.00709499309854677	34	0.699987113507851	0.988521328940911	0.999999904388717	26820	23	139	1.40162641798401	0.0593478616587197	0.100604398985594
GO:0043269	regulation of monoatomic ion transport	0.00568508053143083	26	0.668035946486501	0.98852261296276	0.999999904388717	27707	14	117	1.01358788903638	0.521133520670473	0.558538762295912
GO:0007214	gamma-aminobutyric acid signaling pathway	0.00188298945881924	6	0.465442961033463	0.988532791109535	0.999999904388717	23610	4	20	1.69413975738937	0.20425454757123	0.262814760944045
GO:0043604	amide biosynthetic process	0.0053306769924482	24	0.657645691569177	0.98864454853278	0.999999904388717	64032	16	118	1.14856932704364	0.316672229065647	0.372820421732734
GO:0009190	cyclic nucleotide biosynthetic process	0.00188526790878132	6	0.464880447614559	0.988648524493085	0.999999904388717	114051	4	33	1.02675136811477	0.557290961013803	0.588427252157306
GO:2000145	regulation of cell motility	0.0184326111869121	102	0.808307139294982	0.988724402960289	0.999999904388717	39307	55	286	1.62898053595132	0.000182608549214698	0.000937855797346826
GO:0099111	microtubule-based transport	0.00604784344862939	28	0.676270737634446	0.988734280081695	0.999999904388717	29176	20	127	1.33396831290502	0.110017068895012	0.163366492316089
GO:0046903	secretion	0.0164830062289288	90	0.797570701425909	0.988764384270697	0.999999904388717	43430	56	294	1.61346643560893	0.000207617993075061	0.00103980936904467
GO:0032956	regulation of actin cytoskeleton organization	0.0127056240177964	67	0.770268092845644	0.988910258107688	0.999999904388717	36823	42	217	1.63949008779617	0.000859099647603168	0.00354405701800457
GO:0043086	negative regulation of catalytic activity	0.0029131718694249	11	0.551556088146118	0.988941937127241	0.999999904388717	32127	9	85	0.896897518617903	0.685658711720866	0.710020729303414
GO:0051932	synaptic transmission, GABAergic	0.00189685963512583	6	0.462039559004841	0.989220455076164	0.999999904388717	84204	4	25	1.3553118059115	0.340853824145976	0.394321090678679
GO:0034765	regulation of monoatomic ion transmembrane transport	0.00425717849404474	18	0.617609191533993	0.98934696604672	0.999999904388717	38253	9	91	0.83776141848925	0.7610029120007	0.777721184676677
GO:0072332	intrinsic apoptotic signaling pathway by p53 class mediator	0.00168249897653008	5	0.434088520277106	0.989434450332404	0.999999904388717	20885	3	30	0.847069878694687	0.704415537498351	0.727886025291974
GO:0031503	protein-containing complex localization	0.00211811431317669	7	0.482738292812937	0.989612137302386	0.999999904388717	81295	5	32	1.32354668546045	0.324738809865298	0.380664364007503
GO:1901137	carbohydrate derivative biosynthetic process	0.0220414819721605	124	0.821758110543636	0.98966576854617	0.999999904388717	33201	76	429	1.50063661493697	0.000204125057280337	0.00102656655626016
GO:0050773	regulation of dendrite development	0.00232784214652389	8	0.501995200786485	0.989676694773583	0.999999904388717	46106	3	22	1.15509528912912	0.490300798807983	0.530665607300452
GO:0030705	cytoskeleton-dependent intracellular transport	0.00537218605752539	24	0.652564285691427	0.989892010426634	0.999999904388717	26362	19	108	1.49021552733324	0.0486865000831968	0.0855905840852129
GO:0099003	vesicle-mediated transport in synapse	0.00628038753218763	29	0.674488672332718	0.990255768700434	0.999999904388717	43116	19	113	1.42427678718576	0.0710022454076143	0.117318600847691
GO:0099504	synaptic vesicle cycle	0.00628038753218763	29	0.674488672332718	0.990255768700434	0.999999904388717	43116	19	113	1.42427678718576	0.0710022454076143	0.117318600847691
GO:1901890	positive regulation of cell junction assembly	0.0031574933512573	12	0.555139214439603	0.990726043029773	0.999999904388717	28024	7	27	2.19610709291215	0.0334947419809207	0.0638988807979867
GO:0052652	cyclic purine nucleotide metabolic process	0.00256380701106124	9	0.512767255214451	0.990892641471457	0.999999904388717	141324	6	45	1.12942650492625	0.442006689312616	0.488671929363445
GO:0006638	neutral lipid metabolic process	0.00236015596458657	8	0.495122188227166	0.990963397127009	0.999999904388717	62204	6	56	0.907574870030021	0.661438841106615	0.688477003716395
GO:0006836	neurotransmitter transport	0.00790356467230714	38	0.70230165278844	0.991245472375119	0.999999904388717	36748	25	114	1.85760938310238	0.00155477224789743	0.00568125992094243
GO:0008630	intrinsic apoptotic signaling pathway in response to DNA damage	0.00194431020195207	6	0.450763560479034	0.99128988836609	0.999999904388717	46364	6	43	1.18195797027166	0.398066006562327	0.447128935889328
GO:0034332	adherens junction organization	0.0037603093665968	15	0.582680907249937	0.991446103558513	0.999999904388717	104497	11	41	2.27262650381501	0.00662922774661152	0.0184747717961443
GO:0097529	myeloid leukocyte migration	0.00337562887893596	13	0.562537869219721	0.991462538157221	0.999999904388717	18127	11	76	1.22602219284757	0.282570404358686	0.341257018544014
GO:0009187	cyclic nucleotide metabolic process	0.00258953120119663	9	0.50767346744227	0.99178263732646	0.999999904388717	141324	6	46	1.10487375481916	0.463751510355429	0.507279086390452
GO:0098661	inorganic anion transmembrane transport	0.0041920000542024	17	0.592366850571859	0.992792454412274	0.999999904388717	36440	9	85	0.896897518617903	0.685658711720866	0.710020729303414
GO:0032271	regulation of protein polymerization	0.00657806450039356	30	0.666171781422323	0.992904507332141	0.999999904388717	28983	20	115	1.47316500642554	0.0487845991755593	0.0856385670578214
GO:0002684	positive regulation of immune system process	0.0112582982117393	57	0.739546034563263	0.992944956556398	0.999999904388717	58283	41	248	1.40039778332589	0.0164924403715732	0.0378153680178537
GO:0043542	endothelial cell migration	0.00304742924009285	11	0.527256764245118	0.993314787601973	0.999999904388717	55505	8	53	1.27859604331273	0.28492726284499	0.342054118522099
GO:0006665	sphingolipid metabolic process	0.0049706039024239	21	0.617125146721274	0.993437655848597	0.999999904388717	16366	17	120	1.20001566148414	0.24785437259663	0.307466526826281
GO:0051051	negative regulation of transport	0.00285130515418664	10	0.512294161161453	0.993465217973462	0.999999904388717	20808	7	58	1.022325715666	0.535479203956602	0.571382529497583
GO:0017156	calcium-ion regulated exocytosis	0.0032568450893798	12	0.53820440656852	0.993559009004492	0.999999904388717	25813	7	45	1.31766425574729	0.277639262612881	0.33580468813028
GO:0051640	organelle localization	0.014998060114864	79	0.769405181126099	0.993625000241688	0.999999904388717	47998	52	298	1.47810851315851	0.00258933051716781	0.00879460931081058
GO:0051899	membrane depolarization	0.00223918138430649	7	0.456637811787742	0.993855417946008	0.999999904388717	34934	7	45	1.31766425574729	0.277639262612881	0.33580468813028
GO:0035249	synaptic transmission, glutamatergic	0.00823511606910719	39	0.69176404833808	0.994015132679608	0.999999904388717	37532	17	80	1.80002349222621	0.0111931945479659	0.0278850026895259
GO:1901343	negative regulation of vasculature development	0.00203397801006304	6	0.430891673838923	0.994215536487941	0.999999904388717	39864	5	29	1.46046530809429	0.252915441275544	0.311825918677646
GO:0043113	receptor clustering	0.0018097159989359	5	0.403573539449908	0.994249706320962	0.999999904388717	77947	4	25	1.3553118059115	0.340853824145976	0.394321090678679
GO:0120035	regulation of plasma membrane bounded cell projection organization	0.017546074658451	94	0.782548000037878	0.994350897174972	0.999999904388717	46561	47	214	1.86038711675936	1.84241542860743e-05	0.00012955822447097
GO:0031344	regulation of cell projection organization	0.0177123442165747	95	0.783448885197174	0.994367029458268	0.999999904388717	47448	48	217	1.87370295748133	1.23923563832183e-05	9.25219447253243e-05
GO:0007159	leukocyte cell-cell adhesion	0.00368869729085729	14	0.554393492824631	0.994389867603304	0.999999904388717	19992	9	75	1.01648385443362	0.532268056690683	0.568457584606959
GO:0001764	neuron migration	0.00686155102547	31	0.659937035802469	0.994640659501031	0.999999904388717	87345	17	72	2.00002610247357	0.00371912898320651	0.0117006324238962
GO:0019216	regulation of lipid metabolic process	0.00466468282444907	19	0.594969341022366	0.99470091427911	0.999999904388717	43024	11	84	1.10925817448114	0.405653930496128	0.455137689179097
GO:0043588	skin development	0.00227443144173261	7	0.449560654484555	0.994741108275095	0.999999904388717	21578	8	45	1.50590200656833	0.155077992396083	0.211105044235298
GO:0006639	acylglycerol metabolic process	0.00227474618671374	7	0.449498451078945	0.994748440355179	0.999999904388717	62065	5	53	0.799122527070459	0.765278277115758	0.78176019946918
GO:0032535	regulation of cellular component size	0.0117391898900135	59	0.734136791005465	0.994752316653538	0.999999904388717	46232	38	181	1.77837875085072	0.000290980188394686	0.0013747677260288
GO:0051017	actin filament bundle assembly	0.00331545874958282	12	0.528689545250957	0.994826387312041	0.999999904388717	11713	9	64	1.1911920169144	0.341446210273628	0.394628945366414
GO:0045055	regulated exocytosis	0.00579204343820885	25	0.630479984207045	0.994898487898064	0.999999904388717	51516	15	91	1.39626903081542	0.113747073803872	0.166659098444316
GO:0010876	lipid localization	0.0129468436050121	66	0.744634474355718	0.99498557999082	0.999999904388717	27598	46	269	1.44852098215448	0.00640379878509812	0.0180125456525027
GO:0030148	sphingolipid biosynthetic process	0.00312989794699069	11	0.51336423986034	0.995132148868593	0.999999904388717	11207	9	81	0.941188754105207	0.628066130449163	0.655067747122852
GO:0051966	regulation of synaptic transmission, glutamatergic	0.0029303227099756	10	0.498479903666152	0.995224472384478	0.999999904388717	40822	7	36	1.64708031968411	0.12502375431868	0.180664552984998
GO:0007259	cell surface receptor signaling pathway via JAK-STAT	0.0027234220596168	9	0.482714854761223	0.995237559376234	0.999999904388717	18625	5	41	1.03301204718864	0.54068254812859	0.575918575043178
GO:0045321	leukocyte activation	0.00886073383982307	42	0.69237711413707	0.995315017427484	0.999999904388717	24761	21	195	0.912229100132739	0.705668443636964	0.72886932756525
GO:0034762	regulation of transmembrane transport	0.0048920729589413	20	0.597173016199451	0.995322071484604	0.999999904388717	37259	11	107	0.870819501461827	0.731097841819178	0.751285335327354
GO:0097696	cell surface receptor signaling pathway via STAT	0.00273261040432909	9	0.481091736267544	0.995415334980802	0.999999904388717	18625	5	43	0.98496497522638	0.584630931468607	0.613279368266505
GO:0097191	extrinsic apoptotic signaling pathway	0.00334821776613855	12	0.52351683822429	0.995428497735232	0.999999904388717	56577	9	59	1.2921404929241	0.257419964049751	0.313228819434782
GO:0033564	anterior/posterior axon guidance	0.00185928833346388	5	0.392813464132821	0.995483496584079	0.999999904388717	58801	2	12	1.41178313115781	0.422816232191963	0.4717677424688
GO:0070374	positive regulation of ERK1 and ERK2 cascade	0.00187471635938103	5	0.389580795748125	0.995812541170475	0.999999904388717	18086	4	31	1.09299339186411	0.506153184443749	0.543687634622304
GO:0050870	positive regulation of T cell activation	0.00232916393739859	7	0.438996530517974	0.995879824538751	0.999999904388717	24762	5	47	0.901138168824135	0.665135098379661	0.691431801882424
GO:1903039	positive regulation of leukocyte cell-cell adhesion	0.00232916393739859	7	0.438996530517974	0.995879824538751	0.999999904388717	24762	5	47	0.901138168824135	0.665135098379661	0.691431801882424
GO:0017158	regulation of calcium ion-dependent exocytosis	0.0021114170093348	6	0.415088154274055	0.995963962715172	0.999999904388717	22974	3	32	0.794128011276269	0.74568431958565	0.764650431995629
GO:0048167	regulation of synaptic plasticity	0.00378062905409568	14	0.540912569255035	0.995969403845071	0.999999904388717	13996	11	38	2.45204438569515	0.00352049129558741	0.0112795608530145
GO:0098739	import across plasma membrane	0.0071467921157702	32	0.654036421831792	0.995974194162393	0.999999904388717	39453	21	139	1.27974585989845	0.141484613443343	0.196180595178288
GO:0038084	vascular endothelial growth factor signaling pathway	0.00188474333381277	5	0.387508196997947	0.996013904341487	0.999999904388717	81072	3	20	1.27060481804203	0.425947504324407	0.473514252279752
GO:0032940	secretion by cell	0.0157613484446945	82	0.759947494080227	0.996099490571835	0.999999904388717	47299	51	275	1.5709295932156	0.000730658813441267	0.0030998985591362
GO:0060326	cell chemotaxis	0.00419759160922901	16	0.556779074540858	0.996308089460252	0.999999904388717	30351	12	96	1.05883734836836	0.462881627256075	0.507279086390452
GO:0043534	blood vessel endothelial cell migration	0.00257813964161643	8	0.453259228817737	0.996416118682625	0.999999904388717	70704	5	39	1.08598702396755	0.494672901822561	0.53467995956603
GO:0023061	signal release	0.00790940125906248	36	0.664847434541342	0.99643868850648	0.999999904388717	54176	25	140	1.51262478338337	0.0227131356062764	0.047735078220315
GO:0051648	vesicle localization	0.00701830299906564	31	0.645197513609616	0.996511167240146	0.999999904388717	23383	21	131	1.35789827882354	0.0899237689693029	0.142173592899832
GO:0006493	protein O-linked glycosylation	0.00721069777108358	32	0.648239947279274	0.996620395933548	0.999999904388717	36355	18	105	1.45211979204803	0.0664337695003759	0.110221734171063
GO:0006816	calcium ion transport	0.0114300185179243	56	0.715655804702052	0.996624949423684	0.999999904388717	48195	37	203	1.54392046855682	0.00481978020000204	0.0146462972871855
GO:0005977	glycogen metabolic process	0.00191920307763496	5	0.380550395943354	0.996637308963874	0.999999904388717	29204	4	51	0.664368532309558	0.867094789789874	0.874323591705588
GO:0044042	glucan metabolic process	0.00191920307763496	5	0.380550395943354	0.996637308963874	0.999999904388717	29204	4	51	0.664368532309558	0.867094789789874	0.874323591705588
GO:0002685	regulation of leukocyte migration	0.00301882333878155	10	0.483866334082651	0.996660844473045	0.999999904388717	15833	8	58	1.16837224647543	0.376821632662608	0.427547621674882
GO:0051965	positive regulation of synapse assembly	0.00302226137551621	10	0.483315901798824	0.996707377247801	0.999999904388717	33238	6	23	2.20974750963831	0.0463254984219991	0.0823980740314822
GO:0008643	carbohydrate transport	0.00193430531488742	5	0.377579219510232	0.99687988615416	0.999999904388717	16707	4	45	0.752951003284166	0.793954642758462	0.80628727155026
GO:0008037	cell recognition	0.00521308730117572	21	0.588419967930495	0.996937719180719	0.999999904388717	111097	9	69	1.10487375481916	0.428924816903788	0.475949143160672
GO:0042060	wound healing	0.0065364960755173	28	0.625714374008641	0.997105260271995	0.999999904388717	20851	18	135	1.12942650492625	0.32812668438948	0.384005055412749
GO:0110053	regulation of actin filament organization	0.00799323800225988	36	0.657874209970857	0.99714759086335	0.999999904388717	27657	26	141	1.56197282596183	0.0139318855954622	0.033235928259786
GO:0050678	regulation of epithelial cell proliferation	0.00241147182065475	7	0.424012787032252	0.997160085409257	0.999999904388717	52207	6	39	1.30318442876106	0.310236084620574	0.366629502874156
GO:0006486	protein glycosylation	0.00924644277051437	43	0.679292586269033	0.997206984423309	0.999999904388717	26351	24	165	1.23210164173773	0.16485928132257	0.221445142884793
GO:0043413	macromolecule glycosylation	0.00924644277051437	43	0.679292586269033	0.997206984423309	0.999999904388717	26351	24	165	1.23210164173773	0.16485928132257	0.221445142884793
GO:0040017	positive regulation of locomotion	0.00978722848605305	46	0.686532671389062	0.997292836418963	0.999999904388717	68616	27	138	1.65731063222873	0.00564440323776837	0.0166611788880348
GO:0050954	sensory perception of mechanical stimulus	0.00506441792347708	20	0.576850885630108	0.997327181232376	0.999999904388717	57350	13	76	1.44893531881986	0.108185479131116	0.162389257246487
GO:0051047	positive regulation of secretion	0.00220819763988117	6	0.396895718697892	0.997445963590344	0.999999904388717	38126	4	34	0.996552798464337	0.581759359318607	0.610796827340152
GO:1903532	positive regulation of secretion by cell	0.00220819763988117	6	0.396895718697892	0.997445963590344	0.999999904388717	38126	4	34	0.996552798464337	0.581759359318607	0.610796827340152
GO:1905475	regulation of protein localization to membrane	0.00197666129244673	5	0.369488436830596	0.997473550047942	0.999999904388717	5255	5	28	1.51262478338337	0.22988466641012	0.287316641558905
GO:0098656	monoatomic anion transmembrane transport	0.00431305401095798	16	0.541873847521769	0.99754566709551	0.999999904388717	38368	8	83	0.816452895127409	0.778047479493811	0.79280744649145
GO:0007018	microtubule-based movement	0.0119287312502946	58	0.710226454002065	0.997609201164616	0.999999904388717	34270	39	259	1.2755106281503	0.0665756060432537	0.110381350938061
GO:1903037	regulation of leukocyte cell-cell adhesion	0.00331203382722237	11	0.485133233601311	0.997632952417266	0.999999904388717	20669	7	66	0.898407447100425	0.675211700815037	0.701304037901062
GO:0035023	regulation of Rho protein signal transduction	0.00267464210938343	8	0.436905401901746	0.997652793876303	0.999999904388717	28329	5	50	0.847069878694687	0.718369453767726	0.739147472847354
GO:0060294	cilium movement involved in cell motility	0.00223195329342405	6	0.392671384248861	0.99772016483312	0.999999904388717	40455	6	52	0.977388321570792	0.587743607673343	0.616010306309279
GO:0016525	negative regulation of angiogenesis	0.00199790105683123	5	0.365560390787351	0.99772858804482	0.999999904388717	44359	4	28	1.21009982670669	0.424994586970324	0.473325002707741
GO:2000181	negative regulation of blood vessel morphogenesis	0.00199790105683123	5	0.365560390787351	0.99772858804482	0.999999904388717	44359	4	28	1.21009982670669	0.424994586970324	0.473325002707741
GO:0046890	regulation of lipid biosynthetic process	0.00200936163943361	5	0.36347538280643	0.997855672648169	0.999999904388717	10231	4	34	0.996552798464337	0.581759359318607	0.610796827340152
GO:0035924	cellular response to vascular endothelial growth factor stimulus	0.00201322692867556	5	0.362777529292322	0.997896962128884	0.999999904388717	81072	3	23	1.10487375481916	0.521118519403008	0.558538762295912
GO:1990573	potassium ion import across plasma membrane	0.00295855381627648	9	0.44435097875488	0.998241564381798	0.999999904388717	27348	5	62	0.68312086991507	0.870465149311002	0.877356331743047
GO:0009100	glycoprotein metabolic process	0.0137891653659267	68	0.720334205532406	0.998246080519746	0.999999904388717	42172	39	225	1.46825445640412	0.00909440939788291	0.0234534928928345
GO:0098609	cell-cell adhesion	0.0350374879149489	197	0.82128968888367	0.998303489285312	0.999999904388717	66350	92	451	1.72794742438827	1.10937706538406e-07	1.54228915009428e-06
GO:0007605	sensory perception of sound	0.00442046901853126	16	0.528706605948237	0.998335292280268	0.999999904388717	55063	11	67	1.39071174114053	0.16199873287252	0.21855824585534
GO:1903530	regulation of secretion by cell	0.00748347468403894	32	0.624611232125026	0.998436062472327	0.999999904388717	43918	20	123	1.37734939625152	0.0859132767643159	0.136636565741539
GO:0051251	positive regulation of lymphocyte activation	0.00320274001298541	10	0.456080411228193	0.998444820464078	0.999999904388717	17458	7	58	1.022325715666	0.535479203956602	0.571382529497583
GO:0099173	postsynapse organization	0.00465797033554229	17	0.533108133119065	0.998552859636071	0.999999904388717	54089	10	42	2.01683304451116	0.0219086246808813	0.0469415085058032
GO:0048010	vascular endothelial growth factor receptor signaling pathway	0.00209395004334252	5	0.348792223296713	0.998602646479413	0.999999904388717	35916	4	27	1.25491833880694	0.397121741176009	0.446392886572847
GO:0070085	glycosylation	0.00951732500151095	43	0.659958551628125	0.998603048799453	0.999999904388717	26351	24	171	1.18887000518552	0.212355972743618	0.271219164766004
GO:0003333	amino acid transmembrane transport	0.00406531588952779	14	0.503033424861029	0.998609757685206	0.999999904388717	15320	10	79	1.07224035277808	0.458122128319458	0.502808613334913
GO:0044087	regulation of cellular component biogenesis	0.0188154190799813	97	0.753045024769867	0.998611092423293	0.999999904388717	27900	65	317	1.73689407303327	6.22627252134698e-06	5.08829500984403e-05
GO:1903305	regulation of regulated secretory pathway	0.00301601203108825	9	0.435885623270238	0.99863092317038	0.999999904388717	42240	6	44	1.15509528912912	0.420091032419318	0.470245352809963
GO:0010959	regulation of metal ion transport	0.00427480421298802	15	0.512552239611822	0.998642817376031	0.999999904388717	28808	7	83	0.714396283236483	0.872747274408259	0.878558325756795
GO:0017157	regulation of exocytosis	0.00427839755152259	15	0.512121757476537	0.998661052594744	0.999999904388717	50353	10	66	1.28343921014346	0.248181443897492	0.307714460680694
GO:0015849	organic acid transport	0.00772649646236373	33	0.623870477993757	0.998682157054491	0.999999904388717	25377	25	176	1.2032242595095	0.189720381694678	0.248879394424851
GO:1904062	regulation of monoatomic cation transmembrane transport	0.00303224279475332	9	0.433552447131261	0.998724957610154	0.999999904388717	49159	4	61	0.55545565816045	0.939841129444382	0.943350909595834
GO:0046942	carboxylic acid transport	0.00737509335415517	31	0.613984315494102	0.998748685682117	0.999999904388717	25104	24	172	1.18195797027166	0.220853991296416	0.281626676302599
GO:0009101	glycoprotein biosynthetic process	0.0125955626675528	60	0.695819799750087	0.998852038582397	0.999999904388717	39017	35	196	1.51262478338337	0.00824297658766699	0.0219118245775455
GO:0002696	positive regulation of leukocyte activation	0.00328581267132731	10	0.444549683226257	0.998908113382814	0.999999904388717	17458	7	59	1.00499816116319	0.554315651735499	0.587594023465457
GO:0099518	vesicle cytoskeletal trafficking	0.00215104588728786	5	0.339534128679398	0.998956704805878	0.999999904388717	20546	5	30	1.41178313115781	0.276478094572734	0.335238351263881
GO:0002443	leukocyte mediated immunity	0.00215926031715723	5	0.338242445936873	0.998999853752027	0.999999904388717	13487	5	52	0.81449026797566	0.750340950549199	0.767798121564515
GO:0050900	leukocyte migration	0.00496450916956562	18	0.529613800301013	0.999019101166055	0.999999904388717	20072	16	112	1.21009982670669	0.245562871927567	0.304936646402867
GO:0099175	regulation of postsynapse organization	0.00264516444730202	7	0.386552483936669	0.999042730820665	0.999999904388717	73090	4	23	1.47316500642554	0.284849328174485	0.342054118522099
GO:0001775	cell activation	0.0107875577493367	49	0.663492551232836	0.999165058253162	0.999999904388717	26840	27	231	0.990081676396387	0.552527075987725	0.585954842969885
GO:0072384	organelle transport along microtubule	0.00243930604457811	6	0.359292427145692	0.999170128820545	0.999999904388717	28837	6	39	1.30318442876106	0.310236084620574	0.366629502874156
GO:0032963	collagen metabolic process	0.00220608967678386	5	0.331062467122565	0.999214610605033	0.999999904388717	33580	4	31	1.09299339186411	0.506153184443749	0.543687634622304
GO:0050867	positive regulation of cell activation	0.0033727299120045	10	0.433093375482071	0.999249848869469	0.999999904388717	17458	7	61	0.972047401780788	0.59093149985841	0.619083282008443
GO:0006112	energy reserve metabolic process	0.00246027385825523	6	0.356230338491327	0.999252098275667	0.999999904388717	24438	5	56	0.756312391691684	0.806006752445382	0.817839905270712
GO:0007229	integrin-mediated signaling pathway	0.00381609929496255	12	0.4593298662142	0.999286808636323	0.999999904388717	41711	8	66	1.02675136811477	0.5247936201295	0.561963597650846
GO:0016079	synaptic vesicle exocytosis	0.00382372219753184	12	0.458414154602206	0.999308966887302	0.999999904388717	38220	10	65	1.30318442876106	0.233376312537015	0.2906989186545
GO:0045785	positive regulation of cell adhesion	0.00339463091694146	10	0.430299204219663	0.999318119559481	0.999999904388717	18255	7	76	0.780195940903001	0.807888363153483	0.819405429965734
GO:0001539	cilium or flagellum-dependent cell motility	0.00250248419723774	6	0.350221667843109	0.999393945477581	0.999999904388717	40455	6	59	0.861426995282732	0.710942072630065	0.732439895098862
GO:0060285	cilium-dependent cell motility	0.00250248419723774	6	0.350221667843109	0.999393945477581	0.999999904388717	40455	6	59	0.861426995282732	0.710942072630065	0.732439895098862
GO:0030335	positive regulation of cell migration	0.00873166009812067	37	0.618967730457915	0.999394120899141	0.999999904388717	58754	21	124	1.43455382682165	0.0564254256263163	0.0966665046671807
GO:0050806	positive regulation of synaptic transmission	0.00274630181100825	7	0.372317013165488	0.999409724188611	0.999999904388717	36765	3	31	0.819745043898084	0.725657932468487	0.746012128619324
GO:0034329	cell junction assembly	0.0177446946168391	88	0.724398008573236	0.999437779378007	0.999999904388717	53953	57	216	2.23532329099987	3.24742151487226e-09	6.77199365903104e-08
GO:0009617	response to bacterium	0.00669986873740022	26	0.566852620927625	0.999458166526527	0.999999904388717	14279	22	203	0.918006765087838	0.69750525433327	0.721361782912432
GO:0006887	exocytosis	0.0106278246714132	47	0.645976296043862	0.999504979485662	0.999999904388717	44446	32	182	1.48935363286978	0.0138285055157163	0.0330545008325273
GO:0140029	exocytic process	0.00346952503738553	10	0.42101064740553	0.99950917021466	0.999999904388717	25498	8	59	1.14856932704364	0.395551306170508	0.446286664937714
GO:0030595	leukocyte chemotaxis	0.00257216915019806	6	0.340733496955338	0.999572857981026	0.999999904388717	12294	5	58	0.730232654047144	0.829893573007915	0.839261100796884
GO:0007218	neuropeptide signaling pathway	0.00436909104174312	14	0.468058402883553	0.999580036213753	0.999999904388717	10545	10	80	1.05883734836836	0.474549645984468	0.516622679404333
GO:2000147	positive regulation of cell motility	0.00905503502771357	38	0.612994484868735	0.999595203253296	0.999999904388717	57229	22	132	1.41178313115781	0.0600028410580291	0.101643468150821
GO:0007409	axonogenesis	0.0345543026016476	188	0.794728563373258	0.999602363017047	0.999999904388717	52718	96	459	1.77164941949215	1.68073269506655e-08	2.90406599240427e-07
GO:0051650	establishment of vesicle localization	0.00642530619886113	24	0.545607734282279	0.999629920198554	0.999999904388717	16741	19	120	1.34119397459992	0.112456693585443	0.165068411276205
GO:0048013	ephrin receptor signaling pathway	0.00398872173204748	12	0.439451156627936	0.999654210542434	0.999999904388717	100433	5	34	1.24569099808042	0.37377797372777	0.424891409044866
GO:0007264	small GTPase-mediated signal transduction	0.0197109479277717	98	0.726242516484399	0.999673414762909	0.999999904388717	63651	59	319	1.56668096686478	0.000320475184284826	0.00149369840228323
GO:0050808	synapse organization	0.0221201613151408	112	0.739593078338491	0.99969503547693	0.999999904388717	51168	68	232	2.48279102376029	5.71418911649391e-13	2.8209435658773e-11
GO:0051963	regulation of synapse assembly	0.00492812161273401	16	0.474243810349155	0.999759400768003	0.999999904388717	38745	10	42	2.01683304451116	0.0219086246808813	0.0469415085058032
GO:0042742	defense response to bacterium	0.00340639658130186	9	0.385931659037483	0.999765099292637	0.999999904388717	14944	9	103	0.74015814643225	0.871286330112973	0.877818255953053
GO:0071345	cellular response to cytokine stimulus	0.0071674582988404	27	0.550252082041745	0.999782593427999	0.999999904388717	22871	20	153	1.1072808871826	0.348934498334465	0.402644859373836
GO:0007015	actin filament organization	0.018894199196574	92	0.711250267674061	0.999791507033945	0.999999904388717	45147	59	344	1.45282333845891	0.00212388961473646	0.00743515047474311
GO:0030010	establishment of cell polarity	0.00539335265750638	18	0.487502437702362	0.999801992834305	0.999999904388717	56914	13	81	1.35949486704085	0.155239261099059	0.211205721371554
GO:0106027	neuron projection organization	0.002772836331424	6	0.316074980472264	0.999846700420069	0.999999904388717	57234	3	23	1.10487375481916	0.521118519403008	0.558538762295912
GO:0051050	positive regulation of transport	0.00587993321326852	20	0.49684475289045	0.999851707101725	0.999999904388717	24198	13	111	0.992063821894678	0.556051011956656	0.588427252157306
GO:0007160	cell-matrix adhesion	0.00526041500702248	17	0.472054365746799	0.999852170684203	0.999999904388717	53512	12	80	1.27060481804203	0.231198788562785	0.288134914751869
GO:0006821	chloride transport	0.00548740480798608	18	0.479146820751473	0.999862464113417	0.999999904388717	40016	10	102	0.830460665386948	0.777980425778471	0.79280744649145
GO:1901888	regulation of cell junction assembly	0.00570457194266358	19	0.486512098372266	0.999867708241679	0.999999904388717	32874	12	55	1.84815246260659	0.0248105996531902	0.0510202740905808
GO:0003341	cilium movement	0.00467212074531893	14	0.43770054040235	0.999879662636982	0.999999904388717	31619	11	113	0.824581297844385	0.793223197975924	0.806221393236874
GO:0007215	glutamate receptor signaling pathway	0.00258737009037224	5	0.282276390921954	0.999895887303576	0.999999904388717	69259	4	27	1.25491833880694	0.397121741176009	0.446392886572847
GO:0007163	establishment or maintenance of cell polarity	0.00857085647312321	33	0.562409726065033	0.999902305962458	0.999999904388717	42948	21	135	1.31766425574729	0.113912562605968	0.166800538101595
GO:0019221	cytokine-mediated signaling pathway	0.00640623444760322	22	0.50162937168135	0.999904843028584	0.999999904388717	17063	18	138	1.10487375481916	0.363496562023486	0.414959029511474
GO:0140352	export from cell	0.0176918222916209	83	0.685280902794896	0.999907869851813	0.999999904388717	46764	52	311	1.41632262675639	0.00624029773122916	0.0177591531904039
GO:0034330	cell junction organization	0.0308921812450194	160	0.756544561534904	0.999921973469173	0.999999904388717	53727	97	373	2.20283587757063	3.39505251399014e-14	2.21963027874112e-12
GO:0034097	response to cytokine	0.00773799845877942	28	0.52855781399928	0.999939943630159	0.999999904388717	22771	21	167	1.06517769177176	0.41378793412007	0.463833648116983
GO:1901652	response to peptide	0.00773799845877942	28	0.52855781399928	0.999939943630159	0.999999904388717	22771	21	167	1.06517769177176	0.41378793412007	0.463833648116983
GO:0016358	dendrite development	0.00674015126337331	23	0.498449653091485	0.999941404030814	0.999999904388717	52217	9	65	1.17286598588495	0.358814586695583	0.4099712974693
GO:0007266	Rho protein signal transduction	0.00507786567888795	15	0.431492404846144	0.999945625886962	0.999999904388717	36780	10	85	0.996552798464337	0.554672178262967	0.587714410520419
GO:0045197	establishment or maintenance of epithelial cell apical/basal polarity	0.0027249433270256	5	0.268025203990903	0.99995077741538	0.999999904388717	49797	4	30	1.12942650492625	0.479611735775142	0.521195322929052
GO:0002252	immune effector process	0.00450635229433623	12	0.388972779784284	0.999964463304297	0.999999904388717	35490	11	114	0.817348128565048	0.802482765289164	0.814605878822697
GO:0035088	establishment or maintenance of apical/basal cell polarity	0.00279622823364	5	0.261192374178608	0.999966733099226	0.999999904388717	49797	4	32	1.05883734836836	0.532069523669242	0.568457584606959
GO:0061245	establishment or maintenance of bipolar cell polarity	0.00279622823364	5	0.261192374178608	0.999966733099226	0.999999904388717	49797	4	32	1.05883734836836	0.532069523669242	0.568457584606959
GO:0048813	dendrite morphogenesis	0.00453970352842224	12	0.386115165371701	0.999969457447027	0.999999904388717	70189	6	36	1.41178313115781	0.246746528879951	0.306249283407184
GO:0051897	positive regulation of phosphatidylinositol 3-kinase/protein kinase B signal transduction	0.0028329643567336	5	0.257805393616665	0.99997284007667	0.999999904388717	124626	3	34	0.747414598848253	0.782210522809696	0.795362444168413
GO:0071526	semaphorin-plexin signaling pathway	0.00458082882549612	12	0.382648740083714	0.99997467909802	0.999999904388717	67932	8	49	1.38297123052194	0.216287528819243	0.275949120365901
GO:0007416	synapse assembly	0.0113535430800422	45	0.578954197246307	0.999979371081789	0.999999904388717	36443	32	108	2.50983667761389	5.34712443443769e-07	6.27897767325475e-06
GO:0015698	inorganic anion transport	0.00619787465055559	19	0.44778951215027	0.999981239160791	0.999999904388717	38204	11	125	0.745421493251324	0.884874776465436	0.890396041709605
GO:0051656	establishment of organelle localization	0.0106944111809079	41	0.560002652378566	0.99998525407499	0.999999904388717	67784	29	193	1.27279929959305	0.103327655605537	0.157807715831767
GO:0051896	regulation of phosphatidylinositol 3-kinase/protein kinase B signal transduction	0.00373577996497532	8	0.312803643870717	0.999985372342535	0.999999904388717	78766	6	54	0.941188754105207	0.625638794266228	0.6540277628911
GO:0050804	modulation of chemical synaptic transmission	0.0165839427356405	72	0.634173093777589	0.999989328871211	0.999999904388717	44010	44	179	2.0821829420428	1.56838790451436e-06	1.52981062137913e-05
GO:0099177	regulation of trans-synaptic signaling	0.0165839427356405	72	0.634173093777589	0.999989328871211	0.999999904388717	44010	44	179	2.0821829420428	1.56838790451436e-06	1.52981062137913e-05
GO:0006672	ceramide metabolic process	0.00331455730891318	6	0.264416664919575	0.999991344657155	0.999999904388717	9366	6	80	0.635302409021015	0.922160529926879	0.925988510540939
GO:0045229	external encapsulating structure organization	0.0102604758646211	37	0.526741245276859	0.99999540166799	0.999999904388717	42931	27	173	1.32201657368535	0.0795639993963056	0.127968959135414
GO:0043491	phosphatidylinositol 3-kinase/protein kinase B signal transduction	0.00472173932527177	11	0.340293601511945	0.999995695471264	0.999999904388717	62567	9	71	1.07375055045805	0.463869921081306	0.507279086390452
GO:0006820	monoatomic anion transport	0.00694438210323428	20	0.42068738743482	0.999997918563492	0.999999904388717	43050	11	131	0.711280050812332	0.916431836143263	0.921000669559847
GO:0007268	chemical synaptic transmission	0.0305743764733163	147	0.70230026299234	0.999998290358812	0.999999904388717	45364	88	403	1.84968112469311	7.93343502226051e-09	1.46496025334719e-07
GO:0098916	anterograde trans-synaptic signaling	0.0305743764733163	147	0.70230026299234	0.999998290358812	0.999999904388717	45364	88	403	1.84968112469311	7.93343502226051e-09	1.46496025334719e-07
GO:0099537	trans-synaptic signaling	0.0305945160107272	147	0.70183795783885	0.999998364674425	0.999999904388717	45364	88	404	1.84510270606763	8.9781111925246e-09	1.63293616351256e-07
GO:0030198	extracellular matrix organization	0.0101559253124682	34	0.489015386250697	0.999999235655595	0.999999904388717	46570	26	170	1.29551863800364	0.10087937464935	0.155233592415253
GO:0043062	extracellular structure organization	0.0101824888225533	34	0.487739670129541	0.999999307552066	0.999999904388717	46570	26	171	1.28794250561765	0.106214583382323	0.159883682141779
GO:0031589	cell-substrate adhesion	0.00737231724820318	20	0.396268075016817	0.999999669712335	0.999999904388717	48054	15	119	1.06773514121179	0.434880264215705	0.482115196671765
GO:0050807	regulation of synapse organization	0.00818549610869391	23	0.410436461565752	0.999999822062034	0.999999904388717	45856	15	76	1.67184844479214	0.0308801800704966	0.0606816861011627
GO:0099536	synaptic signaling	0.0316282910696373	147	0.678898287320051	0.999999846176304	0.999999904388717	45364	88	418	1.78330500777829	4.73060887481404e-08	7.33547619754819e-07
GO:0007411	axon guidance	0.0244536454034975	106	0.633177334324429	0.999999888741653	0.999999904388717	74098	50	289	1.46551882127108	0.0036751872168566	0.0116744675750006
GO:0097485	neuron projection guidance	0.0244536454034975	106	0.633177334324429	0.999999888741653	0.999999904388717	74098	50	289	1.46551882127108	0.0036751872168566	0.0116744675750006
GO:0050803	regulation of synapse structure or activity	0.00855276968039178	24	0.409890233016296	0.999999904388717	0.999999904388717	45808	16	83	1.63290579025482	0.0322300768409865	0.0629661435519853
