id	description	genome_fraction	observed_region_hits	fold_enrichment	p_value	p_adjust	mean_tss_dist	observed_gene_hits	gene_set_size	fold_enrichment_hyper	p_value_hyper	p_adjust_hyper
GO:0090596	sensory organ morphogenesis	0.0735219570809004	286	1.20545224109776	0.000763026331101113	0.261532229413063	58315	69	73	1.10815757048634	0.011577971737039	0.99986663242837
GO:0048882	lateral line development	0.0132768838906308	65	1.5171140625647	0.000894976717045727	0.261532229413063	39209	20	22	1.06581689915023	0.351356412428708	0.99986663242837
GO:0021515	cell differentiation in spinal cord	0.0132674965110239	64	1.49483076167478	0.0013786329260407	0.261532229413063	41454	18	21	1.00491307634165	0.626409822596577	0.99986663242837
GO:0048925	lateral line system development	0.0150604860159335	71	1.46089968735254	0.00140123057721944	0.261532229413063	45378	25	27	1.0855542491345	0.218066359803542	0.99986663242837
GO:0048562	embryonic organ morphogenesis	0.0721169792664076	278	1.19456092129758	0.00147373430967459	0.261532229413063	66898	79	88	1.05249418791085	0.144814862425812	0.99986663242837
GO:0021510	spinal cord development	0.0190000563242776	86	1.40263476031655	0.00151612886616268	0.261532229413063	56206	21	24	1.0258487654321	0.520970571162117	0.99986663242837
GO:0030855	epithelial cell differentiation	0.056474475714849	221	1.21266571860433	0.00225542132107227	0.280180857496889	78909	52	55	1.10844957511624	0.0288166120175828	0.99986663242837
GO:0048706	embryonic skeletal system development	0.0413639236743455	167	1.25111081318401	0.00234698782850481	0.280180857496889	78757	42	45	1.09423868312757	0.084573353899134	0.99986663242837
GO:0021953	central nervous system neuron differentiation	0.0361101202210415	147	1.26150633277819	0.00310495725601778	0.280180857496889	68286	33	37	1.0456527956528	0.347005829501266	0.99986663242837
GO:0009913	epidermal cell differentiation	0.0155893084004531	71	1.41134287338976	0.00318339068047303	0.280180857496889	46756	17	17	1.17239858906526	0.0663549543291312	0.99986663242837
GO:0048915	posterior lateral line system development	0.00753180757123457	39	1.60459866243341	0.00353275248259865	0.280180857496889	43546	16	18	1.04213207916912	0.493495784950055	0.99986663242837
GO:0042471	ear morphogenesis	0.0286471534335905	119	1.28726073373605	0.00398920996263233	0.280180857496889	63956	27	27	1.17239858906526	0.0133355805312758	0.99986663242837
GO:0042472	inner ear morphogenesis	0.0286471534335905	119	1.28726073373605	0.00398920996263233	0.280180857496889	63956	27	27	1.17239858906526	0.0133355805312758	0.99986663242837
GO:0048884	neuromast development	0.00907759607983028	45	1.53618207798792	0.00402709686227914	0.280180857496889	40314	13	14	1.08865583270345	0.367579189971358	0.99986663242837
GO:0048704	embryonic skeletal system morphogenesis	0.0364699697726377	147	1.24905903734537	0.00435817491481308	0.280180857496889	73563	39	42	1.08865583270345	0.114400698135311	0.99986663242837
GO:0001501	skeletal system development	0.0545156425035516	211	1.19939533404669	0.00445250172800025	0.280180857496889	77003	63	67	1.10240464344942	0.0223124192122876	0.99986663242837
GO:0048881	mechanosensory lateral line system development	0.0081513746252871	41	1.55866950341617	0.00460200442265422	0.280180857496889	48433	17	19	1.04898821126891	0.455170433112243	0.99986663242837
GO:0035315	hair cell differentiation	0.0146286665540181	66	1.3981064182723	0.00528187910156472	0.303708048339971	48396	13	13	1.17239858906526	0.125839634708787	0.99986663242837
GO:0008544	epidermis development	0.016797151243202	74	1.36520264700273	0.00571671800325784	0.311410691230098	46348	20	20	1.17239858906526	0.041031338243949	0.99986663242837
GO:0048705	skeletal system morphogenesis	0.0380345330404471	151	1.23026846829322	0.0064961143736937	0.336173918838649	72285	42	45	1.09423868312757	0.084573353899134	0.99986663242837
GO:0048592	eye morphogenesis	0.0542527958745596	207	1.18235871253418	0.00843899048015567	0.40109539140441	54466	48	52	1.08221408221408	0.100537545964696	0.99986663242837
GO:0048916	posterior lateral line development	0.00673075117811614	34	1.56536787107041	0.00862623288049556	0.40109539140441	45394	13	15	1.01607877718989	0.617087313172423	0.99986663242837
GO:0048332	mesoderm morphogenesis	0.00318232168672437	19	1.85016540930003	0.00920579184910154	0.40109539140441	46797	7	9	0.911865569272977	0.86572664267695	0.99986663242837
GO:0042490	mechanoreceptor differentiation	0.0169097997984843	73	1.33778224854731	0.00931579993374361	0.40109539140441	48690	15	16	1.09912367724868	0.294116550299171	0.99986663242837
GO:0048593	camera-type eye morphogenesis	0.0515867800662123	197	1.18339257420284	0.0096882944783674	0.40109539140441	55662	44	47	1.09756463657173	0.0687449089656696	0.99986663242837
GO:0048703	embryonic viscerocranium morphogenesis	0.0209557604090394	87	1.28652095006765	0.0124253878366428	0.47410913009047	99267	15	15	1.17239858906526	0.0913907814068644	0.99986663242837
GO:0006644	phospholipid metabolic process	0.00818892414371452	39	1.47583835707957	0.0126206375735539	0.47410913009047	108953	18	19	1.11069340016708	0.207194453309382	0.99986663242837
GO:0045944	positive regulation of transcription by RNA polymerase II	0.0647635319077033	241	1.15315464311688	0.0134070420610669	0.47410913009047	87565	76	83	1.07352159962602	0.0623539510212586	0.99986663242837
GO:0040007	growth	0.0175168503463943	74	1.30911179155245	0.0139625638655186	0.47410913009047	70854	45	49	1.07669258179462	0.132069950372168	0.99986663242837
GO:0072659	protein localization to plasma membrane	0.00309783527026266	18	1.80059159929008	0.0140977476655011	0.47410913009047	137924	7	7	1.17239858906526	0.328005122584149	0.99986663242837
GO:0002262	myeloid cell homeostasis	0.0140810694102848	61	1.34244107013738	0.0151941091909259	0.47410913009047	66039	15	17	1.03446934329287	0.533429603248093	0.99986663242837
GO:0048701	embryonic cranial skeleton morphogenesis	0.0329058946485678	129	1.21483429031601	0.0158537927591346	0.47410913009047	83450	30	30	1.17239858906526	0.00822987830383006	0.99986663242837
GO:0048840	otolith development	0.00884291158965886	41	1.43677779773501	0.0159738686100233	0.47410913009047	67473	11	11	1.17239858906526	0.173228249429744	0.99986663242837
GO:0048872	homeostasis of number of cells	0.0141749432063534	61	1.33355073192455	0.0171085427831286	0.47410913009047	66039	15	18	0.976998824221046	0.733098694738279	0.99986663242837
GO:0030902	hindbrain development	0.0316698896669984	124	1.2133222712339	0.0183024637282325	0.47410913009047	49010	38	38	1.17239858906526	0.00226537237774309	0.99986663242837
GO:0048886	neuromast hair cell differentiation	0.00764132699998122	36	1.45993913455952	0.0184384002574709	0.47410913009047	39407	7	7	1.17239858906526	0.328005122584149	0.99986663242837
GO:0060216	definitive hemopoiesis	0.00415235091276621	22	1.64183559543406	0.0187982929762681	0.47410913009047	24569	6	6	1.17239858906526	0.384702736611736	0.99986663242837
GO:0006650	glycerophospholipid metabolic process	0.00767261826533741	36	1.45398505978563	0.019444752654253	0.47410913009047	116237	15	16	1.09912367724868	0.294116550299171	0.99986663242837
GO:0046486	glycerolipid metabolic process	0.00767261826533741	36	1.45398505978563	0.019444752654253	0.47410913009047	116237	15	16	1.09912367724868	0.294116550299171	0.99986663242837
GO:0048589	developmental growth	0.0172821658562229	72	1.29102711084351	0.0198151668075839	0.47410913009047	70147	43	47	1.07261998574055	0.157422895541221	0.99986663242837
GO:0060041	retina development in camera-type eye	0.053830363792251	201	1.15709702552763	0.0200218133231288	0.47410913009047	53538	46	51	1.0574575509216	0.217299505436722	0.99986663242837
GO:1990778	protein localization to cell periphery	0.0034702013280013	19	1.6966800913058	0.0205561040563115	0.47410913009047	131047	8	8	1.17239858906526	0.279645392972384	0.99986663242837
GO:1904888	cranial skeletal system development	0.0372240892677218	143	1.19045502088235	0.020820789271074	0.47410913009047	81311	38	41	1.08661332645072	0.126205155933295	0.99986663242837
GO:0045216	cell-cell junction organization	0.00420554606387173	22	1.621068329718	0.0212730725415152	0.47410913009047	83195	9	9	1.17239858906526	0.238400070960991	0.99986663242837
GO:0051668	localization within membrane	0.0100945622039064	45	1.38142101929416	0.0218677687311937	0.47410913009047	103868	20	23	1.01947703396979	0.555531644149078	0.99986663242837
GO:0035162	embryonic hemopoiesis	0.00596411517688952	29	1.50679097632092	0.0222543519372343	0.47410913009047	36369	11	12	1.07469870664315	0.454593317706679	0.99986663242837
GO:0051094	positive regulation of developmental process	0.0221229246068253	89	1.24666136895685	0.0231176154372569	0.47410913009047	61531	40	44	1.06581689915023	0.202791189201289	0.99986663242837
GO:0031016	pancreas development	0.0227018130159147	91	1.2421724265261	0.0235996213423997	0.47410913009047	58437	25	27	1.0855542491345	0.218066359803542	0.99986663242837
GO:0016311	dephosphorylation	0.00753493669777018	35	1.43942642385108	0.0237607400520111	0.47410913009047	124072	15	16	1.09912367724868	0.294116550299171	0.99986663242837
GO:0003018	vascular process in circulatory system	0.0054947461965467	27	1.52270986614224	0.0237652320554887	0.47410913009047	46162	8	8	1.17239858906526	0.279645392972384	0.99986663242837
GO:0032870	cellular response to hormone stimulus	0.0177390183304232	73	1.27524700496554	0.0241320047849322	0.47410913009047	68121	20	24	0.976998824221047	0.728337009083883	0.99986663242837
GO:0021522	spinal cord motor neuron differentiation	0.00703114732553555	33	1.45441644535447	0.0242357942574066	0.47410913009047	52417	9	10	1.05515873015873	0.554977372739001	0.99986663242837
GO:0048871	multicellular organismal-level homeostasis	0.0210621507112505	85	1.25059660179485	0.0242780520722656	0.47410913009047	70308	25	31	0.945482733117142	0.840428328577996	0.99986663242837
GO:0048919	posterior lateral line neuromast development	0.00262220803684859	15	1.7726587940505	0.0263520289716666	0.478383591611149	54010	7	8	1.0258487654321	0.666523229866509	0.99986663242837
GO:0009952	anterior/posterior pattern specification	0.0344078753856648	132	1.18882275471499	0.0263948397572414	0.478383591611149	51170	52	61	0.999421748055628	0.592278522345165	0.99986663242837
GO:0072657	protein localization to membrane	0.00381440524691938	20	1.62481604529868	0.0264884848050402	0.478383591611149	124703	9	10	1.05515873015873	0.554977372739001	0.99986663242837
GO:0009880	embryonic pattern specification	0.0126541877100426	54	1.32239294013144	0.0268946060353192	0.478383591611149	62840	13	15	1.01607877718989	0.617087313172423	0.99986663242837
GO:0034332	adherens junction organization	0.000519435004912729	5	2.98290776990827	0.0280899132165219	0.478383591611149	75407	5	5	1.17239858906526	0.451171481647171	0.99986663242837
GO:0060059	embryonic retina morphogenesis in camera-type eye	0.00974722915845271	43	1.3670623217724	0.028297196894029	0.478383591611149	39554	10	10	1.17239858906526	0.203224815207879	0.99986663242837
GO:0060215	primitive hemopoiesis	0.00558861999261526	27	1.49713243278039	0.0284328321614398	0.478383591611149	38174	9	10	1.05515873015873	0.554977372739001	0.99986663242837
GO:0021872	forebrain generation of neurons	0.0215158740589152	86	1.23862685640519	0.0286567948597983	0.478383591611149	79627	11	12	1.07469870664315	0.454593317706679	0.99986663242837
GO:0021879	forebrain neuron differentiation	0.0215158740589152	86	1.23862685640519	0.0286567948597983	0.478383591611149	79627	11	12	1.07469870664315	0.454593317706679	0.99986663242837
GO:0042246	tissue regeneration	0.00716569976656716	33	1.42710644223209	0.0303130621767299	0.498000307189135	60507	19	20	1.11377865961199	0.183701442764928	0.99986663242837
GO:0002064	epithelial cell development	0.0194037136473725	78	1.24569230139565	0.0320172249802527	0.513827370693969	54325	15	17	1.03446934329287	0.533429603248093	0.99986663242837
GO:0046839	phospholipid dephosphorylation	0.0048970830282435	24	1.51870984732454	0.032269351782713	0.513827370693969	145365	6	6	1.17239858906526	0.384702736611736	0.99986663242837
GO:0030258	lipid modification	0.00672762205158052	31	1.42791101246027	0.0346029704464407	0.542637491091912	117858	7	7	1.17239858906526	0.328005122584149	0.99986663242837
GO:0003170	heart valve development	0.00226861673832366	13	1.77575585309298	0.0362856709104598	0.546229537331721	41889	7	7	1.17239858906526	0.328005122584149	0.99986663242837
GO:0046856	phosphatidylinositol dephosphorylation	0.00470620630957075	23	1.51446035445609	0.0363634574920326	0.546229537331721	151361	5	5	1.17239858906526	0.451171481647171	0.99986663242837
GO:0016049	cell growth	0.00495966555895587	24	1.49954631612802	0.0364153024887814	0.546229537331721	85837	16	17	1.10343396617906	0.262208143239315	0.99986663242837
GO:0003310	pancreatic A cell differentiation	0.00704366383167803	32	1.4078370567528	0.0378133864782561	0.558875378895572	67631	6	6	1.17239858906526	0.384702736611736	0.99986663242837
GO:0033339	pectoral fin development	0.0159804492174055	65	1.26044937682828	0.0384201414660862	0.558875378895572	111199	17	19	1.04898821126891	0.455170433112243	0.99986663242837
GO:0021591	ventricular system development	0.00629580258966512	29	1.42740735629606	0.0399536239491665	0.558875378895572	67393	5	5	1.17239858906526	0.451171481647171	0.99986663242837
GO:0021592	fourth ventricle development	0.00629580258966512	29	1.42740735629606	0.0399536239491665	0.558875378895572	67393	5	5	1.17239858906526	0.451171481647171	0.99986663242837
GO:0007043	cell-cell junction assembly	0.00376433922234947	19	1.56410492207659	0.0410236424711829	0.558875378895572	92901	6	6	1.17239858906526	0.384702736611736	0.99986663242837
GO:0021782	glial cell development	0.0160711938869384	65	1.25333235347781	0.0421145166767973	0.558875378895572	71549	14	14	1.17239858906526	0.107244284303974	0.99986663242837
GO:0021954	central nervous system neuron development	0.0216723303856961	85	1.21538633073652	0.0423343605192088	0.558875378895572	82586	11	11	1.17239858906526	0.173228249429744	0.99986663242837
GO:0048883	neuromast primordium migration	0.00209338565232901	12	1.77636839391847	0.0428856714560929	0.558875378895572	18640	4	5	0.937918871252205	0.840765230154336	0.99986663242837
GO:0048920	posterior lateral line neuromast primordium migration	0.00209338565232901	12	1.77636839391847	0.0428856714560929	0.558875378895572	18640	4	5	0.937918871252205	0.840765230154336	0.99986663242837
GO:0051301	cell division	0.0114432157407581	48	1.29985283623894	0.0444010305839098	0.558875378895572	90492	18	21	1.00491307634165	0.626409822596577	0.99986663242837
GO:0061318	renal filtration cell differentiation	0.0058608540012141	27	1.42759131070249	0.0459586229618354	0.558875378895572	72820	6	6	1.17239858906526	0.384702736611736	0.99986663242837
GO:0072010	glomerular epithelium development	0.0058608540012141	27	1.42759131070249	0.0459586229618354	0.558875378895572	72820	6	6	1.17239858906526	0.384702736611736	0.99986663242837
GO:0072015	podocyte development	0.0058608540012141	27	1.42759131070249	0.0459586229618354	0.558875378895572	72820	6	6	1.17239858906526	0.384702736611736	0.99986663242837
GO:0072112	podocyte differentiation	0.0058608540012141	27	1.42759131070249	0.0459586229618354	0.558875378895572	72820	6	6	1.17239858906526	0.384702736611736	0.99986663242837
GO:0072310	glomerular epithelial cell development	0.0058608540012141	27	1.42759131070249	0.0459586229618354	0.558875378895572	72820	6	6	1.17239858906526	0.384702736611736	0.99986663242837
GO:0072311	glomerular epithelial cell differentiation	0.0058608540012141	27	1.42759131070249	0.0459586229618354	0.558875378895572	72820	6	6	1.17239858906526	0.384702736611736	0.99986663242837
GO:0046488	phosphatidylinositol metabolic process	0.00586711225428534	27	1.42606854663774	0.0464379541884244	0.558875378895572	135740	9	10	1.05515873015873	0.554977372739001	0.99986663242837
GO:0060042	retina morphogenesis in camera-type eye	0.0323614266313701	122	1.16824305078674	0.0473338662779305	0.563109788478829	49787	27	29	1.09154351395731	0.177828767937234	0.99986663242837
GO:0051259	protein complex oligomerization	0.00434322763143896	21	1.49833090574931	0.0479814557884665	0.56432734933026	76129	9	12	0.879298941798942	0.913544938245851	0.99986663242837
GO:0051276	chromosome organization	0.00261594978377736	14	1.65843963092507	0.0489137274002793	0.566111485992499	73141	7	7	1.17239858906526	0.328005122584149	0.99986663242837
GO:0021517	ventral spinal cord development	0.0101696612407613	43	1.31027665609878	0.0492270857384782	0.566111485992499	57728	15	18	0.976998824221046	0.733098694738279	0.99986663242837
GO:0045597	positive regulation of cell differentiation	0.0170912891375501	68	1.23292064836047	0.050331747799052	0.56629438318559	62636	32	36	1.04213207916912	0.372109841030897	0.99986663242837
GO:0043523	regulation of neuron apoptotic process	0.00102009525061174	7	2.1264655390389	0.0503372785053857	0.56629438318559	49375	5	5	1.17239858906526	0.451171481647171	0.99986663242837
GO:0010001	glial cell differentiation	0.018799792225998	74	1.21977493493852	0.0514989829567527	0.567036674045096	66866	19	20	1.11377865961199	0.183701442764928	0.99986663242837
GO:0042063	gliogenesis	0.018799792225998	74	1.21977493493852	0.0514989829567527	0.567036674045096	66866	19	20	1.11377865961199	0.183701442764928	0.99986663242837
GO:0002065	columnar/cuboidal epithelial cell differentiation	0.00338571491153959	17	1.55596408995954	0.052940204168996	0.576769592788535	87730	5	5	1.17239858906526	0.451171481647171	0.99986663242837
GO:0043542	endothelial cell migration	0.00127042537346125	8	1.95138005834393	0.0571724706688106	0.583501878917265	75574	5	6	0.976998824221047	0.783515206824346	0.99986663242837
GO:0031099	regeneration	0.0108486816989905	45	1.28539492594259	0.0576789633337218	0.583501878917265	55928	25	28	1.04678445452255	0.392881078524591	0.99986663242837
GO:0035113	embryonic appendage morphogenesis	0.0125165061424754	51	1.26266485900217	0.0587161603108514	0.583501878917265	124507	10	11	1.06581689915023	0.503190472989233	0.99986663242837
GO:0035118	embryonic pectoral fin morphogenesis	0.0125165061424754	51	1.26266485900217	0.0587161603108514	0.583501878917265	124507	10	11	1.06581689915023	0.503190472989233	0.99986663242837
GO:0033333	fin development	0.0215190031854508	83	1.19524511425901	0.0596346596853668	0.583501878917265	100128	23	26	1.0371218287885	0.454607025763915	0.99986663242837
GO:0002062	chondrocyte differentiation	0.00924031065968246	39	1.30791364052734	0.0596910541161678	0.583501878917265	103561	5	5	1.17239858906526	0.451171481647171	0.99986663242837
GO:0001707	mesoderm formation	0.00221542158721814	12	1.67851759255855	0.0601677190893995	0.583501878917265	32757	6	8	0.879298941798942	0.899983993509515	0.99986663242837
GO:0071542	dopaminergic neuron differentiation	0.00979416605648699	41	1.29723132792305	0.060377984196258	0.583501878917265	73353	5	5	1.17239858906526	0.451171481647171	0.99986663242837
GO:0070509	calcium ion import	0.000851122417688326	6	2.18454127855047	0.0604683429457413	0.583501878917265	133893	5	5	1.17239858906526	0.451171481647171	0.99986663242837
GO:0006486	protein glycosylation	0.00245949345699641	13	1.63794273981222	0.060569730614796	0.583501878917265	46610	7	7	1.17239858906526	0.328005122584149	0.99986663242837
GO:0043413	macromolecule glycosylation	0.00245949345699641	13	1.63794273981222	0.060569730614796	0.583501878917265	46610	7	7	1.17239858906526	0.328005122584149	0.99986663242837
GO:0070085	glycosylation	0.00245949345699641	13	1.63794273981222	0.060569730614796	0.583501878917265	46610	7	7	1.17239858906526	0.328005122584149	0.99986663242837
GO:0032474	otolith morphogenesis	0.00499408595084768	23	1.42716063477566	0.0614352527581254	0.583501878917265	80248	5	5	1.17239858906526	0.451171481647171	0.99986663242837
GO:0009798	axis specification	0.00270982357984592	14	1.60098791160896	0.0614509225139921	0.583501878917265	65194	7	7	1.17239858906526	0.328005122584149	0.99986663242837
GO:0035138	pectoral fin morphogenesis	0.0128513226817866	52	1.25388165911118	0.0623780977880542	0.585181174762881	122504	11	12	1.07469870664315	0.454593317706679	0.99986663242837
GO:0070588	calcium ion transmembrane transport	0.00423057907615668	20	1.46497837220347	0.0627585607716713	0.585181174762881	77798	17	18	1.10726533411719	0.233297188025473	0.99986663242837
GO:0021884	forebrain neuron development	0.0201985117874197	78	1.19667512950495	0.0646523527787826	0.592670747603249	86683	7	7	1.17239858906526	0.328005122584149	0.99986663242837
GO:0050905	neuromuscular process	0.00108267778132412	7	2.00354845585746	0.0647070478059586	0.592670747603249	134930	5	5	1.17239858906526	0.451171481647171	0.99986663242837
GO:0032835	glomerulus development	0.00959077283167177	40	1.29243116425389	0.0655964169224444	0.595546416795877	60896	9	10	1.05515873015873	0.554977372739001	0.99986663242837
GO:0060119	inner ear receptor cell development	0.00933418445575102	39	1.29475996663668	0.066906362422631	0.602157261803679	53929	9	9	1.17239858906526	0.238400070960991	0.99986663242837
GO:0060560	developmental growth involved in morphogenesis	0.00638341813266245	28	1.35927012887585	0.068716294525067	0.613115214081417	81817	18	20	1.05515873015873	0.418631548209473	0.99986663242837
GO:0048514	blood vessel morphogenesis	0.02032680597538	78	1.18912222305333	0.0716536721139067	0.627840303247076	49227	43	52	0.969483448650115	0.774605841585764	0.99986663242837
GO:0051240	positive regulation of multicellular organismal process	0.0214783245404878	82	1.18308101876432	0.0722289101086647	0.627840303247076	60228	36	38	1.11069340016708	0.0661211369952107	0.99986663242837
GO:0001704	formation of primary germ layer	0.0048313713709955	22	1.41108538545401	0.0724118558194719	0.627840303247076	36644	14	16	1.0258487654321	0.574730746813812	0.99986663242837
GO:0060173	limb development	0.0172289707051174	67	1.20508173690228	0.0732291945614003	0.627840303247076	108237	18	21	1.00491307634165	0.626409822596577	0.99986663242837
GO:0031101	fin regeneration	0.00616750840170475	27	1.35661010905417	0.0739656662342409	0.627840303247076	72863	13	14	1.08865583270345	0.367579189971358	0.99986663242837
GO:0051253	negative regulation of RNA metabolic process	0.0579921020846241	207	1.10612072292222	0.0740372408953695	0.627840303247076	86213	66	73	1.05997680655215	0.13705779662117	0.99986663242837
GO:0048339	paraxial mesoderm development	0.00158020890048752	9	1.76493632009622	0.0746129056032758	0.627840303247076	35983	6	6	1.17239858906526	0.384702736611736	0.99986663242837
GO:0060872	semicircular canal development	0.00972219614616776	40	1.27496025698042	0.076391006107994	0.637618478401402	69840	8	8	1.17239858906526	0.279645392972384	0.99986663242837
GO:0031018	endocrine pancreas development	0.00949064078253196	39	1.27341542383027	0.0802771605811267	0.638691094903673	60174	12	12	1.17239858906526	0.147649606859113	0.99986663242837
GO:0071375	cellular response to peptide hormone stimulus	0.00949376990906758	39	1.27299570879276	0.0805621747581792	0.638691094903673	91992	6	7	1.00491307634165	0.72488842077726	0.99986663242837
GO:0048702	embryonic neurocranium morphogenesis	0.00623322005895274	27	1.34230849645872	0.081232781737682	0.638691094903673	80762	5	5	1.17239858906526	0.451171481647171	0.99986663242837
GO:0035675	neuromast hair cell development	0.00137681567567229	8	1.80059159929008	0.081824455814425	0.638691094903673	15296	5	5	1.17239858906526	0.451171481647171	0.99986663242837
GO:0048736	appendage development	0.0225422275625982	85	1.16848497038883	0.0840732042307376	0.638691094903673	98054	24	27	1.04213207916912	0.423107509390798	0.99986663242837
GO:0045892	negative regulation of DNA-templated transcription	0.0576791894310622	205	1.10137635121769	0.0841953673177496	0.638691094903673	86935	64	71	1.05680999577713	0.158514553704381	0.99986663242837
GO:1902679	negative regulation of RNA biosynthetic process	0.0576791894310622	205	1.10137635121769	0.0841953673177496	0.638691094903673	86935	64	71	1.05680999577713	0.158514553704381	0.99986663242837
GO:0003309	type B pancreatic cell differentiation	0.00761316486116066	32	1.30252413265538	0.0842446521854437	0.638691094903673	67333	7	7	1.17239858906526	0.328005122584149	0.99986663242837
GO:0021575	hindbrain morphogenesis	0.00789478624936635	33	1.2953126249352	0.0851715688838271	0.638691094903673	25574	12	12	1.17239858906526	0.147649606859113	0.99986663242837
GO:0061448	connective tissue development	0.0220040177984717	83	1.16889940994869	0.086330679163112	0.638691094903673	74379	29	30	1.13331863609641	0.0513457659786521	0.99986663242837
GO:0043583	ear development	0.0435636996288856	157	1.11680135468107	0.0865688763333943	0.638691094903673	70550	41	43	1.11786842213199	0.0366692655964897	0.99986663242837
GO:0048839	inner ear development	0.0435636996288856	157	1.11680135468107	0.0865688763333943	0.638691094903673	70550	41	43	1.11786842213199	0.0366692655964897	0.99986663242837
GO:0007272	ensheathment of neurons	0.00655239096558587	28	1.32421731752948	0.0869906989666048	0.638691094903673	51714	8	8	1.17239858906526	0.279645392972384	0.99986663242837
GO:0008366	axon ensheathment	0.00655239096558587	28	1.32421731752948	0.0869906989666048	0.638691094903673	51714	8	8	1.17239858906526	0.279645392972384	0.99986663242837
GO:0042552	myelination	0.00655239096558587	28	1.32421731752948	0.0869906989666048	0.638691094903673	51714	8	8	1.17239858906526	0.279645392972384	0.99986663242837
GO:0044772	mitotic cell cycle phase transition	0.00574820544593182	25	1.34774820306144	0.0873799372182777	0.638691094903673	51516	8	10	0.937918871252205	0.828130354361621	0.99986663242837
GO:0030218	erythrocyte differentiation	0.00683088322725594	29	1.31559486984319	0.0878958006495035	0.638691094903673	45744	13	15	1.01607877718989	0.617087313172423	0.99986663242837
GO:0034101	erythrocyte homeostasis	0.00683088322725594	29	1.31559486984319	0.0878958006495035	0.638691094903673	45744	13	15	1.01607877718989	0.617087313172423	0.99986663242837
GO:0090407	organophosphate biosynthetic process	0.0137744150097942	54	1.21484712628159	0.0887698598207675	0.638691094903673	87181	24	28	1.00491307634165	0.604466094588036	0.99986663242837
GO:0009612	response to mechanical stimulus	0.00313225566215447	15	1.48400406534897	0.0888613697257284	0.638691094903673	202181	5	5	1.17239858906526	0.451171481647171	0.99986663242837
GO:0043534	blood vessel endothelial cell migration	0.00117655157739269	7	1.84369086629436	0.0904658429115318	0.645738947678865	80682	4	5	0.937918871252205	0.840765230154336	0.99986663242837
GO:0030031	cell projection assembly	0.00796049790661435	33	1.28462018581427	0.0922284999748419	0.647375183747539	32370	15	19	0.92557783347257	0.865102569687868	0.99986663242837
GO:0120031	plasma membrane bounded cell projection assembly	0.00796049790661435	33	1.28462018581427	0.0922284999748419	0.647375183747539	32370	15	19	0.92557783347257	0.865102569687868	0.99986663242837
GO:0048262	determination of dorsal/ventral asymmetry	0.00445587618672124	20	1.39090643203588	0.0925715238595514	0.647375183747539	87094	5	5	1.17239858906526	0.451171481647171	0.99986663242837
GO:0031076	embryonic camera-type eye development	0.0221479576191102	83	1.16130271980209	0.095669267460443	0.654435105254748	68581	18	19	1.11069340016708	0.207194453309382	0.99986663242837
GO:0007498	mesoderm development	0.0102103398857243	41	1.24435613128996	0.0960810285201733	0.654435105254748	53537	14	17	0.965504720406681	0.767469416787167	0.99986663242837
GO:0051216	cartilage development	0.0207148176657968	78	1.16684863458526	0.0961447458200077	0.654435105254748	76581	27	28	1.13052721088435	0.0668248372442996	0.99986663242837
GO:0039021	pronephric glomerulus development	0.00608615111177866	26	1.32382827094335	0.0961916028639955	0.654435105254748	65916	5	6	0.976998824221047	0.783515206824346	0.99986663242837
GO:0048588	developmental cell growth	0.00449029657861305	20	1.38024443151156	0.0978148573625467	0.654435105254748	78615	13	14	1.08865583270345	0.367579189971358	0.99986663242837
GO:0022603	regulation of anatomical structure morphogenesis	0.022182378011002	83	1.15950072658474	0.0980023894145896	0.654435105254748	84766	26	32	0.95257385361552	0.819888637848426	0.99986663242837
GO:0010720	positive regulation of cell development	0.00829218531938995	34	1.27060614742357	0.0985516756777305	0.654435105254748	64685	19	20	1.11377865961199	0.183701442764928	0.99986663242837
GO:0060113	inner ear receptor cell differentiation	0.00995688063633917	40	1.24490933954688	0.0986394941253533	0.654435105254748	53766	10	11	1.06581689915023	0.503190472989233	0.99986663242837
GO:0048709	oligodendrocyte differentiation	0.00320109644593808	15	1.45208999942748	0.101431732738706	0.657028167989798	24620	7	7	1.17239858906526	0.328005122584149	0.99986663242837
GO:0097553	calcium ion transmembrane import into cytosol	0.00243446044471146	12	1.52749415878079	0.101548924887611	0.657028167989798	116291	9	9	1.17239858906526	0.238400070960991	0.99986663242837
GO:0051726	regulation of cell cycle	0.0122474012604122	48	1.21450225399229	0.103317035804089	0.657028167989798	52949	23	25	1.07860670194004	0.265513130835324	0.99986663242837
GO:0090287	regulation of cellular response to growth factor stimulus	0.0248734268316342	92	1.14618109100614	0.10384153987891	0.657028167989798	95861	28	32	1.0258487654321	0.482513406657928	0.99986663242837
GO:0007162	negative regulation of cell adhesion	0.00453097522357609	20	1.36785273426733	0.104250653796356	0.657028167989798	81500	6	6	1.17239858906526	0.384702736611736	0.99986663242837
GO:0021546	rhombomere development	0.00245010607738956	12	1.51774004537861	0.105027985805229	0.657028167989798	21938	7	7	1.17239858906526	0.328005122584149	0.99986663242837
GO:0030851	granulocyte differentiation	0.00374556446313576	17	1.40647714731514	0.105669265678692	0.657028167989798	34943	6	6	1.17239858906526	0.384702736611736	0.99986663242837
GO:0033334	fin morphogenesis	0.0139746791080738	54	1.19743776307468	0.106012058377136	0.657028167989798	118677	13	15	1.01607877718989	0.617087313172423	0.99986663242837
GO:0030901	midbrain development	0.0145441801375564	56	1.19316310796331	0.10609574314135	0.657028167989798	64034	12	13	1.08221408221408	0.409369272663026	0.99986663242837
GO:0000082	G1/S transition of mitotic cell cycle	0.00428064510072658	19	1.37545191612437	0.106829282278846	0.657028167989798	60457	4	5	0.937918871252205	0.840765230154336	0.99986663242837
GO:0044843	cell cycle G1/S phase transition	0.00428064510072658	19	1.37545191612437	0.106829282278846	0.657028167989798	60457	4	5	0.937918871252205	0.840765230154336	0.99986663242837
GO:2000026	regulation of multicellular organismal development	0.0372178310146506	134	1.11571885713535	0.107718333107804	0.657028167989798	70714	57	67	0.997413725025665	0.603837820819694	0.99986663242837
GO:0045743	positive regulation of fibroblast growth factor receptor signaling pathway	0.00893678538572743	36	1.24830930202884	0.108954783809433	0.657028167989798	159067	5	6	0.976998824221047	0.783515206824346	0.99986663242837
GO:0051260	protein homooligomerization	0.00403657323094831	18	1.38184936689704	0.11052582795142	0.657028167989798	77202	7	10	0.820679012345679	0.953451315412718	0.99986663242837
GO:0001764	neuron migration	0.00324803334397236	15	1.43110603989819	0.110596953263708	0.657028167989798	110175	7	8	1.0258487654321	0.666523229866509	0.99986663242837
GO:0032924	activin receptor signaling pathway	0.00510673450612996	22	1.33499744800306	0.110624458617872	0.657028167989798	94420	5	5	1.17239858906526	0.451171481647171	0.99986663242837
GO:0007346	regulation of mitotic cell cycle	0.00458729950121723	20	1.35105781665695	0.113590124964528	0.657028167989798	52615	12	14	1.00491307634165	0.660109768813033	0.99986663242837
GO:0048675	axon extension	0.00405847711669765	18	1.3743914289107	0.114480799930329	0.657028167989798	78969	11	12	1.07469870664315	0.454593317706679	0.99986663242837
GO:1990138	neuron projection extension	0.00432758199876087	19	1.36053378254384	0.114951900860211	0.657028167989798	79907	12	13	1.08221408221408	0.409369272663026	0.99986663242837
GO:0061035	regulation of cartilage development	0.00955635243977996	38	1.23223197200926	0.116133818097692	0.657028167989798	104744	5	6	0.976998824221047	0.783515206824346	0.99986663242837
GO:0006885	regulation of pH	0.00149885161056143	8	1.65398810790738	0.116732465934628	0.657028167989798	73806	5	5	1.17239858906526	0.451171481647171	0.99986663242837
GO:0031667	response to nutrient levels	0.00844864164617089	34	1.24707640395276	0.117329944201037	0.657028167989798	77539	9	10	1.05515873015873	0.554977372739001	0.99986663242837
GO:0055007	cardiac muscle cell differentiation	0.0104137331105395	41	1.2200523006007	0.117857824315155	0.657028167989798	76979	13	14	1.08865583270345	0.367579189971358	0.99986663242837
GO:0048285	organelle fission	0.00354842949139177	16	1.39728448622158	0.118234209869747	0.657028167989798	52756	8	8	1.17239858906526	0.279645392972384	0.99986663242837
GO:0035775	pronephric glomerulus morphogenesis	0.00597037342996076	25	1.29759614728714	0.118272365394752	0.657028167989798	68365	4	5	0.937918871252205	0.840765230154336	0.99986663242837
GO:0072102	glomerulus morphogenesis	0.00597037342996076	25	1.29759614728714	0.118272365394752	0.657028167989798	68365	4	5	0.937918871252205	0.840765230154336	0.99986663242837
GO:0007492	endoderm development	0.00624886569163084	26	1.28935702903596	0.118994155179843	0.657028167989798	58008	13	14	1.08865583270345	0.367579189971358	0.99986663242837
GO:0045666	positive regulation of neuron differentiation	0.00175231085994655	9	1.59159436008677	0.119045096389767	0.657028167989798	20375	5	5	1.17239858906526	0.451171481647171	0.99986663242837
GO:0043114	regulation of vascular permeability	0.00382066349999061	17	1.37883140486177	0.119725142036046	0.657028167989798	61861	6	6	1.17239858906526	0.384702736611736	0.99986663242837
GO:0008652	amino acid biosynthetic process	0.00175543998648217	9	1.58875729349125	0.119963294435484	0.657028167989798	65376	5	6	0.976998824221047	0.783515206824346	0.99986663242837
GO:0035850	epithelial cell differentiation involved in kidney development	0.0172790367296873	65	1.16572165292685	0.120294496685402	0.657028167989798	117894	14	14	1.17239858906526	0.107244284303974	0.99986663242837
GO:0061005	cell differentiation involved in kidney development	0.0172790367296873	65	1.16572165292685	0.120294496685402	0.657028167989798	117894	14	14	1.17239858906526	0.107244284303974	0.99986663242837
GO:0021986	habenula development	0.00988178159948432	39	1.22301107678189	0.121459168877893	0.657028167989798	85044	5	6	0.976998824221047	0.783515206824346	0.99986663242837
GO:0003013	circulatory system process	0.0227956868119833	84	1.14189885912425	0.121781118180137	0.657028167989798	65149	27	30	1.05515873015873	0.336540471631403	0.99986663242837
GO:0008015	blood circulation	0.0227956868119833	84	1.14189885912425	0.121781118180137	0.657028167989798	65149	27	30	1.05515873015873	0.336540471631403	0.99986663242837
GO:0030223	neutrophil differentiation	0.0035703333771411	16	1.3887121887601	0.122667882777642	0.657028167989798	33479	5	5	1.17239858906526	0.451171481647171	0.99986663242837
GO:0048193	Golgi vesicle transport	0.00518183354298481	22	1.31564965890157	0.122888881278368	0.657028167989798	60332	10	11	1.06581689915023	0.503190472989233	0.99986663242837
GO:0009451	RNA modification	0.00152075549631076	8	1.63016523392518	0.12372852867099	0.657028167989798	54636	6	6	1.17239858906526	0.384702736611736	0.99986663242837
GO:0035883	enteroendocrine cell differentiation	0.00849870767074079	34	1.23972985665407	0.123787915708223	0.657028167989798	63753	8	8	1.17239858906526	0.279645392972384	0.99986663242837
GO:0034330	cell junction organization	0.0130390702739237	50	1.1882953919001	0.126056414284486	0.65704449492999	83283	31	33	1.10134412912191	0.116072699593919	0.99986663242837
GO:1901699	cellular response to nitrogen compound	0.0110552040503414	43	1.20532101112965	0.126707806494597	0.65704449492999	86466	9	11	0.959235209235209	0.788018421612962	0.99986663242837
GO:0001945	lymph vessel development	0.011058333176877	43	1.20497994689333	0.127072593503773	0.65704449492999	56257	11	14	0.921170319979844	0.861783486437156	0.99986663242837
GO:0044782	cilium organization	0.00768826389801551	31	1.24949478094814	0.127353133468641	0.65704449492999	32147	14	18	0.911865569272977	0.887766943958272	0.99986663242837
GO:0060271	cilium assembly	0.00768826389801551	31	1.24949478094814	0.127353133468641	0.65704449492999	32147	14	18	0.911865569272977	0.887766943958272	0.99986663242837
GO:0060538	skeletal muscle organ development	0.0141968470921027	54	1.17869893098778	0.127599945392201	0.65704449492999	71366	16	20	0.937918871252205	0.840591850180183	0.99986663242837
GO:0071696	ectodermal placode development	0.0136336043156913	52	1.18193527059207	0.1285414857558	0.658616028501253	59752	14	15	1.09423868312757	0.329193324863502	0.99986663242837
GO:0022408	negative regulation of cell-cell adhesion	0.00440581016215134	19	1.33637657759811	0.129300433192122	0.659241124895793	80221	5	5	1.17239858906526	0.451171481647171	0.99986663242837
GO:0002244	hematopoietic progenitor cell differentiation	0.00687782012529023	28	1.26156099313318	0.130693784896806	0.663078761608795	32000	15	17	1.03446934329287	0.533429603248093	0.99986663242837
GO:0048048	embryonic eye morphogenesis	0.0191596417775942	71	1.14834398092892	0.133588880505368	0.666580584022975	69632	15	16	1.09912367724868	0.294116550299171	0.99986663242837
GO:0048596	embryonic camera-type eye morphogenesis	0.0191596417775942	71	1.14834398092892	0.133588880505368	0.666580584022975	69632	15	16	1.09912367724868	0.294116550299171	0.99986663242837
GO:0021587	cerebellum morphogenesis	0.00525067432676843	22	1.29840037851073	0.134825057475165	0.666580584022975	30021	5	5	1.17239858906526	0.451171481647171	0.99986663242837
GO:0030177	positive regulation of Wnt signaling pathway	0.00526631995944652	22	1.29454297988176	0.137629687644875	0.666580584022975	58615	9	12	0.879298941798942	0.913544938245851	0.99986663242837
GO:0055006	cardiac cell development	0.00581704622971544	24	1.27852657937757	0.137873268646021	0.666580584022975	57552	9	10	1.05515873015873	0.554977372739001	0.99986663242837
GO:0055013	cardiac muscle cell development	0.00581704622971544	24	1.27852657937757	0.137873268646021	0.666580584022975	57552	9	10	1.05515873015873	0.554977372739001	0.99986663242837
GO:0006399	tRNA metabolic process	0.00391140816952356	17	1.34684251626898	0.138117605170912	0.666580584022975	55016	7	7	1.17239858906526	0.328005122584149	0.99986663242837
GO:1905330	regulation of morphogenesis of an epithelium	0.00391140816952356	17	1.34684251626898	0.138117605170912	0.666580584022975	71549	5	5	1.17239858906526	0.451171481647171	0.99986663242837
GO:0060319	primitive erythrocyte differentiation	0.00445274706018562	19	1.32228968465083	0.138391814136963	0.666580584022975	39101	6	7	1.00491307634165	0.72488842077726	0.99986663242837
GO:0044770	cell cycle phase transition	0.00860822709948745	34	1.22395721216738	0.138673268035149	0.666580584022975	46403	11	13	0.992029575362909	0.703325565446774	0.99986663242837
GO:0009725	response to hormone	0.0224233207542447	82	1.13322189684598	0.139174788499504	0.666580584022975	71820	25	31	0.945482733117142	0.840428328577996	0.99986663242837
GO:0098727	maintenance of cell number	0.00260030415109926	12	1.43007275033869	0.14192500059147	0.666580584022975	18818	5	5	1.17239858906526	0.451171481647171	0.99986663242837
GO:0090092	regulation of transmembrane receptor protein serine/threonine kinase signaling pathway	0.0109050059766317	42	1.19350547901294	0.142999467380698	0.666580584022975	62382	15	17	1.03446934329287	0.533429603248093	0.99986663242837
GO:0001655	urogenital system development	0.00132987877763801	7	1.63112415465101	0.14306635593978	0.666580584022975	29338	4	5	0.937918871252205	0.840765230154336	0.99986663242837
GO:0035176	social behavior	0.00341074792382454	15	1.3628330912058	0.1460552248584	0.666580584022975	36071	6	6	1.17239858906526	0.384702736611736	0.99986663242837
GO:0051703	biological process involved in intraspecies interaction between organisms	0.00341074792382454	15	1.3628330912058	0.1460552248584	0.666580584022975	36071	6	6	1.17239858906526	0.384702736611736	0.99986663242837
GO:0010453	regulation of cell fate commitment	0.00183992640294388	9	1.51580415246359	0.146178717895159	0.666580584022975	49915	7	8	1.0258487654321	0.666523229866509	0.99986663242837
GO:0001525	angiogenesis	0.0172633910970092	64	1.14882770155901	0.146524820211183	0.666580584022975	54812	33	42	0.921170319979844	0.921957013432012	0.99986663242837
GO:0048511	rhythmic process	0.00614560451595542	25	1.26059747913639	0.146867947820049	0.666580584022975	56729	13	14	1.08865583270345	0.367579189971358	0.99986663242837
GO:0010171	body morphogenesis	0.00423057907615668	18	1.31848053498312	0.148474696672389	0.666580584022975	68206	5	5	1.17239858906526	0.451171481647171	0.99986663242837
GO:0099111	microtubule-based transport	0.00110145254053783	6	1.68805462433445	0.149549980222872	0.666580584022975	75932	5	5	1.17239858906526	0.451171481647171	0.99986663242837
GO:0007093	mitotic cell cycle checkpoint signaling	0.00263159541645545	12	1.41306831811112	0.150388513584001	0.666580584022975	25528	6	7	1.00491307634165	0.72488842077726	0.99986663242837
GO:0045930	negative regulation of mitotic cell cycle	0.00263159541645545	12	1.41306831811112	0.150388513584001	0.666580584022975	25528	6	7	1.00491307634165	0.72488842077726	0.99986663242837
GO:0035107	appendage morphogenesis	0.0149979034852211	56	1.15706699891789	0.151948888515587	0.666580584022975	114866	14	16	1.0258487654321	0.574730746813812	0.99986663242837
GO:0030282	bone mineralization	0.00618002490784722	25	1.2535764298855	0.152917282162889	0.666580584022975	72228	9	10	1.05515873015873	0.554977372739001	0.99986663242837
GO:0031214	biomineral tissue development	0.00618002490784722	25	1.2535764298855	0.152917282162889	0.666580584022975	72228	9	10	1.05515873015873	0.554977372739001	0.99986663242837
GO:0007169	cell surface receptor protein tyrosine kinase signaling pathway	0.0328871198893541	117	1.10245546540739	0.153021968671305	0.666580584022975	100422	45	52	1.0145757020757	0.495071102929662	0.99986663242837
GO:0019725	cellular homeostasis	0.0135647635319077	51	1.16508868189358	0.153049117945057	0.666580584022975	102758	31	32	1.13576113315697	0.0393187881684007	0.99986663242837
GO:0044774	mitotic DNA integrity checkpoint signaling	0.00160837103930809	8	1.54136245853626	0.153815588462765	0.666580584022975	22911	4	5	0.937918871252205	0.840765230154336	0.99986663242837
GO:0043434	response to peptide hormone	0.0112742429078347	43	1.18190372809354	0.153832818017217	0.666580584022975	102034	7	9	0.911865569272977	0.86572664267695	0.99986663242837
GO:0072175	epithelial tube formation	0.0147256694766223	55	1.15741385207235	0.153850611438393	0.666580584022975	58898	17	18	1.10726533411719	0.233297188025473	0.99986663242837
GO:0032446	protein modification by small protein conjugation	0.0167533434717033	62	1.14680936749704	0.153884433888191	0.666580584022975	82471	26	27	1.12897641909988	0.0761293912666364	0.99986663242837
GO:0051246	regulation of protein metabolic process	0.0150260656240417	56	1.15489840187702	0.155139685931382	0.666580584022975	43064	33	36	1.07469870664315	0.201960429552282	0.99986663242837
GO:0035148	tube formation	0.0150354530036486	56	1.15417734148043	0.156212151401646	0.666580584022975	58621	18	19	1.11069340016708	0.207194453309382	0.99986663242837
GO:0006414	translational elongation	0.00161775841891494	8	1.53241838237454	0.157230812295116	0.666580584022975	75387	6	6	1.17239858906526	0.384702736611736	0.99986663242837
GO:0030510	regulation of BMP signaling pathway	0.00959077283167177	37	1.19549882693485	0.157767439242415	0.666580584022975	67883	11	13	0.992029575362909	0.703325565446774	0.99986663242837
GO:0030500	regulation of bone mineralization	0.00346394307493006	15	1.34190430841402	0.158854883112588	0.666580584022975	62162	5	5	1.17239858906526	0.451171481647171	0.99986663242837
GO:0070167	regulation of biomineral tissue development	0.00346394307493006	15	1.34190430841402	0.158854883112588	0.666580584022975	62162	5	5	1.17239858906526	0.451171481647171	0.99986663242837
GO:0000086	G2/M transition of mitotic cell cycle	0.00188373417444255	9	1.48055289310397	0.160814247335139	0.666580584022975	25678	4	5	0.937918871252205	0.840765230154336	0.99986663242837
GO:0010389	regulation of G2/M transition of mitotic cell cycle	0.00188373417444255	9	1.48055289310397	0.160814247335139	0.666580584022975	25678	4	5	0.937918871252205	0.840765230154336	0.99986663242837
GO:0044839	cell cycle G2/M phase transition	0.00188373417444255	9	1.48055289310397	0.160814247335139	0.666580584022975	25678	4	5	0.937918871252205	0.840765230154336	0.99986663242837
GO:1902749	regulation of cell cycle G2/M phase transition	0.00188373417444255	9	1.48055289310397	0.160814247335139	0.666580584022975	25678	4	5	0.937918871252205	0.840765230154336	0.99986663242837
GO:1901698	response to nitrogen compound	0.0136367334422269	51	1.15893975126404	0.161757699831064	0.666580584022975	89937	13	16	0.95257385361552	0.800632434059743	0.99986663242837
GO:0040008	regulation of growth	0.00457165386853914	19	1.28789748203842	0.163007053614399	0.666580584022975	57891	13	13	1.17239858906526	0.125839634708787	0.99986663242837
GO:0030900	forebrain development	0.0701237256632184	241	1.0650085519228	0.163497936659605	0.666580584022975	86812	50	60	0.976998824221046	0.740167693745131	0.99986663242837
GO:0048752	semicircular canal morphogenesis	0.00513489664495053	21	1.26732681120051	0.165399135766053	0.666580584022975	84299	7	7	1.17239858906526	0.328005122584149	0.99986663242837
GO:0003006	developmental process involved in reproduction	0.0113649875773677	43	1.17246672145403	0.166005697070939	0.666580584022975	71238	19	22	1.01252605419272	0.590756183903415	0.99986663242837
GO:0007519	skeletal muscle tissue development	0.0139621626019313	52	1.15412191258844	0.166236206634485	0.666580584022975	73076	15	19	0.92557783347257	0.865102569687868	0.99986663242837
GO:0008284	positive regulation of cell population proliferation	0.0227268460281997	82	1.11808730728325	0.167099551154847	0.666580584022975	71476	19	21	1.06074158058285	0.384001835811623	0.99986663242837
GO:0000278	mitotic cell cycle	0.0154234646940653	57	1.14523324483149	0.167625209213553	0.666580584022975	101933	23	27	0.998709909203736	0.635729244909341	0.99986663242837
GO:0008543	fibroblast growth factor receptor signaling pathway	0.016296490997503	60	1.14092785669302	0.167713835117881	0.666580584022975	114203	18	21	1.00491307634165	0.626409822596577	0.99986663242837
GO:0044344	cellular response to fibroblast growth factor stimulus	0.016296490997503	60	1.14092785669302	0.167713835117881	0.666580584022975	114203	18	21	1.00491307634165	0.626409822596577	0.99986663242837
GO:0071774	response to fibroblast growth factor	0.016296490997503	60	1.14092785669302	0.167713835117881	0.666580584022975	114203	18	21	1.00491307634165	0.626409822596577	0.99986663242837
GO:0061572	actin filament bundle organization	0.000898059315722609	5	1.72530553938945	0.167824561431919	0.666580584022975	29379	4	5	0.937918871252205	0.840765230154336	0.99986663242837
GO:0022604	regulation of cell morphogenesis	0.00852061155649012	33	1.20017398189919	0.167988753555578	0.666580584022975	100191	4	7	0.669942050894432	0.988842749977326	0.99986663242837
GO:0000122	negative regulation of transcription by RNA polymerase II	0.0387323282578901	136	1.08809380858699	0.168457534712818	0.666580584022975	98401	42	46	1.07045088566828	0.17152786748406	0.99986663242837
GO:0050769	positive regulation of neurogenesis	0.00654613271251463	26	1.23080592112085	0.16856451465862	0.666580584022975	60743	13	14	1.08865583270345	0.367579189971358	0.99986663242837
GO:0002072	optic cup morphogenesis involved in camera-type eye development	0.0163058783771098	60	1.1402710185487	0.16879558391704	0.666580584022975	72983	12	12	1.17239858906526	0.147649606859113	0.99986663242837
GO:0034329	cell junction assembly	0.00824524842135566	32	1.20267218776112	0.169382312655113	0.666580584022975	86827	17	17	1.17239858906526	0.0663549543291312	0.99986663242837
GO:1901991	negative regulation of mitotic cell cycle phase transition	0.00217161381571948	10	1.42698181499934	0.170075479592309	0.666773187038031	25640	5	6	0.976998824221047	0.783515206824346	0.99986663242837
GO:1903047	mitotic cell cycle process	0.0134208237112692	50	1.15449449709669	0.170955784626315	0.667695234295229	110883	16	20	0.937918871252205	0.840591850180183	0.99986663242837
GO:0060900	embryonic camera-type eye formation	0.0166344366633498	61	1.1363778810418	0.173104069343028	0.671123371843301	71929	13	14	1.08865583270345	0.367579189971358	0.99986663242837
GO:0008283	cell population proliferation	0.055250987239422	191	1.07125869346674	0.173130377084214	0.671123371843301	73783	55	65	0.992029575362909	0.643927616433965	0.99986663242837
GO:0035567	non-canonical Wnt signaling pathway	0.00167095357002046	8	1.48363352750494	0.177241547059733	0.682618163361777	123517	5	6	0.976998824221047	0.783515206824346	0.99986663242837
GO:0007422	peripheral nervous system development	0.0111584652260168	42	1.1663955676837	0.177414769028327	0.682618163361777	39007	17	19	1.04898821126891	0.455170433112243	0.99986663242837
GO:0061515	myeloid cell development	0.00116716419778583	6	1.59301669642286	0.179407538697167	0.68521167268127	73446	5	6	0.976998824221047	0.783515206824346	0.99986663242837
GO:0070848	response to growth factor	0.0350149259335749	123	1.08856140922229	0.180571309057027	0.68521167268127	88596	44	53	0.973312036205118	0.755888076794258	0.99986663242837
GO:0071363	cellular response to growth factor stimulus	0.0350149259335749	123	1.08856140922229	0.180571309057027	0.68521167268127	88596	44	53	0.973312036205118	0.755888076794258	0.99986663242837
GO:0006367	transcription initiation at RNA polymerase II promoter	0.00220916333414691	10	1.40272716658576	0.182601915704412	0.68521167268127	42848	5	6	0.976998824221047	0.783515206824346	0.99986663242837
GO:0030278	regulation of ossification	0.00411480139433878	17	1.28026855158648	0.184727452796457	0.68521167268127	63802	7	8	1.0258487654321	0.666523229866509	0.99986663242837
GO:0061386	closure of optic fissure	0.0161494220503289	59	1.13212938184389	0.184892527295732	0.68521167268127	73990	11	11	1.17239858906526	0.173228249429744	0.99986663242837
GO:0016331	morphogenesis of embryonic epithelium	0.0193724223820163	70	1.11973472092825	0.184941315758907	0.68521167268127	67537	18	19	1.11069340016708	0.207194453309382	0.99986663242837
GO:0090150	establishment of protein localization to membrane	0.00439329365600886	18	1.26964792257634	0.185204769405841	0.68521167268127	93221	9	11	0.959235209235209	0.788018421612962	0.99986663242837
GO:0042659	regulation of cell fate specification	0.0016928574557698	8	1.46443679055016	0.185792906646961	0.68521167268127	47933	6	7	1.00491307634165	0.72488842077726	0.99986663242837
GO:0009628	response to abiotic stimulus	0.0118030652923543	44	1.15520457854772	0.187122241412003	0.68521167268127	113317	21	26	0.946937321937322	0.827844181177333	0.99986663242837
GO:0031669	cellular response to nutrient levels	0.00607989285870742	24	1.22325317090217	0.187176182454525	0.68521167268127	74467	6	7	1.00491307634165	0.72488842077726	0.99986663242837
GO:0002521	leukocyte differentiation	0.00807001733536101	31	1.19038723411772	0.187957133126504	0.68521167268127	34273	12	14	1.00491307634165	0.660109768813033	0.99986663242837
GO:0039019	pronephric nephron development	0.0158897045478725	58	1.13113178450874	0.188924777182155	0.68521167268127	71354	14	15	1.09423868312757	0.329193324863502	0.99986663242837
GO:0055123	digestive system development	0.0161838424422207	59	1.12972152739681	0.189143679976469	0.68521167268127	65090	24	27	1.04213207916912	0.423107509390798	0.99986663242837
GO:0006417	regulation of translation	0.00922466502700436	35	1.17575943983494	0.189614332436502	0.68521167268127	28683	19	20	1.11377865961199	0.183701442764928	0.99986663242837
GO:1901990	regulation of mitotic cell cycle phase transition	0.0033200032542916	14	1.30674413897584	0.192577790255836	0.68521167268127	60899	7	9	0.911865569272977	0.86572664267695	0.99986663242837
GO:0042770	signal transduction in response to DNA damage	0.00752867844469895	29	1.1936590194795	0.193220537290332	0.68521167268127	52420	7	8	1.0258487654321	0.666523229866509	0.99986663242837
GO:0000280	nuclear division	0.00305089837222838	13	1.32043383947939	0.193705453174787	0.68521167268127	52595	6	6	1.17239858906526	0.384702736611736	0.99986663242837
GO:0048384	retinoic acid receptor signaling pathway	0.00583895011546477	23	1.22065829212323	0.195717389376837	0.68521167268127	51085	7	8	1.0258487654321	0.666523229866509	0.99986663242837
GO:0030099	myeloid cell differentiation	0.0124507944852274	46	1.14488483191855	0.196934442443764	0.68521167268127	45687	25	29	1.01068843884936	0.573343555167073	0.99986663242837
GO:0048892	lateral line nerve development	0.001461302092134	7	1.4844277638687	0.197398178238214	0.68521167268127	37954	5	5	1.17239858906526	0.451171481647171	0.99986663242837
GO:0030916	otic vesicle formation	0.0112930176670484	42	1.15249836363538	0.197406119857239	0.68521167268127	65795	11	11	1.17239858906526	0.173228249429744	0.99986663242837
GO:0043049	otic placode formation	0.0112930176670484	42	1.15249836363538	0.197406119857239	0.68521167268127	65795	11	11	1.17239858906526	0.173228249429744	0.99986663242837
GO:0001570	vasculogenesis	0.00279118086977201	12	1.33227629543885	0.197414118515405	0.68521167268127	25850	7	8	1.0258487654321	0.666523229866509	0.99986663242837
GO:0043065	positive regulation of apoptotic process	0.0041679965454443	17	1.26392878778996	0.198074189779088	0.68521167268127	49257	11	12	1.07469870664315	0.454593317706679	0.99986663242837
GO:0043068	positive regulation of programmed cell death	0.0041679965454443	17	1.26392878778996	0.198074189779088	0.68521167268127	49257	11	12	1.07469870664315	0.454593317706679	0.99986663242837
GO:0007292	female gamete generation	0.00500973158352577	20	1.23713351606439	0.199049141669815	0.68521167268127	97894	5	6	0.976998824221047	0.783515206824346	0.99986663242837
GO:0009100	glycoprotein metabolic process	0.00500973158352577	20	1.23713351606439	0.199049141669815	0.68521167268127	72133	10	11	1.06581689915023	0.503190472989233	0.99986663242837
GO:0009101	glycoprotein biosynthetic process	0.00500973158352577	20	1.23713351606439	0.199049141669815	0.68521167268127	72133	10	11	1.06581689915023	0.503190472989233	0.99986663242837
GO:0048477	oogenesis	0.00500973158352577	20	1.23713351606439	0.199049141669815	0.68521167268127	97894	5	6	0.976998824221047	0.783515206824346	0.99986663242837
GO:0090101	negative regulation of transmembrane receptor protein serine/threonine kinase signaling pathway	0.00813259986607338	31	1.18122688602908	0.199150677635289	0.68521167268127	62768	7	8	1.0258487654321	0.666523229866509	0.99986663242837
GO:0021532	neural tube patterning	0.0159710618377986	58	1.1253697495563	0.199274119301509	0.68521167268127	62637	13	14	1.08865583270345	0.367579189971358	0.99986663242837
GO:0048565	digestive tract development	0.00957512719899367	36	1.16508868189358	0.200063647098149	0.685648591876108	59612	18	20	1.05515873015873	0.418631548209473	0.99986663242837
GO:0002520	immune system development	0.0039020207899167	16	1.27066608450302	0.201087374385362	0.686882615474752	80104	5	5	1.17239858906526	0.451171481647171	0.99986663242837
GO:0009799	specification of symmetry	0.0299144496805162	105	1.08770046923642	0.203676442998245	0.691164322961257	61195	36	44	0.959235209235209	0.811883540765128	0.99986663242837
GO:0009855	determination of bilateral symmetry	0.0299144496805162	105	1.08770046923642	0.203676442998245	0.691164322961257	61195	36	44	0.959235209235209	0.811883540765128	0.99986663242837
GO:0002011	morphogenesis of an epithelial sheet	0.019259773826734	69	1.11019417048024	0.206004636750319	0.692377354097044	95818	14	14	1.17239858906526	0.107244284303974	0.99986663242837
GO:0045165	cell fate commitment	0.0329277985343171	115	1.08227139271213	0.206566743866373	0.692377354097044	57574	48	56	1.00491307634165	0.557273208860956	0.99986663242837
GO:0046530	photoreceptor cell differentiation	0.0151481015589308	55	1.12513728317548	0.206711976488432	0.692377354097044	54461	14	15	1.09423868312757	0.329193324863502	0.99986663242837
GO:0060795	cell fate commitment involved in formation of primary germ layer	0.00228113324446614	10	1.35847102827098	0.207728339445659	0.692377354097044	59665	8	10	0.937918871252205	0.828130354361621	0.99986663242837
GO:0045727	positive regulation of translation	0.00175543998648217	8	1.41222870532555	0.211151128250174	0.692377354097044	19338	5	5	1.17239858906526	0.451171481647171	0.99986663242837
GO:0006066	alcohol metabolic process	0.00819831152332138	31	1.17175903694259	0.211260690618664	0.692377354097044	81827	9	9	1.17239858906526	0.238400070960991	0.99986663242837
GO:0007059	chromosome segregation	0.00202767399508101	9	1.37545191612437	0.213420127606328	0.692377354097044	51683	5	5	1.17239858906526	0.451171481647171	0.99986663242837
GO:0006352	DNA-templated transcription initiation	0.00257214201227869	11	1.32525294108333	0.214764827789831	0.692377354097044	42841	6	8	0.879298941798942	0.899983993509515	0.99986663242837
GO:0007276	gamete generation	0.0111177865810538	41	1.14279033391476	0.215540161463609	0.692377354097044	80361	18	20	1.05515873015873	0.418631548209473	0.99986663242837
GO:0006637	acyl-CoA metabolic process	0.00230303713021547	10	1.34555078751297	0.215648717248564	0.692377354097044	112431	6	6	1.17239858906526	0.384702736611736	0.99986663242837
GO:0035383	thioester metabolic process	0.00230303713021547	10	1.34555078751297	0.215648717248564	0.692377354097044	112431	6	6	1.17239858906526	0.384702736611736	0.99986663242837
GO:0035384	thioester biosynthetic process	0.00230303713021547	10	1.34555078751297	0.215648717248564	0.692377354097044	112431	6	6	1.17239858906526	0.384702736611736	0.99986663242837
GO:0044272	sulfur compound biosynthetic process	0.00230303713021547	10	1.34555078751297	0.215648717248564	0.692377354097044	112431	6	6	1.17239858906526	0.384702736611736	0.99986663242837
GO:0071616	acyl-CoA biosynthetic process	0.00230303713021547	10	1.34555078751297	0.215648717248564	0.692377354097044	112431	6	6	1.17239858906526	0.384702736611736	0.99986663242837
GO:0009566	fertilization	0.000985674858719937	5	1.57194504699928	0.215899933776326	0.692377354097044	28786	5	5	1.17239858906526	0.451171481647171	0.99986663242837
GO:0021537	telencephalon development	0.0143376577862056	52	1.12389610955252	0.216331150769833	0.692377354097044	118719	14	14	1.17239858906526	0.107244284303974	0.99986663242837
GO:0051962	positive regulation of nervous system development	0.00707808422356983	27	1.18208599688142	0.21681533390955	0.692377354097044	62886	14	15	1.09423868312757	0.329193324863502	0.99986663242837
GO:0051247	positive regulation of protein metabolic process	0.00424309558229916	17	1.24155836676713	0.217667600285206	0.692377354097044	43077	10	11	1.06581689915023	0.503190472989233	0.99986663242837
GO:0019953	sexual reproduction	0.0152419753549994	55	1.118207675601	0.219623620314266	0.692377354097044	69483	28	31	1.0589406610912	0.310514462150257	0.99986663242837
GO:0061138	morphogenesis of a branching epithelium	0.00177734387223151	8	1.3948244783233	0.220328474703871	0.692377354097044	26896	4	6	0.781599059376837	0.955265276814316	0.99986663242837
GO:0003158	endothelium development	0.0123162420441958	45	1.13223176022433	0.220569123907763	0.692377354097044	75651	9	10	1.05515873015873	0.554977372739001	0.99986663242837
GO:0009755	hormone-mediated signaling pathway	0.00738473862406048	28	1.17496231479098	0.220807171759146	0.692377354097044	45757	10	12	0.976998824221047	0.746176249401998	0.99986663242837
GO:0010628	positive regulation of gene expression	0.00970029226041843	36	1.15005527954657	0.221586370854521	0.692377354097044	47293	17	20	0.996538800705467	0.66222411422794	0.99986663242837
GO:0060788	ectodermal placode formation	0.0114494739938294	42	1.13674954751574	0.222070015983433	0.692377354097044	65795	11	12	1.07469870664315	0.454593317706679	0.99986663242837
GO:0071697	ectodermal placode morphogenesis	0.0114494739938294	42	1.13674954751574	0.222070015983433	0.692377354097044	65795	11	12	1.07469870664315	0.454593317706679	0.99986663242837
GO:0000209	protein polyubiquitination	0.0012610379938544	6	1.47442984557252	0.225710103538494	0.692377354097044	28742	5	5	1.17239858906526	0.451171481647171	0.99986663242837
GO:0061074	regulation of neural retina development	0.00152388462284638	7	1.42346563804247	0.225747589855607	0.692377354097044	52028	4	5	0.937918871252205	0.840765230154336	0.99986663242837
GO:0001503	ossification	0.0138244810343641	50	1.12078472115159	0.227124248078065	0.692377354097044	68392	21	24	1.0258487654321	0.520970571162117	0.99986663242837
GO:0048794	swim bladder development	0.00179611863144522	8	1.38024443151156	0.228310157199441	0.692377354097044	42534	6	6	1.17239858906526	0.384702736611736	0.99986663242837
GO:0060841	venous blood vessel development	0.00656177834519272	25	1.18064542156598	0.22891914724393	0.692377354097044	59454	4	6	0.781599059376837	0.955265276814316	0.99986663242837
GO:0022414	reproductive process	0.0170881600110145	61	1.10620487376272	0.23025683532308	0.692377354097044	65521	32	38	0.987283022370742	0.678632821778569	0.99986663242837
GO:0007281	germ cell development	0.00772894254297855	29	1.16273020278044	0.232155435719181	0.692377354097044	86205	11	12	1.07469870664315	0.454593317706679	0.99986663242837
GO:0022412	cellular process involved in reproduction in multicellular organism	0.00772894254297855	29	1.16273020278044	0.232155435719181	0.692377354097044	86205	11	12	1.07469870664315	0.454593317706679	0.99986663242837
GO:1903131	mononuclear cell differentiation	0.0062926734631295	24	1.18189006020035	0.232868295603486	0.692377354097044	35293	8	9	1.04213207916912	0.609607969063525	0.99986663242837
GO:0090288	negative regulation of cellular response to growth factor stimulus	0.00486892088942293	19	1.20926620903479	0.233747529673104	0.692377354097044	36154	7	8	1.0258487654321	0.666523229866509	0.99986663242837
GO:0001711	endodermal cell fate commitment	0.00208086914618653	9	1.34028998744149	0.234407672746024	0.692377354097044	56092	7	8	1.0258487654321	0.666523229866509	0.99986663242837
GO:0001714	endodermal cell fate specification	0.00208086914618653	9	1.34028998744149	0.234407672746024	0.692377354097044	56092	7	8	1.0258487654321	0.666523229866509	0.99986663242837
GO:0035987	endodermal cell differentiation	0.00208086914618653	9	1.34028998744149	0.234407672746024	0.692377354097044	56092	7	8	1.0258487654321	0.666523229866509	0.99986663242837
GO:0000289	nuclear-transcribed mRNA poly(A) tail shortening	0.00430880723954715	17	1.22262392544388	0.235488328741955	0.692377354097044	19200	5	5	1.17239858906526	0.451171481647171	0.99986663242837
GO:0006816	calcium ion transport	0.0051630587837711	20	1.20039439952672	0.236215652172503	0.692377354097044	77798	17	20	0.996538800705467	0.66222411422794	0.99986663242837
GO:0021915	neural tube development	0.0186151737603965	66	1.09869684071659	0.236500155344042	0.692377354097044	59017	18	21	1.00491307634165	0.626409822596577	0.99986663242837
GO:0007249	canonical NF-kappaB signal transduction	0.00181802251719455	8	1.36361498052949	0.237749960061559	0.692377354097044	28251	5	5	1.17239858906526	0.451171481647171	0.99986663242837
GO:0006470	protein dephosphorylation	0.00263785366952669	11	1.29223952262218	0.237785678066827	0.692377354097044	77616	9	10	1.05515873015873	0.554977372739001	0.99986663242837
GO:0010608	post-transcriptional regulation of gene expression	0.0127230284938262	46	1.12038778804818	0.238526786736338	0.692377354097044	26099	29	33	1.03028966917856	0.453555402840659	0.99986663242837
GO:0060972	left/right pattern formation	0.0269730707370345	94	1.07993718890136	0.238705130253418	0.692377354097044	51786	35	43	0.954277921332185	0.829725699132949	0.99986663242837
GO:0009994	oocyte differentiation	0.00489082477517226	19	1.20385042946778	0.239426745755525	0.692377354097044	101202	4	5	0.937918871252205	0.840765230154336	0.99986663242837
GO:0001708	cell fate specification	0.0248922015908479	87	1.08307112540579	0.239868642521802	0.692377354097044	50932	36	43	0.981543004798819	0.707858633101042	0.99986663242837
GO:0014706	striated muscle tissue development	0.0314852712013968	109	1.07280328341722	0.24088826950889	0.692377354097044	88573	35	40	1.0258487654321	0.452272713810615	0.99986663242837
GO:0071600	otic vesicle morphogenesis	0.0124445362321562	45	1.12055926785088	0.24100557129438	0.692377354097044	71832	12	12	1.17239858906526	0.147649606859113	0.99986663242837
GO:0001946	lymphangiogenesis	0.00980981168916509	36	1.13721574692005	0.241294979386711	0.692377354097044	52314	6	8	0.879298941798942	0.899983993509515	0.99986663242837
GO:0036303	lymph vessel morphogenesis	0.00980981168916509	36	1.13721574692005	0.241294979386711	0.692377354097044	52314	6	8	0.879298941798942	0.899983993509515	0.99986663242837
GO:0030217	T cell differentiation	0.00209964390540025	9	1.32830527816481	0.241987636930647	0.692377354097044	27188	4	5	0.937918871252205	0.840765230154336	0.99986663242837
GO:0021903	rostrocaudal neural tube patterning	0.0156988278291998	56	1.10540604461101	0.242711666466146	0.692377354097044	63869	12	13	1.08221408221408	0.409369272663026	0.99986663242837
GO:0010842	retina layer formation	0.00405221886362641	16	1.22356803658322	0.242851855963586	0.692377354097044	52355	7	7	1.17239858906526	0.328005122584149	0.99986663242837
GO:0009894	regulation of catabolic process	0.0109894923930934	40	1.12793323417944	0.243049497634986	0.692377354097044	38758	21	27	0.911865569272977	0.910405742400526	0.99986663242837
GO:0016567	protein ubiquitination	0.0151105520405034	54	1.10742535719436	0.243137069303745	0.692377354097044	86508	23	24	1.1235486478542	0.111865834411084	0.99986663242837
GO:0040036	regulation of fibroblast growth factor receptor signaling pathway	0.0133425955478788	48	1.11481281006703	0.24347435700138	0.692377354097044	128551	11	12	1.07469870664315	0.454593317706679	0.99986663242837
GO:0051235	maintenance of location	0.00183366814987264	8	1.35198004042259	0.244572868443455	0.692377354097044	79124	6	6	1.17239858906526	0.384702736611736	0.99986663242837
GO:0051651	maintenance of location in cell	0.00183366814987264	8	1.35198004042259	0.244572868443455	0.692377354097044	79124	6	6	1.17239858906526	0.384702736611736	0.99986663242837
GO:0008654	phospholipid biosynthetic process	0.00405847711669765	16	1.22168127014285	0.244664123739928	0.692377354097044	114604	9	10	1.05515873015873	0.554977372739001	0.99986663242837
GO:0048609	multicellular organismal reproductive process	0.0112930176670484	41	1.12505792640597	0.244840687535766	0.692377354097044	80361	18	21	1.00491307634165	0.626409822596577	0.99986663242837
GO:0090066	regulation of anatomical structure size	0.00548848794347546	21	1.18568032906502	0.246143165719424	0.693853146587935	49074	10	13	0.901845068511735	0.88901186258608	0.99986663242837
GO:0051090	regulation of DNA-binding transcription factor activity	0.0107172583844946	39	1.12766977532182	0.246703341009043	0.693853146587935	49254	8	9	1.04213207916912	0.609607969063525	0.99986663242837
GO:0040017	positive regulation of locomotion	0.00578888409089487	22	1.17768423521135	0.249427688101482	0.695175844574573	65912	13	14	1.08865583270345	0.367579189971358	0.99986663242837
GO:0060993	kidney morphogenesis	0.01367741208719	49	1.1101794463708	0.249784392862712	0.695175844574573	120232	12	12	1.17239858906526	0.147649606859113	0.99986663242837
GO:0021549	cerebellum development	0.0104418952493601	38	1.12773042928267	0.249877397578741	0.695175844574573	41984	11	11	1.17239858906526	0.173228249429744	0.99986663242837
GO:0001822	kidney development	0.0372929300515054	128	1.06361510815591	0.250531971039919	0.695175844574573	110045	31	33	1.10134412912191	0.116072699593919	0.99986663242837
GO:0072001	renal system development	0.0372929300515054	128	1.06361510815591	0.250531971039919	0.695175844574573	110045	31	33	1.10134412912191	0.116072699593919	0.99986663242837
GO:0042663	regulation of endodermal cell fate specification	0.00158020890048752	7	1.37272824896372	0.25237475653969	0.69841677277695	41663	5	6	0.976998824221047	0.783515206824346	0.99986663242837
GO:0043604	amide biosynthetic process	0.00296641195576667	12	1.2535764298855	0.255570022311039	0.705040270159882	110048	8	9	1.04213207916912	0.609607969063525	0.99986663242837
GO:0050801	monoatomic ion homeostasis	0.00960016021127862	35	1.12977145652979	0.256811769903648	0.705040270159882	76539	25	25	1.17239858906526	0.0183913527468208	0.99986663242837
GO:0055080	monoatomic cation homeostasis	0.00960016021127862	35	1.12977145652979	0.256811769903648	0.705040270159882	76539	25	25	1.17239858906526	0.0183913527468208	0.99986663242837
GO:0021593	rhombomere morphogenesis	0.00159272540662999	7	1.36194060064181	0.258416659306548	0.70756942429174	19020	5	5	1.17239858906526	0.451171481647171	0.99986663242837
GO:0043069	negative regulation of programmed cell death	0.00728460657492068	27	1.14857324954715	0.260911998405983	0.71090502603082	45026	18	20	1.05515873015873	0.418631548209473	0.99986663242837
GO:1901342	regulation of vasculature development	0.00497218206509835	19	1.1841524362858	0.261008608591026	0.71090502603082	47032	8	9	1.04213207916912	0.609607969063525	0.99986663242837
GO:0060218	hematopoietic stem cell differentiation	0.00187434679483569	8	1.32263823654029	0.262602545780823	0.71247155050266	35104	6	8	0.879298941798942	0.899983993509515	0.99986663242837
GO:0001756	somitogenesis	0.00700298518671498	26	1.15051205852762	0.262960514291803	0.71247155050266	34938	15	19	0.92557783347257	0.865102569687868	0.99986663242837
GO:0030098	lymphocyte differentiation	0.00243133131817584	10	1.27455003810752	0.264278961142362	0.714174216141891	24479	5	6	0.976998824221047	0.783515206824346	0.99986663242837
GO:0035282	segmentation	0.0131923974741691	47	1.10401548485884	0.267000459903815	0.717337194959552	68590	18	22	0.959235209235209	0.786851196715808	0.99986663242837
GO:0030917	midbrain-hindbrain boundary development	0.0117310953820351	42	1.10946028123769	0.26997044842679	0.717337194959552	54105	10	11	1.06581689915023	0.503190472989233	0.99986663242837
GO:0040012	regulation of locomotion	0.0185651077358266	65	1.08496797024474	0.270243754228283	0.717337194959552	47418	30	36	0.976998824221046	0.72837650642326	0.99986663242837
GO:0042127	regulation of cell population proliferation	0.0344767161694485	118	1.06061349422696	0.270287596293549	0.717337194959552	69702	36	44	0.959235209235209	0.811883540765128	0.99986663242837
GO:0072006	nephron development	0.0287598019888728	99	1.06671975390431	0.270887504042795	0.717337194959552	99965	22	23	1.12142473736677	0.126887377379245	0.99986663242837
GO:0003401	axis elongation	0.0018931215540494	8	1.30952116312006	0.271054520240494	0.717337194959552	89821	5	6	0.976998824221047	0.783515206824346	0.99986663242837
GO:0060028	convergent extension involved in axis elongation	0.0018931215540494	8	1.30952116312006	0.271054520240494	0.717337194959552	89821	5	6	0.976998824221047	0.783515206824346	0.99986663242837
GO:0042440	pigment metabolic process	0.00273172746559525	11	1.24783266617468	0.27215860444491	0.717337194959552	70867	3	5	0.703439153439153	0.974929964739584	0.99986663242837
GO:0046148	pigment biosynthetic process	0.00273172746559525	11	1.24783266617468	0.27215860444491	0.717337194959552	70867	3	5	0.703439153439153	0.974929964739584	0.99986663242837
GO:0043954	cellular component maintenance	0.0021747429422551	9	1.28243574337927	0.27310499839634	0.717337194959552	71854	4	5	0.937918871252205	0.840765230154336	0.99986663242837
GO:0035051	cardiocyte differentiation	0.0144221442026673	51	1.09582543632213	0.274123048988333	0.717337194959552	71065	16	18	1.04213207916912	0.493495784950055	0.99986663242837
GO:1901987	regulation of cell cycle phase transition	0.00618002490784722	23	1.15329031549466	0.27452415396573	0.717337194959552	49670	10	12	0.976998824221047	0.746176249401998	0.99986663242837
GO:0030514	negative regulation of BMP signaling pathway	0.00387698777763175	15	1.19894113754182	0.275760000376454	0.717337194959552	32461	4	5	0.937918871252205	0.840765230154336	0.99986663242837
GO:0000075	cell cycle checkpoint signaling	0.00503163546927511	19	1.17016058535954	0.277231766167943	0.717337194959552	28748	8	9	1.04213207916912	0.609607969063525	0.99986663242837
GO:0010948	negative regulation of cell cycle process	0.00503163546927511	19	1.17016058535954	0.277231766167943	0.717337194959552	28748	8	9	1.04213207916912	0.609607969063525	0.99986663242837
GO:0045786	negative regulation of cell cycle	0.00503163546927511	19	1.17016058535954	0.277231766167943	0.717337194959552	28748	8	9	1.04213207916912	0.609607969063525	0.99986663242837
GO:1901988	negative regulation of cell cycle phase transition	0.00503163546927511	19	1.17016058535954	0.277231766167943	0.717337194959552	28748	8	9	1.04213207916912	0.609607969063525	0.99986663242837
GO:0080135	regulation of cellular response to stress	0.0103104719348641	37	1.11204974341588	0.280290904945192	0.72286985894621	76174	11	12	1.07469870664315	0.454593317706679	0.99986663242837
GO:0070371	ERK1 and ERK2 cascade	0.00389576253684546	15	1.19316310796331	0.281685748918676	0.72286985894621	53713	9	9	1.17239858906526	0.238400070960991	0.99986663242837
GO:1901293	nucleoside phosphate biosynthetic process	0.00737848037098924	27	1.13396035833154	0.28207897586721	0.72286985894621	85440	14	17	0.965504720406681	0.767469416787167	0.99986663242837
GO:0006487	protein N-linked glycosylation	0.00136742829606544	6	1.3597144800131	0.282163693733593	0.72286985894621	67361	5	6	0.976998824221047	0.783515206824346	0.99986663242837
GO:0007368	determination of left/right symmetry	0.0258716181964966	89	1.06602514254051	0.285056906233854	0.724653233022848	54191	33	41	0.94363788875984	0.862851390103605	0.99986663242837
GO:1903224	regulation of endodermal cell differentiation	0.00192754194594121	8	1.28613685663577	0.286741666212179	0.724653233022848	51434	6	7	1.00491307634165	0.72488842077726	0.99986663242837
GO:0051052	regulation of DNA metabolic process	0.00419928781080049	16	1.18071580281317	0.286760799165041	0.724653233022848	107324	5	5	1.17239858906526	0.451171481647171	0.99986663242837
GO:0043066	negative regulation of apoptotic process	0.0071062463623904	26	1.13379391765073	0.286841250604049	0.724653233022848	46711	17	19	1.04898821126891	0.455170433112243	0.99986663242837
GO:0045017	glycerolipid biosynthetic process	0.00391453729605918	15	1.18744050312895	0.287652702981677	0.724653233022848	121905	8	9	1.04213207916912	0.609607969063525	0.99986663242837
GO:0046474	glycerophospholipid biosynthetic process	0.00391453729605918	15	1.18744050312895	0.287652702981677	0.724653233022848	121905	8	9	1.04213207916912	0.609607969063525	0.99986663242837
GO:0055082	intracellular chemical homeostasis	0.0103574088328984	37	1.10701024306807	0.289390272472923	0.724653233022848	83210	24	25	1.12550264550265	0.0985051999394112	0.99986663242837
GO:0045765	regulation of angiogenesis	0.00420867519040735	16	1.17808223596674	0.289649290895845	0.724653233022848	41018	5	6	0.976998824221047	0.783515206824346	0.99986663242837
GO:0019220	regulation of phosphate metabolic process	0.0036360450343891	14	1.19316310796331	0.290433909358675	0.724653233022848	71047	6	6	1.17239858906526	0.384702736611736	0.99986663242837
GO:0051174	regulation of phosphorus metabolic process	0.0036360450343891	14	1.19316310796331	0.290433909358675	0.724653233022848	71047	6	6	1.17239858906526	0.384702736611736	0.99986663242837
GO:0060348	bone development	0.00165843706387799	7	1.30797691646544	0.290765413478123	0.724653233022848	32193	6	6	1.17239858906526	0.384702736611736	0.99986663242837
GO:0007409	axonogenesis	0.0229333683795505	79	1.06748130698805	0.293931852024333	0.724653233022848	73183	46	52	1.0371218287885	0.338780178509082	0.99986663242837
GO:0048771	tissue remodeling	0.00111709817321593	5	1.3870103355876	0.294451882450276	0.724653233022848	26340	4	5	0.937918871252205	0.840765230154336	0.99986663242837
GO:0000165	MAPK cascade	0.0151449724323952	53	1.0844472132088	0.294702867223465	0.724653233022848	45280	25	29	1.01068843884936	0.573343555167073	0.99986663242837
GO:0030334	regulation of cell migration	0.0151449724323952	53	1.0844472132088	0.294702867223465	0.724653233022848	42703	25	31	0.945482733117142	0.840428328577996	0.99986663242837
GO:2000145	regulation of cell motility	0.0151449724323952	53	1.0844472132088	0.294702867223465	0.724653233022848	42703	25	31	0.945482733117142	0.840428328577996	0.99986663242837
GO:0035194	regulatory ncRNA-mediated post-transcriptional gene silencing	0.00166782444348485	7	1.3006149450782	0.295462477618978	0.724653233022848	15457	8	8	1.17239858906526	0.279645392972384	0.99986663242837
GO:0035195	miRNA-mediated post-transcriptional gene silencing	0.00166782444348485	7	1.3006149450782	0.295462477618978	0.724653233022848	15457	8	8	1.17239858906526	0.279645392972384	0.99986663242837
GO:0072088	nephron epithelium morphogenesis	0.00802933869039796	29	1.11922977430541	0.296468006798101	0.725048202714191	179060	5	5	1.17239858906526	0.451171481647171	0.99986663242837
GO:0060027	convergent extension involved in gastrulation	0.00774145904912103	28	1.12082096317976	0.297962568951759	0.725048202714191	157538	7	7	1.17239858906526	0.328005122584149	0.99986663242837
GO:0006974	DNA damage response	0.0241756316141912	83	1.06390119735429	0.298961036857742	0.725048202714191	53668	35	39	1.05215257993036	0.300126311285545	0.99986663242837
GO:0009615	response to virus	0.00482824224445988	18	1.15527263985559	0.30177809505307	0.725048202714191	85064	9	10	1.05515873015873	0.554977372739001	0.99986663242837
GO:0048638	regulation of developmental growth	0.00424935383537039	16	1.16680457096854	0.302270214628954	0.725048202714191	47189	10	10	1.17239858906526	0.203224815207879	0.99986663242837
GO:0050890	cognition	0.00224358372603871	9	1.24308625055591	0.30258375344444	0.725048202714191	60400	5	6	0.976998824221047	0.783515206824346	0.99986663242837
GO:0006874	intracellular calcium ion homeostasis	0.00512238013880805	19	1.14943080101291	0.302645346418033	0.725048202714191	81164	13	13	1.17239858906526	0.125839634708787	0.99986663242837
GO:0072028	nephron morphogenesis	0.0086489057444505	31	1.11071225643618	0.302963440856322	0.725048202714191	172344	7	7	1.17239858906526	0.328005122584149	0.99986663242837
GO:0010564	regulation of cell cycle process	0.00776336293487036	28	1.11765863075644	0.302988653508783	0.725048202714191	55821	13	15	1.01607877718989	0.617087313172423	0.99986663242837
GO:0006790	sulfur compound metabolic process	0.00252833424078003	10	1.22565022228904	0.303146658728481	0.725048202714191	112431	6	7	1.00491307634165	0.72488842077726	0.99986663242837
GO:0070372	regulation of ERK1 and ERK2 cascade	0.00367985280588776	14	1.17895878524946	0.305110814221851	0.725048202714191	57529	8	8	1.17239858906526	0.279645392972384	0.99986663242837
GO:0045446	endothelial cell differentiation	0.0113305671854758	40	1.09397998299867	0.305402885114544	0.725048202714191	82511	6	7	1.00491307634165	0.72488842077726	0.99986663242837
GO:0016055	Wnt signaling pathway	0.0296641195576667	101	1.05509349515363	0.305878490103738	0.725048202714191	72719	42	50	0.984814814814815	0.690813478641289	0.99986663242837
GO:0060562	epithelial tube morphogenesis	0.0311848750539774	106	1.05332621150523	0.306851423768875	0.725048202714191	53274	41	48	1.00142379482657	0.589755621582218	0.99986663242837
GO:0021761	limbic system development	0.0128294187960373	45	1.08694248981535	0.307063996514667	0.725048202714191	80024	11	13	0.992029575362909	0.703325565446774	0.99986663242837
GO:0006873	intracellular monoatomic ion homeostasis	0.0074879997997359	27	1.11737506266016	0.30753252269713	0.725048202714191	69121	20	20	1.17239858906526	0.041031338243949	0.99986663242837
GO:0030003	intracellular monoatomic cation homeostasis	0.0074879997997359	27	1.11737506266016	0.30753252269713	0.725048202714191	69121	20	20	1.17239858906526	0.041031338243949	0.99986663242837
GO:0072114	pronephros morphogenesis	0.0060266977076019	22	1.13121279083126	0.309991168472153	0.726559678010996	38289	7	7	1.17239858906526	0.328005122584149	0.99986663242837
GO:0060026	convergent extension	0.018561978609291	64	1.06845624232992	0.313538819078108	0.726559678010996	119171	17	18	1.10726533411719	0.233297188025473	0.99986663242837
GO:0051208	sequestering of calcium ion	0.00170537396191227	7	1.27197755179208	0.314406735905664	0.726559678010996	89903	5	5	1.17239858906526	0.451171481647171	0.99986663242837
GO:0051209	release of sequestered calcium ion into cytosol	0.00170537396191227	7	1.27197755179208	0.314406735905664	0.726559678010996	89903	5	5	1.17239858906526	0.451171481647171	0.99986663242837
GO:0051282	regulation of sequestering of calcium ion	0.00170537396191227	7	1.27197755179208	0.314406735905664	0.726559678010996	89903	5	5	1.17239858906526	0.451171481647171	0.99986663242837
GO:0051283	negative regulation of sequestering of calcium ion	0.00170537396191227	7	1.27197755179208	0.314406735905664	0.726559678010996	89903	5	5	1.17239858906526	0.451171481647171	0.99986663242837
GO:0001763	morphogenesis of a branching structure	0.00227174586485928	9	1.22767609042506	0.314856814228395	0.726559678010996	27552	5	8	0.732749118165785	0.980245802662966	0.99986663242837
GO:0001706	endoderm formation	0.0034201353034314	13	1.17788014043221	0.315153040058124	0.726559678010996	42833	10	11	1.06581689915023	0.503190472989233	0.99986663242837
GO:0022037	metencephalon development	0.0134771479889104	47	1.08068940890756	0.316015088604718	0.726559678010996	41251	16	16	1.17239858906526	0.0778757301473773	0.99986663242837
GO:0030198	extracellular matrix organization	0.00199325360318921	8	1.24373674048294	0.317276425089152	0.726559678010996	109673	5	5	1.17239858906526	0.451171481647171	0.99986663242837
GO:0043062	extracellular structure organization	0.00199325360318921	8	1.24373674048294	0.317276425089152	0.726559678010996	109673	5	5	1.17239858906526	0.451171481647171	0.99986663242837
GO:0045229	external encapsulating structure organization	0.00199325360318921	8	1.24373674048294	0.317276425089152	0.726559678010996	109673	5	5	1.17239858906526	0.451171481647171	0.99986663242837
GO:0031570	DNA integrity checkpoint signaling	0.00400841109212774	15	1.15963159204865	0.318046705698173	0.726559678010996	28211	6	7	1.00491307634165	0.72488842077726	0.99986663242837
GO:0001837	epithelial to mesenchymal transition	0.00342952268303826	13	1.17465601596023	0.318487996073953	0.726559678010996	57653	7	7	1.17239858906526	0.328005122584149	0.99986663242837
GO:0061351	neural precursor cell proliferation	0.0102072107591887	36	1.09294033310679	0.318703472286949	0.726559678010996	62354	7	8	1.0258487654321	0.666523229866509	0.99986663242837
GO:0043409	negative regulation of MAPK cascade	0.00343578093610949	13	1.17251638751585	0.320716088493494	0.72719454301696	57809	7	7	1.17239858906526	0.328005122584149	0.99986663242837
GO:0072522	purine-containing compound biosynthetic process	0.00577323845821677	21	1.12719961906777	0.32083022347956	0.72719454301696	91480	12	15	0.937918871252205	0.83219959137547	0.99986663242837
GO:0072009	nephron epithelium development	0.0249485258684891	85	1.05578398679056	0.32108976440459	0.72719454301696	110656	18	18	1.17239858906526	0.0565348229352287	0.99986663242837
GO:0060037	pharyngeal system development	0.00549787532308231	20	1.12729126876442	0.326050409167927	0.736816972682979	46339	8	8	1.17239858906526	0.279645392972384	0.99986663242837
GO:0071559	response to transforming growth factor beta	0.00287566728623372	11	1.18537314207889	0.327528646474033	0.736939454566575	60210	7	9	0.911865569272977	0.86572664267695	0.99986663242837
GO:0071560	cellular response to transforming growth factor beta stimulus	0.00287566728623372	11	1.18537314207889	0.327528646474033	0.736939454566575	60210	7	9	0.911865569272977	0.86572664267695	0.99986663242837
GO:0048645	animal organ formation	0.00551039182922479	20	1.12473069802333	0.32958711316815	0.739034582646779	78620	7	7	1.17239858906526	0.328005122584149	0.99986663242837
GO:0048793	pronephros development	0.0222981556928199	76	1.05619883315079	0.330676858226702	0.739034582646779	66437	23	25	1.07860670194004	0.265513130835324	0.99986663242837
GO:0030336	negative regulation of cell migration	0.00581391710317982	21	1.11931286177613	0.332011290617214	0.739034582646779	32963	3	6	0.586199294532628	0.994594652664853	0.99986663242837
GO:2000146	negative regulation of cell motility	0.00581391710317982	21	1.11931286177613	0.332011290617214	0.739034582646779	32963	3	6	0.586199294532628	0.994594652664853	0.99986663242837
GO:0141188	nucleic acid catabolic process	0.00878032905894649	31	1.09408719771546	0.332030029884785	0.739034582646779	31898	15	17	1.03446934329287	0.533429603248093	0.99986663242837
GO:0007610	behavior	0.0162871036178961	56	1.06547975519951	0.33444207187142	0.742805889242317	94335	28	33	0.994762439206884	0.644678228034631	0.99986663242837
GO:0021538	epithalamus development	0.014506630619129	50	1.06808172951849	0.338841090549243	0.750964729589864	74583	8	9	1.04213207916912	0.609607969063525	0.99986663242837
GO:0018193	peptidyl-amino acid modification	0.00852374068302574	30	1.09066671763166	0.341457399662019	0.754706711734398	57954	7	8	1.0258487654321	0.666523229866509	0.99986663242837
GO:0098876	vesicle-mediated transport to the plasma membrane	0.00262220803684859	10	1.181772529367	0.341987872273848	0.754706711734398	89652	5	5	1.17239858906526	0.451171481647171	0.99986663242837
GO:0007189	adenylate cyclase-activating G protein-coupled receptor signaling pathway	0.00321674207861618	12	1.15602184390219	0.347092904146958	0.758444608398078	52899	7	7	1.17239858906526	0.328005122584149	0.99986663242837
GO:0030335	positive regulation of cell migration	0.00557297435993717	20	1.11210037013986	0.347412632221028	0.758444608398078	56404	11	12	1.07469870664315	0.454593317706679	0.99986663242837
GO:2000147	positive regulation of cell motility	0.00557297435993717	20	1.11210037013986	0.347412632221028	0.758444608398078	56404	11	12	1.07469870664315	0.454593317706679	0.99986663242837
GO:0001558	regulation of cell growth	0.00292886243733924	11	1.16384392902831	0.348582836563722	0.758444608398078	94386	8	8	1.17239858906526	0.279645392972384	0.99986663242837
GO:0042594	response to starvation	0.00351400909949997	13	1.14641406366198	0.348855441013738	0.758444608398078	71095	6	7	1.00491307634165	0.72488842077726	0.99986663242837
GO:0007283	spermatogenesis	0.0043995519090801	16	1.12697056001086	0.350113864500209	0.758444608398078	52009	9	10	1.05515873015873	0.554977372739001	0.99986663242837
GO:0048232	male gamete generation	0.0043995519090801	16	1.12697056001086	0.350113864500209	0.758444608398078	52009	9	10	1.05515873015873	0.554977372739001	0.99986663242837
GO:0006260	DNA replication	0.00499095682431206	18	1.11760857886971	0.350358610154996	0.758444608398078	51556	7	7	1.17239858906526	0.328005122584149	0.99986663242837
GO:0009896	positive regulation of catabolic process	0.0091652116228276	32	1.08195329967584	0.351348811522533	0.758444608398078	30336	14	18	0.911865569272977	0.887766943958272	0.99986663242837
GO:0055074	calcium ion homeostasis	0.00618315403438284	22	1.10258898539524	0.352059141404089	0.758444608398078	86328	15	15	1.17239858906526	0.0913907814068644	0.99986663242837
GO:0048284	organelle fusion	0.00235936140785661	9	1.18208599688142	0.353632876786263	0.758444608398078	38591	7	10	0.820679012345679	0.953451315412718	0.99986663242837
GO:0007369	gastrulation	0.016402881299714	56	1.05795919988811	0.353712338829988	0.758444608398078	95766	25	29	1.01068843884936	0.573343555167073	0.99986663242837
GO:0009142	nucleoside triphosphate biosynthetic process	0.00149885161056143	6	1.24049108093054	0.355406410698616	0.758444608398078	11686	3	5	0.703439153439153	0.974929964739584	0.99986663242837
GO:0009145	purine nucleoside triphosphate biosynthetic process	0.00149885161056143	6	1.24049108093054	0.355406410698616	0.758444608398078	11686	3	5	0.703439153439153	0.974929964739584	0.99986663242837
GO:0009201	ribonucleoside triphosphate biosynthetic process	0.00149885161056143	6	1.24049108093054	0.355406410698616	0.758444608398078	11686	3	5	0.703439153439153	0.974929964739584	0.99986663242837
GO:0009206	purine ribonucleoside triphosphate biosynthetic process	0.00149885161056143	6	1.24049108093054	0.355406410698616	0.758444608398078	11686	3	5	0.703439153439153	0.974929964739584	0.99986663242837
GO:0040011	locomotion	0.0227894285589121	77	1.04702806851483	0.357404050907375	0.759553600145467	47247	36	42	1.00491307634165	0.576013110596562	0.99986663242837
GO:0098771	inorganic ion homeostasis	0.00799491829850616	28	1.08528808724334	0.357647926646964	0.759553600145467	79951	21	21	1.17239858906526	0.0349520456128827	0.99986663242837
GO:0010629	negative regulation of gene expression	0.0191565126510586	65	1.05147255267266	0.358491872965667	0.759553600145467	46284	35	41	1.00082806383619	0.601766188100236	0.99986663242837
GO:0030856	regulation of epithelial cell differentiation	0.00354530036485615	13	1.13629566945491	0.360238136261793	0.759553600145467	118014	5	5	1.17239858906526	0.451171481647171	0.99986663242837
GO:1903313	positive regulation of mRNA metabolic process	0.00710937548892602	25	1.08970662369008	0.360514640776098	0.759553600145467	18346	9	12	0.879298941798942	0.913544938245851	0.99986663242837
GO:0035050	embryonic heart tube development	0.0182647115884072	62	1.0519132008873	0.36123583522298	0.759553600145467	49502	22	26	0.992029575362909	0.666937748386313	0.99986663242837
GO:0009953	dorsal/ventral pattern formation	0.017059997872194	58	1.05353763788249	0.362387766602371	0.759553600145467	61183	20	26	0.901845068511735	0.924545511560192	0.99986663242837
GO:0031017	exocrine pancreas development	0.00681836672111347	24	1.09076682471909	0.362530897074262	0.759553600145467	71852	7	8	1.0258487654321	0.666523229866509	0.99986663242837
GO:0035272	exocrine system development	0.00681836672111347	24	1.09076682471909	0.362530897074262	0.759553600145467	71852	7	8	1.0258487654321	0.666523229866509	0.99986663242837
GO:0141193	nuclear receptor-mediated signaling pathway	0.00652735795330092	23	1.09192155949279	0.36457596144201	0.761171338421944	51085	7	10	0.820679012345679	0.953451315412718	0.99986663242837
GO:0042461	photoreceptor cell development	0.0110301710380564	38	1.06758480638759	0.364773897446651	0.761171338421944	50553	9	10	1.05515873015873	0.554977372739001	0.99986663242837
GO:0070373	negative regulation of ERK1 and ERK2 cascade	0.00327619548279293	12	1.13504341502527	0.369733925332328	0.765718635995569	62489	6	6	1.17239858906526	0.384702736611736	0.99986663242837
GO:0032880	regulation of protein localization	0.00239691092628404	9	1.16356767839241	0.370449470077404	0.765718635995569	38616	5	6	0.976998824221047	0.783515206824346	0.99986663242837
GO:0017148	negative regulation of translation	0.00476253058721189	17	1.10614529916966	0.371516490640151	0.765718635995569	11478	6	7	1.00491307634165	0.72488842077726	0.99986663242837
GO:0000077	DNA damage checkpoint signaling	0.00387698777763175	14	1.11901172837237	0.373263016512454	0.765718635995569	29212	5	6	0.976998824221047	0.783515206824346	0.99986663242837
GO:0021854	hypothalamus development	0.0119814255048846	41	1.06041631141268	0.374122445154295	0.765718635995569	87656	10	12	0.976998824221047	0.746176249401998	0.99986663242837
GO:0043408	regulation of MAPK cascade	0.0144033694434536	49	1.05422427983636	0.374407373618956	0.765718635995569	42575	23	27	0.998709909203736	0.635729244909341	0.99986663242837
GO:0006413	translational initiation	0.00182428077026579	7	1.18906992405949	0.375529313594529	0.765718635995569	66831	6	7	1.00491307634165	0.72488842077726	0.99986663242837
GO:0016441	post-transcriptional gene silencing	0.00182740989680141	7	1.1870338454224	0.377151091547609	0.765718635995569	15457	8	9	1.04213207916912	0.609607969063525	0.99986663242837
GO:0048934	peripheral nervous system neuron differentiation	0.0027066944533103	10	1.14488483191855	0.377609989711191	0.765718635995569	29914	4	6	0.781599059376837	0.955265276814316	0.99986663242837
GO:0048935	peripheral nervous system neuron development	0.0027066944533103	10	1.14488483191855	0.377609989711191	0.765718635995569	29914	4	6	0.781599059376837	0.955265276814316	0.99986663242837
GO:0006914	autophagy	0.00807940471496786	28	1.07393921878649	0.378144063577187	0.765718635995569	68861	16	19	0.987283022370742	0.697897661418388	0.99986663242837
GO:0061919	process utilizing autophagic mechanism	0.00807940471496786	28	1.07393921878649	0.378144063577187	0.765718635995569	68861	16	19	0.987283022370742	0.697897661418388	0.99986663242837
GO:0031047	regulatory ncRNA-mediated gene silencing	0.00628015695698703	22	1.08555846295017	0.378750889287439	0.765718635995569	81316	12	12	1.17239858906526	0.147649606859113	0.99986663242837
GO:1901137	carbohydrate derivative biosynthetic process	0.0117091914962857	40	1.05860542983383	0.380179816382467	0.765718635995569	66959	21	24	1.0258487654321	0.520970571162117	0.99986663242837
GO:0042176	regulation of protein catabolic process	0.00183679727640826	7	1.1809672329245	0.382018060708189	0.765718635995569	79455	4	5	0.937918871252205	0.840765230154336	0.99986663242837
GO:0045732	positive regulation of protein catabolic process	0.00183679727640826	7	1.1809672329245	0.382018060708189	0.765718635995569	79455	4	5	0.937918871252205	0.840765230154336	0.99986663242837
GO:0021548	pons development	0.0062926734631295	22	1.08339922185032	0.382220287546733	0.765718635995569	32593	7	7	1.17239858906526	0.328005122584149	0.99986663242837
GO:0048857	neural nucleus development	0.0062926734631295	22	1.08339922185032	0.382220287546733	0.765718635995569	32593	7	7	1.17239858906526	0.328005122584149	0.99986663242837
GO:0006401	RNA catabolic process	0.0086989717690204	30	1.06869645281606	0.3822951764569	0.765718635995569	32914	14	16	1.0258487654321	0.574730746813812	0.99986663242837
GO:0060284	regulation of cell development	0.0156612783107723	53	1.04869620617994	0.382436490038732	0.765718635995569	56303	33	42	0.921170319979844	0.921957013432012	0.99986663242837
GO:0032259	methylation	0.00841109212774346	29	1.06843139913232	0.385532020282486	0.765718635995569	73143	8	10	0.937918871252205	0.828130354361621	0.99986663242837
GO:0050954	sensory perception of mechanical stimulus	0.00272546921252402	10	1.1369981396206	0.385577952309978	0.765718635995569	101180	6	6	1.17239858906526	0.384702736611736	0.99986663242837
GO:0050767	regulation of neurogenesis	0.0108330360663124	37	1.05840667375948	0.386699449126065	0.765718635995569	57568	22	28	0.921170319979844	0.89487839710969	0.99986663242837
GO:0098659	inorganic cation import across plasma membrane	0.00272859833905964	10	1.1356942426715	0.386907150001044	0.765718635995569	96245	9	10	1.05515873015873	0.554977372739001	0.99986663242837
GO:0098739	import across plasma membrane	0.00272859833905964	10	1.1356942426715	0.386907150001044	0.765718635995569	96245	9	10	1.05515873015873	0.554977372739001	0.99986663242837
GO:0099587	inorganic ion import across plasma membrane	0.00272859833905964	10	1.1356942426715	0.386907150001044	0.765718635995569	96245	9	10	1.05515873015873	0.554977372739001	0.99986663242837
GO:0051480	regulation of cytosolic calcium ion concentration	0.00126729624692563	5	1.22262392544388	0.388666370669337	0.765718635995569	21255	5	5	1.17239858906526	0.451171481647171	0.99986663242837
GO:0044089	positive regulation of cellular component biogenesis	0.00185244290908636	7	1.17099284751129	0.39013342764884	0.765718635995569	69958	6	7	1.00491307634165	0.72488842077726	0.99986663242837
GO:0060537	muscle tissue development	0.0331030296203118	110	1.02973619205076	0.390671156838316	0.765718635995569	87874	36	42	1.00491307634165	0.576013110596562	0.99986663242837
GO:0006869	lipid transport	0.00542590541276308	19	1.08513161548912	0.391814939209145	0.765718635995569	60244	13	14	1.08865583270345	0.367579189971358	0.99986663242837
GO:0010876	lipid localization	0.00542590541276308	19	1.08513161548912	0.391814939209145	0.765718635995569	60244	13	14	1.08865583270345	0.367579189971358	0.99986663242837
GO:0050770	regulation of axonogenesis	0.0030383818660859	11	1.12189280903244	0.392524500151816	0.765718635995569	76672	8	8	1.17239858906526	0.279645392972384	0.99986663242837
GO:0060536	cartilage morphogenesis	0.00244697695085394	9	1.13976066706981	0.392976212190281	0.765718635995569	60470	6	6	1.17239858906526	0.384702736611736	0.99986663242837
GO:0000956	nuclear-transcribed mRNA catabolic process	0.00573255981325373	20	1.08114124411522	0.39370811003522	0.765718635995569	30390	8	10	0.937918871252205	0.828130354361621	0.99986663242837
GO:0030522	intracellular receptor signaling pathway	0.00784472022479645	27	1.06656502790019	0.394620177065676	0.765718635995569	53497	11	14	0.921170319979844	0.861783486437156	0.99986663242837
GO:0051046	regulation of secretion	0.00483762962406674	17	1.08897357395616	0.395413059488894	0.765718635995569	99235	10	12	0.976998824221047	0.746176249401998	0.99986663242837
GO:0002088	lens development in camera-type eye	0.0129983916289607	44	1.04897247719836	0.395413300311058	0.765718635995569	41730	8	10	0.937918871252205	0.828130354361621	0.99986663242837
GO:0009260	ribonucleotide biosynthetic process	0.0048470170036736	17	1.08686452248949	0.398412383082023	0.765718635995569	69563	8	10	0.937918871252205	0.828130354361621	0.99986663242837
GO:0046390	ribose phosphate biosynthetic process	0.0048470170036736	17	1.08686452248949	0.398412383082023	0.765718635995569	69563	8	10	0.937918871252205	0.828130354361621	0.99986663242837
GO:0072176	nephric duct development	0.00245949345699641	9	1.13396035833154	0.398618547656495	0.765718635995569	42439	5	5	1.17239858906526	0.451171481647171	0.99986663242837
GO:0072178	nephric duct morphogenesis	0.00245949345699641	9	1.13396035833154	0.398618547656495	0.765718635995569	42439	5	5	1.17239858906526	0.451171481647171	0.99986663242837
GO:0071396	cellular response to lipid	0.00665565214126129	23	1.07087370620684	0.399321159346501	0.765718635995569	78644	6	8	0.879298941798942	0.899983993509515	0.99986663242837
GO:0021772	olfactory bulb development	0.00907446695329466	31	1.05862368165158	0.399505375302036	0.765718635995569	172826	6	6	1.17239858906526	0.384702736611736	0.99986663242837
GO:0021988	olfactory lobe development	0.00907446695329466	31	1.05862368165158	0.399505375302036	0.765718635995569	172826	6	6	1.17239858906526	0.384702736611736	0.99986663242837
GO:0048546	digestive tract morphogenesis	0.00365481979360281	13	1.10224571360651	0.400457569682948	0.766124925363865	28161	7	8	1.0258487654321	0.666523229866509	0.99986663242837
GO:0006402	mRNA catabolic process	0.00757561534273323	26	1.06354646302553	0.402987188720733	0.768982432744174	27087	12	14	1.00491307634165	0.660109768813033	0.99986663242837
GO:0043603	amide metabolic process	0.00456226648893228	16	1.08677682261678	0.403437160367234	0.768982432744174	104123	10	12	0.976998824221047	0.746176249401998	0.99986663242837
GO:0043410	positive regulation of MAPK cascade	0.00516931703684234	18	1.07904702378764	0.405250679971014	0.77101921648897	38176	13	16	0.95257385361552	0.800632434059743	0.99986663242837
GO:0008593	regulation of Notch signaling pathway	0.0072877357014563	25	1.06303711851604	0.406765777560445	0.772481797752405	86985	7	10	0.820679012345679	0.953451315412718	0.99986663242837
GO:0030162	regulation of proteolysis	0.00278179349016516	10	1.11397680496012	0.409536988711639	0.775613522747141	77346	7	8	1.0258487654321	0.666523229866509	0.99986663242837
GO:1903522	regulation of blood circulation	0.00912766210440018	31	1.05245412299952	0.411944482851017	0.775613522747141	29840	11	14	0.921170319979844	0.861783486437156	0.99986663242837
GO:0072073	kidney epithelium development	0.0271545600761004	90	1.02707172349457	0.413281877955929	0.775613522747141	108761	21	21	1.17239858906526	0.0349520456128827	0.99986663242837
GO:0000288	nuclear-transcribed mRNA catabolic process, deadenylation-dependent decay	0.00519747917566291	18	1.0732002909676	0.41400361761056	0.775613522747141	18998	6	8	0.879298941798942	0.899983993509515	0.99986663242837
GO:0060349	bone morphogenesis	0.00190563806019188	7	1.13830503403396	0.417717523749036	0.775613522747141	36583	5	5	1.17239858906526	0.451171481647171	0.99986663242837
GO:0002573	myeloid leukocyte differentiation	0.00642096765108987	22	1.06175235630653	0.418011684326348	0.775613522747141	37171	8	10	0.937918871252205	0.828130354361621	0.99986663242837
GO:0006575	modified amino acid metabolic process	0.00430567811301153	15	1.07956981788831	0.418350465570828	0.775613522747141	67507	3	5	0.703439153439153	0.974929964739584	0.99986663242837
GO:0006302	double-strand break repair	0.00400528196559212	14	1.08316838394794	0.418698787017744	0.775613522747141	66309	7	7	1.17239858906526	0.328005122584149	0.99986663242837
GO:0034976	response to endoplasmic reticulum stress	0.00370801494470833	13	1.08643290590077	0.420111930097146	0.775613522747141	45024	7	9	0.911865569272977	0.86572664267695	0.99986663242837
GO:0043487	regulation of RNA stability	0.00704053470514241	24	1.05634707158351	0.421557206227116	0.775613522747141	18268	10	12	0.976998824221047	0.746176249401998	0.99986663242837
GO:0043488	regulation of mRNA stability	0.00704053470514241	24	1.05634707158351	0.421557206227116	0.775613522747141	18268	10	12	0.976998824221047	0.746176249401998	0.99986663242837
GO:0061013	regulation of mRNA catabolic process	0.00704053470514241	24	1.05634707158351	0.421557206227116	0.775613522747141	18268	10	12	0.976998824221047	0.746176249401998	0.99986663242837
GO:0061371	determination of heart left/right asymmetry	0.0125258935220822	42	1.03906235182615	0.422417482772701	0.775613522747141	45045	20	26	0.901845068511735	0.924545511560192	0.99986663242837
GO:0007179	transforming growth factor beta receptor signaling pathway	0.00251268860810193	9	1.10995372558978	0.42260556320876	0.775613522747141	69566	6	8	0.879298941798942	0.899983993509515	0.99986663242837
GO:0003407	neural retina development	0.0155830501473819	52	1.0340746935682	0.422811270444368	0.775613522747141	54648	21	23	1.07045088566828	0.320730127670652	0.99986663242837
GO:0001894	tissue homeostasis	0.00553229571497412	19	1.06426369980664	0.423934109552741	0.775613522747141	79749	7	11	0.746071829405163	0.985573977758394	0.99986663242837
GO:0060249	anatomical structure homeostasis	0.00553229571497412	19	1.06426369980664	0.423934109552741	0.775613522747141	79749	7	11	0.746071829405163	0.985573977758394	0.99986663242837
GO:0006261	DNA-templated DNA replication	0.00311661002947637	11	1.09373284896636	0.42413982903169	0.775613522747141	45044	5	5	1.17239858906526	0.451171481647171	0.99986663242837
GO:0006631	fatty acid metabolic process	0.0034201353034314	12	1.08727397578358	0.425130879537764	0.775613522747141	87616	8	10	0.937918871252205	0.828130354361621	0.99986663242837
GO:0010638	positive regulation of organelle organization	0.00312286828254761	11	1.09154099956964	0.426669872689979	0.775613522747141	57383	7	10	0.820679012345679	0.953451315412718	0.99986663242837
GO:0001523	retinoid metabolic process	0.00222793809336062	8	1.1127251456287	0.429538122248818	0.775613522747141	28371	4	6	0.781599059376837	0.955265276814316	0.99986663242837
GO:0006720	isoprenoid metabolic process	0.00222793809336062	8	1.1127251456287	0.429538122248818	0.775613522747141	28371	4	6	0.781599059376837	0.955265276814316	0.99986663242837
GO:0006721	terpenoid metabolic process	0.00222793809336062	8	1.1127251456287	0.429538122248818	0.775613522747141	28371	4	6	0.781599059376837	0.955265276814316	0.99986663242837
GO:0016101	diterpenoid metabolic process	0.00222793809336062	8	1.1127251456287	0.429538122248818	0.775613522747141	28371	4	6	0.781599059376837	0.955265276814316	0.99986663242837
GO:0042573	retinoic acid metabolic process	0.00222793809336062	8	1.1127251456287	0.429538122248818	0.775613522747141	28371	4	6	0.781599059376837	0.955265276814316	0.99986663242837
GO:0050772	positive regulation of axonogenesis	0.00223419634643186	8	1.10960826847008	0.432542314328161	0.775613522747141	74368	5	5	1.17239858906526	0.451171481647171	0.99986663242837
GO:0042692	muscle cell differentiation	0.0319077032837054	105	1.01975252386979	0.432950263148559	0.775613522747141	65715	37	47	0.922952080753499	0.926226361422491	0.99986663242837
GO:0016485	protein processing	0.00163653317812866	6	1.13612854257309	0.433275900651173	0.775613522747141	89809	5	6	0.976998824221047	0.783515206824346	0.99986663242837
GO:0050779	RNA destabilization	0.00647729192873101	22	1.05251972712125	0.433808227843921	0.775613522747141	17926	8	10	0.937918871252205	0.828130354361621	0.99986663242837
GO:0061014	positive regulation of mRNA catabolic process	0.00647729192873101	22	1.05251972712125	0.433808227843921	0.775613522747141	17926	8	10	0.937918871252205	0.828130354361621	0.99986663242837
GO:0061157	mRNA destabilization	0.00647729192873101	22	1.05251972712125	0.433808227843921	0.775613522747141	17926	8	10	0.937918871252205	0.828130354361621	0.99986663242837
GO:0008045	motor neuron axon guidance	0.00404908973709079	14	1.07144940606906	0.434271088206931	0.775613522747141	63905	7	7	1.17239858906526	0.328005122584149	0.99986663242837
GO:0002089	lens morphogenesis in camera-type eye	0.00983797382798566	33	1.03946366180391	0.435302585974837	0.775613522747141	43008	4	5	0.937918871252205	0.840765230154336	0.99986663242837
GO:0034204	lipid translocation	0.00224045459950309	8	1.10650880403301	0.435544756811372	0.775613522747141	37975	4	5	0.937918871252205	0.840765230154336	0.99986663242837
GO:0045332	phospholipid translocation	0.00224045459950309	8	1.10650880403301	0.435544756811372	0.775613522747141	37975	4	5	0.937918871252205	0.840765230154336	0.99986663242837
GO:0097035	regulation of membrane lipid distribution	0.00224045459950309	8	1.10650880403301	0.435544756811372	0.775613522747141	37975	4	5	0.937918871252205	0.840765230154336	0.99986663242837
GO:0009314	response to radiation	0.0067902045822929	23	1.04965362815758	0.436142096849117	0.775613522747141	54245	12	15	0.937918871252205	0.83219959137547	0.99986663242837
GO:0007601	visual perception	0.00954383593363748	32	1.03902990647559	0.43792365811601	0.776114702311765	102018	9	11	0.959235209235209	0.788018421612962	0.99986663242837
GO:0050953	sensory perception of light stimulus	0.00954383593363748	32	1.03902990647559	0.43792365811601	0.776114702311765	102018	9	11	0.959235209235209	0.788018421612962	0.99986663242837
GO:0051091	positive regulation of DNA-binding transcription factor activity	0.00588901614003467	20	1.05241804421843	0.439744671986576	0.776558777950631	61616	7	8	1.0258487654321	0.666523229866509	0.99986663242837
GO:0072521	purine-containing compound metabolic process	0.0123068546645889	41	1.03237580889884	0.439986537184304	0.776558777950631	74472	26	29	1.05111597640333	0.364007082261794	0.99986663242837
GO:0000910	cytokinesis	0.00315728867443942	11	1.07964114724529	0.440575638214159	0.776558777950631	158955	4	5	0.937918871252205	0.840765230154336	0.99986663242837
GO:0045596	negative regulation of cell differentiation	0.00680897934150661	23	1.04675936263876	0.441292823164206	0.776558777950631	46578	12	15	0.937918871252205	0.83219959137547	0.99986663242837
GO:0007517	muscle organ development	0.0242882801694735	80	1.02069093492352	0.441925720012485	0.776558777950631	82701	24	29	0.970260901295384	0.753854283808657	0.99986663242837
GO:0007015	actin filament organization	0.00620505792013217	21	1.04875607522947	0.443021031256568	0.777164012458556	126982	12	17	0.827575474634298	0.971274238827528	0.99986663242837
GO:0007005	mitochondrion organization	0.00559800737222212	19	1.05177094536508	0.443833850464337	0.777272479239575	39711	13	16	0.95257385361552	0.800632434059743	0.99986663242837
GO:0051049	regulation of transport	0.0120377497825257	40	1.02971185818513	0.447663444168187	0.781926746702877	80520	22	30	0.859758965314521	0.975997986596919	0.99986663242837
GO:0061024	membrane organization	0.0129608421105333	43	1.02810215652367	0.448242205341082	0.781926746702877	67509	24	32	0.879298941798942	0.96399598671044	0.99986663242837
GO:0050808	synapse organization	0.00898059315722609	30	1.03518332363367	0.44937231535933	0.781926746702877	89810	25	27	1.0855542491345	0.218066359803542	0.99986663242837
GO:0030111	regulation of Wnt signaling pathway	0.0197260136805412	65	1.02111595296035	0.449513443756726	0.781926746702877	65314	29	35	0.971415973796926	0.752432232067745	0.99986663242837
GO:0006310	DNA recombination	0.00287879641276934	10	1.07644063001037	0.450780898699774	0.782815822406487	44131	6	7	1.00491307634165	0.72488842077726	0.99986663242837
GO:0016197	endosomal transport	0.0077696211879416	26	1.03698992629272	0.452871310824338	0.784327730871056	75350	13	14	1.08865583270345	0.367579189971358	0.99986663242837
GO:0006081	aldehyde metabolic process	0.00471246456264198	16	1.05213851751346	0.453167133392166	0.784327730871056	101859	6	6	1.17239858906526	0.384702736611736	0.99986663242837
GO:0034655	nucleobase-containing compound catabolic process	0.0142281383574589	47	1.02364840205957	0.455820186200724	0.785690041877096	44171	23	25	1.07860670194004	0.265513130835324	0.99986663242837
GO:0051607	defense response to virus	0.00441519754175819	15	1.05279097761468	0.455870757601759	0.785690041877096	99726	8	9	1.04213207916912	0.609607969063525	0.99986663242837
GO:0006753	nucleoside phosphate metabolic process	0.0157676686129834	52	1.02196705178996	0.456231608858101	0.785690041877096	68363	33	36	1.07469870664315	0.201960429552282	0.99986663242837
GO:1901701	cellular response to oxygen-containing compound	0.0262502425073065	86	1.01523402844702	0.458470619678802	0.786185403299413	96521	22	26	0.992029575362909	0.666937748386313	0.99986663242837
GO:0070121	Kupffer's vesicle development	0.00351713822603558	12	1.05728688214542	0.462489307747511	0.786185403299413	33470	7	8	1.0258487654321	0.666523229866509	0.99986663242837
GO:0003341	cilium movement	0.00168972832923418	6	1.10036153289949	0.463032162868796	0.786185403299413	71384	5	6	0.976998824221047	0.783515206824346	0.99986663242837
GO:0065009	regulation of molecular function	0.0182709698414785	60	1.01763183381697	0.46337634226044	0.786185403299413	69388	15	18	0.976998824221046	0.733098694738279	0.99986663242837
GO:0003012	muscle system process	0.00138933218181477	5	1.11523128334408	0.464801862889101	0.786185403299413	70470	4	6	0.781599059376837	0.955265276814316	0.99986663242837
GO:0006936	muscle contraction	0.00138933218181477	5	1.11523128334408	0.464801862889101	0.786185403299413	70470	4	6	0.781599059376837	0.955265276814316	0.99986663242837
GO:0045048	protein insertion into ER membrane	0.00138933218181477	5	1.11523128334408	0.464801862889101	0.786185403299413	33656	4	5	0.937918871252205	0.840765230154336	0.99986663242837
GO:0006906	vesicle fusion	0.00169911570884103	6	1.09428218741386	0.468243731686751	0.786185403299413	23823	4	7	0.669942050894432	0.988842749977326	0.99986663242837
GO:0061025	membrane fusion	0.00169911570884103	6	1.09428218741386	0.468243731686751	0.786185403299413	23823	4	7	0.669942050894432	0.988842749977326	0.99986663242837
GO:0090174	organelle membrane fusion	0.00169911570884103	6	1.09428218741386	0.468243731686751	0.786185403299413	23823	4	7	0.669942050894432	0.988842749977326	0.99986663242837
GO:1903530	regulation of secretion by cell	0.00445587618672124	15	1.04317982402691	0.469766558311913	0.786185403299413	79582	9	11	0.959235209235209	0.788018421612962	0.99986663242837
GO:0055086	nucleobase-containing small molecule metabolic process	0.0164623347038908	54	1.01649060062565	0.470392115996325	0.786185403299413	71520	35	38	1.079840805718	0.168070532243709	0.99986663242837
GO:0008202	steroid metabolic process	0.00783846197172521	26	1.02788262953486	0.470593675916278	0.786185403299413	93603	6	8	0.879298941798942	0.899983993509515	0.99986663242837
GO:0003015	heart process	0.016772118230917	55	1.01619208728591	0.47064919819512	0.786185403299413	71947	17	20	0.996538800705467	0.66222411422794	0.99986663242837
GO:0060047	heart contraction	0.016772118230917	55	1.01619208728591	0.47064919819512	0.786185403299413	71947	17	20	0.996538800705467	0.66222411422794	0.99986663242837
GO:0140352	export from cell	0.00968777575427595	32	1.02359212362744	0.471266949226841	0.786185403299413	83645	17	20	0.996538800705467	0.66222411422794	0.99986663242837
GO:0061982	meiosis I cell cycle process	0.00231555363635795	8	1.07062203201032	0.471379270876345	0.786185403299413	42599	4	5	0.937918871252205	0.840765230154336	0.99986663242837
GO:1903046	meiotic cell cycle process	0.00231555363635795	8	1.07062203201032	0.471379270876345	0.786185403299413	42599	4	5	0.937918871252205	0.840765230154336	0.99986663242837
GO:0009165	nucleotide biosynthetic process	0.00507544324077377	17	1.03794891820976	0.471626709089982	0.786185403299413	69563	8	11	0.852653519320186	0.935095508358046	0.99986663242837
GO:0015849	organic acid transport	0.00140184868795724	5	1.10527386117137	0.472470841403125	0.786185403299413	56387	5	6	0.976998824221047	0.783515206824346	0.99986663242837
GO:0046942	carboxylic acid transport	0.00140184868795724	5	1.10527386117137	0.472470841403125	0.786185403299413	56387	5	6	0.976998824221047	0.783515206824346	0.99986663242837
GO:1902414	protein localization to cell junction	0.00293199156387486	10	1.05691075732075	0.473256955356019	0.786229452316982	118546	5	5	1.17239858906526	0.451171481647171	0.99986663242837
GO:0009152	purine ribonucleotide biosynthetic process	0.00324177509090113	11	1.05150378143871	0.474555357902823	0.787123069598433	72434	6	8	0.879298941798942	0.899983993509515	0.99986663242837
GO:1902850	microtubule cytoskeleton organization involved in mitosis	0.00478443447296122	16	1.03631171182163	0.476929889529508	0.78828875899358	167979	6	7	1.00491307634165	0.72488842077726	0.99986663242837
GO:0050673	epithelial cell proliferation	0.00478756359949684	16	1.03563438390541	0.47796010590851	0.78828875899358	114130	5	7	0.83742756361804	0.930082171942059	0.99986663242837
GO:0032787	monocarboxylic acid metabolic process	0.0137274781117599	45	1.01583410263117	0.478061161231685	0.78828875899358	68217	22	27	0.955287739238357	0.804255163684992	0.99986663242837
GO:0006412	translation	0.0195945903660452	64	1.01214986098708	0.478304676954559	0.78828875899358	42799	34	36	1.10726533411719	0.0831056703938357	0.99986663242837
GO:0035270	endocrine system development	0.0288693214176195	94	1.00900266294491	0.479220776321782	0.788542930831549	54554	26	31	0.983302042441827	0.700224933156408	0.99986663242837
GO:0015914	phospholipid transport	0.00295702457615981	10	1.04796336466618	0.483773315944173	0.794467275558284	57678	6	7	1.00491307634165	0.72488842077726	0.99986663242837
GO:0034620	cellular response to unfolded protein	0.00203706137468787	7	1.06486599958016	0.485123978891628	0.794467275558284	44937	3	5	0.703439153439153	0.974929964739584	0.99986663242837
GO:0035967	cellular response to topologically incorrect protein	0.00203706137468787	7	1.06486599958016	0.485123978891628	0.794467275558284	44937	3	5	0.703439153439153	0.974929964739584	0.99986663242837
GO:0060627	regulation of vesicle-mediated transport	0.00604860159335123	20	1.02465119462964	0.486703148749766	0.794616006744021	69655	12	16	0.879298941798942	0.926901063322651	0.99986663242837
GO:0005996	monosaccharide metabolic process	0.0072877357014563	24	1.0205156337754	0.487818362810629	0.794616006744021	104016	6	8	0.879298941798942	0.899983993509515	0.99986663242837
GO:0019318	hexose metabolic process	0.0072877357014563	24	1.0205156337754	0.487818362810629	0.794616006744021	104016	6	8	0.879298941798942	0.899983993509515	0.99986663242837
GO:0048013	ephrin receptor signaling pathway	0.00204331962775911	7	1.06160454169476	0.488285778057196	0.794616006744021	107570	4	5	0.937918871252205	0.840765230154336	0.99986663242837
GO:0031344	regulation of cell projection organization	0.00915895336975637	30	1.0150243043487	0.492011836882042	0.797424701745746	65622	17	19	1.04898821126891	0.455170433112243	0.99986663242837
GO:0120035	regulation of plasma membrane bounded cell projection organization	0.00915895336975637	30	1.0150243043487	0.492011836882042	0.797424701745746	65622	17	19	1.04898821126891	0.455170433112243	0.99986663242837
GO:0048738	cardiac muscle tissue development	0.0175231085994655	57	1.00800976138829	0.493892562932745	0.797424701745746	102710	20	21	1.11657008482405	0.162617190865276	0.99986663242837
GO:0050931	pigment cell differentiation	0.00823899016828442	27	1.0155254557333	0.493980951767364	0.797424701745746	33538	12	16	0.879298941798942	0.926901063322651	0.99986663242837
GO:0006820	monoatomic anion transport	0.00174605260687532	6	1.06486599958016	0.494078819859454	0.797424701745746	50414	5	7	0.83742756361804	0.930082171942059	0.99986663242837
GO:0021675	nerve development	0.00949376990906758	31	1.01186838391219	0.497989047058344	0.797424701745746	68889	16	17	1.10343396617906	0.262208143239315	0.99986663242837
GO:0002831	regulation of response to biotic stimulus	0.00515992965723548	17	1.02095399959747	0.498523852028344	0.797424701745746	33991	8	10	0.937918871252205	0.828130354361621	0.99986663242837
GO:0008285	negative regulation of cell population proliferation	0.00515992965723548	17	1.02095399959747	0.498523852028344	0.797424701745746	76180	5	6	0.976998824221047	0.783515206824346	0.99986663242837
GO:0072527	pyrimidine-containing compound metabolic process	0.00175543998648217	6	1.05917152899417	0.49919623939258	0.797424701745746	98439	4	5	0.937918871252205	0.840765230154336	0.99986663242837
GO:0006403	RNA localization	0.00299457409458724	10	1.03482275821269	0.499455756998106	0.797424701745746	39236	7	7	1.17239858906526	0.328005122584149	0.99986663242837
GO:0007018	microtubule-based movement	0.00454349172971857	15	1.02306340868755	0.499513513258971	0.797424701745746	67481	10	11	1.06581689915023	0.503190472989233	0.99986663242837
GO:0001754	eye photoreceptor cell differentiation	0.0107422913967795	35	1.00965302319645	0.500117356705055	0.797424701745746	55936	9	10	1.05515873015873	0.554977372739001	0.99986663242837
GO:0008361	regulation of cell size	0.00268791969409659	9	1.03759352927659	0.500798121869309	0.797424701745746	78309	6	6	1.17239858906526	0.384702736611736	0.99986663242837
GO:0061387	regulation of extent of cell growth	0.00268791969409659	9	1.03759352927659	0.500798121869309	0.797424701745746	78309	6	6	1.17239858906526	0.384702736611736	0.99986663242837
GO:0141091	transforming growth factor beta receptor superfamily signaling pathway	0.0169504784434473	55	1.00549927780183	0.502058684533817	0.79820389937404	65323	21	26	0.946937321937322	0.827844181177333	0.99986663242837
GO:0015711	organic anion transport	0.00612057150367047	20	1.01260263763757	0.507710167814976	0.802847670811568	104761	9	12	0.879298941798942	0.913544938245851	0.99986663242837
GO:0040013	negative regulation of locomotion	0.00736596386484677	24	1.0096775323122	0.508632537768763	0.802847670811568	39047	4	7	0.669942050894432	0.988842749977326	0.99986663242837
GO:0001816	cytokine production	0.00332939063389845	11	1.02383262929558	0.509364800423052	0.802847670811568	23007	6	8	0.879298941798942	0.899983993509515	0.99986663242837
GO:0001817	regulation of cytokine production	0.00332939063389845	11	1.02383262929558	0.509364800423052	0.802847670811568	23007	6	8	0.879298941798942	0.899983993509515	0.99986663242837
GO:0035265	organ growth	0.00332939063389845	11	1.02383262929558	0.509364800423052	0.802847670811568	84464	7	7	1.17239858906526	0.328005122584149	0.99986663242837
GO:0051050	positive regulation of transport	0.00146443121866962	5	1.05803993548028	0.510236172035527	0.802847670811568	65847	5	8	0.732749118165785	0.980245802662966	0.99986663242837
GO:0055001	muscle cell development	0.0207304632984749	67	1.00153661032211	0.511698654019329	0.802847670811568	53444	25	33	0.88818074929186	0.956675449828748	0.99986663242837
GO:0007188	adenylate cyclase-modulating G protein-coupled receptor signaling pathway	0.00551665008229603	18	1.01110929285149	0.512955733919641	0.802847670811568	51891	10	10	1.17239858906526	0.203224815207879	0.99986663242837
GO:0005975	carbohydrate metabolic process	0.012979616869747	42	1.00274025900677	0.513817702475688	0.802847670811568	84115	14	17	0.965504720406681	0.767469416787167	0.99986663242837
GO:0009267	cellular response to starvation	0.00147068947174086	5	1.05353763788249	0.513953339614272	0.802847670811568	16507	4	5	0.937918871252205	0.840765230154336	0.99986663242837
GO:0008037	cell recognition	0.00334190714004093	11	1.01999805015964	0.514287928259004	0.802847670811568	144959	5	6	0.976998824221047	0.783515206824346	0.99986663242837
GO:0008038	neuron recognition	0.00334190714004093	11	1.01999805015964	0.514287928259004	0.802847670811568	144959	5	6	0.976998824221047	0.783515206824346	0.99986663242837
GO:0051205	protein insertion into membrane	0.00209964390540025	7	1.03312632746152	0.516464233475299	0.8050071622217	41961	5	6	0.976998824221047	0.783515206824346	0.99986663242837
GO:0007219	Notch signaling pathway	0.00926847279850303	30	1.00303043174498	0.517998476419165	0.8050071622217	76824	11	16	0.806024029982363	0.978863093831906	0.99986663242837
GO:0050920	regulation of chemotaxis	0.00366420717320967	12	1.01485094409176	0.518355053566019	0.8050071622217	56009	5	5	1.17239858906526	0.451171481647171	0.99986663242837
GO:1902532	negative regulation of intracellular signal transduction	0.00990994373830489	32	1.00064452628688	0.522404937283635	0.8050071622217	64516	19	22	1.01252605419272	0.590756183903415	0.99986663242837
GO:0050657	nucleic acid transport	0.00273798571866649	9	1.01862039045553	0.522634986621442	0.8050071622217	25971	6	6	1.17239858906526	0.384702736611736	0.99986663242837
GO:0050658	RNA transport	0.00273798571866649	9	1.01862039045553	0.522634986621442	0.8050071622217	25971	6	6	1.17239858906526	0.384702736611736	0.99986663242837
GO:0051028	mRNA transport	0.00273798571866649	9	1.01862039045553	0.522634986621442	0.8050071622217	25971	6	6	1.17239858906526	0.384702736611736	0.99986663242837
GO:0051236	establishment of RNA localization	0.00273798571866649	9	1.01862039045553	0.522634986621442	0.8050071622217	25971	6	6	1.17239858906526	0.384702736611736	0.99986663242837
GO:0062012	regulation of small molecule metabolic process	0.00866768050366421	28	1.00105092523708	0.523242950263616	0.8050071622217	86489	7	9	0.911865569272977	0.86572664267695	0.99986663242837
GO:0009117	nucleotide metabolic process	0.0130296828943169	42	0.998887270499541	0.523816439375105	0.8050071622217	60910	24	27	1.04213207916912	0.423107509390798	0.99986663242837
GO:0032940	secretion by cell	0.00960641846434986	31	1.00000282631583	0.524226886316353	0.8050071622217	86250	16	19	0.987283022370742	0.697897661418388	0.99986663242837
GO:0021514	ventral spinal cord interneuron differentiation	0.00369236931203024	12	1.00711055553513	0.528874512445157	0.810940919082574	64018	7	10	0.820679012345679	0.953451315412718	0.99986663242837
GO:0097193	intrinsic apoptotic signaling pathway	0.00181489339065893	6	1.02447453063056	0.531158677726617	0.812324860456415	55574	5	8	0.732749118165785	0.980245802662966	0.99986663242837
GO:0016053	organic acid biosynthetic process	0.00620505792013217	20	0.998815309742354	0.532131647719275	0.812324860456415	71433	10	16	0.732749118165785	0.995148212044358	0.99986663242837
GO:0046394	carboxylic acid biosynthetic process	0.00620505792013217	20	0.998815309742354	0.532131647719275	0.812324860456415	71433	10	16	0.732749118165785	0.995148212044358	0.99986663242837
GO:0051248	negative regulation of protein metabolic process	0.00684339973339842	22	0.996212087398719	0.53574642837537	0.816638517479393	17787	10	12	0.976998824221047	0.746176249401998	0.99986663242837
GO:0009611	response to wounding	0.0055948782456865	18	0.996971858667327	0.536737782895436	0.816946478377613	82336	10	13	0.901845068511735	0.88901186258608	0.99986663242837
GO:0015931	nucleobase-containing compound transport	0.00747861242012905	24	0.994469000444731	0.538294675075819	0.818113052428006	83750	9	10	1.05515873015873	0.554977372739001	0.99986663242837
GO:0001947	heart looping	0.0115496060429692	37	0.992740152954569	0.539980516808126	0.819471898675089	42278	16	20	0.937918871252205	0.840591850180183	0.99986663242837
GO:0072655	establishment of protein localization to mitochondrion	0.00341387705036016	11	0.998494883199357	0.54229647412099	0.821001821785784	74842	6	7	1.00491307634165	0.72488842077726	0.99986663242837
GO:0009416	response to light stimulus	0.00561678213143583	18	0.993083946126563	0.543337560856305	0.821001821785784	47702	10	13	0.901845068511735	0.88901186258608	0.99986663242837
GO:0060029	convergent extension involved in organogenesis	0.00404908973709079	13	0.994917305635555	0.544414310639527	0.821001821785784	101942	5	5	1.17239858906526	0.451171481647171	0.99986663242837
GO:0007269	neurotransmitter secretion	0.00216848468918386	7	1.00032866627227	0.550107627557333	0.821001821785784	122668	4	6	0.781599059376837	0.955265276814316	0.99986663242837
GO:0099643	signal release from synapse	0.00216848468918386	7	1.00032866627227	0.550107627557333	0.821001821785784	122668	4	6	0.781599059376837	0.955265276814316	0.99986663242837
GO:0039020	pronephric nephron tubule development	0.00972219614616776	31	0.988094199159829	0.550874171116473	0.821001821785784	77537	8	8	1.17239858906526	0.279645392972384	0.99986663242837
GO:0006887	exocytosis	0.00627389870391579	20	0.987855740258897	0.551784527441105	0.821001821785784	75076	10	13	0.901845068511735	0.88901186258608	0.99986663242837
GO:1901700	response to oxygen-containing compound	0.0325397868439004	104	0.990420612360733	0.553392149981295	0.821001821785784	90494	29	35	0.971415973796926	0.752432232067745	0.99986663242837
GO:0030100	regulation of endocytosis	0.00281308475552134	9	0.991426965126352	0.554754279149298	0.821001821785784	79839	4	6	0.781599059376837	0.955265276814316	0.99986663242837
GO:0099003	vesicle-mediated transport in synapse	0.00186183028869321	6	0.99864744162307	0.555775444623694	0.821001821785784	100402	6	8	0.879298941798942	0.899983993509515	0.99986663242837
GO:0099504	synaptic vesicle cycle	0.00186183028869321	6	0.99864744162307	0.555775444623694	0.821001821785784	100402	6	8	0.879298941798942	0.899983993509515	0.99986663242837
GO:0046903	secretion	0.00974410003191709	31	0.985873049707639	0.555870057455678	0.821001821785784	86250	16	20	0.937918871252205	0.840591850180183	0.99986663242837
GO:0006006	glucose metabolic process	0.00754745320391266	24	0.985398387671188	0.556183625372901	0.821001821785784	104016	6	7	1.00491307634165	0.72488842077726	0.99986663242837
GO:0007548	sex differentiation	0.00154578850859571	5	1.00235362308658	0.557578683677155	0.821001821785784	35539	4	5	0.937918871252205	0.840765230154336	0.99986663242837
GO:0017157	regulation of exocytosis	0.00314477216829694	10	0.985398387671188	0.560689131445544	0.821001821785784	65144	7	9	0.911865569272977	0.86572664267695	0.99986663242837
GO:0009259	ribonucleotide metabolic process	0.00976600391766642	31	0.983661863758279	0.560849702710714	0.821001821785784	68899	16	18	1.04213207916912	0.493495784950055	0.99986663242837
GO:0019693	ribose phosphate metabolic process	0.00976600391766642	31	0.983661863758279	0.560849702710714	0.821001821785784	68899	16	18	1.04213207916912	0.493495784950055	0.99986663242837
GO:0009581	detection of external stimulus	0.00155204676166695	5	0.998311874606395	0.561126220054639	0.821001821785784	145388	3	5	0.703439153439153	0.974929964739584	0.99986663242837
GO:0009582	detection of abiotic stimulus	0.00155204676166695	5	0.998311874606395	0.561126220054639	0.821001821785784	145388	3	5	0.703439153439153	0.974929964739584	0.99986663242837
GO:0001935	endothelial cell proliferation	0.00441832666829381	14	0.98190901661003	0.562910641210113	0.821001821785784	121922	3	5	0.703439153439153	0.974929964739584	0.99986663242837
GO:0006164	purine nucleotide biosynthetic process	0.0034702013280013	11	0.982288473913885	0.563807864752769	0.821001821785784	72434	6	9	0.781599059376837	0.968498695174645	0.99986663242837
GO:0015748	organophosphate ester transport	0.00726583181570696	23	0.980942451809626	0.564790473797495	0.821001821785784	98307	8	10	0.937918871252205	0.828130354361621	0.99986663242837
GO:0010975	regulation of neuron projection development	0.00884291158965886	28	0.981214105770249	0.56548490232197	0.821001821785784	64762	16	18	1.04213207916912	0.493495784950055	0.99986663242837
GO:0007163	establishment or maintenance of cell polarity	0.0015614341412738	5	0.992309999608762	0.566420478481389	0.821001821785784	67859	4	6	0.781599059376837	0.955265276814316	0.99986663242837
GO:0030010	establishment of cell polarity	0.0015614341412738	5	0.992309999608762	0.566420478481389	0.821001821785784	67859	4	6	0.781599059376837	0.955265276814316	0.99986663242837
GO:0006954	inflammatory response	0.00664313563511881	21	0.979596465935018	0.566912923194738	0.821001821785784	73706	9	11	0.959235209235209	0.788018421612962	0.99986663242837
GO:0003143	embryonic heart tube morphogenesis	0.0126228964446864	40	0.981978561833956	0.567394816773195	0.821001821785784	44990	17	21	0.949084572100445	0.81443485366123	0.99986663242837
GO:0030516	regulation of axon extension	0.00252520511424441	8	0.981735196638954	0.567813346710056	0.821001821785784	81339	5	5	1.17239858906526	0.451171481647171	0.99986663242837
GO:0006821	chloride transport	0.00156456326780942	5	0.990325379609545	0.568177934287423	0.821001821785784	38403	4	6	0.781599059376837	0.955265276814316	0.99986663242837
GO:0015698	inorganic anion transport	0.00156456326780942	5	0.990325379609545	0.568177934287423	0.821001821785784	38403	4	6	0.781599059376837	0.955265276814316	0.99986663242837
GO:1902533	positive regulation of intracellular signal transduction	0.00886168634887258	28	0.979135262325821	0.569942785979728	0.821001821785784	43936	20	27	0.868443399307597	0.964944852016381	0.99986663242837
GO:0044283	small molecule biosynthetic process	0.00823273191521319	26	0.97865677954573	0.570234352781962	0.821001821785784	62631	14	21	0.781599059376837	0.992856919405283	0.99986663242837
GO:0060485	mesenchyme development	0.0414202479519867	132	0.987557226776912	0.570654722986382	0.821001821785784	61425	39	47	0.972841382415851	0.753936899426759	0.99986663242837
GO:0046434	organophosphate catabolic process	0.0057106559275044	18	0.976759278519003	0.57127560382404	0.821001821785784	71444	10	10	1.17239858906526	0.203224815207879	0.99986663242837
GO:0048678	response to axon injury	0.00253459249385127	8	0.978099140355106	0.571955158858725	0.821001821785784	24685	5	7	0.83742756361804	0.930082171942059	0.99986663242837
GO:0032956	regulation of actin cytoskeleton organization	0.00602982683413752	19	0.976449518037434	0.572093389410369	0.821001821785784	59358	7	12	0.683899176954733	0.995902238604734	0.99986663242837
GO:0032970	regulation of actin filament-based process	0.00602982683413752	19	0.976449518037434	0.572093389410369	0.821001821785784	59358	7	12	0.683899176954733	0.995902238604734	0.99986663242837
GO:0051130	positive regulation of cellular component organization	0.00887420285501505	28	0.977754253493203	0.57290634748616	0.821001821785784	70885	18	22	0.959235209235209	0.786851196715808	0.99986663242837
GO:0031346	positive regulation of cell projection organization	0.0047656597137475	15	0.975369710711961	0.572933319746544	0.821001821785784	82418	8	8	1.17239858906526	0.279645392972384	0.99986663242837
GO:0007178	cell surface receptor protein serine/threonine kinase signaling pathway	0.0186183028869321	59	0.982003317596019	0.573694449023963	0.821001821785784	62248	25	30	0.976998824221046	0.727361074205747	0.99986663242837
GO:0001889	liver development	0.0132862712702376	42	0.979596465935018	0.574304656012471	0.821001821785784	34230	17	21	0.949084572100445	0.81443485366123	0.99986663242837
GO:0061008	hepaticobiliary system development	0.0132862712702376	42	0.979596465935018	0.574304656012471	0.821001821785784	34230	17	21	0.949084572100445	0.81443485366123	0.99986663242837
GO:0002040	sprouting angiogenesis	0.00888359023462191	28	0.97672105068923	0.575124525572428	0.821039839955122	69439	15	21	0.83742756361804	0.974485951136146	0.99986663242837
GO:0003007	heart morphogenesis	0.0277178028525117	88	0.983840973195303	0.576275832672778	0.821550257322762	87451	35	40	1.0258487654321	0.452272713810615	0.99986663242837
GO:0097190	apoptotic signaling pathway	0.00636777249998435	20	0.973292756373017	0.578145686451607	0.821976553717926	55482	12	17	0.827575474634298	0.971274238827528	0.99986663242837
GO:0007411	axon guidance	0.0177108561916027	56	0.97982723070909	0.57927974741514	0.821976553717926	91469	29	33	1.03028966917856	0.453555402840659	0.99986663242837
GO:0097485	neuron projection guidance	0.0177108561916027	56	0.97982723070909	0.57927974741514	0.821976553717926	91469	29	33	1.03028966917856	0.453555402840659	0.99986663242837
GO:0044057	regulation of system process	0.014572342276377	46	0.978204154220293	0.579751578950808	0.821976553717926	31381	16	19	0.987283022370742	0.697897661418388	0.99986663242837
GO:0007029	endoplasmic reticulum organization	0.00384256738573994	12	0.967744670628219	0.583599121469358	0.824538017896124	53920	7	9	0.911865569272977	0.86572664267695	0.99986663242837
GO:0016050	vesicle organization	0.00352339647910682	11	0.967458186119448	0.583744518221118	0.824538017896124	55763	6	10	0.703439153439153	0.991069764817535	0.99986663242837
GO:0060914	heart formation	0.00480008010563931	15	0.968375534168394	0.583948180790202	0.824538017896124	94663	5	5	1.17239858906526	0.451171481647171	0.99986663242837
GO:0021545	cranial nerve development	0.00925282716582493	29	0.971235576891335	0.587575763843595	0.824775899668405	72512	14	15	1.09423868312757	0.329193324863502	0.99986663242837
GO:0055002	striated muscle cell development	0.0193317437370532	61	0.977822080870544	0.587602046859023	0.824775899668405	55815	20	26	0.901845068511735	0.924545511560192	0.99986663242837
GO:0023061	signal release	0.00353904211178492	11	0.963181182644119	0.589532161142107	0.824775899668405	127797	7	9	0.911865569272977	0.86572664267695	0.99986663242837
GO:0060219	camera-type eye photoreceptor cell differentiation	0.00800117655157739	25	0.968249295668307	0.591024720102359	0.824775899668405	63346	7	7	1.17239858906526	0.328005122584149	0.99986663242837
GO:0051493	regulation of cytoskeleton organization	0.0070561803378205	22	0.966171102058092	0.592737814117267	0.824775899668405	57134	10	18	0.651332549480698	0.999583773669335	0.99986663242837
GO:0016071	mRNA metabolic process	0.0328620868770691	104	0.980706908011737	0.593639731856737	0.824775899668405	122140	39	44	1.03917147667148	0.354390151806196	0.99986663242837
GO:0006986	response to unfolded protein	0.00226235848525243	7	0.958821252733999	0.594266429244625	0.824775899668405	44937	3	6	0.586199294532628	0.994594652664853	0.99986663242837
GO:0035966	response to topologically incorrect protein	0.00226235848525243	7	0.958821252733999	0.594266429244625	0.824775899668405	44937	3	6	0.586199294532628	0.994594652664853	0.99986663242837
GO:0097305	response to alcohol	0.00515367140416424	16	0.962064728218137	0.594799823804004	0.824775899668405	31608	5	6	0.976998824221047	0.783515206824346	0.99986663242837
GO:0006766	vitamin metabolic process	0.00259091677149241	8	0.956836115564777	0.596416115281594	0.824775899668405	34962	4	6	0.781599059376837	0.955265276814316	0.99986663242837
GO:0035249	synaptic transmission, glutamatergic	0.00259091677149241	8	0.956836115564777	0.596416115281594	0.824775899668405	59863	6	8	0.879298941798942	0.899983993509515	0.99986663242837
GO:0014904	myotube cell development	0.00388011690416737	12	0.95837939962214	0.596854378953446	0.824775899668405	72535	5	8	0.732749118165785	0.980245802662966	0.99986663242837
GO:0048741	skeletal muscle fiber development	0.00388011690416737	12	0.95837939962214	0.596854378953446	0.824775899668405	72535	5	8	0.732749118165785	0.980245802662966	0.99986663242837
GO:0048762	mesenchymal cell differentiation	0.0369612426387298	117	0.980935230395502	0.596895137051729	0.824775899668405	65588	29	34	0.999987031849777	0.61658477391244	0.99986663242837
GO:0006511	ubiquitin-dependent protein catabolic process	0.0130922654250293	41	0.970443130114515	0.597663695411888	0.824775899668405	79825	22	25	1.03171075837743	0.487273290782746	0.99986663242837
GO:0019941	modification-dependent protein catabolic process	0.0130922654250293	41	0.970443130114515	0.597663695411888	0.824775899668405	79825	22	25	1.03171075837743	0.487273290782746	0.99986663242837
GO:0043632	modification-dependent macromolecule catabolic process	0.0130922654250293	41	0.970443130114515	0.597663695411888	0.824775899668405	79825	22	25	1.03171075837743	0.487273290782746	0.99986663242837
GO:0030155	regulation of cell adhesion	0.00866768050366421	27	0.965299106478617	0.598795388733593	0.825237320025657	82073	9	11	0.959235209235209	0.788018421612962	0.99986663242837
GO:0007600	sensory perception	0.0159522870785849	50	0.97128813221807	0.601340431930035	0.825284018386952	105911	18	21	1.00491307634165	0.626409822596577	0.99986663242837
GO:0055017	cardiac muscle tissue growth	0.00260343327763488	8	0.952235941932254	0.601757100807001	0.825284018386952	92310	5	5	1.17239858906526	0.451171481647171	0.99986663242837
GO:0060038	cardiac muscle cell proliferation	0.00260343327763488	8	0.952235941932254	0.601757100807001	0.825284018386952	92310	5	5	1.17239858906526	0.451171481647171	0.99986663242837
GO:0048878	chemical homeostasis	0.0175324959790724	55	0.972120219141977	0.602018776697728	0.825284018386952	88050	37	40	1.08446869488536	0.139043702353194	0.99986663242837
GO:0006281	DNA repair	0.0128294187960373	40	0.966171102058092	0.607916900321796	0.832267184964364	54150	21	24	1.0258487654321	0.520970571162117	0.99986663242837
GO:0048663	neuron fate commitment	0.00903378830833161	28	0.960481836822558	0.610042621737717	0.834074126153946	23042	17	20	0.996538800705467	0.66222411422794	0.99986663242837
GO:0048066	developmental pigmentation	0.0103104719348641	32	0.96177275106238	0.611310405376344	0.834645026965459	35909	15	21	0.83742756361804	0.974485951136146	0.99986663242837
GO:0042110	T cell activation	0.00392392467566603	12	0.947679789100042	0.61207301977467	0.834645026965459	26298	6	7	1.00491307634165	0.72488842077726	0.99986663242837
GO:0045321	leukocyte activation	0.00425561208844163	13	0.946634554038535	0.615138979839501	0.836621345773829	24283	7	8	1.0258487654321	0.666523229866509	0.99986663242837
GO:0046649	lymphocyte activation	0.00425561208844163	13	0.946634554038535	0.615138979839501	0.836621345773829	24283	7	8	1.0258487654321	0.666523229866509	0.99986663242837
GO:0051961	negative regulation of nervous system development	0.00263785366952669	8	0.939810561907041	0.6162579505484	0.83704327928818	62792	4	5	0.937918871252205	0.840765230154336	0.99986663242837
GO:0048483	autonomic nervous system development	0.0132236887395252	41	0.960798404259142	0.622634418229125	0.837187916146094	42527	13	13	1.17239858906526	0.125839634708787	0.99986663242837
GO:0010506	regulation of autophagy	0.00265349930220478	8	0.93426922604674	0.622756198713782	0.837187916146094	65050	6	9	0.781599059376837	0.968498695174645	0.99986663242837
GO:0045664	regulation of neuron differentiation	0.00781342895944026	24	0.951854589933082	0.62296499995947	0.837187916146094	52034	12	15	0.937918871252205	0.83219959137547	0.99986663242837
GO:0009141	nucleoside triphosphate metabolic process	0.00621444529973903	19	0.947441199022223	0.623661925472777	0.837187916146094	31833	9	11	0.959235209235209	0.788018421612962	0.99986663242837
GO:0009144	purine nucleoside triphosphate metabolic process	0.00621444529973903	19	0.947441199022223	0.623661925472777	0.837187916146094	31833	9	11	0.959235209235209	0.788018421612962	0.99986663242837
GO:0009205	purine ribonucleoside triphosphate metabolic process	0.00621444529973903	19	0.947441199022223	0.623661925472777	0.837187916146094	31833	9	11	0.959235209235209	0.788018421612962	0.99986663242837
GO:0051960	regulation of nervous system development	0.012913905212499	40	0.959850137736413	0.624068156561021	0.837187916146094	60159	25	31	0.945482733117142	0.840428328577996	0.99986663242837
GO:0030509	BMP signaling pathway	0.0151481015589308	47	0.961480951077228	0.62653424881226	0.837187916146094	70190	15	19	0.92557783347257	0.865102569687868	0.99986663242837
GO:0071772	response to BMP	0.0151481015589308	47	0.961480951077228	0.62653424881226	0.837187916146094	70190	15	19	0.92557783347257	0.865102569687868	0.99986663242837
GO:0071773	cellular response to BMP stimulus	0.0151481015589308	47	0.961480951077228	0.62653424881226	0.837187916146094	70190	15	19	0.92557783347257	0.865102569687868	0.99986663242837
GO:0002833	positive regulation of response to biotic stimulus	0.00200577010933168	6	0.926981634579917	0.627182881004303	0.837187916146094	45152	5	5	1.17239858906526	0.451171481647171	0.99986663242837
GO:0045089	positive regulation of innate immune response	0.00200577010933168	6	0.926981634579917	0.627182881004303	0.837187916146094	45152	5	5	1.17239858906526	0.451171481647171	0.99986663242837
GO:0008286	insulin receptor signaling pathway	0.0020088992358673	6	0.925537737952845	0.62865963208401	0.837187916146094	146702	4	5	0.937918871252205	0.840765230154336	0.99986663242837
GO:0032869	cellular response to insulin stimulus	0.0020088992358673	6	0.925537737952845	0.62865963208401	0.837187916146094	146702	4	5	0.937918871252205	0.840765230154336	0.99986663242837
GO:0009150	purine ribonucleotide metabolic process	0.00816076200489395	25	0.949314972785223	0.629539935222126	0.837187916146094	69921	14	16	1.0258487654321	0.574730746813812	0.99986663242837
GO:0051648	vesicle localization	0.00168034094962732	5	0.922090670027509	0.630463125909467	0.837187916146094	54041	5	7	0.83742756361804	0.930082171942059	0.99986663242837
GO:0043473	pigmentation	0.0123131129176602	38	0.956349794794477	0.630721898013824	0.837187916146094	35323	19	27	0.825021229342217	0.988225218948893	0.99986663242837
GO:0007416	synapse assembly	0.00462797814618027	14	0.93742767508679	0.630924226660825	0.837187916146094	76311	12	12	1.17239858906526	0.147649606859113	0.99986663242837
GO:0021536	diencephalon development	0.0404251857136599	127	0.973537605158388	0.63351629323465	0.83955104161058	72485	31	40	0.908608906525573	0.941278045566283	0.99986663242837
GO:0007626	locomotory behavior	0.00914643686361389	28	0.948652433426864	0.635434239008716	0.840723895826683	142062	15	18	0.976998824221046	0.733098694738279	0.99986663242837
GO:0061061	muscle structure development	0.0514397111190382	162	0.97592743778056	0.636025903799317	0.840723895826683	73369	52	64	0.95257385361552	0.864006481598955	0.99986663242837
GO:0031507	heterochromatin formation	0.00755996971005514	23	0.942776644495841	0.639250800517059	0.842512414207344	91261	6	6	1.17239858906526	0.384702736611736	0.99986663242837
GO:0045814	negative regulation of gene expression, epigenetic	0.00755996971005514	23	0.942776644495841	0.639250800517059	0.842512414207344	91261	6	6	1.17239858906526	0.384702736611736	0.99986663242837
GO:0051093	negative regulation of developmental process	0.0126792207223276	39	0.953175957669601	0.639821021803838	0.842512414207344	47446	22	28	0.921170319979844	0.89487839710969	0.99986663242837
GO:0060419	heart growth	0.00303212361301466	9	0.919806854126512	0.642737537438494	0.845277447584296	82299	6	6	1.17239858906526	0.384702736611736	0.99986663242837
GO:0022407	regulation of cell-cell adhesion	0.00854251544223945	26	0.943167028199566	0.643742160054287	0.845524283827649	81161	8	10	0.937918871252205	0.828130354361621	0.99986663242837
GO:0044093	positive regulation of molecular function	0.0127230284938262	39	0.949893994214762	0.648030859565946	0.850078503993351	87697	12	14	1.00491307634165	0.660109768813033	0.99986663242837
GO:0060070	canonical Wnt signaling pathway	0.0159209958132287	49	0.953733168256047	0.650048587081163	0.851325731847166	65718	24	31	0.907663423792456	0.926337271851029	0.99986663242837
GO:0001838	embryonic epithelial tube formation	0.0027223400859884	8	0.910644027227167	0.650626718735371	0.851325731847166	40448	4	5	0.937918871252205	0.840765230154336	0.99986663242837
GO:0008610	lipid biosynthetic process	0.00762255224076751	23	0.935036277956466	0.654297426533377	0.855047773310664	88756	15	23	0.764607775477341	0.996468616327567	0.99986663242837
GO:0030150	protein import into mitochondrial matrix	0.00240316917935527	7	0.902640319956616	0.656073165992389	0.856287171251101	63247	4	5	0.937918871252205	0.840765230154336	0.99986663242837
GO:0140694	membraneless organelle assembly	0.0140591655245355	43	0.947785250906085	0.658722117961765	0.858168957437221	52863	17	20	0.996538800705467	0.66222411422794	0.99986663242837
GO:0071599	otic vesicle development	0.0223450925908542	69	0.956903111511813	0.660592898703868	0.858168957437221	79909	16	16	1.17239858906526	0.0778757301473773	0.99986663242837
GO:1903305	regulation of regulated secretory pathway	0.0017429234803397	5	0.888981489775175	0.661749674005157	0.858168957437221	57348	4	5	0.937918871252205	0.840765230154336	0.99986663242837
GO:0031102	neuron projection regeneration	0.00208399827272215	6	0.892185026675265	0.663058038225743	0.858168957437221	30152	4	6	0.781599059376837	0.955265276814316	0.99986663242837
GO:0031103	axon regeneration	0.00208399827272215	6	0.892185026675265	0.663058038225743	0.858168957437221	30152	4	6	0.781599059376837	0.955265276814316	0.99986663242837
GO:0050906	detection of stimulus involved in sensory perception	0.00208399827272215	6	0.892185026675265	0.663058038225743	0.858168957437221	146445	4	5	0.937918871252205	0.840765230154336	0.99986663242837
GO:0016236	macroautophagy	0.00408038100244698	12	0.911342373873814	0.664038329493383	0.858168957437221	73263	6	7	1.00491307634165	0.72488842077726	0.99986663242837
GO:0046034	ATP metabolic process	0.00571691418057563	17	0.9214850275513	0.664148149668806	0.858168957437221	31626	7	8	1.0258487654321	0.666523229866509	0.99986663242837
GO:0006397	mRNA processing	0.0255618346694704	79	0.957714591616526	0.666607846889973	0.859357298734045	152331	28	31	1.0589406610912	0.310514462150257	0.99986663242837
GO:0048863	stem cell differentiation	0.0423151781411737	132	0.966671227600827	0.6667284163125	0.859357298734045	62677	36	44	0.959235209235209	0.811883540765128	0.99986663242837
GO:0070585	protein localization to mitochondrion	0.00311348090294075	9	0.895771700149337	0.672826224223363	0.866138236406941	63130	5	6	0.976998824221047	0.783515206824346	0.99986663242837
GO:0080134	regulation of response to stress	0.0160680647604028	49	0.945003770221376	0.674168005021849	0.866787435028092	68390	18	24	0.879298941798942	0.948608788315505	0.99986663242837
GO:0051146	striated muscle cell differentiation	0.0259623628660296	80	0.954875622137683	0.677307626818132	0.867628522195846	65019	26	34	0.89654009752049	0.948418018036469	0.99986663242837
GO:0016072	rRNA metabolic process	0.0051129927592012	15	0.909111425590157	0.677981943297668	0.867628522195846	62425	8	9	1.04213207916912	0.609607969063525	0.99986663242837
GO:1901292	nucleoside phosphate catabolic process	0.00544780929851241	16	0.910120969198892	0.679809212685315	0.867628522195846	67951	8	8	1.17239858906526	0.279645392972384	0.99986663242837
GO:0006163	purine nucleotide metabolic process	0.0109707176338797	33	0.932137408075156	0.680582932851734	0.867628522195846	63627	20	23	1.01947703396979	0.555531644149078	0.99986663242837
GO:1902105	regulation of leukocyte differentiation	0.00313538478869009	9	0.889513814020549	0.680662169287872	0.867628522195846	29973	6	8	0.879298941798942	0.899983993509515	0.99986663242837
GO:0170039	proteinogenic amino acid metabolic process	0.00413670528008812	12	0.898933778768119	0.681755025631271	0.867628522195846	65981	9	13	0.811660561660562	0.968744358480337	0.99986663242837
GO:0051321	meiotic cell cycle	0.0031385139152257	9	0.888626960766291	0.681772211641982	0.867628522195846	42534	5	6	0.976998824221047	0.783515206824346	0.99986663242837
GO:0032868	response to insulin	0.00212780604422082	6	0.873816511420186	0.682171835899425	0.867628522195846	146702	4	6	0.781599059376837	0.955265276814316	0.99986663242837
GO:0048732	gland development	0.0390108205195602	121	0.961172462763735	0.684093407417767	0.867628522195846	49717	38	48	0.928148883009994	0.91632025638522	0.99986663242837
GO:0032535	regulation of cellular component size	0.00381440524691938	11	0.893648824914273	0.684757832203301	0.867628522195846	75984	8	11	0.852653519320186	0.935095508358046	0.99986663242837
GO:0050804	modulation of chemical synaptic transmission	0.00546658405772613	16	0.906995195978976	0.684881645057011	0.867628522195846	85607	12	14	1.00491307634165	0.660109768813033	0.99986663242837
GO:0099177	regulation of trans-synaptic signaling	0.00546658405772613	16	0.906995195978976	0.684881645057011	0.867628522195846	85607	12	14	1.00491307634165	0.660109768813033	0.99986663242837
GO:0048634	regulation of muscle organ development	0.00381753437345499	11	0.892916325877458	0.685760511499884	0.867679864795085	50202	4	5	0.937918871252205	0.840765230154336	0.99986663242837
GO:0022411	cellular component disassembly	0.00415548003930183	12	0.89487233097248	0.687537267882923	0.868533771445851	91165	7	13	0.631291547958215	0.99891448544016	0.99986663242837
GO:0006090	pyruvate metabolic process	0.0067902045822929	20	0.912742285354419	0.688201645726053	0.868533771445851	66983	8	8	1.17239858906526	0.279645392972384	0.99986663242837
GO:0042060	wound healing	0.0028224721351282	8	0.878337365507357	0.688952875707288	0.868533771445851	34474	4	5	0.937918871252205	0.840765230154336	0.99986663242837
GO:0040029	epigenetic regulation of gene expression	0.0090807252063659	27	0.921391635060569	0.69068952751948	0.869240850708366	87276	9	10	1.05515873015873	0.554977372739001	0.99986663242837
GO:1902903	regulation of supramolecular fiber organization	0.00614873364249104	18	0.907168286665232	0.691508473183558	0.869240850708366	60714	6	13	0.541107041107041	0.99986663242837	0.99986663242837
GO:0014033	neural crest cell differentiation	0.0359223726289044	111	0.957544574361145	0.692162896512099	0.869240850708366	66117	26	31	0.983302042441827	0.700224933156408	0.99986663242837
GO:1903706	regulation of hemopoiesis	0.00350775084642873	10	0.883430311872921	0.693551059418103	0.869240850708366	38361	7	9	0.911865569272977	0.86572664267695	0.99986663242837
GO:0030318	melanocyte differentiation	0.00384256738573994	11	0.887099281409201	0.693712988101555	0.869240850708366	43951	6	7	1.00491307634165	0.72488842077726	0.99986663242837
GO:0044087	regulation of cellular component biogenesis	0.00484388787713798	14	0.895643108174007	0.695004969887729	0.869806703547521	63641	11	16	0.806024029982363	0.978863093831906	0.99986663242837
GO:0010002	cardioblast differentiation	0.00451845871743362	13	0.891567170008593	0.696763390225413	0.870954237781766	50273	4	5	0.937918871252205	0.840765230154336	0.99986663242837
GO:0010256	endomembrane system organization	0.00912766210440018	27	0.916653590999578	0.700370976270546	0.872245546099487	55207	16	20	0.937918871252205	0.840591850180183	0.99986663242837
GO:2001233	regulation of apoptotic signaling pathway	0.00352965473217806	10	0.877948031568745	0.700718897809249	0.872245546099487	69268	6	8	0.879298941798942	0.899983993509515	0.99986663242837
GO:0034599	cellular response to oxidative stress	0.00182740989680141	5	0.847881318158857	0.701167434159201	0.872245546099487	75725	5	5	1.17239858906526	0.451171481647171	0.99986663242837
GO:0062197	cellular response to chemical stress	0.00182740989680141	5	0.847881318158857	0.701167434159201	0.872245546099487	75725	5	5	1.17239858906526	0.451171481647171	0.99986663242837
GO:0042670	retinal cone cell differentiation	0.00717821627270964	21	0.906575107750673	0.70245791267861	0.872801848286148	65704	5	5	1.17239858906526	0.451171481647171	0.99986663242837
GO:0099173	postsynapse organization	0.00183992640294388	5	0.842113418035327	0.706726497251866	0.877052667452855	86734	5	6	0.976998824221047	0.783515206824346	0.99986663242837
GO:0021602	cranial nerve morphogenesis	0.0072220240442083	21	0.901075951984421	0.712396676829114	0.881224636824397	72166	8	8	1.17239858906526	0.279645392972384	0.99986663242837
GO:0016579	protein deubiquitination	0.00492211604052845	14	0.881408475176963	0.716509781348941	0.881224636824397	100540	4	5	0.937918871252205	0.840765230154336	0.99986663242837
GO:0070646	protein modification by small protein removal	0.00492211604052845	14	0.881408475176963	0.716509781348941	0.881224636824397	100540	4	5	0.937918871252205	0.840765230154336	0.99986663242837
GO:0001755	neural crest cell migration	0.0307499264655264	94	0.947294043790548	0.716920059666	0.881224636824397	70988	16	20	0.937918871252205	0.840591850180183	0.99986663242837
GO:0090497	mesenchymal cell migration	0.0307499264655264	94	0.947294043790548	0.716920059666	0.881224636824397	70988	16	20	0.937918871252205	0.840591850180183	0.99986663242837
GO:0007268	chemical synaptic transmission	0.0108518108255262	32	0.913795044622417	0.71901350801104	0.881224636824397	101905	23	29	0.92983336374141	0.878000637938994	0.99986663242837
GO:0098916	anterograde trans-synaptic signaling	0.0108518108255262	32	0.913795044622417	0.71901350801104	0.881224636824397	101905	23	29	0.92983336374141	0.878000637938994	0.99986663242837
GO:0099536	synaptic signaling	0.0108518108255262	32	0.913795044622417	0.71901350801104	0.881224636824397	101905	23	29	0.92983336374141	0.878000637938994	0.99986663242837
GO:0099537	trans-synaptic signaling	0.0108518108255262	32	0.913795044622417	0.71901350801104	0.881224636824397	101905	23	29	0.92983336374141	0.878000637938994	0.99986663242837
GO:0009617	response to bacterium	0.00221855071375376	6	0.838075074422746	0.719460313706448	0.881224636824397	20238	6	7	1.00491307634165	0.72488842077726	0.99986663242837
GO:0007254	JNK cascade	0.00758500272234009	22	0.898810163011963	0.71991133380421	0.881224636824397	47113	5	7	0.83742756361804	0.930082171942059	0.99986663242837
GO:0060581	cell fate commitment involved in pattern specification	0.00187121766830007	5	0.828031253854134	0.720305355317333	0.881224636824397	19180	4	6	0.781599059376837	0.955265276814316	0.99986663242837
GO:1901605	alpha-amino acid metabolic process	0.00428064510072658	12	0.868706473341706	0.724455736378314	0.884249557465736	65981	9	14	0.753684807256236	0.989735158419845	0.99986663242837
GO:0050935	iridophore differentiation	0.00360475376903291	10	0.85965744757773	0.724486593942941	0.884249557465736	49762	6	6	1.17239858906526	0.384702736611736	0.99986663242837
GO:0032102	negative regulation of response to external stimulus	0.00395834506755784	11	0.8611525040083	0.728865556768251	0.88845534000399	50898	5	8	0.732749118165785	0.980245802662966	0.99986663242837
GO:0042462	eye photoreceptor cell development	0.00730025220759877	21	0.891420187389646	0.729649313046755	0.88845534000399	44510	6	7	1.00491307634165	0.72488842077726	0.99986663242837
GO:0001649	osteoblast differentiation	0.00465301115846523	13	0.865785469732621	0.73423298618902	0.88991993914962	55336	5	6	0.976998824221047	0.783515206824346	0.99986663242837
GO:0032984	protein-containing complex disassembly	0.00190563806019188	5	0.813075024309971	0.734716136925324	0.88991993914962	38920	5	10	0.586199294532628	0.998789609229199	0.99986663242837
GO:0043244	regulation of protein-containing complex disassembly	0.00190563806019188	5	0.813075024309971	0.734716136925324	0.88991993914962	38920	5	10	0.586199294532628	0.998789609229199	0.99986663242837
GO:0014032	neural crest cell development	0.034439166651021	105	0.94479524676542	0.736198761845335	0.88991993914962	67147	22	27	0.955287739238357	0.804255163684992	0.99986663242837
GO:0048864	stem cell development	0.034439166651021	105	0.94479524676542	0.736198761845335	0.88991993914962	67147	22	27	0.955287739238357	0.804255163684992	0.99986663242837
GO:0048484	enteric nervous system development	0.0122630468930903	36	0.909714561519357	0.737746474891824	0.88991993914962	42722	10	10	1.17239858906526	0.203224815207879	0.99986663242837
GO:0019722	calcium-mediated signaling	0.00261594978377736	7	0.829219815462537	0.737898628987147	0.88991993914962	39489	7	9	0.911865569272977	0.86572664267695	0.99986663242837
GO:0061053	somite development	0.0151950384569651	45	0.917723271878697	0.738627455678576	0.88991993914962	49101	20	26	0.901845068511735	0.924545511560192	0.99986663242837
GO:0030178	negative regulation of Wnt signaling pathway	0.00668381428008186	19	0.880907406956056	0.739861738651752	0.88991993914962	67711	13	16	0.95257385361552	0.800632434059743	0.99986663242837
GO:0051656	establishment of organelle localization	0.00535080637590823	15	0.868706473341706	0.740680938052959	0.88991993914962	175854	8	11	0.852653519320186	0.935095508358046	0.99986663242837
GO:0097191	extrinsic apoptotic signaling pathway	0.00262846628991983	7	0.82527114967462	0.742255073708151	0.88991993914962	93844	4	5	0.937918871252205	0.840765230154336	0.99986663242837
GO:0051640	organelle localization	0.00636151424691312	18	0.876825225429011	0.74228282344689	0.88991993914962	158299	11	16	0.806024029982363	0.978863093831906	0.99986663242837
GO:0042445	hormone metabolic process	0.00366733629974529	10	0.844987525264116	0.743323256433688	0.88991993914962	38567	6	11	0.63949013949014	0.997664709288504	0.99986663242837
GO:0009166	nucleotide catabolic process	0.0053633228820507	15	0.866679153683965	0.74374951436176	0.88991993914962	67508	7	7	1.17239858906526	0.328005122584149	0.99986663242837
GO:1901136	carbohydrate derivative catabolic process	0.0053633228820507	15	0.866679153683965	0.74374951436176	0.88991993914962	67508	7	7	1.17239858906526	0.328005122584149	0.99986663242837
GO:0010817	regulation of hormone levels	0.00503789372234634	14	0.8611525040083	0.746557892854473	0.892248751852633	66625	9	14	0.753684807256236	0.989735158419845	0.99986663242837
GO:0071695	anatomical structure maturation	0.003686111058959	10	0.84068368387907	0.748800688386288	0.8924936553592	61483	7	8	1.0258487654321	0.666523229866509	0.99986663242837
GO:0170033	L-amino acid metabolic process	0.00403031497787708	11	0.845774780722437	0.749338467000346	0.8924936553592	67452	8	12	0.781599059376837	0.978196648582437	0.99986663242837
GO:0000226	microtubule cytoskeleton organization	0.0159209958132287	47	0.914805283837433	0.749805789962541	0.8924936553592	96718	21	27	0.911865569272977	0.910405742400526	0.99986663242837
GO:0007623	circadian rhythm	0.00229990800367985	6	0.808428881313914	0.750212058128023	0.8924936553592	81130	5	6	0.976998824221047	0.783515206824346	0.99986663242837
GO:0042074	cell migration involved in gastrulation	0.00673700943118738	19	0.873951798076235	0.751464645336228	0.892957414377722	146925	6	7	1.00491307634165	0.72488842077726	0.99986663242837
GO:0036269	swimming behavior	0.00808253384150348	23	0.881822831243497	0.75429483531803	0.894513991289802	159990	10	12	0.976998824221047	0.746176249401998	0.99986663242837
GO:0006364	rRNA processing	0.00404908973709079	11	0.841853104768546	0.754503105696615	0.894513991289802	56456	6	7	1.00491307634165	0.72488842077726	0.99986663242837
GO:0008016	regulation of heart contraction	0.0074535794078441	21	0.873082828371135	0.761571803601247	0.901631354495191	34777	9	12	0.879298941798942	0.913544938245851	0.99986663242837
GO:2001234	negative regulation of apoptotic signaling pathway	0.00268791969409659	7	0.807017189437347	0.762248729645693	0.901631354495191	76449	4	6	0.781599059376837	0.955265276814316	0.99986663242837
GO:0006520	amino acid metabolic process	0.00879597469162458	25	0.88075896443396	0.763668645719406	0.902279735524641	67394	13	18	0.846732314324907	0.962090010412722	0.99986663242837
GO:0006814	sodium ion transport	0.00408663925551821	11	0.834117854188743	0.764613011259292	0.902365412375561	39619	11	13	0.992029575362909	0.703325565446774	0.99986663242837
GO:0021511	spinal cord patterning	0.00613934626288418	17	0.858080094462908	0.767324447764244	0.904533944687919	123651	4	5	0.937918871252205	0.840765230154336	0.99986663242837
GO:0090263	positive regulation of canonical Wnt signaling pathway	0.00199325360318921	5	0.77733546280184	0.768929260548315	0.905394521806037	9405	2	5	0.468959435626102	0.997961774869179	0.99986663242837
GO:0050778	positive regulation of immune response	0.0044652635663281	12	0.832789387197935	0.773562257123429	0.909462510718432	117792	9	9	1.17239858906526	0.238400070960991	0.99986663242837
GO:0030041	actin filament polymerization	0.00377685572849195	10	0.820484987249001	0.774141518785448	0.909462510718432	236016	3	5	0.703439153439153	0.974929964739584	0.99986663242837
GO:0051129	negative regulation of cellular component organization	0.00481885486485303	13	0.835988956813252	0.776098082559323	0.910564376690632	58350	10	17	0.689646228861915	0.99853709400306	0.99986663242837
GO:0055088	lipid homeostasis	0.0041335761535525	11	0.82464641754012	0.77683898030708	0.910564376690632	92276	4	7	0.669942050894432	0.988842749977326	0.99986663242837
GO:0035725	sodium ion transmembrane transport	0.00379250136117004	10	0.817100148192693	0.778320951261814	0.911269439542961	39156	10	12	0.976998824221047	0.746176249401998	0.99986663242837
GO:0051606	detection of stimulus	0.00238752354667718	6	0.778761766403312	0.780505876520382	0.911624510500912	146445	4	6	0.781599059376837	0.955265276814316	0.99986663242837
GO:0046328	regulation of JNK cascade	0.0072220240442083	20	0.858167573318496	0.781931954229442	0.911624510500912	50013	4	6	0.781599059376837	0.955265276814316	0.99986663242837
GO:0061326	renal tubule development	0.0128763556940716	37	0.890450523585739	0.782147406110927	0.911624510500912	71170	10	10	1.17239858906526	0.203224815207879	0.99986663242837
GO:0072080	nephron tubule development	0.0128763556940716	37	0.890450523585739	0.782147406110927	0.911624510500912	71170	10	10	1.17239858906526	0.203224815207879	0.99986663242837
GO:0042254	ribosome biogenesis	0.00450907133782676	12	0.824698442422938	0.784263898632914	0.911885360617587	53995	7	8	1.0258487654321	0.666523229866509	0.99986663242837
GO:0022618	protein-RNA complex assembly	0.00451220046436238	12	0.824126529494767	0.785014353922966	0.911885360617587	161910	9	11	0.959235209235209	0.788018421612962	0.99986663242837
GO:0071826	protein-RNA complex organization	0.00451220046436238	12	0.824126529494767	0.785014353922966	0.911885360617587	161910	9	11	0.959235209235209	0.788018421612962	0.99986663242837
GO:0032103	positive regulation of response to external stimulus	0.00277553523709392	7	0.78154201322061	0.789621658739257	0.915919365773152	63039	6	7	1.00491307634165	0.72488842077726	0.99986663242837
GO:0050790	regulation of catalytic activity	0.00726583181570696	20	0.852993436356197	0.79025699868157	0.915919365773152	109491	6	7	1.00491307634165	0.72488842077726	0.99986663242837
GO:0090090	negative regulation of canonical Wnt signaling pathway	0.00488769564863664	13	0.82421446446377	0.792057091104706	0.916978847084307	75115	8	11	0.852653519320186	0.935095508358046	0.99986663242837
GO:0045088	regulation of innate immune response	0.00242820219164023	6	0.765715499698101	0.793591695564008	0.917728944032121	45152	5	6	0.976998824221047	0.783515206824346	0.99986663242837
GO:0072330	monocarboxylic acid biosynthetic process	0.00422119169654982	11	0.807529961134543	0.798442387332259	0.918698621154019	76389	5	9	0.651332549480698	0.994929687023367	0.99986663242837
GO:0002694	regulation of leukocyte activation	0.00316667605404627	8	0.782865912734818	0.799280547705375	0.918698621154019	21503	5	6	0.976998824221047	0.783515206824346	0.99986663242837
GO:0050865	regulation of cell activation	0.00316667605404627	8	0.782865912734818	0.799280547705375	0.918698621154019	21503	5	6	0.976998824221047	0.783515206824346	0.99986663242837
GO:0051249	regulation of lymphocyte activation	0.00316667605404627	8	0.782865912734818	0.799280547705375	0.918698621154019	21503	5	6	0.976998824221047	0.783515206824346	0.99986663242837
GO:0007051	spindle organization	0.00732841434641934	20	0.845709120076468	0.801765858379816	0.918698621154019	63877	5	5	1.17239858906526	0.451171481647171	0.99986663242837
GO:0006979	response to oxidative stress	0.0024563643304608	6	0.756936595879907	0.802294298472531	0.918698621154019	70597	6	7	1.00491307634165	0.72488842077726	0.99986663242837
GO:0021700	developmental maturation	0.00458729950121723	12	0.81063468999417	0.802469933911871	0.918698621154019	64803	9	10	1.05515873015873	0.554977372739001	0.99986663242837
GO:0031647	regulation of protein stability	0.00528196559212461	14	0.821359911998437	0.802765631043585	0.918698621154019	35782	4	6	0.781599059376837	0.955265276814316	0.99986663242837
GO:0045055	regulated exocytosis	0.00460294513389532	12	0.807879303556393	0.805972962380482	0.918698621154019	94019	6	8	0.879298941798942	0.899983993509515	0.99986663242837
GO:0050863	regulation of T cell activation	0.00283498864127068	7	0.765152059300973	0.806800986311154	0.918698621154019	24561	4	5	0.937918871252205	0.840765230154336	0.99986663242837
GO:0006091	generation of precursor metabolites and energy	0.0107235166375658	30	0.866932051015067	0.806857049883095	0.918698621154019	84707	14	14	1.17239858906526	0.107244284303974	0.99986663242837
GO:0009060	aerobic respiration	0.0107235166375658	30	0.866932051015067	0.806857049883095	0.918698621154019	84707	14	14	1.17239858906526	0.107244284303974	0.99986663242837
GO:0015980	energy derivation by oxidation of organic compounds	0.0107235166375658	30	0.866932051015067	0.806857049883095	0.918698621154019	84707	14	14	1.17239858906526	0.107244284303974	0.99986663242837
GO:0045333	cellular respiration	0.0107235166375658	30	0.866932051015067	0.806857049883095	0.918698621154019	84707	14	14	1.17239858906526	0.107244284303974	0.99986663242837
GO:0001667	ameboidal-type cell migration	0.0374838067701782	112	0.925924054731355	0.808832110847575	0.919007076289418	84261	22	27	0.955287739238357	0.804255163684992	0.99986663242837
GO:0032922	circadian regulation of gene expression	0.00211528953807834	5	0.732489186101734	0.810832705702621	0.919007076289418	81785	4	5	0.937918871252205	0.840765230154336	0.99986663242837
GO:0048665	neuron fate specification	0.00806062995575415	22	0.845774780722437	0.811168181270662	0.919007076289418	23324	12	15	0.937918871252205	0.83219959137547	0.99986663242837
GO:0016052	carbohydrate catabolic process	0.00464362377885837	12	0.800802193754349	0.814867178332435	0.919007076289418	38021	5	5	1.17239858906526	0.451171481647171	0.99986663242837
GO:0006813	potassium ion transport	0.00775084642872789	21	0.839597616947938	0.816138569298978	0.919007076289418	131983	10	13	0.901845068511735	0.88901186258608	0.99986663242837
GO:0071805	potassium ion transmembrane transport	0.00775084642872789	21	0.839597616947938	0.816138569298978	0.919007076289418	131983	10	13	0.901845068511735	0.88901186258608	0.99986663242837
GO:0043085	positive regulation of catalytic activity	0.00672762205158052	18	0.829109620138223	0.816319498068778	0.919007076289418	118628	4	5	0.937918871252205	0.840765230154336	0.99986663242837
GO:0045214	sarcomere organization	0.00570126854789754	15	0.815306294958462	0.817587193105643	0.919007076289418	62384	3	5	0.703439153439153	0.974929964739584	0.99986663242837
GO:0006195	purine nucleotide catabolic process	0.00501598983659701	13	0.803133495628451	0.819595027409017	0.919007076289418	76760	6	6	1.17239858906526	0.384702736611736	0.99986663242837
GO:0009154	purine ribonucleotide catabolic process	0.00501598983659701	13	0.803133495628451	0.819595027409017	0.919007076289418	76760	6	6	1.17239858906526	0.384702736611736	0.99986663242837
GO:0009261	ribonucleotide catabolic process	0.00501598983659701	13	0.803133495628451	0.819595027409017	0.919007076289418	76760	6	6	1.17239858906526	0.384702736611736	0.99986663242837
GO:0072523	purine-containing compound catabolic process	0.00501598983659701	13	0.803133495628451	0.819595027409017	0.919007076289418	76760	6	6	1.17239858906526	0.384702736611736	0.99986663242837
GO:0009410	response to xenobiotic stimulus	0.00777587944101284	21	0.836894686993981	0.820291580197869	0.919007076289418	81933	5	6	0.976998824221047	0.783515206824346	0.99986663242837
GO:0003206	cardiac chamber morphogenesis	0.00914017861054265	25	0.847591047252263	0.821350584792414	0.919007076289418	150300	7	7	1.17239858906526	0.328005122584149	0.99986663242837
GO:0021984	adenohypophysis development	0.0039677324471647	10	0.781013706316675	0.821368707603489	0.919007076289418	66998	5	8	0.732749118165785	0.980245802662966	0.99986663242837
GO:0031032	actomyosin structure organization	0.0111615943525524	31	0.860669659879335	0.82160087030435	0.919007076289418	46929	11	15	0.859758965314521	0.943139197856793	0.99986663242837
GO:0006325	chromatin organization	0.0194506505454068	56	0.892185026675265	0.822222756177779	0.919007076289418	76220	23	28	0.963041698160746	0.779539736387347	0.99986663242837
GO:0007006	mitochondrial membrane organization	0.00326367897665046	8	0.759597606603677	0.824367163739658	0.920409940097677	37733	4	7	0.669942050894432	0.988842749977326	0.99986663242837
GO:0051604	protein maturation	0.00678707545575728	18	0.821846788057713	0.826735942659993	0.922060022255488	53274	10	13	0.901845068511735	0.88901186258608	0.99986663242837
GO:0008154	actin polymerization or depolymerization	0.00400528196559212	10	0.773691702819957	0.829711853779084	0.924382958731272	236016	3	6	0.586199294532628	0.994594652664853	0.99986663242837
GO:0060828	regulation of canonical Wnt signaling pathway	0.00852999893609698	23	0.835564333493013	0.831733397922706	0.92563878155914	52449	14	19	0.863872644574399	0.951227191915404	0.99986663242837
GO:0010038	response to metal ion	0.00721263666460144	19	0.816320269526306	0.840047931520103	0.933887872312897	79576	5	5	1.17239858906526	0.451171481647171	0.99986663242837
GO:0033500	carbohydrate homeostasis	0.00548535881693984	14	0.790904467457708	0.842261813527387	0.934341883173468	124333	7	7	1.17239858906526	0.328005122584149	0.99986663242837
GO:0042593	glucose homeostasis	0.00548535881693984	14	0.790904467457708	0.842261813527387	0.934341883173468	124333	7	7	1.17239858906526	0.328005122584149	0.99986663242837
GO:0008380	RNA splicing	0.0262815337726627	76	0.896115357189253	0.847536178310848	0.936803205669654	159940	28	31	1.0589406610912	0.310514462150257	0.99986663242837
GO:0010927	cellular component assembly involved in morphogenesis	0.011361858450832	31	0.845499497876505	0.847669804309654	0.936803205669654	53496	11	14	0.921170319979844	0.861783486437156	0.99986663242837
GO:0032989	cellular anatomical entity morphogenesis	0.011361858450832	31	0.845499497876505	0.847669804309654	0.936803205669654	53496	11	14	0.921170319979844	0.861783486437156	0.99986663242837
GO:0017156	calcium-ion regulated exocytosis	0.00224358372603871	5	0.690603472531063	0.848101066388856	0.936803205669654	55030	4	6	0.781599059376837	0.955265276814316	0.99986663242837
GO:0043161	proteasome-mediated ubiquitin-dependent protein catabolic process	0.0079698852862212	21	0.816522692257575	0.850197246891408	0.938117431271437	67619	15	18	0.976998824221046	0.733098694738279	0.99986663242837
GO:0022613	ribonucleoprotein complex biogenesis	0.00902127180218914	24	0.824412386771733	0.852984099542339	0.940190141668073	107952	16	19	0.987283022370742	0.697897661418388	0.99986663242837
GO:0031349	positive regulation of defense response	0.00264724104913354	6	0.702358425254996	0.85392999243786	0.940231427843813	45152	5	6	0.976998824221047	0.783515206824346	0.99986663242837
GO:0001508	action potential	0.00556358698033031	14	0.779783763472082	0.855741094213883	0.941224264092847	162568	8	9	1.04213207916912	0.609607969063525	0.99986663242837
GO:0010498	proteasomal protein catabolic process	0.00873026303437658	23	0.816397266344786	0.859970444498168	0.943988272698732	62705	17	20	0.996538800705467	0.66222411422794	0.99986663242837
GO:0030239	myofibril assembly	0.0104450243758957	28	0.830710324417832	0.8600782040144	0.943988272698732	49303	9	12	0.879298941798942	0.913544938245851	0.99986663242837
GO:0050803	regulation of synapse structure or activity	0.00379875961424128	9	0.734178617502957	0.861682825882864	0.944747589818606	66339	7	7	1.17239858906526	0.328005122584149	0.99986663242837
GO:0034762	regulation of transmembrane transport	0.00269730707370345	6	0.689321609937038	0.86547634814206	0.947543746572838	34980	4	6	0.781599059376837	0.955265276814316	0.99986663242837
GO:0071806	protein transmembrane transport	0.00527570733905338	13	0.763596081549471	0.866879153131075	0.947543746572838	93479	6	8	0.879298941798942	0.899983993509515	0.99986663242837
GO:0014855	striated muscle cell proliferation	0.00383630913266871	9	0.726992529892814	0.868799319632754	0.947543746572838	85833	6	8	0.879298941798942	0.899983993509515	0.99986663242837
GO:0033002	muscle cell proliferation	0.00383630913266871	9	0.726992529892814	0.868799319632754	0.947543746572838	85833	6	8	0.879298941798942	0.899983993509515	0.99986663242837
GO:0043484	regulation of RNA splicing	0.0166062745245292	46	0.858393960091182	0.868810642992873	0.947543746572838	202800	13	15	1.01607877718989	0.617087313172423	0.99986663242837
GO:0007224	smoothened signaling pathway	0.00741602988941667	19	0.793931738927483	0.869802353011351	0.947626774070261	70952	8	10	0.937918871252205	0.828130354361621	0.99986663242837
GO:0050776	regulation of immune response	0.00816076200489395	21	0.797424577139587	0.875807841624205	0.952509607020982	87388	12	15	0.937918871252205	0.83219959137547	0.99986663242837
GO:0050807	regulation of synapse organization	0.00350462171989311	8	0.707375271149675	0.87612477863186	0.952509607020982	69043	6	6	1.17239858906526	0.384702736611736	0.99986663242837
GO:0006935	chemotaxis	0.00959390195820739	25	0.807506017294149	0.880968529599902	0.954901720837293	49685	12	12	1.17239858906526	0.147649606859113	0.99986663242837
GO:0042330	taxis	0.00959390195820739	25	0.807506017294149	0.880968529599902	0.954901720837293	49685	12	12	1.17239858906526	0.147649606859113	0.99986663242837
GO:0051402	neuron apoptotic process	0.0035359129852493	8	0.701115312997908	0.881822024158775	0.954901720837293	44984	6	6	1.17239858906526	0.384702736611736	0.99986663242837
GO:0032101	regulation of response to external stimulus	0.00960328933781424	25	0.806716666348603	0.882015502531838	0.954901720837293	50316	13	18	0.846732314324907	0.962090010412722	0.99986663242837
GO:0010721	negative regulation of cell development	0.00431506549261839	10	0.718147483400685	0.887505469274483	0.959841338243563	63142	5	7	0.83742756361804	0.930082171942059	0.99986663242837
GO:0016042	lipid catabolic process	0.00686843274568337	17	0.766994599242016	0.890229044766589	0.961776520034986	68389	8	8	1.17239858906526	0.279645392972384	0.99986663242837
GO:0003231	cardiac ventricle development	0.00544468017197679	13	0.739898272122074	0.891987007137002	0.961776520034986	159190	5	5	1.17239858906526	0.451171481647171	0.99986663242837
GO:0001775	cell activation	0.00617376665477599	15	0.752908296712781	0.892834209596127	0.961776520034986	35589	9	11	0.959235209235209	0.788018421612962	0.99986663242837
GO:0002253	activation of immune response	0.00283498864127068	6	0.655844622257976	0.893369089912937	0.961776520034986	45258	5	5	1.17239858906526	0.451171481647171	0.99986663242837
GO:0010565	regulation of ketone metabolic process	0.00283811776780629	6	0.655121530061441	0.893941074660538	0.961776520034986	96471	4	6	0.781599059376837	0.955265276814316	0.99986663242837
GO:0048469	cell maturation	0.0024563643304608	5	0.630780496566589	0.896379179659397	0.963398183746081	74766	4	5	0.937918871252205	0.840765230154336	0.99986663242837
GO:0006865	amino acid transport	0.00247826821621013	5	0.625205416420167	0.900501106593668	0.966814443189946	17249	6	8	0.879298941798942	0.899983993509515	0.99986663242837
GO:0021983	pituitary gland development	0.00944057475796206	24	0.787796125642329	0.901426026742317	0.966814443189946	72617	6	10	0.703439153439153	0.991069764817535	0.99986663242837
GO:0014902	myotube differentiation	0.00591404915231962	14	0.733574355266329	0.905424709616219	0.970097903160235	72286	7	12	0.683899176954733	0.995902238604734	0.99986663242837
GO:1903311	regulation of mRNA metabolic process	0.0160555482542603	43	0.829935515946412	0.906968416450566	0.97074696073044	105957	18	22	0.959235209235209	0.786851196715808	0.99986663242837
GO:0006836	neurotransmitter transport	0.00371740232431519	8	0.666885777514845	0.910729708270169	0.973520079279561	112924	5	8	0.732749118165785	0.980245802662966	0.99986663242837
GO:0042180	ketone metabolic process	0.00334190714004093	7	0.649089668283409	0.912439829041207	0.973520079279561	90197	5	9	0.651332549480698	0.994929687023367	0.99986663242837
GO:0019216	regulation of lipid metabolic process	0.00450281308475552	10	0.688203877421504	0.913922898404605	0.973520079279561	75983	5	10	0.586199294532628	0.998789609229199	0.99986663242837
GO:0006338	chromatin remodeling	0.0130797489188868	34	0.805527820735036	0.915168383661484	0.973520079279561	78681	14	18	0.911865569272977	0.887766943958272	0.99986663242837
GO:0051258	protein polymerization	0.00489082477517226	11	0.696966038112923	0.915409488751337	0.973520079279561	218380	4	8	0.586199294532628	0.997439697291686	0.99986663242837
GO:0008589	regulation of smoothened signaling pathway	0.006740138557723	16	0.735617737871528	0.91624591167964	0.973520079279561	55185	5	7	0.83742756361804	0.930082171942059	0.99986663242837
GO:0002761	regulation of myeloid leukocyte differentiation	0.00257527113881431	5	0.601655759179553	0.917084132654659	0.973520079279561	33744	4	6	0.781599059376837	0.955265276814316	0.99986663242837
GO:0045637	regulation of myeloid cell differentiation	0.00257527113881431	5	0.601655759179553	0.917084132654659	0.973520079279561	33744	4	6	0.781599059376837	0.955265276814316	0.99986663242837
GO:0034765	regulation of monoatomic ion transmembrane transport	0.00259091677149241	5	0.598022572227986	0.919517509749277	0.973625311126039	31465	3	5	0.703439153439153	0.974929964739584	0.99986663242837
GO:0002684	positive regulation of immune system process	0.00642096765108987	15	0.723922061118088	0.920831612453428	0.973625311126039	102402	12	13	1.08221408221408	0.409369272663026	0.99986663242837
GO:0009636	response to toxic substance	0.00532577336362328	12	0.698231760006729	0.922285895256084	0.973625311126039	128750	6	6	1.17239858906526	0.384702736611736	0.99986663242837
GO:0046496	nicotinamide nucleotide metabolic process	0.00681523759457785	16	0.727511757288922	0.92359518441508	0.973625311126039	34854	8	9	1.04213207916912	0.609607969063525	0.99986663242837
GO:0072524	pyridine-containing compound metabolic process	0.00681523759457785	16	0.727511757288922	0.92359518441508	0.973625311126039	34854	8	9	1.04213207916912	0.609607969063525	0.99986663242837
GO:0034097	response to cytokine	0.00302586535994343	6	0.614472831195167	0.923768169590116	0.973625311126039	43318	6	8	0.879298941798942	0.899983993509515	0.99986663242837
GO:1901652	response to peptide	0.00302586535994343	6	0.614472831195167	0.923768169590116	0.973625311126039	43318	6	8	0.879298941798942	0.899983993509515	0.99986663242837
GO:0006457	protein folding	0.00498782769777644	11	0.683411491574968	0.92631004674076	0.975311188582591	33274	4	6	0.781599059376837	0.955265276814316	0.99986663242837
GO:0045879	negative regulation of smoothened signaling pathway	0.00545093842504803	12	0.682198883772361	0.934744329459653	0.98120894649578	67752	3	5	0.703439153439153	0.974929964739584	0.99986663242837
GO:0003205	cardiac chamber development	0.0127011246080769	32	0.780744324895428	0.936697965086338	0.98120894649578	124805	10	10	1.17239858906526	0.203224815207879	0.99986663242837
GO:0042391	regulation of membrane potential	0.00879284556508896	21	0.740100817501795	0.936933750024605	0.98120894649578	121054	11	13	0.992029575362909	0.703325565446774	0.99986663242837
GO:0002682	regulation of immune system process	0.0123913410810506	31	0.775254716361007	0.939210380940682	0.98120894649578	65464	20	25	0.937918871252205	0.850159872804146	0.99986663242837
GO:0002696	positive regulation of leukocyte activation	0.00275363135134459	5	0.56268487477815	0.941306945165542	0.98120894649578	27351	4	5	0.937918871252205	0.840765230154336	0.99986663242837
GO:0050867	positive regulation of cell activation	0.00275363135134459	5	0.56268487477815	0.941306945165542	0.98120894649578	27351	4	5	0.937918871252205	0.840765230154336	0.99986663242837
GO:0051251	positive regulation of lymphocyte activation	0.00275363135134459	5	0.56268487477815	0.941306945165542	0.98120894649578	27351	4	5	0.937918871252205	0.840765230154336	0.99986663242837
GO:0045087	innate immune response	0.0106546758537822	26	0.756195590891282	0.941391771855372	0.98120894649578	92184	19	22	1.01252605419272	0.590756183903415	0.99986663242837
GO:0098542	defense response to other organism	0.0106546758537822	26	0.756195590891282	0.941391771855372	0.98120894649578	92184	19	22	1.01252605419272	0.590756183903415	0.99986663242837
GO:0140546	defense response to symbiont	0.0106546758537822	26	0.756195590891282	0.941391771855372	0.98120894649578	92184	19	22	1.01252605419272	0.590756183903415	0.99986663242837
GO:0000245	spliceosomal complex assembly	0.00361101202210415	7	0.600717301322947	0.944831442099552	0.982814615651293	265619	4	6	0.781599059376837	0.955265276814316	0.99986663242837
GO:0006376	mRNA splice site recognition	0.00361101202210415	7	0.600717301322947	0.944831442099552	0.982814615651293	265619	4	6	0.781599059376837	0.955265276814316	0.99986663242837
GO:0098754	detoxification	0.00519747917566291	11	0.655844622257976	0.945830384138092	0.982865911227836	133507	5	5	1.17239858906526	0.451171481647171	0.99986663242837
GO:0071345	cellular response to cytokine stimulus	0.00280682650245011	5	0.552020835902756	0.94718164412825	0.983282850223409	47969	5	7	0.83742756361804	0.930082171942059	0.99986663242837
GO:0031290	retinal ganglion cell axon guidance	0.00562616951104269	12	0.660951310084234	0.949279965044563	0.984162463284264	82348	7	8	1.0258487654321	0.666523229866509	0.99986663242837
GO:0007265	Ras protein signal transduction	0.00446839269286371	9	0.624154651014419	0.949980891024424	0.984162463284264	38603	7	8	1.0258487654321	0.666523229866509	0.99986663242837
GO:0031347	regulation of defense response	0.00564807339679202	12	0.658388064006345	0.950881607037936	0.984162463284264	44388	7	11	0.746071829405163	0.985573977758394	0.99986663242837
GO:0044282	small molecule catabolic process	0.0105701894373205	25	0.73292286827231	0.956555715790325	0.989046119723263	100880	11	14	0.921170319979844	0.861783486437156	0.99986663242837
GO:0043269	regulation of monoatomic ion transport	0.00292886243733924	5	0.529019967740141	0.958694751453172	0.989339287325477	31465	3	6	0.586199294532628	0.994594652664853	0.99986663242837
GO:0000375	RNA splicing, via transesterification reactions	0.0138933218181477	34	0.758357272673976	0.960662786243579	0.989339287325477	153157	19	22	1.01252605419272	0.590756183903415	0.99986663242837
GO:0000377	RNA splicing, via transesterification reactions with bulged adenosine as nucleophile	0.0138933218181477	34	0.758357272673976	0.960662786243579	0.989339287325477	153157	19	22	1.01252605419272	0.590756183903415	0.99986663242837
GO:0000398	mRNA splicing, via spliceosome	0.0138933218181477	34	0.758357272673976	0.960662786243579	0.989339287325477	153157	19	22	1.01252605419272	0.590756183903415	0.99986663242837
GO:0170040	proteinogenic amino acid catabolic process	0.00342326442996702	6	0.543140061943077	0.963743575614805	0.989444413538683	48691	5	8	0.732749118165785	0.980245802662966	0.99986663242837
GO:1901606	alpha-amino acid catabolic process	0.00342326442996702	6	0.543140061943077	0.963743575614805	0.989444413538683	48691	5	8	0.732749118165785	0.980245802662966	0.99986663242837
GO:0016054	organic acid catabolic process	0.00548222969040422	11	0.621779633316495	0.965037108756555	0.989444413538683	43460	8	11	0.852653519320186	0.935095508358046	0.99986663242837
GO:0046395	carboxylic acid catabolic process	0.00548222969040422	11	0.621779633316495	0.965037108756555	0.989444413538683	43460	8	11	0.852653519320186	0.935095508358046	0.99986663242837
GO:0051241	negative regulation of multicellular organismal process	0.0118656478230667	28	0.731252917433208	0.965544790023255	0.989444413538683	50708	14	19	0.863872644574399	0.951227191915404	0.99986663242837
GO:0016358	dendrite development	0.00359849551596167	6	0.51669150240498	0.974311522136495	0.996454965821415	90128	3	5	0.703439153439153	0.974929964739584	0.99986663242837
GO:0048813	dendrite morphogenesis	0.00359849551596167	6	0.51669150240498	0.974311522136495	0.996454965821415	90128	3	5	0.703439153439153	0.974929964739584	0.99986663242837
GO:0170035	L-amino acid catabolic process	0.00331687412775598	5	0.46713461302337	0.981709418248207	0.999999648674855	48469	4	7	0.669942050894432	0.988842749977326	0.99986663242837
GO:0048024	regulation of mRNA splicing, via spliceosome	0.00890549412037124	18	0.626347745360921	0.987357407834362	0.999999648674855	228029	7	9	0.911865569272977	0.86572664267695	0.99986663242837
GO:0050684	regulation of mRNA processing	0.00890549412037124	18	0.626347745360921	0.987357407834362	0.999999648674855	228029	7	9	0.911865569272977	0.86572664267695	0.99986663242837
GO:0098657	import into cell	0.0197072389213275	47	0.739048790753391	0.987819973520312	0.999999648674855	88529	26	31	0.983302042441827	0.700224933156408	0.99986663242837
GO:0051056	regulation of small GTPase mediated signal transduction	0.0151512306854665	34	0.695395764285925	0.990001942966846	0.999999648674855	135620	11	12	1.07469870664315	0.454593317706679	0.99986663242837
GO:0000380	alternative mRNA splicing, via spliceosome	0.00747548329359343	14	0.580349741085543	0.990129129687745	0.999999648674855	279355	6	8	0.879298941798942	0.899983993509515	0.99986663242837
GO:0002683	negative regulation of immune system process	0.00362352852824663	5	0.427601631955762	0.990683249744109	0.999999648674855	34604	4	6	0.781599059376837	0.955265276814316	0.99986663242837
GO:0033993	response to lipid	0.018299131980299	42	0.711245997667594	0.992058925991737	0.999999648674855	92140	12	15	0.937918871252205	0.83219959137547	0.99986663242837
GO:0000381	regulation of alternative mRNA splicing, via spliceosome	0.00733154347295496	13	0.549476309642513	0.993672489462386	0.999999648674855	300698	5	7	0.83742756361804	0.930082171942059	0.99986663242837
GO:0007264	small GTPase-mediated signal transduction	0.019694722415185	45	0.708049604105966	0.994274242282095	0.999999648674855	115351	20	24	0.976998824221047	0.728337009083883	0.99986663242837
GO:0006897	endocytosis	0.0168315716350938	36	0.66279445372641	0.996771419896379	0.999999648674855	84084	16	20	0.937918871252205	0.840591850180183	0.99986663242837
GO:0009063	amino acid catabolic process	0.00506605586116691	7	0.42818268420425	0.996869012770781	0.999999648674855	52032	6	9	0.781599059376837	0.968498695174645	0.99986663242837
GO:0033365	protein localization to organelle	0.0211216041154272	45	0.660216919739696	0.99892693252193	0.999999648674855	76876	23	26	1.0371218287885	0.454607025763915	0.99986663242837
GO:0098609	cell-cell adhesion	0.0359442765146537	83	0.715565478432943	0.999549518699905	0.999999648674855	97269	38	55	0.810020843354177	0.999469609732535	0.99986663242837
GO:0006605	protein targeting	0.010294826302186	16	0.48161720588914	0.99968526221913	0.999999648674855	97395	6	8	0.879298941798942	0.899983993509515	0.99986663242837
GO:0030903	notochord development	0.0113430836916183	17	0.464428453885855	0.999898905816894	0.999999648674855	34110	10	12	0.976998824221047	0.746176249401998	0.99986663242837
GO:0072594	establishment of protein localization to organelle	0.0145160179987358	23	0.490999864863538	0.999962121577963	0.999999648674855	75997	12	14	1.00491307634165	0.660109768813033	0.99986663242837
GO:0006886	intracellular protein transport	0.0177953426080644	30	0.522415357627683	0.999976945287806	0.999999648674855	76618	16	20	0.937918871252205	0.840591850180183	0.99986663242837
GO:0007034	vacuolar transport	0.00922153590046874	10	0.336045259453527	0.999992099268883	0.999999648674855	36302	8	8	1.17239858906526	0.279645392972384	0.99986663242837
GO:0007041	lysosomal transport	0.00790104450243759	7	0.274545649792745	0.999996083646878	0.999999648674855	37823	5	5	1.17239858906526	0.451171481647171	0.99986663242837
GO:0006898	receptor-mediated endocytosis	0.0091808572555057	9	0.303780791291271	0.999997492877483	0.999999648674855	77056	4	6	0.781599059376837	0.955265276814316	0.99986663242837
GO:0007156	homophilic cell adhesion via plasma membrane adhesion molecules	0.0197447884397549	30	0.470836155123397	0.999999249874098	0.999999648674855	86480	21	33	0.746071829405163	0.999572393932252	0.99986663242837
GO:0098742	cell-cell adhesion via plasma-membrane adhesion molecules	0.0205990399839789	31	0.466354044780433	0.999999648674855	0.999999648674855	87453	22	35	0.736936255983875	0.999787910099084	0.99986663242837
