raw	stripped
cry-dash	dash
cxcl-c13b	c13b
dre-let-7b	let-7b
dre-let-7e	let-7e
dre-let-7h	let-7h
dre-let-7i	let-7i
dre-mir-103	mir-103
dre-mir-107	mir-107
dre-mir-10b-2	mir-10b-2
dre-mir-124-4	mir-124-4
dre-mir-129-1	mir-129-1
dre-mir-129-2	mir-129-2
dre-mir-130a-1	mir-130a-1
dre-mir-132-1	mir-132-1
dre-mir-132-2	mir-132-2
dre-mir-135a	mir-135a
dre-mir-137-1	mir-137-1
dre-mir-137-2	mir-137-2
dre-mir-138	mir-138
dre-mir-139	mir-139
dre-mir-146b-1	mir-146b-1
dre-mir-148	mir-148
dre-mir-152	mir-152
dre-mir-153a	mir-153a
dre-mir-15b	mir-15b
dre-mir-182	mir-182
dre-mir-183	mir-183
dre-mir-184-1	mir-184-1
dre-mir-184-2	mir-184-2
dre-mir-190a	mir-190a
dre-mir-19a	mir-19a
dre-mir-19b	mir-19b
dre-mir-204-2	mir-204-2
dre-mir-205	mir-205
dre-mir-20a	mir-20a
dre-mir-21-1	mir-21-1
dre-mir-21-2	mir-21-2
dre-mir-212	mir-212
dre-mir-216a	mir-216a
dre-mir-216b	mir-216b
dre-mir-221	mir-221
dre-mir-222	mir-222
dre-mir-22a	mir-22a
dre-mir-23b	mir-23b
dre-mir-24-4	mir-24-4
dre-mir-26a-1	mir-26a-1
dre-mir-26b	mir-26b
dre-mir-27e	mir-27e
dre-mir-29b-1	mir-29b-1
dre-mir-29b3	mir-29b3
dre-mir-301a-1	mir-301a-1
dre-mir-30b	mir-30b
dre-mir-30c	mir-30c
dre-mir-31	mir-31
dre-mir-338-1	mir-338-1
dre-mir-338-2	mir-338-2
dre-mir-365-2	mir-365-2
dre-mir-365-3	mir-365-3
dre-mir-375-1	mir-375-1
dre-mir-375-2	mir-375-2
dre-mir-429	mir-429
dre-mir-430a-10	mir-430a-10
dre-mir-430a-11	mir-430a-11
dre-mir-430a-12	mir-430a-12
dre-mir-430a-13	mir-430a-13
dre-mir-430a-14	mir-430a-14
dre-mir-430a-15	mir-430a-15
dre-mir-430a-16	mir-430a-16
dre-mir-430a-17	mir-430a-17
dre-mir-430a-18	mir-430a-18
dre-mir-430a-2	mir-430a-2
dre-mir-430a-3	mir-430a-3
dre-mir-430a-4	mir-430a-4
dre-mir-430a-5	mir-430a-5
dre-mir-430a-6	mir-430a-6
dre-mir-430a-7	mir-430a-7
dre-mir-430a-8	mir-430a-8
dre-mir-430a-9	mir-430a-9
dre-mir-430b-1	mir-430b-1
dre-mir-430b-10	mir-430b-10
dre-mir-430b-11	mir-430b-11
dre-mir-430b-12	mir-430b-12
dre-mir-430b-13	mir-430b-13
dre-mir-430b-14	mir-430b-14
dre-mir-430b-16	mir-430b-16
dre-mir-430b-17	mir-430b-17
dre-mir-430b-18	mir-430b-18
dre-mir-430b-19	mir-430b-19
dre-mir-430b-2	mir-430b-2
dre-mir-430b-3	mir-430b-3
dre-mir-430b-4	mir-430b-4
dre-mir-430b-5	mir-430b-5
dre-mir-430b-6	mir-430b-6
dre-mir-430b-7	mir-430b-7
dre-mir-430b-8	mir-430b-8
dre-mir-430b-9	mir-430b-9
dre-mir-430c-10	mir-430c-10
dre-mir-430c-11	mir-430c-11
dre-mir-430c-12	mir-430c-12
dre-mir-430c-13	mir-430c-13
dre-mir-430c-14	mir-430c-14
dre-mir-430c-15	mir-430c-15
dre-mir-430c-16	mir-430c-16
dre-mir-430c-17	mir-430c-17
dre-mir-430c-18	mir-430c-18
dre-mir-430c-7	mir-430c-7
dre-mir-430c-8	mir-430c-8
dre-mir-430c-9	mir-430c-9
dre-mir-430i-1	mir-430i-1
dre-mir-430i-2	mir-430i-2
dre-mir-430i-3	mir-430i-3
dre-mir-451a	mir-451a
dre-mir-455-1	mir-455-1
dre-mir-462	mir-462
dre-mir-722	mir-722
dre-mir-723	mir-723
dre-mir-724	mir-724
dre-mir-727	mir-727
dre-mir-728	mir-728
dre-mir-731	mir-731
dre-mir-736	mir-736
dre-mir-7ba	mir-7ba
dre-mir-9-1	mir-9-1
dre-mir-96	mir-96
dre-mir-99-1	mir-99-1
dre-mir-99-2	mir-99-2
linc-epb41l4a	epb41l4a
mt-rnr1	rnr1
mt-rnr2	rnr2
trnaa-agc	agc
trnaa-agc-10	agc-10
trnaa-agc-100	agc-100
trnaa-agc-101	agc-101
trnaa-agc-102	agc-102
trnaa-agc-103	agc-103
trnaa-agc-104	agc-104
trnaa-agc-105	agc-105
trnaa-agc-106	agc-106
trnaa-agc-107	agc-107
trnaa-agc-108	agc-108
trnaa-agc-109	agc-109
trnaa-agc-11	agc-11
trnaa-agc-12	agc-12
trnaa-agc-13	agc-13
trnaa-agc-14	agc-14
trnaa-agc-15	agc-15
trnaa-agc-16	agc-16
trnaa-agc-17	agc-17
trnaa-agc-18	agc-18
trnaa-agc-19	agc-19
trnaa-agc-2	agc-2
trnaa-agc-20	agc-20
trnaa-agc-21	agc-21
trnaa-agc-22	agc-22
trnaa-agc-23	agc-23
trnaa-agc-24	agc-24
trnaa-agc-25	agc-25
trnaa-agc-26	agc-26
trnaa-agc-27	agc-27
trnaa-agc-28	agc-28
trnaa-agc-29	agc-29
trnaa-agc-3	agc-3
trnaa-agc-30	agc-30
trnaa-agc-31	agc-31
trnaa-agc-32	agc-32
trnaa-agc-33	agc-33
trnaa-agc-34	agc-34
trnaa-agc-35	agc-35
trnaa-agc-36	agc-36
trnaa-agc-37	agc-37
trnaa-agc-38	agc-38
trnaa-agc-39	agc-39
trnaa-agc-4	agc-4
trnaa-agc-40	agc-40
trnaa-agc-41	agc-41
trnaa-agc-42	agc-42
trnaa-agc-43	agc-43
trnaa-agc-44	agc-44
trnaa-agc-45	agc-45
trnaa-agc-46	agc-46
trnaa-agc-47	agc-47
trnaa-agc-48	agc-48
trnaa-agc-49	agc-49
trnaa-agc-5	agc-5
trnaa-agc-50	agc-50
trnaa-agc-51	agc-51
trnaa-agc-52	agc-52
trnaa-agc-53	agc-53
trnaa-agc-54	agc-54
trnaa-agc-55	agc-55
trnaa-agc-56	agc-56
trnaa-agc-57	agc-57
trnaa-agc-58	agc-58
trnaa-agc-59	agc-59
trnaa-agc-6	agc-6
trnaa-agc-60	agc-60
trnaa-agc-61	agc-61
trnaa-agc-62	agc-62
trnaa-agc-63	agc-63
trnaa-agc-64	agc-64
trnaa-agc-65	agc-65
trnaa-agc-66	agc-66
trnaa-agc-67	agc-67
trnaa-agc-68	agc-68
trnaa-agc-69	agc-69
trnaa-agc-7	agc-7
trnaa-agc-70	agc-70
trnaa-agc-71	agc-71
trnaa-agc-72	agc-72
trnaa-agc-73	agc-73
trnaa-agc-74	agc-74
trnaa-agc-75	agc-75
trnaa-agc-76	agc-76
trnaa-agc-77	agc-77
trnaa-agc-78	agc-78
trnaa-agc-79	agc-79
trnaa-agc-8	agc-8
trnaa-agc-80	agc-80
trnaa-agc-81	agc-81
trnaa-agc-82	agc-82
trnaa-agc-83	agc-83
trnaa-agc-84	agc-84
trnaa-agc-85	agc-85
trnaa-agc-86	agc-86
trnaa-agc-87	agc-87
trnaa-agc-88	agc-88
trnaa-agc-89	agc-89
trnaa-agc-9	agc-9
trnaa-agc-90	agc-90
trnaa-agc-91	agc-91
trnaa-agc-92	agc-92
trnaa-agc-93	agc-93
trnaa-agc-94	agc-94
trnaa-agc-95	agc-95
trnaa-agc-96	agc-96
trnaa-agc-97	agc-97
trnaa-agc-98	agc-98
trnaa-agc-99	agc-99
trnaa-cgc	cgc
trnaa-cgc-10	cgc-10
trnaa-cgc-11	cgc-11
trnaa-cgc-12	cgc-12
trnaa-cgc-13	cgc-13
trnaa-cgc-14	cgc-14
trnaa-cgc-15	cgc-15
trnaa-cgc-16	cgc-16
trnaa-cgc-17	cgc-17
trnaa-cgc-18	cgc-18
trnaa-cgc-19	cgc-19
trnaa-cgc-2	cgc-2
trnaa-cgc-20	cgc-20
trnaa-cgc-21	cgc-21
trnaa-cgc-22	cgc-22
trnaa-cgc-23	cgc-23
trnaa-cgc-24	cgc-24
trnaa-cgc-25	cgc-25
trnaa-cgc-26	cgc-26
trnaa-cgc-27	cgc-27
trnaa-cgc-28	cgc-28
trnaa-cgc-29	cgc-29
trnaa-cgc-3	cgc-3
trnaa-cgc-30	cgc-30
trnaa-cgc-31	cgc-31
trnaa-cgc-32	cgc-32
trnaa-cgc-33	cgc-33
trnaa-cgc-34	cgc-34
trnaa-cgc-35	cgc-35
trnaa-cgc-36	cgc-36
trnaa-cgc-37	cgc-37
trnaa-cgc-38	cgc-38
trnaa-cgc-39	cgc-39
trnaa-cgc-4	cgc-4
trnaa-cgc-40	cgc-40
trnaa-cgc-41	cgc-41
trnaa-cgc-42	cgc-42
trnaa-cgc-43	cgc-43
trnaa-cgc-44	cgc-44
trnaa-cgc-45	cgc-45
trnaa-cgc-46	cgc-46
trnaa-cgc-47	cgc-47
trnaa-cgc-48	cgc-48
trnaa-cgc-49	cgc-49
trnaa-cgc-5	cgc-5
trnaa-cgc-50	cgc-50
trnaa-cgc-51	cgc-51
trnaa-cgc-52	cgc-52
trnaa-cgc-6	cgc-6
trnaa-cgc-7	cgc-7
trnaa-cgc-8	cgc-8
trnaa-cgc-9	cgc-9
trnaa-ggc	ggc
trnaa-ugc	ugc
trnaa-ugc-10	ugc-10
trnaa-ugc-100	ugc-100
trnaa-ugc-101	ugc-101
trnaa-ugc-102	ugc-102
trnaa-ugc-103	ugc-103
trnaa-ugc-104	ugc-104
trnaa-ugc-105	ugc-105
trnaa-ugc-106	ugc-106
trnaa-ugc-107	ugc-107
trnaa-ugc-108	ugc-108
trnaa-ugc-109	ugc-109
trnaa-ugc-11	ugc-11
trnaa-ugc-110	ugc-110
trnaa-ugc-111	ugc-111
trnaa-ugc-112	ugc-112
trnaa-ugc-113	ugc-113
trnaa-ugc-114	ugc-114
trnaa-ugc-115	ugc-115
trnaa-ugc-116	ugc-116
trnaa-ugc-117	ugc-117
trnaa-ugc-118	ugc-118
trnaa-ugc-119	ugc-119
trnaa-ugc-12	ugc-12
trnaa-ugc-120	ugc-120
trnaa-ugc-121	ugc-121
trnaa-ugc-122	ugc-122
trnaa-ugc-123	ugc-123
trnaa-ugc-124	ugc-124
trnaa-ugc-125	ugc-125
trnaa-ugc-126	ugc-126
trnaa-ugc-127	ugc-127
trnaa-ugc-128	ugc-128
trnaa-ugc-129	ugc-129
trnaa-ugc-13	ugc-13
trnaa-ugc-130	ugc-130
trnaa-ugc-131	ugc-131
trnaa-ugc-132	ugc-132
trnaa-ugc-133	ugc-133
trnaa-ugc-134	ugc-134
trnaa-ugc-135	ugc-135
trnaa-ugc-136	ugc-136
trnaa-ugc-137	ugc-137
trnaa-ugc-138	ugc-138
trnaa-ugc-139	ugc-139
trnaa-ugc-14	ugc-14
trnaa-ugc-140	ugc-140
trnaa-ugc-141	ugc-141
trnaa-ugc-142	ugc-142
trnaa-ugc-143	ugc-143
trnaa-ugc-144	ugc-144
trnaa-ugc-145	ugc-145
trnaa-ugc-146	ugc-146
trnaa-ugc-147	ugc-147
trnaa-ugc-148	ugc-148
trnaa-ugc-149	ugc-149
trnaa-ugc-15	ugc-15
trnaa-ugc-150	ugc-150
trnaa-ugc-151	ugc-151
trnaa-ugc-152	ugc-152
trnaa-ugc-153	ugc-153
trnaa-ugc-154	ugc-154
trnaa-ugc-155	ugc-155
trnaa-ugc-156	ugc-156
trnaa-ugc-157	ugc-157
trnaa-ugc-158	ugc-158
trnaa-ugc-159	ugc-159
trnaa-ugc-16	ugc-16
trnaa-ugc-160	ugc-160
trnaa-ugc-161	ugc-161
trnaa-ugc-162	ugc-162
trnaa-ugc-163	ugc-163
trnaa-ugc-164	ugc-164
trnaa-ugc-165	ugc-165
trnaa-ugc-166	ugc-166
trnaa-ugc-167	ugc-167
trnaa-ugc-168	ugc-168
trnaa-ugc-169	ugc-169
trnaa-ugc-17	ugc-17
trnaa-ugc-170	ugc-170
trnaa-ugc-171	ugc-171
trnaa-ugc-172	ugc-172
trnaa-ugc-173	ugc-173
trnaa-ugc-174	ugc-174
trnaa-ugc-175	ugc-175
trnaa-ugc-176	ugc-176
trnaa-ugc-177	ugc-177
trnaa-ugc-178	ugc-178
trnaa-ugc-179	ugc-179
trnaa-ugc-18	ugc-18
trnaa-ugc-180	ugc-180
trnaa-ugc-181	ugc-181
trnaa-ugc-182	ugc-182
trnaa-ugc-183	ugc-183
trnaa-ugc-184	ugc-184
trnaa-ugc-185	ugc-185
trnaa-ugc-186	ugc-186
trnaa-ugc-187	ugc-187
trnaa-ugc-188	ugc-188
trnaa-ugc-189	ugc-189
trnaa-ugc-19	ugc-19
trnaa-ugc-190	ugc-190
trnaa-ugc-191	ugc-191
trnaa-ugc-192	ugc-192
trnaa-ugc-193	ugc-193
trnaa-ugc-194	ugc-194
trnaa-ugc-195	ugc-195
trnaa-ugc-196	ugc-196
trnaa-ugc-197	ugc-197
trnaa-ugc-198	ugc-198
trnaa-ugc-199	ugc-199
trnaa-ugc-2	ugc-2
trnaa-ugc-20	ugc-20
trnaa-ugc-200	ugc-200
trnaa-ugc-201	ugc-201
trnaa-ugc-21	ugc-21
trnaa-ugc-22	ugc-22
trnaa-ugc-23	ugc-23
trnaa-ugc-24	ugc-24
trnaa-ugc-25	ugc-25
trnaa-ugc-26	ugc-26
trnaa-ugc-27	ugc-27
trnaa-ugc-28	ugc-28
trnaa-ugc-29	ugc-29
trnaa-ugc-3	ugc-3
trnaa-ugc-30	ugc-30
trnaa-ugc-31	ugc-31
trnaa-ugc-32	ugc-32
trnaa-ugc-33	ugc-33
trnaa-ugc-34	ugc-34
trnaa-ugc-35	ugc-35
trnaa-ugc-36	ugc-36
trnaa-ugc-37	ugc-37
trnaa-ugc-38	ugc-38
trnaa-ugc-39	ugc-39
trnaa-ugc-4	ugc-4
trnaa-ugc-40	ugc-40
trnaa-ugc-41	ugc-41
trnaa-ugc-42	ugc-42
trnaa-ugc-43	ugc-43
trnaa-ugc-44	ugc-44
trnaa-ugc-45	ugc-45
trnaa-ugc-46	ugc-46
trnaa-ugc-47	ugc-47
trnaa-ugc-48	ugc-48
trnaa-ugc-49	ugc-49
trnaa-ugc-5	ugc-5
trnaa-ugc-50	ugc-50
trnaa-ugc-51	ugc-51
trnaa-ugc-52	ugc-52
trnaa-ugc-53	ugc-53
trnaa-ugc-54	ugc-54
trnaa-ugc-55	ugc-55
trnaa-ugc-56	ugc-56
trnaa-ugc-57	ugc-57
trnaa-ugc-58	ugc-58
trnaa-ugc-59	ugc-59
trnaa-ugc-6	ugc-6
trnaa-ugc-60	ugc-60
trnaa-ugc-61	ugc-61
trnaa-ugc-62	ugc-62
trnaa-ugc-63	ugc-63
trnaa-ugc-64	ugc-64
trnaa-ugc-65	ugc-65
trnaa-ugc-66	ugc-66
trnaa-ugc-67	ugc-67
trnaa-ugc-68	ugc-68
trnaa-ugc-69	ugc-69
trnaa-ugc-7	ugc-7
trnaa-ugc-70	ugc-70
trnaa-ugc-71	ugc-71
trnaa-ugc-72	ugc-72
trnaa-ugc-73	ugc-73
trnaa-ugc-74	ugc-74
trnaa-ugc-75	ugc-75
trnaa-ugc-76	ugc-76
trnaa-ugc-77	ugc-77
trnaa-ugc-78	ugc-78
trnaa-ugc-79	ugc-79
trnaa-ugc-8	ugc-8
trnaa-ugc-80	ugc-80
trnaa-ugc-81	ugc-81
trnaa-ugc-82	ugc-82
trnaa-ugc-83	ugc-83
trnaa-ugc-84	ugc-84
trnaa-ugc-85	ugc-85
trnaa-ugc-86	ugc-86
trnaa-ugc-87	ugc-87
trnaa-ugc-88	ugc-88
trnaa-ugc-89	ugc-89
trnaa-ugc-9	ugc-9
trnaa-ugc-90	ugc-90
trnaa-ugc-91	ugc-91
trnaa-ugc-92	ugc-92
trnaa-ugc-93	ugc-93
trnaa-ugc-94	ugc-94
trnaa-ugc-95	ugc-95
trnaa-ugc-96	ugc-96
trnaa-ugc-97	ugc-97
trnaa-ugc-98	ugc-98
trnaa-ugc-99	ugc-99
trnac-aca	aca
trnac-aca-2	aca-2
trnac-aca-3	aca-3
trnac-gca	gca
trnac-gca-10	gca-10
trnac-gca-100	gca-100
trnac-gca-101	gca-101
trnac-gca-102	gca-102
trnac-gca-103	gca-103
trnac-gca-104	gca-104
trnac-gca-105	gca-105
trnac-gca-106	gca-106
trnac-gca-107	gca-107
trnac-gca-108	gca-108
trnac-gca-109	gca-109
trnac-gca-11	gca-11
trnac-gca-110	gca-110
trnac-gca-111	gca-111
trnac-gca-112	gca-112
trnac-gca-113	gca-113
trnac-gca-114	gca-114
trnac-gca-115	gca-115
trnac-gca-116	gca-116
trnac-gca-117	gca-117
trnac-gca-118	gca-118
trnac-gca-119	gca-119
trnac-gca-12	gca-12
trnac-gca-120	gca-120
trnac-gca-121	gca-121
trnac-gca-122	gca-122
trnac-gca-123	gca-123
trnac-gca-124	gca-124
trnac-gca-125	gca-125
trnac-gca-126	gca-126
trnac-gca-127	gca-127
trnac-gca-128	gca-128
trnac-gca-129	gca-129
trnac-gca-13	gca-13
trnac-gca-130	gca-130
trnac-gca-131	gca-131
trnac-gca-132	gca-132
trnac-gca-133	gca-133
trnac-gca-134	gca-134
trnac-gca-135	gca-135
trnac-gca-136	gca-136
trnac-gca-137	gca-137
trnac-gca-138	gca-138
trnac-gca-139	gca-139
trnac-gca-14	gca-14
trnac-gca-140	gca-140
trnac-gca-141	gca-141
trnac-gca-142	gca-142
trnac-gca-143	gca-143
trnac-gca-144	gca-144
trnac-gca-145	gca-145
trnac-gca-146	gca-146
trnac-gca-147	gca-147
trnac-gca-148	gca-148
trnac-gca-149	gca-149
trnac-gca-15	gca-15
trnac-gca-150	gca-150
trnac-gca-151	gca-151
trnac-gca-152	gca-152
trnac-gca-153	gca-153
trnac-gca-154	gca-154
trnac-gca-155	gca-155
trnac-gca-156	gca-156
trnac-gca-157	gca-157
trnac-gca-158	gca-158
trnac-gca-159	gca-159
trnac-gca-16	gca-16
trnac-gca-160	gca-160
trnac-gca-161	gca-161
trnac-gca-162	gca-162
trnac-gca-163	gca-163
trnac-gca-164	gca-164
trnac-gca-165	gca-165
trnac-gca-166	gca-166
trnac-gca-167	gca-167
trnac-gca-168	gca-168
trnac-gca-169	gca-169
trnac-gca-17	gca-17
trnac-gca-170	gca-170
trnac-gca-171	gca-171
trnac-gca-172	gca-172
trnac-gca-173	gca-173
trnac-gca-174	gca-174
trnac-gca-175	gca-175
trnac-gca-176	gca-176
trnac-gca-177	gca-177
trnac-gca-178	gca-178
trnac-gca-179	gca-179
trnac-gca-18	gca-18
trnac-gca-180	gca-180
trnac-gca-181	gca-181
trnac-gca-182	gca-182
trnac-gca-183	gca-183
trnac-gca-184	gca-184
trnac-gca-185	gca-185
trnac-gca-186	gca-186
trnac-gca-187	gca-187
trnac-gca-188	gca-188
trnac-gca-189	gca-189
trnac-gca-19	gca-19
trnac-gca-190	gca-190
trnac-gca-191	gca-191
trnac-gca-192	gca-192
trnac-gca-193	gca-193
trnac-gca-194	gca-194
trnac-gca-195	gca-195
trnac-gca-196	gca-196
trnac-gca-197	gca-197
trnac-gca-2	gca-2
trnac-gca-20	gca-20
trnac-gca-21	gca-21
trnac-gca-22	gca-22
trnac-gca-23	gca-23
trnac-gca-24	gca-24
trnac-gca-25	gca-25
trnac-gca-26	gca-26
trnac-gca-27	gca-27
trnac-gca-28	gca-28
trnac-gca-29	gca-29
trnac-gca-3	gca-3
trnac-gca-30	gca-30
trnac-gca-31	gca-31
trnac-gca-32	gca-32
trnac-gca-33	gca-33
trnac-gca-34	gca-34
trnac-gca-35	gca-35
trnac-gca-36	gca-36
trnac-gca-37	gca-37
trnac-gca-38	gca-38
trnac-gca-39	gca-39
trnac-gca-4	gca-4
trnac-gca-40	gca-40
trnac-gca-41	gca-41
trnac-gca-42	gca-42
trnac-gca-43	gca-43
trnac-gca-44	gca-44
trnac-gca-45	gca-45
trnac-gca-46	gca-46
trnac-gca-47	gca-47
trnac-gca-48	gca-48
trnac-gca-49	gca-49
trnac-gca-5	gca-5
trnac-gca-50	gca-50
trnac-gca-51	gca-51
trnac-gca-52	gca-52
trnac-gca-53	gca-53
trnac-gca-54	gca-54
trnac-gca-55	gca-55
trnac-gca-56	gca-56
trnac-gca-57	gca-57
trnac-gca-58	gca-58
trnac-gca-59	gca-59
trnac-gca-6	gca-6
trnac-gca-60	gca-60
trnac-gca-61	gca-61
trnac-gca-62	gca-62
trnac-gca-63	gca-63
trnac-gca-64	gca-64
trnac-gca-65	gca-65
trnac-gca-66	gca-66
trnac-gca-67	gca-67
trnac-gca-68	gca-68
trnac-gca-69	gca-69
trnac-gca-7	gca-7
trnac-gca-70	gca-70
trnac-gca-71	gca-71
trnac-gca-72	gca-72
trnac-gca-73	gca-73
trnac-gca-74	gca-74
trnac-gca-75	gca-75
trnac-gca-76	gca-76
trnac-gca-77	gca-77
trnac-gca-78	gca-78
trnac-gca-79	gca-79
trnac-gca-8	gca-8
trnac-gca-80	gca-80
trnac-gca-81	gca-81
trnac-gca-82	gca-82
trnac-gca-83	gca-83
trnac-gca-84	gca-84
trnac-gca-85	gca-85
trnac-gca-86	gca-86
trnac-gca-87	gca-87
trnac-gca-88	gca-88
trnac-gca-89	gca-89
trnac-gca-9	gca-9
trnac-gca-90	gca-90
trnac-gca-91	gca-91
trnac-gca-92	gca-92
trnac-gca-93	gca-93
trnac-gca-94	gca-94
trnac-gca-95	gca-95
trnac-gca-96	gca-96
trnac-gca-97	gca-97
trnac-gca-98	gca-98
trnac-gca-99	gca-99
trnad-auc	auc
trnad-guc	guc
trnad-guc-10	guc-10
trnad-guc-100	guc-100
trnad-guc-101	guc-101
trnad-guc-102	guc-102
trnad-guc-103	guc-103
trnad-guc-104	guc-104
trnad-guc-105	guc-105
trnad-guc-106	guc-106
trnad-guc-107	guc-107
trnad-guc-108	guc-108
trnad-guc-109	guc-109
trnad-guc-11	guc-11
trnad-guc-110	guc-110
trnad-guc-111	guc-111
trnad-guc-112	guc-112
trnad-guc-113	guc-113
trnad-guc-114	guc-114
trnad-guc-115	guc-115
trnad-guc-116	guc-116
trnad-guc-117	guc-117
trnad-guc-118	guc-118
trnad-guc-119	guc-119
trnad-guc-12	guc-12
trnad-guc-120	guc-120
trnad-guc-121	guc-121
trnad-guc-122	guc-122
trnad-guc-123	guc-123
trnad-guc-124	guc-124
trnad-guc-125	guc-125
trnad-guc-126	guc-126
trnad-guc-127	guc-127
trnad-guc-128	guc-128
trnad-guc-129	guc-129
trnad-guc-13	guc-13
trnad-guc-130	guc-130
trnad-guc-131	guc-131
trnad-guc-132	guc-132
trnad-guc-133	guc-133
trnad-guc-134	guc-134
trnad-guc-135	guc-135
trnad-guc-136	guc-136
trnad-guc-137	guc-137
trnad-guc-138	guc-138
trnad-guc-139	guc-139
trnad-guc-14	guc-14
trnad-guc-140	guc-140
trnad-guc-141	guc-141
trnad-guc-142	guc-142
trnad-guc-143	guc-143
trnad-guc-144	guc-144
trnad-guc-145	guc-145
trnad-guc-146	guc-146
trnad-guc-147	guc-147
trnad-guc-148	guc-148
trnad-guc-149	guc-149
trnad-guc-15	guc-15
trnad-guc-150	guc-150
trnad-guc-151	guc-151
trnad-guc-152	guc-152
trnad-guc-153	guc-153
trnad-guc-154	guc-154
trnad-guc-155	guc-155
trnad-guc-156	guc-156
trnad-guc-157	guc-157
trnad-guc-158	guc-158
trnad-guc-159	guc-159
trnad-guc-16	guc-16
trnad-guc-160	guc-160
trnad-guc-161	guc-161
trnad-guc-162	guc-162
trnad-guc-163	guc-163
trnad-guc-164	guc-164
trnad-guc-165	guc-165
trnad-guc-166	guc-166
trnad-guc-167	guc-167
trnad-guc-168	guc-168
trnad-guc-169	guc-169
trnad-guc-17	guc-17
trnad-guc-170	guc-170
trnad-guc-171	guc-171
trnad-guc-172	guc-172
trnad-guc-173	guc-173
trnad-guc-174	guc-174
trnad-guc-175	guc-175
trnad-guc-176	guc-176
trnad-guc-177	guc-177
trnad-guc-178	guc-178
trnad-guc-179	guc-179
trnad-guc-18	guc-18
trnad-guc-180	guc-180
trnad-guc-181	guc-181
trnad-guc-182	guc-182
trnad-guc-183	guc-183
trnad-guc-184	guc-184
trnad-guc-185	guc-185
trnad-guc-186	guc-186
trnad-guc-187	guc-187
trnad-guc-188	guc-188
trnad-guc-189	guc-189
trnad-guc-19	guc-19
trnad-guc-190	guc-190
trnad-guc-191	guc-191
trnad-guc-192	guc-192
trnad-guc-193	guc-193
trnad-guc-194	guc-194
trnad-guc-195	guc-195
trnad-guc-196	guc-196
trnad-guc-197	guc-197
trnad-guc-198	guc-198
trnad-guc-199	guc-199
trnad-guc-2	guc-2
trnad-guc-20	guc-20
trnad-guc-200	guc-200
trnad-guc-201	guc-201
trnad-guc-202	guc-202
trnad-guc-203	guc-203
trnad-guc-204	guc-204
trnad-guc-205	guc-205
trnad-guc-206	guc-206
trnad-guc-207	guc-207
trnad-guc-208	guc-208
trnad-guc-209	guc-209
trnad-guc-21	guc-21
trnad-guc-210	guc-210
trnad-guc-211	guc-211
trnad-guc-212	guc-212
trnad-guc-213	guc-213
trnad-guc-214	guc-214
trnad-guc-215	guc-215
trnad-guc-216	guc-216
trnad-guc-217	guc-217
trnad-guc-218	guc-218
trnad-guc-219	guc-219
trnad-guc-22	guc-22
trnad-guc-220	guc-220
trnad-guc-221	guc-221
trnad-guc-222	guc-222
trnad-guc-223	guc-223
trnad-guc-224	guc-224
trnad-guc-225	guc-225
trnad-guc-226	guc-226
trnad-guc-227	guc-227
trnad-guc-228	guc-228
trnad-guc-229	guc-229
trnad-guc-23	guc-23
trnad-guc-230	guc-230
trnad-guc-231	guc-231
trnad-guc-232	guc-232
trnad-guc-233	guc-233
trnad-guc-234	guc-234
trnad-guc-235	guc-235
trnad-guc-236	guc-236
trnad-guc-237	guc-237
trnad-guc-238	guc-238
trnad-guc-239	guc-239
trnad-guc-24	guc-24
trnad-guc-240	guc-240
trnad-guc-241	guc-241
trnad-guc-242	guc-242
trnad-guc-243	guc-243
trnad-guc-244	guc-244
trnad-guc-245	guc-245
trnad-guc-246	guc-246
trnad-guc-247	guc-247
trnad-guc-248	guc-248
trnad-guc-249	guc-249
trnad-guc-25	guc-25
trnad-guc-250	guc-250
trnad-guc-251	guc-251
trnad-guc-252	guc-252
trnad-guc-253	guc-253
trnad-guc-254	guc-254
trnad-guc-255	guc-255
trnad-guc-256	guc-256
trnad-guc-257	guc-257
trnad-guc-258	guc-258
trnad-guc-259	guc-259
trnad-guc-26	guc-26
trnad-guc-260	guc-260
trnad-guc-261	guc-261
trnad-guc-262	guc-262
trnad-guc-263	guc-263
trnad-guc-264	guc-264
trnad-guc-265	guc-265
trnad-guc-266	guc-266
trnad-guc-267	guc-267
trnad-guc-268	guc-268
trnad-guc-269	guc-269
trnad-guc-27	guc-27
trnad-guc-270	guc-270
trnad-guc-271	guc-271
trnad-guc-272	guc-272
trnad-guc-273	guc-273
trnad-guc-274	guc-274
trnad-guc-275	guc-275
trnad-guc-276	guc-276
trnad-guc-277	guc-277
trnad-guc-278	guc-278
trnad-guc-279	guc-279
trnad-guc-28	guc-28
trnad-guc-280	guc-280
trnad-guc-281	guc-281
trnad-guc-282	guc-282
trnad-guc-29	guc-29
trnad-guc-3	guc-3
trnad-guc-30	guc-30
trnad-guc-31	guc-31
trnad-guc-32	guc-32
trnad-guc-33	guc-33
trnad-guc-34	guc-34
trnad-guc-35	guc-35
trnad-guc-36	guc-36
trnad-guc-37	guc-37
trnad-guc-38	guc-38
trnad-guc-39	guc-39
trnad-guc-4	guc-4
trnad-guc-40	guc-40
trnad-guc-41	guc-41
trnad-guc-42	guc-42
trnad-guc-43	guc-43
trnad-guc-44	guc-44
trnad-guc-45	guc-45
trnad-guc-46	guc-46
trnad-guc-47	guc-47
trnad-guc-48	guc-48
trnad-guc-49	guc-49
trnad-guc-5	guc-5
trnad-guc-50	guc-50
trnad-guc-51	guc-51
trnad-guc-52	guc-52
trnad-guc-53	guc-53
trnad-guc-54	guc-54
trnad-guc-55	guc-55
trnad-guc-56	guc-56
trnad-guc-57	guc-57
trnad-guc-58	guc-58
trnad-guc-59	guc-59
trnad-guc-6	guc-6
trnad-guc-60	guc-60
trnad-guc-61	guc-61
trnad-guc-62	guc-62
trnad-guc-63	guc-63
trnad-guc-64	guc-64
trnad-guc-65	guc-65
trnad-guc-66	guc-66
trnad-guc-67	guc-67
trnad-guc-68	guc-68
trnad-guc-69	guc-69
trnad-guc-7	guc-7
trnad-guc-70	guc-70
trnad-guc-71	guc-71
trnad-guc-72	guc-72
trnad-guc-73	guc-73
trnad-guc-74	guc-74
trnad-guc-75	guc-75
trnad-guc-76	guc-76
trnad-guc-77	guc-77
trnad-guc-78	guc-78
trnad-guc-79	guc-79
trnad-guc-8	guc-8
trnad-guc-80	guc-80
trnad-guc-81	guc-81
trnad-guc-82	guc-82
trnad-guc-83	guc-83
trnad-guc-84	guc-84
trnad-guc-85	guc-85
trnad-guc-86	guc-86
trnad-guc-87	guc-87
trnad-guc-88	guc-88
trnad-guc-89	guc-89
trnad-guc-9	guc-9
trnad-guc-90	guc-90
trnad-guc-91	guc-91
trnad-guc-92	guc-92
trnad-guc-93	guc-93
trnad-guc-94	guc-94
trnad-guc-95	guc-95
trnad-guc-96	guc-96
trnad-guc-97	guc-97
trnad-guc-98	guc-98
trnad-guc-99	guc-99
trnae-cuc	cuc
trnae-cuc-10	cuc-10
trnae-cuc-100	cuc-100
trnae-cuc-101	cuc-101
trnae-cuc-102	cuc-102
trnae-cuc-103	cuc-103
trnae-cuc-104	cuc-104
trnae-cuc-105	cuc-105
trnae-cuc-106	cuc-106
trnae-cuc-107	cuc-107
trnae-cuc-108	cuc-108
trnae-cuc-109	cuc-109
trnae-cuc-11	cuc-11
trnae-cuc-110	cuc-110
trnae-cuc-111	cuc-111
trnae-cuc-112	cuc-112
trnae-cuc-113	cuc-113
trnae-cuc-114	cuc-114
trnae-cuc-115	cuc-115
trnae-cuc-116	cuc-116
trnae-cuc-117	cuc-117
trnae-cuc-118	cuc-118
trnae-cuc-119	cuc-119
trnae-cuc-12	cuc-12
trnae-cuc-120	cuc-120
trnae-cuc-121	cuc-121
trnae-cuc-122	cuc-122
trnae-cuc-123	cuc-123
trnae-cuc-124	cuc-124
trnae-cuc-125	cuc-125
trnae-cuc-126	cuc-126
trnae-cuc-127	cuc-127
trnae-cuc-128	cuc-128
trnae-cuc-129	cuc-129
trnae-cuc-13	cuc-13
trnae-cuc-130	cuc-130
trnae-cuc-131	cuc-131
trnae-cuc-132	cuc-132
trnae-cuc-133	cuc-133
trnae-cuc-134	cuc-134
trnae-cuc-135	cuc-135
trnae-cuc-136	cuc-136
trnae-cuc-137	cuc-137
trnae-cuc-138	cuc-138
trnae-cuc-139	cuc-139
trnae-cuc-14	cuc-14
trnae-cuc-140	cuc-140
trnae-cuc-141	cuc-141
trnae-cuc-142	cuc-142
trnae-cuc-143	cuc-143
trnae-cuc-144	cuc-144
trnae-cuc-145	cuc-145
trnae-cuc-146	cuc-146
trnae-cuc-147	cuc-147
trnae-cuc-148	cuc-148
trnae-cuc-149	cuc-149
trnae-cuc-15	cuc-15
trnae-cuc-150	cuc-150
trnae-cuc-151	cuc-151
trnae-cuc-152	cuc-152
trnae-cuc-153	cuc-153
trnae-cuc-154	cuc-154
trnae-cuc-155	cuc-155
trnae-cuc-156	cuc-156
trnae-cuc-157	cuc-157
trnae-cuc-158	cuc-158
trnae-cuc-159	cuc-159
trnae-cuc-16	cuc-16
trnae-cuc-160	cuc-160
trnae-cuc-161	cuc-161
trnae-cuc-162	cuc-162
trnae-cuc-163	cuc-163
trnae-cuc-164	cuc-164
trnae-cuc-165	cuc-165
trnae-cuc-166	cuc-166
trnae-cuc-167	cuc-167
trnae-cuc-168	cuc-168
trnae-cuc-169	cuc-169
trnae-cuc-17	cuc-17
trnae-cuc-170	cuc-170
trnae-cuc-171	cuc-171
trnae-cuc-172	cuc-172
trnae-cuc-173	cuc-173
trnae-cuc-174	cuc-174
trnae-cuc-175	cuc-175
trnae-cuc-176	cuc-176
trnae-cuc-177	cuc-177
trnae-cuc-178	cuc-178
trnae-cuc-179	cuc-179
trnae-cuc-18	cuc-18
trnae-cuc-180	cuc-180
trnae-cuc-181	cuc-181
trnae-cuc-182	cuc-182
trnae-cuc-183	cuc-183
trnae-cuc-184	cuc-184
trnae-cuc-185	cuc-185
trnae-cuc-186	cuc-186
trnae-cuc-187	cuc-187
trnae-cuc-188	cuc-188
trnae-cuc-189	cuc-189
trnae-cuc-19	cuc-19
trnae-cuc-190	cuc-190
trnae-cuc-191	cuc-191
trnae-cuc-192	cuc-192
trnae-cuc-193	cuc-193
trnae-cuc-194	cuc-194
trnae-cuc-195	cuc-195
trnae-cuc-196	cuc-196
trnae-cuc-197	cuc-197
trnae-cuc-2	cuc-2
trnae-cuc-20	cuc-20
trnae-cuc-21	cuc-21
trnae-cuc-22	cuc-22
trnae-cuc-23	cuc-23
trnae-cuc-24	cuc-24
trnae-cuc-25	cuc-25
trnae-cuc-26	cuc-26
trnae-cuc-27	cuc-27
trnae-cuc-28	cuc-28
trnae-cuc-29	cuc-29
trnae-cuc-3	cuc-3
trnae-cuc-30	cuc-30
trnae-cuc-31	cuc-31
trnae-cuc-32	cuc-32
trnae-cuc-33	cuc-33
trnae-cuc-34	cuc-34
trnae-cuc-35	cuc-35
trnae-cuc-36	cuc-36
trnae-cuc-37	cuc-37
trnae-cuc-38	cuc-38
trnae-cuc-39	cuc-39
trnae-cuc-4	cuc-4
trnae-cuc-40	cuc-40
trnae-cuc-41	cuc-41
trnae-cuc-42	cuc-42
trnae-cuc-43	cuc-43
trnae-cuc-44	cuc-44
trnae-cuc-45	cuc-45
trnae-cuc-46	cuc-46
trnae-cuc-47	cuc-47
trnae-cuc-48	cuc-48
trnae-cuc-49	cuc-49
trnae-cuc-5	cuc-5
trnae-cuc-50	cuc-50
trnae-cuc-51	cuc-51
trnae-cuc-52	cuc-52
trnae-cuc-53	cuc-53
trnae-cuc-54	cuc-54
trnae-cuc-55	cuc-55
trnae-cuc-56	cuc-56
trnae-cuc-57	cuc-57
trnae-cuc-58	cuc-58
trnae-cuc-59	cuc-59
trnae-cuc-6	cuc-6
trnae-cuc-60	cuc-60
trnae-cuc-61	cuc-61
trnae-cuc-62	cuc-62
trnae-cuc-63	cuc-63
trnae-cuc-64	cuc-64
trnae-cuc-65	cuc-65
trnae-cuc-66	cuc-66
trnae-cuc-67	cuc-67
trnae-cuc-68	cuc-68
trnae-cuc-69	cuc-69
trnae-cuc-7	cuc-7
trnae-cuc-70	cuc-70
trnae-cuc-71	cuc-71
trnae-cuc-72	cuc-72
trnae-cuc-73	cuc-73
trnae-cuc-74	cuc-74
trnae-cuc-75	cuc-75
trnae-cuc-76	cuc-76
trnae-cuc-77	cuc-77
trnae-cuc-78	cuc-78
trnae-cuc-79	cuc-79
trnae-cuc-8	cuc-8
trnae-cuc-80	cuc-80
trnae-cuc-81	cuc-81
trnae-cuc-82	cuc-82
trnae-cuc-83	cuc-83
trnae-cuc-84	cuc-84
trnae-cuc-85	cuc-85
trnae-cuc-86	cuc-86
trnae-cuc-87	cuc-87
trnae-cuc-88	cuc-88
trnae-cuc-89	cuc-89
trnae-cuc-9	cuc-9
trnae-cuc-90	cuc-90
trnae-cuc-91	cuc-91
trnae-cuc-92	cuc-92
trnae-cuc-93	cuc-93
trnae-cuc-94	cuc-94
trnae-cuc-95	cuc-95
trnae-cuc-96	cuc-96
trnae-cuc-97	cuc-97
trnae-cuc-98	cuc-98
trnae-cuc-99	cuc-99
trnae-uuc	uuc
trnae-uuc-10	uuc-10
trnae-uuc-100	uuc-100
trnae-uuc-101	uuc-101
trnae-uuc-102	uuc-102
trnae-uuc-103	uuc-103
trnae-uuc-104	uuc-104
trnae-uuc-105	uuc-105
trnae-uuc-106	uuc-106
trnae-uuc-107	uuc-107
trnae-uuc-108	uuc-108
trnae-uuc-109	uuc-109
trnae-uuc-11	uuc-11
trnae-uuc-110	uuc-110
trnae-uuc-111	uuc-111
trnae-uuc-112	uuc-112
trnae-uuc-113	uuc-113
trnae-uuc-114	uuc-114
trnae-uuc-115	uuc-115
trnae-uuc-116	uuc-116
trnae-uuc-117	uuc-117
trnae-uuc-118	uuc-118
trnae-uuc-119	uuc-119
trnae-uuc-12	uuc-12
trnae-uuc-120	uuc-120
trnae-uuc-121	uuc-121
trnae-uuc-122	uuc-122
trnae-uuc-123	uuc-123
trnae-uuc-124	uuc-124
trnae-uuc-125	uuc-125
trnae-uuc-126	uuc-126
trnae-uuc-127	uuc-127
trnae-uuc-128	uuc-128
trnae-uuc-129	uuc-129
trnae-uuc-13	uuc-13
trnae-uuc-130	uuc-130
trnae-uuc-131	uuc-131
trnae-uuc-132	uuc-132
trnae-uuc-133	uuc-133
trnae-uuc-134	uuc-134
trnae-uuc-135	uuc-135
trnae-uuc-136	uuc-136
trnae-uuc-137	uuc-137
trnae-uuc-138	uuc-138
trnae-uuc-139	uuc-139
trnae-uuc-14	uuc-14
trnae-uuc-140	uuc-140
trnae-uuc-141	uuc-141
trnae-uuc-142	uuc-142
trnae-uuc-143	uuc-143
trnae-uuc-144	uuc-144
trnae-uuc-145	uuc-145
trnae-uuc-146	uuc-146
trnae-uuc-147	uuc-147
trnae-uuc-148	uuc-148
trnae-uuc-149	uuc-149
trnae-uuc-15	uuc-15
trnae-uuc-150	uuc-150
trnae-uuc-151	uuc-151
trnae-uuc-152	uuc-152
trnae-uuc-153	uuc-153
trnae-uuc-154	uuc-154
trnae-uuc-155	uuc-155
trnae-uuc-156	uuc-156
trnae-uuc-157	uuc-157
trnae-uuc-158	uuc-158
trnae-uuc-159	uuc-159
trnae-uuc-16	uuc-16
trnae-uuc-160	uuc-160
trnae-uuc-161	uuc-161
trnae-uuc-162	uuc-162
trnae-uuc-163	uuc-163
trnae-uuc-164	uuc-164
trnae-uuc-165	uuc-165
trnae-uuc-166	uuc-166
trnae-uuc-167	uuc-167
trnae-uuc-168	uuc-168
trnae-uuc-169	uuc-169
trnae-uuc-17	uuc-17
trnae-uuc-170	uuc-170
trnae-uuc-18	uuc-18
trnae-uuc-19	uuc-19
trnae-uuc-2	uuc-2
trnae-uuc-20	uuc-20
trnae-uuc-21	uuc-21
trnae-uuc-22	uuc-22
trnae-uuc-23	uuc-23
trnae-uuc-24	uuc-24
trnae-uuc-25	uuc-25
trnae-uuc-26	uuc-26
trnae-uuc-27	uuc-27
trnae-uuc-28	uuc-28
trnae-uuc-29	uuc-29
trnae-uuc-3	uuc-3
trnae-uuc-30	uuc-30
trnae-uuc-31	uuc-31
trnae-uuc-32	uuc-32
trnae-uuc-33	uuc-33
trnae-uuc-34	uuc-34
trnae-uuc-35	uuc-35
trnae-uuc-36	uuc-36
trnae-uuc-37	uuc-37
trnae-uuc-38	uuc-38
trnae-uuc-39	uuc-39
trnae-uuc-4	uuc-4
trnae-uuc-40	uuc-40
trnae-uuc-41	uuc-41
trnae-uuc-42	uuc-42
trnae-uuc-43	uuc-43
trnae-uuc-44	uuc-44
trnae-uuc-45	uuc-45
trnae-uuc-46	uuc-46
trnae-uuc-47	uuc-47
trnae-uuc-48	uuc-48
trnae-uuc-49	uuc-49
trnae-uuc-5	uuc-5
trnae-uuc-50	uuc-50
trnae-uuc-51	uuc-51
trnae-uuc-52	uuc-52
trnae-uuc-53	uuc-53
trnae-uuc-54	uuc-54
trnae-uuc-55	uuc-55
trnae-uuc-56	uuc-56
trnae-uuc-57	uuc-57
trnae-uuc-58	uuc-58
trnae-uuc-59	uuc-59
trnae-uuc-6	uuc-6
trnae-uuc-60	uuc-60
trnae-uuc-61	uuc-61
trnae-uuc-62	uuc-62
trnae-uuc-63	uuc-63
trnae-uuc-64	uuc-64
trnae-uuc-65	uuc-65
trnae-uuc-66	uuc-66
trnae-uuc-67	uuc-67
trnae-uuc-68	uuc-68
trnae-uuc-69	uuc-69
trnae-uuc-7	uuc-7
trnae-uuc-70	uuc-70
trnae-uuc-71	uuc-71
trnae-uuc-72	uuc-72
trnae-uuc-73	uuc-73
trnae-uuc-74	uuc-74
trnae-uuc-75	uuc-75
trnae-uuc-76	uuc-76
trnae-uuc-77	uuc-77
trnae-uuc-78	uuc-78
trnae-uuc-79	uuc-79
trnae-uuc-8	uuc-8
trnae-uuc-80	uuc-80
trnae-uuc-81	uuc-81
trnae-uuc-82	uuc-82
trnae-uuc-83	uuc-83
trnae-uuc-84	uuc-84
trnae-uuc-85	uuc-85
trnae-uuc-86	uuc-86
trnae-uuc-87	uuc-87
trnae-uuc-88	uuc-88
trnae-uuc-89	uuc-89
trnae-uuc-9	uuc-9
trnae-uuc-90	uuc-90
trnae-uuc-91	uuc-91
trnae-uuc-92	uuc-92
trnae-uuc-93	uuc-93
trnae-uuc-94	uuc-94
trnae-uuc-95	uuc-95
trnae-uuc-96	uuc-96
trnae-uuc-97	uuc-97
trnae-uuc-98	uuc-98
trnae-uuc-99	uuc-99
trnaf-aaa	aaa
trnaf-aaa-2	aaa-2
trnaf-aaa-3	aaa-3
trnaf-aaa-4	aaa-4
trnaf-aaa-5	aaa-5
trnaf-aaa-6	aaa-6
trnaf-aaa-7	aaa-7
trnaf-gaa	gaa
trnaf-gaa-10	gaa-10
trnaf-gaa-100	gaa-100
trnaf-gaa-101	gaa-101
trnaf-gaa-102	gaa-102
trnaf-gaa-103	gaa-103
trnaf-gaa-104	gaa-104
trnaf-gaa-105	gaa-105
trnaf-gaa-106	gaa-106
trnaf-gaa-107	gaa-107
trnaf-gaa-108	gaa-108
trnaf-gaa-109	gaa-109
trnaf-gaa-11	gaa-11
trnaf-gaa-110	gaa-110
trnaf-gaa-111	gaa-111
trnaf-gaa-112	gaa-112
trnaf-gaa-113	gaa-113
trnaf-gaa-114	gaa-114
trnaf-gaa-115	gaa-115
trnaf-gaa-116	gaa-116
trnaf-gaa-117	gaa-117
trnaf-gaa-118	gaa-118
trnaf-gaa-119	gaa-119
trnaf-gaa-12	gaa-12
trnaf-gaa-120	gaa-120
trnaf-gaa-121	gaa-121
trnaf-gaa-122	gaa-122
trnaf-gaa-123	gaa-123
trnaf-gaa-124	gaa-124
trnaf-gaa-125	gaa-125
trnaf-gaa-126	gaa-126
trnaf-gaa-127	gaa-127
trnaf-gaa-128	gaa-128
trnaf-gaa-129	gaa-129
trnaf-gaa-13	gaa-13
trnaf-gaa-130	gaa-130
trnaf-gaa-131	gaa-131
trnaf-gaa-132	gaa-132
trnaf-gaa-133	gaa-133
trnaf-gaa-134	gaa-134
trnaf-gaa-135	gaa-135
trnaf-gaa-136	gaa-136
trnaf-gaa-137	gaa-137
trnaf-gaa-138	gaa-138
trnaf-gaa-139	gaa-139
trnaf-gaa-14	gaa-14
trnaf-gaa-140	gaa-140
trnaf-gaa-141	gaa-141
trnaf-gaa-142	gaa-142
trnaf-gaa-143	gaa-143
trnaf-gaa-144	gaa-144
trnaf-gaa-145	gaa-145
trnaf-gaa-146	gaa-146
trnaf-gaa-147	gaa-147
trnaf-gaa-148	gaa-148
trnaf-gaa-149	gaa-149
trnaf-gaa-15	gaa-15
trnaf-gaa-150	gaa-150
trnaf-gaa-151	gaa-151
trnaf-gaa-152	gaa-152
trnaf-gaa-153	gaa-153
trnaf-gaa-154	gaa-154
trnaf-gaa-155	gaa-155
trnaf-gaa-156	gaa-156
trnaf-gaa-157	gaa-157
trnaf-gaa-158	gaa-158
trnaf-gaa-159	gaa-159
trnaf-gaa-16	gaa-16
trnaf-gaa-160	gaa-160
trnaf-gaa-161	gaa-161
trnaf-gaa-162	gaa-162
trnaf-gaa-163	gaa-163
trnaf-gaa-164	gaa-164
trnaf-gaa-165	gaa-165
trnaf-gaa-166	gaa-166
trnaf-gaa-167	gaa-167
trnaf-gaa-168	gaa-168
trnaf-gaa-169	gaa-169
trnaf-gaa-17	gaa-17
trnaf-gaa-170	gaa-170
trnaf-gaa-171	gaa-171
trnaf-gaa-172	gaa-172
trnaf-gaa-173	gaa-173
trnaf-gaa-174	gaa-174
trnaf-gaa-175	gaa-175
trnaf-gaa-176	gaa-176
trnaf-gaa-177	gaa-177
trnaf-gaa-178	gaa-178
trnaf-gaa-179	gaa-179
trnaf-gaa-18	gaa-18
trnaf-gaa-180	gaa-180
trnaf-gaa-181	gaa-181
trnaf-gaa-182	gaa-182
trnaf-gaa-183	gaa-183
trnaf-gaa-184	gaa-184
trnaf-gaa-185	gaa-185
trnaf-gaa-186	gaa-186
trnaf-gaa-187	gaa-187
trnaf-gaa-188	gaa-188
trnaf-gaa-189	gaa-189
trnaf-gaa-19	gaa-19
trnaf-gaa-190	gaa-190
trnaf-gaa-191	gaa-191
trnaf-gaa-192	gaa-192
trnaf-gaa-193	gaa-193
trnaf-gaa-194	gaa-194
trnaf-gaa-195	gaa-195
trnaf-gaa-196	gaa-196
trnaf-gaa-197	gaa-197
trnaf-gaa-198	gaa-198
trnaf-gaa-199	gaa-199
trnaf-gaa-2	gaa-2
trnaf-gaa-20	gaa-20
trnaf-gaa-200	gaa-200
trnaf-gaa-201	gaa-201
trnaf-gaa-202	gaa-202
trnaf-gaa-203	gaa-203
trnaf-gaa-204	gaa-204
trnaf-gaa-205	gaa-205
trnaf-gaa-206	gaa-206
trnaf-gaa-21	gaa-21
trnaf-gaa-22	gaa-22
trnaf-gaa-23	gaa-23
trnaf-gaa-24	gaa-24
trnaf-gaa-25	gaa-25
trnaf-gaa-26	gaa-26
trnaf-gaa-27	gaa-27
trnaf-gaa-28	gaa-28
trnaf-gaa-29	gaa-29
trnaf-gaa-3	gaa-3
trnaf-gaa-30	gaa-30
trnaf-gaa-31	gaa-31
trnaf-gaa-32	gaa-32
trnaf-gaa-33	gaa-33
trnaf-gaa-34	gaa-34
trnaf-gaa-35	gaa-35
trnaf-gaa-36	gaa-36
trnaf-gaa-37	gaa-37
trnaf-gaa-38	gaa-38
trnaf-gaa-39	gaa-39
trnaf-gaa-4	gaa-4
trnaf-gaa-40	gaa-40
trnaf-gaa-41	gaa-41
trnaf-gaa-42	gaa-42
trnaf-gaa-43	gaa-43
trnaf-gaa-44	gaa-44
trnaf-gaa-45	gaa-45
trnaf-gaa-46	gaa-46
trnaf-gaa-47	gaa-47
trnaf-gaa-48	gaa-48
trnaf-gaa-49	gaa-49
trnaf-gaa-5	gaa-5
trnaf-gaa-50	gaa-50
trnaf-gaa-51	gaa-51
trnaf-gaa-52	gaa-52
trnaf-gaa-53	gaa-53
trnaf-gaa-54	gaa-54
trnaf-gaa-55	gaa-55
trnaf-gaa-56	gaa-56
trnaf-gaa-57	gaa-57
trnaf-gaa-58	gaa-58
trnaf-gaa-59	gaa-59
trnaf-gaa-6	gaa-6
trnaf-gaa-60	gaa-60
trnaf-gaa-61	gaa-61
trnaf-gaa-62	gaa-62
trnaf-gaa-63	gaa-63
trnaf-gaa-64	gaa-64
trnaf-gaa-65	gaa-65
trnaf-gaa-66	gaa-66
trnaf-gaa-67	gaa-67
trnaf-gaa-68	gaa-68
trnaf-gaa-69	gaa-69
trnaf-gaa-7	gaa-7
trnaf-gaa-70	gaa-70
trnaf-gaa-71	gaa-71
trnaf-gaa-72	gaa-72
trnaf-gaa-73	gaa-73
trnaf-gaa-74	gaa-74
trnaf-gaa-75	gaa-75
trnaf-gaa-76	gaa-76
trnaf-gaa-77	gaa-77
trnaf-gaa-78	gaa-78
trnaf-gaa-79	gaa-79
trnaf-gaa-8	gaa-8
trnaf-gaa-80	gaa-80
trnaf-gaa-81	gaa-81
trnaf-gaa-82	gaa-82
trnaf-gaa-83	gaa-83
trnaf-gaa-84	gaa-84
trnaf-gaa-85	gaa-85
trnaf-gaa-86	gaa-86
trnaf-gaa-87	gaa-87
trnaf-gaa-88	gaa-88
trnaf-gaa-89	gaa-89
trnaf-gaa-9	gaa-9
trnaf-gaa-90	gaa-90
trnaf-gaa-91	gaa-91
trnaf-gaa-92	gaa-92
trnaf-gaa-93	gaa-93
trnaf-gaa-94	gaa-94
trnaf-gaa-95	gaa-95
trnaf-gaa-96	gaa-96
trnaf-gaa-97	gaa-97
trnaf-gaa-98	gaa-98
trnaf-gaa-99	gaa-99
trnag-acc	acc
trnag-acc-2	acc-2
trnag-acc-3	acc-3
trnag-acc-4	acc-4
trnag-acc-5	acc-5
trnag-acc-6	acc-6
trnag-ccc	ccc
trnag-ccc-10	ccc-10
trnag-ccc-100	ccc-100
trnag-ccc-101	ccc-101
trnag-ccc-102	ccc-102
trnag-ccc-103	ccc-103
trnag-ccc-104	ccc-104
trnag-ccc-105	ccc-105
trnag-ccc-106	ccc-106
trnag-ccc-107	ccc-107
trnag-ccc-108	ccc-108
trnag-ccc-109	ccc-109
trnag-ccc-11	ccc-11
trnag-ccc-110	ccc-110
trnag-ccc-111	ccc-111
trnag-ccc-112	ccc-112
trnag-ccc-113	ccc-113
trnag-ccc-114	ccc-114
trnag-ccc-115	ccc-115
trnag-ccc-116	ccc-116
trnag-ccc-117	ccc-117
trnag-ccc-118	ccc-118
trnag-ccc-119	ccc-119
trnag-ccc-12	ccc-12
trnag-ccc-120	ccc-120
trnag-ccc-121	ccc-121
trnag-ccc-122	ccc-122
trnag-ccc-123	ccc-123
trnag-ccc-124	ccc-124
trnag-ccc-125	ccc-125
trnag-ccc-126	ccc-126
trnag-ccc-127	ccc-127
trnag-ccc-128	ccc-128
trnag-ccc-129	ccc-129
trnag-ccc-13	ccc-13
trnag-ccc-130	ccc-130
trnag-ccc-131	ccc-131
trnag-ccc-132	ccc-132
trnag-ccc-133	ccc-133
trnag-ccc-134	ccc-134
trnag-ccc-135	ccc-135
trnag-ccc-136	ccc-136
trnag-ccc-137	ccc-137
trnag-ccc-138	ccc-138
trnag-ccc-14	ccc-14
trnag-ccc-15	ccc-15
trnag-ccc-16	ccc-16
trnag-ccc-17	ccc-17
trnag-ccc-18	ccc-18
trnag-ccc-19	ccc-19
trnag-ccc-2	ccc-2
trnag-ccc-20	ccc-20
trnag-ccc-21	ccc-21
trnag-ccc-22	ccc-22
trnag-ccc-23	ccc-23
trnag-ccc-24	ccc-24
trnag-ccc-25	ccc-25
trnag-ccc-26	ccc-26
trnag-ccc-27	ccc-27
trnag-ccc-28	ccc-28
trnag-ccc-29	ccc-29
trnag-ccc-3	ccc-3
trnag-ccc-30	ccc-30
trnag-ccc-31	ccc-31
trnag-ccc-32	ccc-32
trnag-ccc-33	ccc-33
trnag-ccc-34	ccc-34
trnag-ccc-35	ccc-35
trnag-ccc-36	ccc-36
trnag-ccc-37	ccc-37
trnag-ccc-38	ccc-38
trnag-ccc-39	ccc-39
trnag-ccc-4	ccc-4
trnag-ccc-40	ccc-40
trnag-ccc-41	ccc-41
trnag-ccc-42	ccc-42
trnag-ccc-43	ccc-43
trnag-ccc-44	ccc-44
trnag-ccc-45	ccc-45
trnag-ccc-46	ccc-46
trnag-ccc-47	ccc-47
trnag-ccc-48	ccc-48
trnag-ccc-49	ccc-49
trnag-ccc-5	ccc-5
trnag-ccc-50	ccc-50
trnag-ccc-51	ccc-51
trnag-ccc-52	ccc-52
trnag-ccc-53	ccc-53
trnag-ccc-54	ccc-54
trnag-ccc-55	ccc-55
trnag-ccc-56	ccc-56
trnag-ccc-57	ccc-57
trnag-ccc-58	ccc-58
trnag-ccc-59	ccc-59
trnag-ccc-6	ccc-6
trnag-ccc-60	ccc-60
trnag-ccc-61	ccc-61
trnag-ccc-62	ccc-62
trnag-ccc-63	ccc-63
trnag-ccc-64	ccc-64
trnag-ccc-65	ccc-65
trnag-ccc-66	ccc-66
trnag-ccc-67	ccc-67
trnag-ccc-68	ccc-68
trnag-ccc-69	ccc-69
trnag-ccc-7	ccc-7
trnag-ccc-70	ccc-70
trnag-ccc-71	ccc-71
trnag-ccc-72	ccc-72
trnag-ccc-73	ccc-73
trnag-ccc-74	ccc-74
trnag-ccc-75	ccc-75
trnag-ccc-76	ccc-76
trnag-ccc-77	ccc-77
trnag-ccc-78	ccc-78
trnag-ccc-79	ccc-79
trnag-ccc-8	ccc-8
trnag-ccc-80	ccc-80
trnag-ccc-81	ccc-81
trnag-ccc-82	ccc-82
trnag-ccc-83	ccc-83
trnag-ccc-84	ccc-84
trnag-ccc-85	ccc-85
trnag-ccc-86	ccc-86
trnag-ccc-87	ccc-87
trnag-ccc-88	ccc-88
trnag-ccc-89	ccc-89
trnag-ccc-9	ccc-9
trnag-ccc-90	ccc-90
trnag-ccc-91	ccc-91
trnag-ccc-92	ccc-92
trnag-ccc-93	ccc-93
trnag-ccc-94	ccc-94
trnag-ccc-95	ccc-95
trnag-ccc-96	ccc-96
trnag-ccc-97	ccc-97
trnag-ccc-98	ccc-98
trnag-ccc-99	ccc-99
trnag-gcc	gcc
trnag-gcc-10	gcc-10
trnag-gcc-100	gcc-100
trnag-gcc-101	gcc-101
trnag-gcc-102	gcc-102
trnag-gcc-103	gcc-103
trnag-gcc-104	gcc-104
trnag-gcc-105	gcc-105
trnag-gcc-106	gcc-106
trnag-gcc-107	gcc-107
trnag-gcc-108	gcc-108
trnag-gcc-109	gcc-109
trnag-gcc-11	gcc-11
trnag-gcc-110	gcc-110
trnag-gcc-111	gcc-111
trnag-gcc-112	gcc-112
trnag-gcc-113	gcc-113
trnag-gcc-114	gcc-114
trnag-gcc-115	gcc-115
trnag-gcc-116	gcc-116
trnag-gcc-117	gcc-117
trnag-gcc-118	gcc-118
trnag-gcc-119	gcc-119
trnag-gcc-12	gcc-12
trnag-gcc-120	gcc-120
trnag-gcc-121	gcc-121
trnag-gcc-122	gcc-122
trnag-gcc-123	gcc-123
trnag-gcc-124	gcc-124
trnag-gcc-125	gcc-125
trnag-gcc-126	gcc-126
trnag-gcc-127	gcc-127
trnag-gcc-128	gcc-128
trnag-gcc-129	gcc-129
trnag-gcc-13	gcc-13
trnag-gcc-130	gcc-130
trnag-gcc-131	gcc-131
trnag-gcc-132	gcc-132
trnag-gcc-133	gcc-133
trnag-gcc-134	gcc-134
trnag-gcc-135	gcc-135
trnag-gcc-136	gcc-136
trnag-gcc-137	gcc-137
trnag-gcc-138	gcc-138
trnag-gcc-139	gcc-139
trnag-gcc-14	gcc-14
trnag-gcc-140	gcc-140
trnag-gcc-141	gcc-141
trnag-gcc-142	gcc-142
trnag-gcc-143	gcc-143
trnag-gcc-144	gcc-144
trnag-gcc-145	gcc-145
trnag-gcc-146	gcc-146
trnag-gcc-147	gcc-147
trnag-gcc-148	gcc-148
trnag-gcc-149	gcc-149
trnag-gcc-15	gcc-15
trnag-gcc-150	gcc-150
trnag-gcc-151	gcc-151
trnag-gcc-152	gcc-152
trnag-gcc-153	gcc-153
trnag-gcc-154	gcc-154
trnag-gcc-155	gcc-155
trnag-gcc-156	gcc-156
trnag-gcc-157	gcc-157
trnag-gcc-158	gcc-158
trnag-gcc-159	gcc-159
trnag-gcc-16	gcc-16
trnag-gcc-160	gcc-160
trnag-gcc-161	gcc-161
trnag-gcc-162	gcc-162
trnag-gcc-163	gcc-163
trnag-gcc-164	gcc-164
trnag-gcc-165	gcc-165
trnag-gcc-166	gcc-166
trnag-gcc-167	gcc-167
trnag-gcc-168	gcc-168
trnag-gcc-169	gcc-169
trnag-gcc-17	gcc-17
trnag-gcc-170	gcc-170
trnag-gcc-171	gcc-171
trnag-gcc-172	gcc-172
trnag-gcc-173	gcc-173
trnag-gcc-174	gcc-174
trnag-gcc-175	gcc-175
trnag-gcc-176	gcc-176
trnag-gcc-177	gcc-177
trnag-gcc-178	gcc-178
trnag-gcc-179	gcc-179
trnag-gcc-18	gcc-18
trnag-gcc-180	gcc-180
trnag-gcc-181	gcc-181
trnag-gcc-182	gcc-182
trnag-gcc-183	gcc-183
trnag-gcc-184	gcc-184
trnag-gcc-185	gcc-185
trnag-gcc-186	gcc-186
trnag-gcc-187	gcc-187
trnag-gcc-188	gcc-188
trnag-gcc-189	gcc-189
trnag-gcc-19	gcc-19
trnag-gcc-190	gcc-190
trnag-gcc-191	gcc-191
trnag-gcc-192	gcc-192
trnag-gcc-193	gcc-193
trnag-gcc-194	gcc-194
trnag-gcc-195	gcc-195
trnag-gcc-196	gcc-196
trnag-gcc-197	gcc-197
trnag-gcc-198	gcc-198
trnag-gcc-199	gcc-199
trnag-gcc-2	gcc-2
trnag-gcc-20	gcc-20
trnag-gcc-200	gcc-200
trnag-gcc-201	gcc-201
trnag-gcc-202	gcc-202
trnag-gcc-203	gcc-203
trnag-gcc-204	gcc-204
trnag-gcc-205	gcc-205
trnag-gcc-206	gcc-206
trnag-gcc-207	gcc-207
trnag-gcc-208	gcc-208
trnag-gcc-209	gcc-209
trnag-gcc-21	gcc-21
trnag-gcc-210	gcc-210
trnag-gcc-211	gcc-211
trnag-gcc-212	gcc-212
trnag-gcc-213	gcc-213
trnag-gcc-214	gcc-214
trnag-gcc-215	gcc-215
trnag-gcc-216	gcc-216
trnag-gcc-217	gcc-217
trnag-gcc-218	gcc-218
trnag-gcc-219	gcc-219
trnag-gcc-22	gcc-22
trnag-gcc-220	gcc-220
trnag-gcc-221	gcc-221
trnag-gcc-222	gcc-222
trnag-gcc-223	gcc-223
trnag-gcc-224	gcc-224
trnag-gcc-225	gcc-225
trnag-gcc-226	gcc-226
trnag-gcc-227	gcc-227
trnag-gcc-228	gcc-228
trnag-gcc-229	gcc-229
trnag-gcc-23	gcc-23
trnag-gcc-230	gcc-230
trnag-gcc-231	gcc-231
trnag-gcc-232	gcc-232
trnag-gcc-233	gcc-233
trnag-gcc-234	gcc-234
trnag-gcc-235	gcc-235
trnag-gcc-236	gcc-236
trnag-gcc-237	gcc-237
trnag-gcc-238	gcc-238
trnag-gcc-239	gcc-239
trnag-gcc-24	gcc-24
trnag-gcc-240	gcc-240
trnag-gcc-241	gcc-241
trnag-gcc-242	gcc-242
trnag-gcc-243	gcc-243
trnag-gcc-244	gcc-244
trnag-gcc-245	gcc-245
trnag-gcc-246	gcc-246
trnag-gcc-247	gcc-247
trnag-gcc-248	gcc-248
trnag-gcc-249	gcc-249
trnag-gcc-25	gcc-25
trnag-gcc-250	gcc-250
trnag-gcc-251	gcc-251
trnag-gcc-252	gcc-252
trnag-gcc-253	gcc-253
trnag-gcc-254	gcc-254
trnag-gcc-255	gcc-255
trnag-gcc-256	gcc-256
trnag-gcc-257	gcc-257
trnag-gcc-258	gcc-258
trnag-gcc-259	gcc-259
trnag-gcc-26	gcc-26
trnag-gcc-260	gcc-260
trnag-gcc-261	gcc-261
trnag-gcc-262	gcc-262
trnag-gcc-263	gcc-263
trnag-gcc-264	gcc-264
trnag-gcc-265	gcc-265
trnag-gcc-266	gcc-266
trnag-gcc-267	gcc-267
trnag-gcc-268	gcc-268
trnag-gcc-269	gcc-269
trnag-gcc-27	gcc-27
trnag-gcc-270	gcc-270
trnag-gcc-271	gcc-271
trnag-gcc-272	gcc-272
trnag-gcc-273	gcc-273
trnag-gcc-274	gcc-274
trnag-gcc-275	gcc-275
trnag-gcc-276	gcc-276
trnag-gcc-277	gcc-277
trnag-gcc-278	gcc-278
trnag-gcc-279	gcc-279
trnag-gcc-28	gcc-28
trnag-gcc-280	gcc-280
trnag-gcc-281	gcc-281
trnag-gcc-282	gcc-282
trnag-gcc-283	gcc-283
trnag-gcc-284	gcc-284
trnag-gcc-285	gcc-285
trnag-gcc-286	gcc-286
trnag-gcc-287	gcc-287
trnag-gcc-288	gcc-288
trnag-gcc-289	gcc-289
trnag-gcc-29	gcc-29
trnag-gcc-290	gcc-290
trnag-gcc-291	gcc-291
trnag-gcc-292	gcc-292
trnag-gcc-293	gcc-293
trnag-gcc-3	gcc-3
trnag-gcc-30	gcc-30
trnag-gcc-31	gcc-31
trnag-gcc-32	gcc-32
trnag-gcc-33	gcc-33
trnag-gcc-34	gcc-34
trnag-gcc-35	gcc-35
trnag-gcc-36	gcc-36
trnag-gcc-37	gcc-37
trnag-gcc-38	gcc-38
trnag-gcc-39	gcc-39
trnag-gcc-4	gcc-4
trnag-gcc-40	gcc-40
trnag-gcc-41	gcc-41
trnag-gcc-42	gcc-42
trnag-gcc-43	gcc-43
trnag-gcc-44	gcc-44
trnag-gcc-45	gcc-45
trnag-gcc-46	gcc-46
trnag-gcc-47	gcc-47
trnag-gcc-48	gcc-48
trnag-gcc-49	gcc-49
trnag-gcc-5	gcc-5
trnag-gcc-50	gcc-50
trnag-gcc-51	gcc-51
trnag-gcc-52	gcc-52
trnag-gcc-53	gcc-53
trnag-gcc-54	gcc-54
trnag-gcc-55	gcc-55
trnag-gcc-56	gcc-56
trnag-gcc-57	gcc-57
trnag-gcc-58	gcc-58
trnag-gcc-59	gcc-59
trnag-gcc-6	gcc-6
trnag-gcc-60	gcc-60
trnag-gcc-61	gcc-61
trnag-gcc-62	gcc-62
trnag-gcc-63	gcc-63
trnag-gcc-64	gcc-64
trnag-gcc-65	gcc-65
trnag-gcc-66	gcc-66
trnag-gcc-67	gcc-67
trnag-gcc-68	gcc-68
trnag-gcc-69	gcc-69
trnag-gcc-7	gcc-7
trnag-gcc-70	gcc-70
trnag-gcc-71	gcc-71
trnag-gcc-72	gcc-72
trnag-gcc-73	gcc-73
trnag-gcc-74	gcc-74
trnag-gcc-75	gcc-75
trnag-gcc-76	gcc-76
trnag-gcc-77	gcc-77
trnag-gcc-78	gcc-78
trnag-gcc-79	gcc-79
trnag-gcc-8	gcc-8
trnag-gcc-80	gcc-80
trnag-gcc-81	gcc-81
trnag-gcc-82	gcc-82
trnag-gcc-83	gcc-83
trnag-gcc-84	gcc-84
trnag-gcc-85	gcc-85
trnag-gcc-86	gcc-86
trnag-gcc-87	gcc-87
trnag-gcc-88	gcc-88
trnag-gcc-89	gcc-89
trnag-gcc-9	gcc-9
trnag-gcc-90	gcc-90
trnag-gcc-91	gcc-91
trnag-gcc-92	gcc-92
trnag-gcc-93	gcc-93
trnag-gcc-94	gcc-94
trnag-gcc-95	gcc-95
trnag-gcc-96	gcc-96
trnag-gcc-97	gcc-97
trnag-gcc-98	gcc-98
trnag-gcc-99	gcc-99
trnag-ucc	ucc
trnag-ucc-10	ucc-10
trnag-ucc-100	ucc-100
trnag-ucc-101	ucc-101
trnag-ucc-102	ucc-102
trnag-ucc-103	ucc-103
trnag-ucc-104	ucc-104
trnag-ucc-105	ucc-105
trnag-ucc-106	ucc-106
trnag-ucc-107	ucc-107
trnag-ucc-108	ucc-108
trnag-ucc-109	ucc-109
trnag-ucc-11	ucc-11
trnag-ucc-110	ucc-110
trnag-ucc-111	ucc-111
trnag-ucc-112	ucc-112
trnag-ucc-113	ucc-113
trnag-ucc-114	ucc-114
trnag-ucc-115	ucc-115
trnag-ucc-116	ucc-116
trnag-ucc-117	ucc-117
trnag-ucc-118	ucc-118
trnag-ucc-119	ucc-119
trnag-ucc-12	ucc-12
trnag-ucc-120	ucc-120
trnag-ucc-121	ucc-121
trnag-ucc-122	ucc-122
trnag-ucc-123	ucc-123
trnag-ucc-124	ucc-124
trnag-ucc-125	ucc-125
trnag-ucc-126	ucc-126
trnag-ucc-127	ucc-127
trnag-ucc-128	ucc-128
trnag-ucc-129	ucc-129
trnag-ucc-13	ucc-13
trnag-ucc-130	ucc-130
trnag-ucc-131	ucc-131
trnag-ucc-132	ucc-132
trnag-ucc-133	ucc-133
trnag-ucc-134	ucc-134
trnag-ucc-135	ucc-135
trnag-ucc-136	ucc-136
trnag-ucc-137	ucc-137
trnag-ucc-138	ucc-138
trnag-ucc-139	ucc-139
trnag-ucc-14	ucc-14
trnag-ucc-140	ucc-140
trnag-ucc-141	ucc-141
trnag-ucc-142	ucc-142
trnag-ucc-143	ucc-143
trnag-ucc-144	ucc-144
trnag-ucc-145	ucc-145
trnag-ucc-146	ucc-146
trnag-ucc-147	ucc-147
trnag-ucc-148	ucc-148
trnag-ucc-149	ucc-149
trnag-ucc-15	ucc-15
trnag-ucc-150	ucc-150
trnag-ucc-151	ucc-151
trnag-ucc-152	ucc-152
trnag-ucc-153	ucc-153
trnag-ucc-154	ucc-154
trnag-ucc-155	ucc-155
trnag-ucc-156	ucc-156
trnag-ucc-157	ucc-157
trnag-ucc-158	ucc-158
trnag-ucc-159	ucc-159
trnag-ucc-16	ucc-16
trnag-ucc-160	ucc-160
trnag-ucc-161	ucc-161
trnag-ucc-162	ucc-162
trnag-ucc-163	ucc-163
trnag-ucc-164	ucc-164
trnag-ucc-165	ucc-165
trnag-ucc-166	ucc-166
trnag-ucc-167	ucc-167
trnag-ucc-168	ucc-168
trnag-ucc-169	ucc-169
trnag-ucc-17	ucc-17
trnag-ucc-170	ucc-170
trnag-ucc-171	ucc-171
trnag-ucc-172	ucc-172
trnag-ucc-173	ucc-173
trnag-ucc-174	ucc-174
trnag-ucc-175	ucc-175
trnag-ucc-176	ucc-176
trnag-ucc-177	ucc-177
trnag-ucc-178	ucc-178
trnag-ucc-179	ucc-179
trnag-ucc-18	ucc-18
trnag-ucc-180	ucc-180
trnag-ucc-181	ucc-181
trnag-ucc-182	ucc-182
trnag-ucc-183	ucc-183
trnag-ucc-184	ucc-184
trnag-ucc-185	ucc-185
trnag-ucc-186	ucc-186
trnag-ucc-187	ucc-187
trnag-ucc-188	ucc-188
trnag-ucc-189	ucc-189
trnag-ucc-19	ucc-19
trnag-ucc-190	ucc-190
trnag-ucc-191	ucc-191
trnag-ucc-192	ucc-192
trnag-ucc-193	ucc-193
trnag-ucc-194	ucc-194
trnag-ucc-195	ucc-195
trnag-ucc-196	ucc-196
trnag-ucc-197	ucc-197
trnag-ucc-198	ucc-198
trnag-ucc-199	ucc-199
trnag-ucc-2	ucc-2
trnag-ucc-20	ucc-20
trnag-ucc-200	ucc-200
trnag-ucc-201	ucc-201
trnag-ucc-202	ucc-202
trnag-ucc-203	ucc-203
trnag-ucc-204	ucc-204
trnag-ucc-205	ucc-205
trnag-ucc-206	ucc-206
trnag-ucc-207	ucc-207
trnag-ucc-208	ucc-208
trnag-ucc-209	ucc-209
trnag-ucc-21	ucc-21
trnag-ucc-210	ucc-210
trnag-ucc-211	ucc-211
trnag-ucc-22	ucc-22
trnag-ucc-23	ucc-23
trnag-ucc-24	ucc-24
trnag-ucc-25	ucc-25
trnag-ucc-26	ucc-26
trnag-ucc-27	ucc-27
trnag-ucc-28	ucc-28
trnag-ucc-29	ucc-29
trnag-ucc-3	ucc-3
trnag-ucc-30	ucc-30
trnag-ucc-31	ucc-31
trnag-ucc-32	ucc-32
trnag-ucc-33	ucc-33
trnag-ucc-34	ucc-34
trnag-ucc-35	ucc-35
trnag-ucc-36	ucc-36
trnag-ucc-37	ucc-37
trnag-ucc-38	ucc-38
trnag-ucc-39	ucc-39
trnag-ucc-4	ucc-4
trnag-ucc-40	ucc-40
trnag-ucc-41	ucc-41
trnag-ucc-42	ucc-42
trnag-ucc-43	ucc-43
trnag-ucc-44	ucc-44
trnag-ucc-45	ucc-45
trnag-ucc-46	ucc-46
trnag-ucc-47	ucc-47
trnag-ucc-48	ucc-48
trnag-ucc-49	ucc-49
trnag-ucc-5	ucc-5
trnag-ucc-50	ucc-50
trnag-ucc-51	ucc-51
trnag-ucc-52	ucc-52
trnag-ucc-53	ucc-53
trnag-ucc-54	ucc-54
trnag-ucc-55	ucc-55
trnag-ucc-56	ucc-56
trnag-ucc-57	ucc-57
trnag-ucc-58	ucc-58
trnag-ucc-59	ucc-59
trnag-ucc-6	ucc-6
trnag-ucc-60	ucc-60
trnag-ucc-61	ucc-61
trnag-ucc-62	ucc-62
trnag-ucc-63	ucc-63
trnag-ucc-64	ucc-64
trnag-ucc-65	ucc-65
trnag-ucc-66	ucc-66
trnag-ucc-67	ucc-67
trnag-ucc-68	ucc-68
trnag-ucc-69	ucc-69
trnag-ucc-7	ucc-7
trnag-ucc-70	ucc-70
trnag-ucc-71	ucc-71
trnag-ucc-72	ucc-72
trnag-ucc-73	ucc-73
trnag-ucc-74	ucc-74
trnag-ucc-75	ucc-75
trnag-ucc-76	ucc-76
trnag-ucc-77	ucc-77
trnag-ucc-78	ucc-78
trnag-ucc-79	ucc-79
trnag-ucc-8	ucc-8
trnag-ucc-80	ucc-80
trnag-ucc-81	ucc-81
trnag-ucc-82	ucc-82
trnag-ucc-83	ucc-83
trnag-ucc-84	ucc-84
trnag-ucc-85	ucc-85
trnag-ucc-86	ucc-86
trnag-ucc-87	ucc-87
trnag-ucc-88	ucc-88
trnag-ucc-89	ucc-89
trnag-ucc-9	ucc-9
trnag-ucc-90	ucc-90
trnag-ucc-91	ucc-91
trnag-ucc-92	ucc-92
trnag-ucc-93	ucc-93
trnag-ucc-94	ucc-94
trnag-ucc-95	ucc-95
trnag-ucc-96	ucc-96
trnag-ucc-97	ucc-97
trnag-ucc-98	ucc-98
trnag-ucc-99	ucc-99
trnah-aug	aug
trnah-aug-2	aug-2
trnah-aug-3	aug-3
trnah-aug-4	aug-4
trnah-aug-5	aug-5
trnah-aug-6	aug-6
trnah-aug-7	aug-7
trnah-aug-8	aug-8
trnah-gug	gug
trnah-gug-10	gug-10
trnah-gug-100	gug-100
trnah-gug-101	gug-101
trnah-gug-102	gug-102
trnah-gug-103	gug-103
trnah-gug-104	gug-104
trnah-gug-105	gug-105
trnah-gug-106	gug-106
trnah-gug-107	gug-107
trnah-gug-108	gug-108
trnah-gug-109	gug-109
trnah-gug-11	gug-11
trnah-gug-110	gug-110
trnah-gug-111	gug-111
trnah-gug-112	gug-112
trnah-gug-113	gug-113
trnah-gug-114	gug-114
trnah-gug-115	gug-115
trnah-gug-116	gug-116
trnah-gug-117	gug-117
trnah-gug-118	gug-118
trnah-gug-119	gug-119
trnah-gug-12	gug-12
trnah-gug-120	gug-120
trnah-gug-121	gug-121
trnah-gug-122	gug-122
trnah-gug-123	gug-123
trnah-gug-124	gug-124
trnah-gug-125	gug-125
trnah-gug-126	gug-126
trnah-gug-127	gug-127
trnah-gug-128	gug-128
trnah-gug-129	gug-129
trnah-gug-13	gug-13
trnah-gug-130	gug-130
trnah-gug-131	gug-131
trnah-gug-132	gug-132
trnah-gug-133	gug-133
trnah-gug-134	gug-134
trnah-gug-135	gug-135
trnah-gug-136	gug-136
trnah-gug-137	gug-137
trnah-gug-138	gug-138
trnah-gug-139	gug-139
trnah-gug-14	gug-14
trnah-gug-140	gug-140
trnah-gug-141	gug-141
trnah-gug-142	gug-142
trnah-gug-143	gug-143
trnah-gug-144	gug-144
trnah-gug-145	gug-145
trnah-gug-146	gug-146
trnah-gug-15	gug-15
trnah-gug-16	gug-16
trnah-gug-17	gug-17
trnah-gug-18	gug-18
trnah-gug-19	gug-19
trnah-gug-2	gug-2
trnah-gug-20	gug-20
trnah-gug-21	gug-21
trnah-gug-22	gug-22
trnah-gug-23	gug-23
trnah-gug-24	gug-24
trnah-gug-25	gug-25
trnah-gug-26	gug-26
trnah-gug-27	gug-27
trnah-gug-28	gug-28
trnah-gug-29	gug-29
trnah-gug-3	gug-3
trnah-gug-30	gug-30
trnah-gug-31	gug-31
trnah-gug-32	gug-32
trnah-gug-33	gug-33
trnah-gug-34	gug-34
trnah-gug-35	gug-35
trnah-gug-36	gug-36
trnah-gug-37	gug-37
trnah-gug-38	gug-38
trnah-gug-39	gug-39
trnah-gug-4	gug-4
trnah-gug-40	gug-40
trnah-gug-41	gug-41
trnah-gug-42	gug-42
trnah-gug-43	gug-43
trnah-gug-44	gug-44
trnah-gug-45	gug-45
trnah-gug-46	gug-46
trnah-gug-47	gug-47
trnah-gug-48	gug-48
trnah-gug-49	gug-49
trnah-gug-5	gug-5
trnah-gug-50	gug-50
trnah-gug-51	gug-51
trnah-gug-52	gug-52
trnah-gug-53	gug-53
trnah-gug-54	gug-54
trnah-gug-55	gug-55
trnah-gug-56	gug-56
trnah-gug-57	gug-57
trnah-gug-58	gug-58
trnah-gug-59	gug-59
trnah-gug-6	gug-6
trnah-gug-60	gug-60
trnah-gug-61	gug-61
trnah-gug-62	gug-62
trnah-gug-63	gug-63
trnah-gug-64	gug-64
trnah-gug-65	gug-65
trnah-gug-66	gug-66
trnah-gug-67	gug-67
trnah-gug-68	gug-68
trnah-gug-69	gug-69
trnah-gug-7	gug-7
trnah-gug-70	gug-70
trnah-gug-71	gug-71
trnah-gug-72	gug-72
trnah-gug-73	gug-73
trnah-gug-74	gug-74
trnah-gug-75	gug-75
trnah-gug-76	gug-76
trnah-gug-77	gug-77
trnah-gug-78	gug-78
trnah-gug-79	gug-79
trnah-gug-8	gug-8
trnah-gug-80	gug-80
trnah-gug-81	gug-81
trnah-gug-82	gug-82
trnah-gug-83	gug-83
trnah-gug-84	gug-84
trnah-gug-85	gug-85
trnah-gug-86	gug-86
trnah-gug-87	gug-87
trnah-gug-88	gug-88
trnah-gug-89	gug-89
trnah-gug-9	gug-9
trnah-gug-90	gug-90
trnah-gug-91	gug-91
trnah-gug-92	gug-92
trnah-gug-93	gug-93
trnah-gug-94	gug-94
trnah-gug-95	gug-95
trnah-gug-96	gug-96
trnah-gug-97	gug-97
trnah-gug-98	gug-98
trnah-gug-99	gug-99
trnai-aau	aau
trnai-aau-10	aau-10
trnai-aau-100	aau-100
trnai-aau-101	aau-101
trnai-aau-102	aau-102
trnai-aau-103	aau-103
trnai-aau-104	aau-104
trnai-aau-105	aau-105
trnai-aau-106	aau-106
trnai-aau-107	aau-107
trnai-aau-108	aau-108
trnai-aau-109	aau-109
trnai-aau-11	aau-11
trnai-aau-110	aau-110
trnai-aau-111	aau-111
trnai-aau-112	aau-112
trnai-aau-113	aau-113
trnai-aau-114	aau-114
trnai-aau-115	aau-115
trnai-aau-116	aau-116
trnai-aau-117	aau-117
trnai-aau-118	aau-118
trnai-aau-119	aau-119
trnai-aau-12	aau-12
trnai-aau-120	aau-120
trnai-aau-121	aau-121
trnai-aau-122	aau-122
trnai-aau-123	aau-123
trnai-aau-124	aau-124
trnai-aau-125	aau-125
trnai-aau-126	aau-126
trnai-aau-127	aau-127
trnai-aau-128	aau-128
trnai-aau-129	aau-129
trnai-aau-13	aau-13
trnai-aau-130	aau-130
trnai-aau-131	aau-131
trnai-aau-132	aau-132
trnai-aau-133	aau-133
trnai-aau-134	aau-134
trnai-aau-135	aau-135
trnai-aau-136	aau-136
trnai-aau-137	aau-137
trnai-aau-138	aau-138
trnai-aau-139	aau-139
trnai-aau-14	aau-14
trnai-aau-140	aau-140
trnai-aau-141	aau-141
trnai-aau-142	aau-142
trnai-aau-143	aau-143
trnai-aau-144	aau-144
trnai-aau-145	aau-145
trnai-aau-146	aau-146
trnai-aau-147	aau-147
trnai-aau-148	aau-148
trnai-aau-149	aau-149
trnai-aau-15	aau-15
trnai-aau-150	aau-150
trnai-aau-151	aau-151
trnai-aau-152	aau-152
trnai-aau-153	aau-153
trnai-aau-154	aau-154
trnai-aau-155	aau-155
trnai-aau-156	aau-156
trnai-aau-157	aau-157
trnai-aau-158	aau-158
trnai-aau-159	aau-159
trnai-aau-16	aau-16
trnai-aau-160	aau-160
trnai-aau-161	aau-161
trnai-aau-162	aau-162
trnai-aau-163	aau-163
trnai-aau-164	aau-164
trnai-aau-165	aau-165
trnai-aau-166	aau-166
trnai-aau-167	aau-167
trnai-aau-168	aau-168
trnai-aau-169	aau-169
trnai-aau-17	aau-17
trnai-aau-170	aau-170
trnai-aau-171	aau-171
trnai-aau-172	aau-172
trnai-aau-173	aau-173
trnai-aau-174	aau-174
trnai-aau-175	aau-175
trnai-aau-176	aau-176
trnai-aau-177	aau-177
trnai-aau-178	aau-178
trnai-aau-179	aau-179
trnai-aau-18	aau-18
trnai-aau-180	aau-180
trnai-aau-181	aau-181
trnai-aau-182	aau-182
trnai-aau-183	aau-183
trnai-aau-184	aau-184
trnai-aau-185	aau-185
trnai-aau-186	aau-186
trnai-aau-187	aau-187
trnai-aau-188	aau-188
trnai-aau-189	aau-189
trnai-aau-19	aau-19
trnai-aau-190	aau-190
trnai-aau-191	aau-191
trnai-aau-192	aau-192
trnai-aau-193	aau-193
trnai-aau-194	aau-194
trnai-aau-195	aau-195
trnai-aau-196	aau-196
trnai-aau-197	aau-197
trnai-aau-198	aau-198
trnai-aau-199	aau-199
trnai-aau-2	aau-2
trnai-aau-20	aau-20
trnai-aau-200	aau-200
trnai-aau-201	aau-201
trnai-aau-202	aau-202
trnai-aau-203	aau-203
trnai-aau-204	aau-204
trnai-aau-205	aau-205
trnai-aau-206	aau-206
trnai-aau-207	aau-207
trnai-aau-208	aau-208
trnai-aau-209	aau-209
trnai-aau-21	aau-21
trnai-aau-210	aau-210
trnai-aau-211	aau-211
trnai-aau-212	aau-212
trnai-aau-213	aau-213
trnai-aau-214	aau-214
trnai-aau-215	aau-215
trnai-aau-216	aau-216
trnai-aau-217	aau-217
trnai-aau-218	aau-218
trnai-aau-219	aau-219
trnai-aau-22	aau-22
trnai-aau-220	aau-220
trnai-aau-221	aau-221
trnai-aau-222	aau-222
trnai-aau-223	aau-223
trnai-aau-224	aau-224
trnai-aau-225	aau-225
trnai-aau-226	aau-226
trnai-aau-227	aau-227
trnai-aau-228	aau-228
trnai-aau-229	aau-229
trnai-aau-23	aau-23
trnai-aau-230	aau-230
trnai-aau-231	aau-231
trnai-aau-232	aau-232
trnai-aau-233	aau-233
trnai-aau-234	aau-234
trnai-aau-235	aau-235
trnai-aau-236	aau-236
trnai-aau-237	aau-237
trnai-aau-238	aau-238
trnai-aau-239	aau-239
trnai-aau-24	aau-24
trnai-aau-240	aau-240
trnai-aau-241	aau-241
trnai-aau-242	aau-242
trnai-aau-243	aau-243
trnai-aau-244	aau-244
trnai-aau-245	aau-245
trnai-aau-246	aau-246
trnai-aau-247	aau-247
trnai-aau-248	aau-248
trnai-aau-249	aau-249
trnai-aau-25	aau-25
trnai-aau-250	aau-250
trnai-aau-251	aau-251
trnai-aau-252	aau-252
trnai-aau-253	aau-253
trnai-aau-254	aau-254
trnai-aau-255	aau-255
trnai-aau-256	aau-256
trnai-aau-257	aau-257
trnai-aau-258	aau-258
trnai-aau-259	aau-259
trnai-aau-26	aau-26
trnai-aau-260	aau-260
trnai-aau-261	aau-261
trnai-aau-262	aau-262
trnai-aau-263	aau-263
trnai-aau-264	aau-264
trnai-aau-265	aau-265
trnai-aau-266	aau-266
trnai-aau-267	aau-267
trnai-aau-268	aau-268
trnai-aau-269	aau-269
trnai-aau-27	aau-27
trnai-aau-270	aau-270
trnai-aau-271	aau-271
trnai-aau-272	aau-272
trnai-aau-273	aau-273
trnai-aau-274	aau-274
trnai-aau-275	aau-275
trnai-aau-276	aau-276
trnai-aau-277	aau-277
trnai-aau-278	aau-278
trnai-aau-279	aau-279
trnai-aau-28	aau-28
trnai-aau-280	aau-280
trnai-aau-281	aau-281
trnai-aau-282	aau-282
trnai-aau-283	aau-283
trnai-aau-284	aau-284
trnai-aau-285	aau-285
trnai-aau-286	aau-286
trnai-aau-287	aau-287
trnai-aau-288	aau-288
trnai-aau-29	aau-29
trnai-aau-3	aau-3
trnai-aau-30	aau-30
trnai-aau-31	aau-31
trnai-aau-32	aau-32
trnai-aau-33	aau-33
trnai-aau-34	aau-34
trnai-aau-35	aau-35
trnai-aau-36	aau-36
trnai-aau-37	aau-37
trnai-aau-38	aau-38
trnai-aau-39	aau-39
trnai-aau-4	aau-4
trnai-aau-40	aau-40
trnai-aau-41	aau-41
trnai-aau-42	aau-42
trnai-aau-43	aau-43
trnai-aau-44	aau-44
trnai-aau-45	aau-45
trnai-aau-46	aau-46
trnai-aau-47	aau-47
trnai-aau-48	aau-48
trnai-aau-49	aau-49
trnai-aau-5	aau-5
trnai-aau-50	aau-50
trnai-aau-51	aau-51
trnai-aau-52	aau-52
trnai-aau-53	aau-53
trnai-aau-54	aau-54
trnai-aau-55	aau-55
trnai-aau-56	aau-56
trnai-aau-57	aau-57
trnai-aau-58	aau-58
trnai-aau-59	aau-59
trnai-aau-6	aau-6
trnai-aau-60	aau-60
trnai-aau-61	aau-61
trnai-aau-62	aau-62
trnai-aau-63	aau-63
trnai-aau-64	aau-64
trnai-aau-65	aau-65
trnai-aau-66	aau-66
trnai-aau-67	aau-67
trnai-aau-68	aau-68
trnai-aau-69	aau-69
trnai-aau-7	aau-7
trnai-aau-70	aau-70
trnai-aau-71	aau-71
trnai-aau-72	aau-72
trnai-aau-73	aau-73
trnai-aau-74	aau-74
trnai-aau-75	aau-75
trnai-aau-76	aau-76
trnai-aau-77	aau-77
trnai-aau-78	aau-78
trnai-aau-79	aau-79
trnai-aau-8	aau-8
trnai-aau-80	aau-80
trnai-aau-81	aau-81
trnai-aau-82	aau-82
trnai-aau-83	aau-83
trnai-aau-84	aau-84
trnai-aau-85	aau-85
trnai-aau-86	aau-86
trnai-aau-87	aau-87
trnai-aau-88	aau-88
trnai-aau-89	aau-89
trnai-aau-9	aau-9
trnai-aau-90	aau-90
trnai-aau-91	aau-91
trnai-aau-92	aau-92
trnai-aau-93	aau-93
trnai-aau-94	aau-94
trnai-aau-95	aau-95
trnai-aau-96	aau-96
trnai-aau-97	aau-97
trnai-aau-98	aau-98
trnai-aau-99	aau-99
trnai-gau	gau
trnai-gau-2	gau-2
trnai-gau-3	gau-3
trnai-gau-4	gau-4
trnai-gau-5	gau-5
trnai-gau-6	gau-6
trnai-gau-7	gau-7
trnai-uau	uau
trnai-uau-10	uau-10
trnai-uau-11	uau-11
trnai-uau-12	uau-12
trnai-uau-13	uau-13
trnai-uau-14	uau-14
trnai-uau-15	uau-15
trnai-uau-16	uau-16
trnai-uau-17	uau-17
trnai-uau-18	uau-18
trnai-uau-19	uau-19
trnai-uau-2	uau-2
trnai-uau-20	uau-20
trnai-uau-21	uau-21
trnai-uau-22	uau-22
trnai-uau-23	uau-23
trnai-uau-24	uau-24
trnai-uau-25	uau-25
trnai-uau-26	uau-26
trnai-uau-27	uau-27
trnai-uau-28	uau-28
trnai-uau-29	uau-29
trnai-uau-3	uau-3
trnai-uau-30	uau-30
trnai-uau-31	uau-31
trnai-uau-32	uau-32
trnai-uau-33	uau-33
trnai-uau-34	uau-34
trnai-uau-35	uau-35
trnai-uau-36	uau-36
trnai-uau-37	uau-37
trnai-uau-38	uau-38
trnai-uau-39	uau-39
trnai-uau-4	uau-4
trnai-uau-40	uau-40
trnai-uau-41	uau-41
trnai-uau-42	uau-42
trnai-uau-43	uau-43
trnai-uau-44	uau-44
trnai-uau-45	uau-45
trnai-uau-46	uau-46
trnai-uau-47	uau-47
trnai-uau-48	uau-48
trnai-uau-49	uau-49
trnai-uau-5	uau-5
trnai-uau-50	uau-50
trnai-uau-51	uau-51
trnai-uau-52	uau-52
trnai-uau-53	uau-53
trnai-uau-6	uau-6
trnai-uau-7	uau-7
trnai-uau-8	uau-8
trnai-uau-9	uau-9
trnak-cuu	cuu
trnak-cuu-10	cuu-10
trnak-cuu-100	cuu-100
trnak-cuu-101	cuu-101
trnak-cuu-102	cuu-102
trnak-cuu-103	cuu-103
trnak-cuu-104	cuu-104
trnak-cuu-105	cuu-105
trnak-cuu-106	cuu-106
trnak-cuu-107	cuu-107
trnak-cuu-108	cuu-108
trnak-cuu-109	cuu-109
trnak-cuu-11	cuu-11
trnak-cuu-110	cuu-110
trnak-cuu-111	cuu-111
trnak-cuu-112	cuu-112
trnak-cuu-113	cuu-113
trnak-cuu-114	cuu-114
trnak-cuu-115	cuu-115
trnak-cuu-116	cuu-116
trnak-cuu-117	cuu-117
trnak-cuu-118	cuu-118
trnak-cuu-119	cuu-119
trnak-cuu-12	cuu-12
trnak-cuu-120	cuu-120
trnak-cuu-121	cuu-121
trnak-cuu-122	cuu-122
trnak-cuu-123	cuu-123
trnak-cuu-124	cuu-124
trnak-cuu-125	cuu-125
trnak-cuu-126	cuu-126
trnak-cuu-127	cuu-127
trnak-cuu-128	cuu-128
trnak-cuu-129	cuu-129
trnak-cuu-13	cuu-13
trnak-cuu-130	cuu-130
trnak-cuu-131	cuu-131
trnak-cuu-132	cuu-132
trnak-cuu-133	cuu-133
trnak-cuu-134	cuu-134
trnak-cuu-135	cuu-135
trnak-cuu-136	cuu-136
trnak-cuu-137	cuu-137
trnak-cuu-138	cuu-138
trnak-cuu-139	cuu-139
trnak-cuu-14	cuu-14
trnak-cuu-140	cuu-140
trnak-cuu-141	cuu-141
trnak-cuu-142	cuu-142
trnak-cuu-143	cuu-143
trnak-cuu-144	cuu-144
trnak-cuu-145	cuu-145
trnak-cuu-146	cuu-146
trnak-cuu-147	cuu-147
trnak-cuu-148	cuu-148
trnak-cuu-149	cuu-149
trnak-cuu-15	cuu-15
trnak-cuu-150	cuu-150
trnak-cuu-151	cuu-151
trnak-cuu-152	cuu-152
trnak-cuu-153	cuu-153
trnak-cuu-154	cuu-154
trnak-cuu-155	cuu-155
trnak-cuu-156	cuu-156
trnak-cuu-157	cuu-157
trnak-cuu-158	cuu-158
trnak-cuu-159	cuu-159
trnak-cuu-16	cuu-16
trnak-cuu-160	cuu-160
trnak-cuu-161	cuu-161
trnak-cuu-162	cuu-162
trnak-cuu-163	cuu-163
trnak-cuu-164	cuu-164
trnak-cuu-165	cuu-165
trnak-cuu-166	cuu-166
trnak-cuu-167	cuu-167
trnak-cuu-168	cuu-168
trnak-cuu-169	cuu-169
trnak-cuu-17	cuu-17
trnak-cuu-170	cuu-170
trnak-cuu-171	cuu-171
trnak-cuu-172	cuu-172
trnak-cuu-173	cuu-173
trnak-cuu-174	cuu-174
trnak-cuu-175	cuu-175
trnak-cuu-176	cuu-176
trnak-cuu-177	cuu-177
trnak-cuu-178	cuu-178
trnak-cuu-179	cuu-179
trnak-cuu-18	cuu-18
trnak-cuu-180	cuu-180
trnak-cuu-181	cuu-181
trnak-cuu-182	cuu-182
trnak-cuu-183	cuu-183
trnak-cuu-184	cuu-184
trnak-cuu-185	cuu-185
trnak-cuu-186	cuu-186
trnak-cuu-187	cuu-187
trnak-cuu-188	cuu-188
trnak-cuu-189	cuu-189
trnak-cuu-19	cuu-19
trnak-cuu-190	cuu-190
trnak-cuu-191	cuu-191
trnak-cuu-192	cuu-192
trnak-cuu-193	cuu-193
trnak-cuu-194	cuu-194
trnak-cuu-195	cuu-195
trnak-cuu-196	cuu-196
trnak-cuu-197	cuu-197
trnak-cuu-198	cuu-198
trnak-cuu-199	cuu-199
trnak-cuu-2	cuu-2
trnak-cuu-20	cuu-20
trnak-cuu-200	cuu-200
trnak-cuu-201	cuu-201
trnak-cuu-202	cuu-202
trnak-cuu-203	cuu-203
trnak-cuu-204	cuu-204
trnak-cuu-205	cuu-205
trnak-cuu-206	cuu-206
trnak-cuu-207	cuu-207
trnak-cuu-208	cuu-208
trnak-cuu-209	cuu-209
trnak-cuu-21	cuu-21
trnak-cuu-210	cuu-210
trnak-cuu-211	cuu-211
trnak-cuu-212	cuu-212
trnak-cuu-213	cuu-213
trnak-cuu-214	cuu-214
trnak-cuu-215	cuu-215
trnak-cuu-216	cuu-216
trnak-cuu-217	cuu-217
trnak-cuu-218	cuu-218
trnak-cuu-219	cuu-219
trnak-cuu-22	cuu-22
trnak-cuu-220	cuu-220
trnak-cuu-221	cuu-221
trnak-cuu-222	cuu-222
trnak-cuu-223	cuu-223
trnak-cuu-224	cuu-224
trnak-cuu-225	cuu-225
trnak-cuu-226	cuu-226
trnak-cuu-227	cuu-227
trnak-cuu-228	cuu-228
trnak-cuu-229	cuu-229
trnak-cuu-23	cuu-23
trnak-cuu-230	cuu-230
trnak-cuu-231	cuu-231
trnak-cuu-232	cuu-232
trnak-cuu-233	cuu-233
trnak-cuu-234	cuu-234
trnak-cuu-235	cuu-235
trnak-cuu-236	cuu-236
trnak-cuu-237	cuu-237
trnak-cuu-238	cuu-238
trnak-cuu-239	cuu-239
trnak-cuu-24	cuu-24
trnak-cuu-240	cuu-240
trnak-cuu-241	cuu-241
trnak-cuu-242	cuu-242
trnak-cuu-243	cuu-243
trnak-cuu-244	cuu-244
trnak-cuu-245	cuu-245
trnak-cuu-246	cuu-246
trnak-cuu-247	cuu-247
trnak-cuu-248	cuu-248
trnak-cuu-249	cuu-249
trnak-cuu-25	cuu-25
trnak-cuu-250	cuu-250
trnak-cuu-251	cuu-251
trnak-cuu-252	cuu-252
trnak-cuu-253	cuu-253
trnak-cuu-254	cuu-254
trnak-cuu-255	cuu-255
trnak-cuu-256	cuu-256
trnak-cuu-257	cuu-257
trnak-cuu-258	cuu-258
trnak-cuu-259	cuu-259
trnak-cuu-26	cuu-26
trnak-cuu-260	cuu-260
trnak-cuu-261	cuu-261
trnak-cuu-262	cuu-262
trnak-cuu-263	cuu-263
trnak-cuu-264	cuu-264
trnak-cuu-265	cuu-265
trnak-cuu-266	cuu-266
trnak-cuu-267	cuu-267
trnak-cuu-268	cuu-268
trnak-cuu-269	cuu-269
trnak-cuu-27	cuu-27
trnak-cuu-270	cuu-270
trnak-cuu-271	cuu-271
trnak-cuu-272	cuu-272
trnak-cuu-273	cuu-273
trnak-cuu-274	cuu-274
trnak-cuu-275	cuu-275
trnak-cuu-276	cuu-276
trnak-cuu-277	cuu-277
trnak-cuu-278	cuu-278
trnak-cuu-279	cuu-279
trnak-cuu-28	cuu-28
trnak-cuu-280	cuu-280
trnak-cuu-281	cuu-281
trnak-cuu-282	cuu-282
trnak-cuu-283	cuu-283
trnak-cuu-284	cuu-284
trnak-cuu-285	cuu-285
trnak-cuu-286	cuu-286
trnak-cuu-287	cuu-287
trnak-cuu-288	cuu-288
trnak-cuu-289	cuu-289
trnak-cuu-29	cuu-29
trnak-cuu-290	cuu-290
trnak-cuu-291	cuu-291
trnak-cuu-3	cuu-3
trnak-cuu-30	cuu-30
trnak-cuu-31	cuu-31
trnak-cuu-32	cuu-32
trnak-cuu-33	cuu-33
trnak-cuu-34	cuu-34
trnak-cuu-35	cuu-35
trnak-cuu-36	cuu-36
trnak-cuu-37	cuu-37
trnak-cuu-38	cuu-38
trnak-cuu-39	cuu-39
trnak-cuu-4	cuu-4
trnak-cuu-40	cuu-40
trnak-cuu-41	cuu-41
trnak-cuu-42	cuu-42
trnak-cuu-43	cuu-43
trnak-cuu-44	cuu-44
trnak-cuu-45	cuu-45
trnak-cuu-46	cuu-46
trnak-cuu-47	cuu-47
trnak-cuu-48	cuu-48
trnak-cuu-49	cuu-49
trnak-cuu-5	cuu-5
trnak-cuu-50	cuu-50
trnak-cuu-51	cuu-51
trnak-cuu-52	cuu-52
trnak-cuu-53	cuu-53
trnak-cuu-54	cuu-54
trnak-cuu-55	cuu-55
trnak-cuu-56	cuu-56
trnak-cuu-57	cuu-57
trnak-cuu-58	cuu-58
trnak-cuu-59	cuu-59
trnak-cuu-6	cuu-6
trnak-cuu-60	cuu-60
trnak-cuu-61	cuu-61
trnak-cuu-62	cuu-62
trnak-cuu-63	cuu-63
trnak-cuu-64	cuu-64
trnak-cuu-65	cuu-65
trnak-cuu-66	cuu-66
trnak-cuu-67	cuu-67
trnak-cuu-68	cuu-68
trnak-cuu-69	cuu-69
trnak-cuu-7	cuu-7
trnak-cuu-70	cuu-70
trnak-cuu-71	cuu-71
trnak-cuu-72	cuu-72
trnak-cuu-73	cuu-73
trnak-cuu-74	cuu-74
trnak-cuu-75	cuu-75
trnak-cuu-76	cuu-76
trnak-cuu-77	cuu-77
trnak-cuu-78	cuu-78
trnak-cuu-79	cuu-79
trnak-cuu-8	cuu-8
trnak-cuu-80	cuu-80
trnak-cuu-81	cuu-81
trnak-cuu-82	cuu-82
trnak-cuu-83	cuu-83
trnak-cuu-84	cuu-84
trnak-cuu-85	cuu-85
trnak-cuu-86	cuu-86
trnak-cuu-87	cuu-87
trnak-cuu-88	cuu-88
trnak-cuu-89	cuu-89
trnak-cuu-9	cuu-9
trnak-cuu-90	cuu-90
trnak-cuu-91	cuu-91
trnak-cuu-92	cuu-92
trnak-cuu-93	cuu-93
trnak-cuu-94	cuu-94
trnak-cuu-95	cuu-95
trnak-cuu-96	cuu-96
trnak-cuu-97	cuu-97
trnak-cuu-98	cuu-98
trnak-cuu-99	cuu-99
trnak-uuu	uuu
trnak-uuu-10	uuu-10
trnak-uuu-100	uuu-100
trnak-uuu-101	uuu-101
trnak-uuu-102	uuu-102
trnak-uuu-103	uuu-103
trnak-uuu-104	uuu-104
trnak-uuu-105	uuu-105
trnak-uuu-106	uuu-106
trnak-uuu-107	uuu-107
trnak-uuu-108	uuu-108
trnak-uuu-109	uuu-109
trnak-uuu-11	uuu-11
trnak-uuu-110	uuu-110
trnak-uuu-111	uuu-111
trnak-uuu-112	uuu-112
trnak-uuu-113	uuu-113
trnak-uuu-114	uuu-114
trnak-uuu-115	uuu-115
trnak-uuu-116	uuu-116
trnak-uuu-117	uuu-117
trnak-uuu-118	uuu-118
trnak-uuu-119	uuu-119
trnak-uuu-12	uuu-12
trnak-uuu-120	uuu-120
trnak-uuu-121	uuu-121
trnak-uuu-122	uuu-122
trnak-uuu-123	uuu-123
trnak-uuu-124	uuu-124
trnak-uuu-125	uuu-125
trnak-uuu-126	uuu-126
trnak-uuu-127	uuu-127
trnak-uuu-128	uuu-128
trnak-uuu-129	uuu-129
trnak-uuu-13	uuu-13
trnak-uuu-130	uuu-130
trnak-uuu-131	uuu-131
trnak-uuu-132	uuu-132
trnak-uuu-133	uuu-133
trnak-uuu-134	uuu-134
trnak-uuu-135	uuu-135
trnak-uuu-136	uuu-136
trnak-uuu-137	uuu-137
trnak-uuu-138	uuu-138
trnak-uuu-139	uuu-139
trnak-uuu-14	uuu-14
trnak-uuu-140	uuu-140
trnak-uuu-141	uuu-141
trnak-uuu-142	uuu-142
trnak-uuu-143	uuu-143
trnak-uuu-144	uuu-144
trnak-uuu-145	uuu-145
trnak-uuu-146	uuu-146
trnak-uuu-147	uuu-147
trnak-uuu-148	uuu-148
trnak-uuu-149	uuu-149
trnak-uuu-15	uuu-15
trnak-uuu-150	uuu-150
trnak-uuu-151	uuu-151
trnak-uuu-152	uuu-152
trnak-uuu-153	uuu-153
trnak-uuu-154	uuu-154
trnak-uuu-155	uuu-155
trnak-uuu-156	uuu-156
trnak-uuu-157	uuu-157
trnak-uuu-158	uuu-158
trnak-uuu-159	uuu-159
trnak-uuu-16	uuu-16
trnak-uuu-160	uuu-160
trnak-uuu-161	uuu-161
trnak-uuu-162	uuu-162
trnak-uuu-163	uuu-163
trnak-uuu-164	uuu-164
trnak-uuu-165	uuu-165
trnak-uuu-166	uuu-166
trnak-uuu-167	uuu-167
trnak-uuu-168	uuu-168
trnak-uuu-169	uuu-169
trnak-uuu-17	uuu-17
trnak-uuu-170	uuu-170
trnak-uuu-171	uuu-171
trnak-uuu-172	uuu-172
trnak-uuu-173	uuu-173
trnak-uuu-174	uuu-174
trnak-uuu-175	uuu-175
trnak-uuu-176	uuu-176
trnak-uuu-177	uuu-177
trnak-uuu-178	uuu-178
trnak-uuu-179	uuu-179
trnak-uuu-18	uuu-18
trnak-uuu-180	uuu-180
trnak-uuu-181	uuu-181
trnak-uuu-182	uuu-182
trnak-uuu-183	uuu-183
trnak-uuu-184	uuu-184
trnak-uuu-185	uuu-185
trnak-uuu-186	uuu-186
trnak-uuu-187	uuu-187
trnak-uuu-188	uuu-188
trnak-uuu-189	uuu-189
trnak-uuu-19	uuu-19
trnak-uuu-190	uuu-190
trnak-uuu-191	uuu-191
trnak-uuu-192	uuu-192
trnak-uuu-193	uuu-193
trnak-uuu-194	uuu-194
trnak-uuu-195	uuu-195
trnak-uuu-196	uuu-196
trnak-uuu-197	uuu-197
trnak-uuu-198	uuu-198
trnak-uuu-199	uuu-199
trnak-uuu-2	uuu-2
trnak-uuu-20	uuu-20
trnak-uuu-200	uuu-200
trnak-uuu-201	uuu-201
trnak-uuu-202	uuu-202
trnak-uuu-203	uuu-203
trnak-uuu-204	uuu-204
trnak-uuu-205	uuu-205
trnak-uuu-206	uuu-206
trnak-uuu-207	uuu-207
trnak-uuu-208	uuu-208
trnak-uuu-209	uuu-209
trnak-uuu-21	uuu-21
trnak-uuu-210	uuu-210
trnak-uuu-211	uuu-211
trnak-uuu-212	uuu-212
trnak-uuu-213	uuu-213
trnak-uuu-214	uuu-214
trnak-uuu-215	uuu-215
trnak-uuu-216	uuu-216
trnak-uuu-217	uuu-217
trnak-uuu-218	uuu-218
trnak-uuu-219	uuu-219
trnak-uuu-22	uuu-22
trnak-uuu-220	uuu-220
trnak-uuu-221	uuu-221
trnak-uuu-222	uuu-222
trnak-uuu-223	uuu-223
trnak-uuu-224	uuu-224
trnak-uuu-225	uuu-225
trnak-uuu-226	uuu-226
trnak-uuu-227	uuu-227
trnak-uuu-228	uuu-228
trnak-uuu-229	uuu-229
trnak-uuu-23	uuu-23
trnak-uuu-230	uuu-230
trnak-uuu-231	uuu-231
trnak-uuu-232	uuu-232
trnak-uuu-233	uuu-233
trnak-uuu-234	uuu-234
trnak-uuu-235	uuu-235
trnak-uuu-236	uuu-236
trnak-uuu-237	uuu-237
trnak-uuu-238	uuu-238
trnak-uuu-239	uuu-239
trnak-uuu-24	uuu-24
trnak-uuu-240	uuu-240
trnak-uuu-241	uuu-241
trnak-uuu-242	uuu-242
trnak-uuu-243	uuu-243
trnak-uuu-244	uuu-244
trnak-uuu-245	uuu-245
trnak-uuu-246	uuu-246
trnak-uuu-247	uuu-247
trnak-uuu-248	uuu-248
trnak-uuu-249	uuu-249
trnak-uuu-25	uuu-25
trnak-uuu-250	uuu-250
trnak-uuu-251	uuu-251
trnak-uuu-252	uuu-252
trnak-uuu-253	uuu-253
trnak-uuu-254	uuu-254
trnak-uuu-255	uuu-255
trnak-uuu-256	uuu-256
trnak-uuu-257	uuu-257
trnak-uuu-258	uuu-258
trnak-uuu-259	uuu-259
trnak-uuu-26	uuu-26
trnak-uuu-260	uuu-260
trnak-uuu-261	uuu-261
trnak-uuu-262	uuu-262
trnak-uuu-263	uuu-263
trnak-uuu-264	uuu-264
trnak-uuu-265	uuu-265
trnak-uuu-266	uuu-266
trnak-uuu-267	uuu-267
trnak-uuu-268	uuu-268
trnak-uuu-269	uuu-269
trnak-uuu-27	uuu-27
trnak-uuu-270	uuu-270
trnak-uuu-271	uuu-271
trnak-uuu-272	uuu-272
trnak-uuu-273	uuu-273
trnak-uuu-274	uuu-274
trnak-uuu-275	uuu-275
trnak-uuu-276	uuu-276
trnak-uuu-277	uuu-277
trnak-uuu-278	uuu-278
trnak-uuu-279	uuu-279
trnak-uuu-28	uuu-28
trnak-uuu-280	uuu-280
trnak-uuu-281	uuu-281
trnak-uuu-282	uuu-282
trnak-uuu-283	uuu-283
trnak-uuu-284	uuu-284
trnak-uuu-285	uuu-285
trnak-uuu-286	uuu-286
trnak-uuu-287	uuu-287
trnak-uuu-288	uuu-288
trnak-uuu-289	uuu-289
trnak-uuu-29	uuu-29
trnak-uuu-290	uuu-290
trnak-uuu-291	uuu-291
trnak-uuu-292	uuu-292
trnak-uuu-3	uuu-3
trnak-uuu-30	uuu-30
trnak-uuu-31	uuu-31
trnak-uuu-32	uuu-32
trnak-uuu-33	uuu-33
trnak-uuu-34	uuu-34
trnak-uuu-35	uuu-35
trnak-uuu-36	uuu-36
trnak-uuu-37	uuu-37
trnak-uuu-38	uuu-38
trnak-uuu-39	uuu-39
trnak-uuu-4	uuu-4
trnak-uuu-40	uuu-40
trnak-uuu-41	uuu-41
trnak-uuu-42	uuu-42
trnak-uuu-43	uuu-43
trnak-uuu-44	uuu-44
trnak-uuu-45	uuu-45
trnak-uuu-46	uuu-46
trnak-uuu-47	uuu-47
trnak-uuu-48	uuu-48
trnak-uuu-49	uuu-49
trnak-uuu-5	uuu-5
trnak-uuu-50	uuu-50
trnak-uuu-51	uuu-51
trnak-uuu-52	uuu-52
trnak-uuu-53	uuu-53
trnak-uuu-54	uuu-54
trnak-uuu-55	uuu-55
trnak-uuu-56	uuu-56
trnak-uuu-57	uuu-57
trnak-uuu-58	uuu-58
trnak-uuu-59	uuu-59
trnak-uuu-6	uuu-6
trnak-uuu-60	uuu-60
trnak-uuu-61	uuu-61
trnak-uuu-62	uuu-62
trnak-uuu-63	uuu-63
trnak-uuu-64	uuu-64
trnak-uuu-65	uuu-65
trnak-uuu-66	uuu-66
trnak-uuu-67	uuu-67
trnak-uuu-68	uuu-68
trnak-uuu-69	uuu-69
trnak-uuu-7	uuu-7
trnak-uuu-70	uuu-70
trnak-uuu-71	uuu-71
trnak-uuu-72	uuu-72
trnak-uuu-73	uuu-73
trnak-uuu-74	uuu-74
trnak-uuu-75	uuu-75
trnak-uuu-76	uuu-76
trnak-uuu-77	uuu-77
trnak-uuu-78	uuu-78
trnak-uuu-79	uuu-79
trnak-uuu-8	uuu-8
trnak-uuu-80	uuu-80
trnak-uuu-81	uuu-81
trnak-uuu-82	uuu-82
trnak-uuu-83	uuu-83
trnak-uuu-84	uuu-84
trnak-uuu-85	uuu-85
trnak-uuu-86	uuu-86
trnak-uuu-87	uuu-87
trnak-uuu-88	uuu-88
trnak-uuu-89	uuu-89
trnak-uuu-9	uuu-9
trnak-uuu-90	uuu-90
trnak-uuu-91	uuu-91
trnak-uuu-92	uuu-92
trnak-uuu-93	uuu-93
trnak-uuu-94	uuu-94
trnak-uuu-95	uuu-95
trnak-uuu-96	uuu-96
trnak-uuu-97	uuu-97
trnak-uuu-98	uuu-98
trnak-uuu-99	uuu-99
trnal-aag	aag
trnal-aag-10	aag-10
trnal-aag-100	aag-100
trnal-aag-101	aag-101
trnal-aag-102	aag-102
trnal-aag-103	aag-103
trnal-aag-104	aag-104
trnal-aag-105	aag-105
trnal-aag-106	aag-106
trnal-aag-107	aag-107
trnal-aag-108	aag-108
trnal-aag-109	aag-109
trnal-aag-11	aag-11
trnal-aag-110	aag-110
trnal-aag-111	aag-111
trnal-aag-112	aag-112
trnal-aag-113	aag-113
trnal-aag-114	aag-114
trnal-aag-115	aag-115
trnal-aag-116	aag-116
trnal-aag-117	aag-117
trnal-aag-118	aag-118
trnal-aag-119	aag-119
trnal-aag-12	aag-12
trnal-aag-120	aag-120
trnal-aag-121	aag-121
trnal-aag-122	aag-122
trnal-aag-123	aag-123
trnal-aag-124	aag-124
trnal-aag-125	aag-125
trnal-aag-126	aag-126
trnal-aag-127	aag-127
trnal-aag-128	aag-128
trnal-aag-129	aag-129
trnal-aag-13	aag-13
trnal-aag-130	aag-130
trnal-aag-131	aag-131
trnal-aag-132	aag-132
trnal-aag-133	aag-133
trnal-aag-134	aag-134
trnal-aag-135	aag-135
trnal-aag-136	aag-136
trnal-aag-137	aag-137
trnal-aag-138	aag-138
trnal-aag-139	aag-139
trnal-aag-14	aag-14
trnal-aag-140	aag-140
trnal-aag-141	aag-141
trnal-aag-142	aag-142
trnal-aag-143	aag-143
trnal-aag-144	aag-144
trnal-aag-145	aag-145
trnal-aag-146	aag-146
trnal-aag-147	aag-147
trnal-aag-148	aag-148
trnal-aag-149	aag-149
trnal-aag-15	aag-15
trnal-aag-150	aag-150
trnal-aag-151	aag-151
trnal-aag-152	aag-152
trnal-aag-153	aag-153
trnal-aag-154	aag-154
trnal-aag-155	aag-155
trnal-aag-156	aag-156
trnal-aag-157	aag-157
trnal-aag-158	aag-158
trnal-aag-159	aag-159
trnal-aag-16	aag-16
trnal-aag-160	aag-160
trnal-aag-161	aag-161
trnal-aag-162	aag-162
trnal-aag-163	aag-163
trnal-aag-164	aag-164
trnal-aag-165	aag-165
trnal-aag-166	aag-166
trnal-aag-167	aag-167
trnal-aag-168	aag-168
trnal-aag-169	aag-169
trnal-aag-17	aag-17
trnal-aag-170	aag-170
trnal-aag-171	aag-171
trnal-aag-172	aag-172
trnal-aag-173	aag-173
trnal-aag-174	aag-174
trnal-aag-175	aag-175
trnal-aag-176	aag-176
trnal-aag-177	aag-177
trnal-aag-178	aag-178
trnal-aag-179	aag-179
trnal-aag-18	aag-18
trnal-aag-180	aag-180
trnal-aag-181	aag-181
trnal-aag-182	aag-182
trnal-aag-183	aag-183
trnal-aag-184	aag-184
trnal-aag-185	aag-185
trnal-aag-186	aag-186
trnal-aag-187	aag-187
trnal-aag-188	aag-188
trnal-aag-189	aag-189
trnal-aag-19	aag-19
trnal-aag-190	aag-190
trnal-aag-191	aag-191
trnal-aag-192	aag-192
trnal-aag-193	aag-193
trnal-aag-194	aag-194
trnal-aag-195	aag-195
trnal-aag-196	aag-196
trnal-aag-197	aag-197
trnal-aag-198	aag-198
trnal-aag-199	aag-199
trnal-aag-2	aag-2
trnal-aag-20	aag-20
trnal-aag-200	aag-200
trnal-aag-201	aag-201
trnal-aag-202	aag-202
trnal-aag-203	aag-203
trnal-aag-204	aag-204
trnal-aag-205	aag-205
trnal-aag-206	aag-206
trnal-aag-207	aag-207
trnal-aag-208	aag-208
trnal-aag-209	aag-209
trnal-aag-21	aag-21
trnal-aag-210	aag-210
trnal-aag-211	aag-211
trnal-aag-212	aag-212
trnal-aag-22	aag-22
trnal-aag-23	aag-23
trnal-aag-24	aag-24
trnal-aag-25	aag-25
trnal-aag-26	aag-26
trnal-aag-27	aag-27
trnal-aag-28	aag-28
trnal-aag-29	aag-29
trnal-aag-3	aag-3
trnal-aag-30	aag-30
trnal-aag-31	aag-31
trnal-aag-32	aag-32
trnal-aag-33	aag-33
trnal-aag-34	aag-34
trnal-aag-35	aag-35
trnal-aag-36	aag-36
trnal-aag-37	aag-37
trnal-aag-38	aag-38
trnal-aag-39	aag-39
trnal-aag-4	aag-4
trnal-aag-40	aag-40
trnal-aag-41	aag-41
trnal-aag-42	aag-42
trnal-aag-43	aag-43
trnal-aag-44	aag-44
trnal-aag-45	aag-45
trnal-aag-46	aag-46
trnal-aag-47	aag-47
trnal-aag-48	aag-48
trnal-aag-49	aag-49
trnal-aag-5	aag-5
trnal-aag-50	aag-50
trnal-aag-51	aag-51
trnal-aag-52	aag-52
trnal-aag-53	aag-53
trnal-aag-54	aag-54
trnal-aag-55	aag-55
trnal-aag-56	aag-56
trnal-aag-57	aag-57
trnal-aag-58	aag-58
trnal-aag-59	aag-59
trnal-aag-6	aag-6
trnal-aag-60	aag-60
trnal-aag-61	aag-61
trnal-aag-62	aag-62
trnal-aag-63	aag-63
trnal-aag-64	aag-64
trnal-aag-65	aag-65
trnal-aag-66	aag-66
trnal-aag-67	aag-67
trnal-aag-68	aag-68
trnal-aag-69	aag-69
trnal-aag-7	aag-7
trnal-aag-70	aag-70
trnal-aag-71	aag-71
trnal-aag-72	aag-72
trnal-aag-73	aag-73
trnal-aag-74	aag-74
trnal-aag-75	aag-75
trnal-aag-76	aag-76
trnal-aag-77	aag-77
trnal-aag-78	aag-78
trnal-aag-79	aag-79
trnal-aag-8	aag-8
trnal-aag-80	aag-80
trnal-aag-81	aag-81
trnal-aag-82	aag-82
trnal-aag-83	aag-83
trnal-aag-84	aag-84
trnal-aag-85	aag-85
trnal-aag-86	aag-86
trnal-aag-87	aag-87
trnal-aag-88	aag-88
trnal-aag-89	aag-89
trnal-aag-9	aag-9
trnal-aag-90	aag-90
trnal-aag-91	aag-91
trnal-aag-92	aag-92
trnal-aag-93	aag-93
trnal-aag-94	aag-94
trnal-aag-95	aag-95
trnal-aag-96	aag-96
trnal-aag-97	aag-97
trnal-aag-98	aag-98
trnal-aag-99	aag-99
trnal-caa	caa
trnal-caa-10	caa-10
trnal-caa-100	caa-100
trnal-caa-101	caa-101
trnal-caa-102	caa-102
trnal-caa-103	caa-103
trnal-caa-104	caa-104
trnal-caa-105	caa-105
trnal-caa-106	caa-106
trnal-caa-107	caa-107
trnal-caa-108	caa-108
trnal-caa-109	caa-109
trnal-caa-11	caa-11
trnal-caa-110	caa-110
trnal-caa-111	caa-111
trnal-caa-112	caa-112
trnal-caa-113	caa-113
trnal-caa-114	caa-114
trnal-caa-115	caa-115
trnal-caa-116	caa-116
trnal-caa-117	caa-117
trnal-caa-118	caa-118
trnal-caa-119	caa-119
trnal-caa-12	caa-12
trnal-caa-120	caa-120
trnal-caa-121	caa-121
trnal-caa-122	caa-122
trnal-caa-123	caa-123
trnal-caa-124	caa-124
trnal-caa-125	caa-125
trnal-caa-126	caa-126
trnal-caa-127	caa-127
trnal-caa-128	caa-128
trnal-caa-129	caa-129
trnal-caa-13	caa-13
trnal-caa-130	caa-130
trnal-caa-131	caa-131
trnal-caa-132	caa-132
trnal-caa-133	caa-133
trnal-caa-134	caa-134
trnal-caa-135	caa-135
trnal-caa-136	caa-136
trnal-caa-137	caa-137
trnal-caa-138	caa-138
trnal-caa-139	caa-139
trnal-caa-14	caa-14
trnal-caa-140	caa-140
trnal-caa-15	caa-15
trnal-caa-16	caa-16
trnal-caa-17	caa-17
trnal-caa-18	caa-18
trnal-caa-19	caa-19
trnal-caa-2	caa-2
trnal-caa-20	caa-20
trnal-caa-21	caa-21
trnal-caa-22	caa-22
trnal-caa-23	caa-23
trnal-caa-24	caa-24
trnal-caa-25	caa-25
trnal-caa-26	caa-26
trnal-caa-27	caa-27
trnal-caa-28	caa-28
trnal-caa-29	caa-29
trnal-caa-3	caa-3
trnal-caa-30	caa-30
trnal-caa-31	caa-31
trnal-caa-32	caa-32
trnal-caa-33	caa-33
trnal-caa-34	caa-34
trnal-caa-35	caa-35
trnal-caa-36	caa-36
trnal-caa-37	caa-37
trnal-caa-38	caa-38
trnal-caa-39	caa-39
trnal-caa-4	caa-4
trnal-caa-40	caa-40
trnal-caa-41	caa-41
trnal-caa-42	caa-42
trnal-caa-43	caa-43
trnal-caa-44	caa-44
trnal-caa-45	caa-45
trnal-caa-46	caa-46
trnal-caa-47	caa-47
trnal-caa-48	caa-48
trnal-caa-49	caa-49
trnal-caa-5	caa-5
trnal-caa-50	caa-50
trnal-caa-51	caa-51
trnal-caa-52	caa-52
trnal-caa-53	caa-53
trnal-caa-54	caa-54
trnal-caa-55	caa-55
trnal-caa-56	caa-56
trnal-caa-57	caa-57
trnal-caa-58	caa-58
trnal-caa-59	caa-59
trnal-caa-6	caa-6
trnal-caa-60	caa-60
trnal-caa-61	caa-61
trnal-caa-62	caa-62
trnal-caa-63	caa-63
trnal-caa-64	caa-64
trnal-caa-65	caa-65
trnal-caa-66	caa-66
trnal-caa-67	caa-67
trnal-caa-68	caa-68
trnal-caa-69	caa-69
trnal-caa-7	caa-7
trnal-caa-70	caa-70
trnal-caa-71	caa-71
trnal-caa-72	caa-72
trnal-caa-73	caa-73
trnal-caa-74	caa-74
trnal-caa-75	caa-75
trnal-caa-76	caa-76
trnal-caa-77	caa-77
trnal-caa-78	caa-78
trnal-caa-79	caa-79
trnal-caa-8	caa-8
trnal-caa-80	caa-80
trnal-caa-81	caa-81
trnal-caa-82	caa-82
trnal-caa-83	caa-83
trnal-caa-84	caa-84
trnal-caa-85	caa-85
trnal-caa-86	caa-86
trnal-caa-87	caa-87
trnal-caa-88	caa-88
trnal-caa-89	caa-89
trnal-caa-9	caa-9
trnal-caa-90	caa-90
trnal-caa-91	caa-91
trnal-caa-92	caa-92
trnal-caa-93	caa-93
trnal-caa-94	caa-94
trnal-caa-95	caa-95
trnal-caa-96	caa-96
trnal-caa-97	caa-97
trnal-caa-98	caa-98
trnal-caa-99	caa-99
trnal-cag	cag
trnal-cag-10	cag-10
trnal-cag-100	cag-100
trnal-cag-101	cag-101
trnal-cag-102	cag-102
trnal-cag-103	cag-103
trnal-cag-104	cag-104
trnal-cag-105	cag-105
trnal-cag-106	cag-106
trnal-cag-107	cag-107
trnal-cag-108	cag-108
trnal-cag-109	cag-109
trnal-cag-11	cag-11
trnal-cag-110	cag-110
trnal-cag-111	cag-111
trnal-cag-112	cag-112
trnal-cag-113	cag-113
trnal-cag-114	cag-114
trnal-cag-115	cag-115
trnal-cag-116	cag-116
trnal-cag-117	cag-117
trnal-cag-118	cag-118
trnal-cag-119	cag-119
trnal-cag-12	cag-12
trnal-cag-120	cag-120
trnal-cag-121	cag-121
trnal-cag-122	cag-122
trnal-cag-123	cag-123
trnal-cag-124	cag-124
trnal-cag-125	cag-125
trnal-cag-126	cag-126
trnal-cag-127	cag-127
trnal-cag-128	cag-128
trnal-cag-129	cag-129
trnal-cag-13	cag-13
trnal-cag-130	cag-130
trnal-cag-131	cag-131
trnal-cag-132	cag-132
trnal-cag-133	cag-133
trnal-cag-134	cag-134
trnal-cag-135	cag-135
trnal-cag-136	cag-136
trnal-cag-137	cag-137
trnal-cag-138	cag-138
trnal-cag-139	cag-139
trnal-cag-14	cag-14
trnal-cag-140	cag-140
trnal-cag-141	cag-141
trnal-cag-142	cag-142
trnal-cag-143	cag-143
trnal-cag-144	cag-144
trnal-cag-145	cag-145
trnal-cag-146	cag-146
trnal-cag-147	cag-147
trnal-cag-148	cag-148
trnal-cag-149	cag-149
trnal-cag-15	cag-15
trnal-cag-150	cag-150
trnal-cag-151	cag-151
trnal-cag-152	cag-152
trnal-cag-153	cag-153
trnal-cag-154	cag-154
trnal-cag-155	cag-155
trnal-cag-156	cag-156
trnal-cag-157	cag-157
trnal-cag-158	cag-158
trnal-cag-159	cag-159
trnal-cag-16	cag-16
trnal-cag-160	cag-160
trnal-cag-161	cag-161
trnal-cag-162	cag-162
trnal-cag-163	cag-163
trnal-cag-164	cag-164
trnal-cag-165	cag-165
trnal-cag-166	cag-166
trnal-cag-167	cag-167
trnal-cag-168	cag-168
trnal-cag-169	cag-169
trnal-cag-17	cag-17
trnal-cag-170	cag-170
trnal-cag-171	cag-171
trnal-cag-172	cag-172
trnal-cag-173	cag-173
trnal-cag-174	cag-174
trnal-cag-175	cag-175
trnal-cag-176	cag-176
trnal-cag-177	cag-177
trnal-cag-178	cag-178
trnal-cag-179	cag-179
trnal-cag-18	cag-18
trnal-cag-180	cag-180
trnal-cag-181	cag-181
trnal-cag-182	cag-182
trnal-cag-183	cag-183
trnal-cag-184	cag-184
trnal-cag-185	cag-185
trnal-cag-186	cag-186
trnal-cag-187	cag-187
trnal-cag-188	cag-188
trnal-cag-189	cag-189
trnal-cag-19	cag-19
trnal-cag-190	cag-190
trnal-cag-191	cag-191
trnal-cag-192	cag-192
trnal-cag-193	cag-193
trnal-cag-194	cag-194
trnal-cag-195	cag-195
trnal-cag-196	cag-196
trnal-cag-197	cag-197
trnal-cag-198	cag-198
trnal-cag-199	cag-199
trnal-cag-2	cag-2
trnal-cag-20	cag-20
trnal-cag-200	cag-200
trnal-cag-201	cag-201
trnal-cag-202	cag-202
trnal-cag-203	cag-203
trnal-cag-204	cag-204
trnal-cag-205	cag-205
trnal-cag-206	cag-206
trnal-cag-207	cag-207
trnal-cag-208	cag-208
trnal-cag-209	cag-209
trnal-cag-21	cag-21
trnal-cag-210	cag-210
trnal-cag-211	cag-211
trnal-cag-212	cag-212
trnal-cag-213	cag-213
trnal-cag-214	cag-214
trnal-cag-215	cag-215
trnal-cag-216	cag-216
trnal-cag-217	cag-217
trnal-cag-218	cag-218
trnal-cag-219	cag-219
trnal-cag-22	cag-22
trnal-cag-220	cag-220
trnal-cag-221	cag-221
trnal-cag-222	cag-222
trnal-cag-223	cag-223
trnal-cag-224	cag-224
trnal-cag-225	cag-225
trnal-cag-226	cag-226
trnal-cag-227	cag-227
trnal-cag-228	cag-228
trnal-cag-229	cag-229
trnal-cag-23	cag-23
trnal-cag-230	cag-230
trnal-cag-231	cag-231
trnal-cag-232	cag-232
trnal-cag-233	cag-233
trnal-cag-234	cag-234
trnal-cag-235	cag-235
trnal-cag-236	cag-236
trnal-cag-237	cag-237
trnal-cag-238	cag-238
trnal-cag-239	cag-239
trnal-cag-24	cag-24
trnal-cag-240	cag-240
trnal-cag-241	cag-241
trnal-cag-242	cag-242
trnal-cag-243	cag-243
trnal-cag-244	cag-244
trnal-cag-245	cag-245
trnal-cag-246	cag-246
trnal-cag-247	cag-247
trnal-cag-248	cag-248
trnal-cag-249	cag-249
trnal-cag-25	cag-25
trnal-cag-250	cag-250
trnal-cag-251	cag-251
trnal-cag-252	cag-252
trnal-cag-253	cag-253
trnal-cag-254	cag-254
trnal-cag-255	cag-255
trnal-cag-256	cag-256
trnal-cag-257	cag-257
trnal-cag-258	cag-258
trnal-cag-259	cag-259
trnal-cag-26	cag-26
trnal-cag-260	cag-260
trnal-cag-261	cag-261
trnal-cag-262	cag-262
trnal-cag-263	cag-263
trnal-cag-264	cag-264
trnal-cag-265	cag-265
trnal-cag-266	cag-266
trnal-cag-267	cag-267
trnal-cag-268	cag-268
trnal-cag-269	cag-269
trnal-cag-27	cag-27
trnal-cag-270	cag-270
trnal-cag-271	cag-271
trnal-cag-272	cag-272
trnal-cag-273	cag-273
trnal-cag-274	cag-274
trnal-cag-275	cag-275
trnal-cag-276	cag-276
trnal-cag-277	cag-277
trnal-cag-278	cag-278
trnal-cag-279	cag-279
trnal-cag-28	cag-28
trnal-cag-280	cag-280
trnal-cag-281	cag-281
trnal-cag-282	cag-282
trnal-cag-283	cag-283
trnal-cag-284	cag-284
trnal-cag-285	cag-285
trnal-cag-286	cag-286
trnal-cag-287	cag-287
trnal-cag-288	cag-288
trnal-cag-289	cag-289
trnal-cag-29	cag-29
trnal-cag-290	cag-290
trnal-cag-3	cag-3
trnal-cag-30	cag-30
trnal-cag-31	cag-31
trnal-cag-32	cag-32
trnal-cag-33	cag-33
trnal-cag-34	cag-34
trnal-cag-35	cag-35
trnal-cag-36	cag-36
trnal-cag-37	cag-37
trnal-cag-38	cag-38
trnal-cag-39	cag-39
trnal-cag-4	cag-4
trnal-cag-40	cag-40
trnal-cag-41	cag-41
trnal-cag-42	cag-42
trnal-cag-43	cag-43
trnal-cag-44	cag-44
trnal-cag-45	cag-45
trnal-cag-46	cag-46
trnal-cag-47	cag-47
trnal-cag-48	cag-48
trnal-cag-49	cag-49
trnal-cag-5	cag-5
trnal-cag-50	cag-50
trnal-cag-51	cag-51
trnal-cag-52	cag-52
trnal-cag-53	cag-53
trnal-cag-54	cag-54
trnal-cag-55	cag-55
trnal-cag-56	cag-56
trnal-cag-57	cag-57
trnal-cag-58	cag-58
trnal-cag-59	cag-59
trnal-cag-6	cag-6
trnal-cag-60	cag-60
trnal-cag-61	cag-61
trnal-cag-62	cag-62
trnal-cag-63	cag-63
trnal-cag-64	cag-64
trnal-cag-65	cag-65
trnal-cag-66	cag-66
trnal-cag-67	cag-67
trnal-cag-68	cag-68
trnal-cag-69	cag-69
trnal-cag-7	cag-7
trnal-cag-70	cag-70
trnal-cag-71	cag-71
trnal-cag-72	cag-72
trnal-cag-73	cag-73
trnal-cag-74	cag-74
trnal-cag-75	cag-75
trnal-cag-76	cag-76
trnal-cag-77	cag-77
trnal-cag-78	cag-78
trnal-cag-79	cag-79
trnal-cag-8	cag-8
trnal-cag-80	cag-80
trnal-cag-81	cag-81
trnal-cag-82	cag-82
trnal-cag-83	cag-83
trnal-cag-84	cag-84
trnal-cag-85	cag-85
trnal-cag-86	cag-86
trnal-cag-87	cag-87
trnal-cag-88	cag-88
trnal-cag-89	cag-89
trnal-cag-9	cag-9
trnal-cag-90	cag-90
trnal-cag-91	cag-91
trnal-cag-92	cag-92
trnal-cag-93	cag-93
trnal-cag-94	cag-94
trnal-cag-95	cag-95
trnal-cag-96	cag-96
trnal-cag-97	cag-97
trnal-cag-98	cag-98
trnal-cag-99	cag-99
trnal-gag	gag
trnal-uaa	uaa
trnal-uaa-10	uaa-10
trnal-uaa-11	uaa-11
trnal-uaa-12	uaa-12
trnal-uaa-13	uaa-13
trnal-uaa-14	uaa-14
trnal-uaa-15	uaa-15
trnal-uaa-16	uaa-16
trnal-uaa-17	uaa-17
trnal-uaa-18	uaa-18
trnal-uaa-19	uaa-19
trnal-uaa-2	uaa-2
trnal-uaa-20	uaa-20
trnal-uaa-21	uaa-21
trnal-uaa-22	uaa-22
trnal-uaa-23	uaa-23
trnal-uaa-24	uaa-24
trnal-uaa-25	uaa-25
trnal-uaa-26	uaa-26
trnal-uaa-27	uaa-27
trnal-uaa-28	uaa-28
trnal-uaa-29	uaa-29
trnal-uaa-3	uaa-3
trnal-uaa-30	uaa-30
trnal-uaa-31	uaa-31
trnal-uaa-32	uaa-32
trnal-uaa-33	uaa-33
trnal-uaa-34	uaa-34
trnal-uaa-35	uaa-35
trnal-uaa-36	uaa-36
trnal-uaa-37	uaa-37
trnal-uaa-38	uaa-38
trnal-uaa-39	uaa-39
trnal-uaa-4	uaa-4
trnal-uaa-40	uaa-40
trnal-uaa-41	uaa-41
trnal-uaa-42	uaa-42
trnal-uaa-43	uaa-43
trnal-uaa-44	uaa-44
trnal-uaa-45	uaa-45
trnal-uaa-46	uaa-46
trnal-uaa-47	uaa-47
trnal-uaa-48	uaa-48
trnal-uaa-49	uaa-49
trnal-uaa-5	uaa-5
trnal-uaa-50	uaa-50
trnal-uaa-51	uaa-51
trnal-uaa-52	uaa-52
trnal-uaa-53	uaa-53
trnal-uaa-54	uaa-54
trnal-uaa-6	uaa-6
trnal-uaa-7	uaa-7
trnal-uaa-8	uaa-8
trnal-uaa-9	uaa-9
trnal-uag	uag
trnal-uag-10	uag-10
trnal-uag-100	uag-100
trnal-uag-101	uag-101
trnal-uag-102	uag-102
trnal-uag-103	uag-103
trnal-uag-104	uag-104
trnal-uag-105	uag-105
trnal-uag-106	uag-106
trnal-uag-107	uag-107
trnal-uag-108	uag-108
trnal-uag-109	uag-109
trnal-uag-11	uag-11
trnal-uag-110	uag-110
trnal-uag-111	uag-111
trnal-uag-112	uag-112
trnal-uag-113	uag-113
trnal-uag-114	uag-114
trnal-uag-115	uag-115
trnal-uag-116	uag-116
trnal-uag-117	uag-117
trnal-uag-118	uag-118
trnal-uag-119	uag-119
trnal-uag-12	uag-12
trnal-uag-120	uag-120
trnal-uag-121	uag-121
trnal-uag-122	uag-122
trnal-uag-123	uag-123
trnal-uag-124	uag-124
trnal-uag-125	uag-125
trnal-uag-126	uag-126
trnal-uag-127	uag-127
trnal-uag-128	uag-128
trnal-uag-129	uag-129
trnal-uag-13	uag-13
trnal-uag-130	uag-130
trnal-uag-131	uag-131
trnal-uag-132	uag-132
trnal-uag-133	uag-133
trnal-uag-134	uag-134
trnal-uag-135	uag-135
trnal-uag-136	uag-136
trnal-uag-137	uag-137
trnal-uag-138	uag-138
trnal-uag-139	uag-139
trnal-uag-14	uag-14
trnal-uag-140	uag-140
trnal-uag-141	uag-141
trnal-uag-142	uag-142
trnal-uag-143	uag-143
trnal-uag-144	uag-144
trnal-uag-145	uag-145
trnal-uag-146	uag-146
trnal-uag-147	uag-147
trnal-uag-148	uag-148
trnal-uag-149	uag-149
trnal-uag-15	uag-15
trnal-uag-150	uag-150
trnal-uag-151	uag-151
trnal-uag-152	uag-152
trnal-uag-153	uag-153
trnal-uag-154	uag-154
trnal-uag-155	uag-155
trnal-uag-156	uag-156
trnal-uag-157	uag-157
trnal-uag-158	uag-158
trnal-uag-159	uag-159
trnal-uag-16	uag-16
trnal-uag-160	uag-160
trnal-uag-161	uag-161
trnal-uag-162	uag-162
trnal-uag-163	uag-163
trnal-uag-164	uag-164
trnal-uag-165	uag-165
trnal-uag-166	uag-166
trnal-uag-167	uag-167
trnal-uag-168	uag-168
trnal-uag-169	uag-169
trnal-uag-17	uag-17
trnal-uag-170	uag-170
trnal-uag-171	uag-171
trnal-uag-172	uag-172
trnal-uag-173	uag-173
trnal-uag-174	uag-174
trnal-uag-175	uag-175
trnal-uag-18	uag-18
trnal-uag-19	uag-19
trnal-uag-2	uag-2
trnal-uag-20	uag-20
trnal-uag-21	uag-21
trnal-uag-22	uag-22
trnal-uag-23	uag-23
trnal-uag-24	uag-24
trnal-uag-25	uag-25
trnal-uag-26	uag-26
trnal-uag-27	uag-27
trnal-uag-28	uag-28
trnal-uag-29	uag-29
trnal-uag-3	uag-3
trnal-uag-30	uag-30
trnal-uag-31	uag-31
trnal-uag-32	uag-32
trnal-uag-33	uag-33
trnal-uag-34	uag-34
trnal-uag-35	uag-35
trnal-uag-36	uag-36
trnal-uag-37	uag-37
trnal-uag-38	uag-38
trnal-uag-39	uag-39
trnal-uag-4	uag-4
trnal-uag-40	uag-40
trnal-uag-41	uag-41
trnal-uag-42	uag-42
trnal-uag-43	uag-43
trnal-uag-44	uag-44
trnal-uag-45	uag-45
trnal-uag-46	uag-46
trnal-uag-47	uag-47
trnal-uag-48	uag-48
trnal-uag-49	uag-49
trnal-uag-5	uag-5
trnal-uag-50	uag-50
trnal-uag-51	uag-51
trnal-uag-52	uag-52
trnal-uag-53	uag-53
trnal-uag-54	uag-54
trnal-uag-55	uag-55
trnal-uag-56	uag-56
trnal-uag-57	uag-57
trnal-uag-58	uag-58
trnal-uag-59	uag-59
trnal-uag-6	uag-6
trnal-uag-60	uag-60
trnal-uag-61	uag-61
trnal-uag-62	uag-62
trnal-uag-63	uag-63
trnal-uag-64	uag-64
trnal-uag-65	uag-65
trnal-uag-66	uag-66
trnal-uag-67	uag-67
trnal-uag-68	uag-68
trnal-uag-69	uag-69
trnal-uag-7	uag-7
trnal-uag-70	uag-70
trnal-uag-71	uag-71
trnal-uag-72	uag-72
trnal-uag-73	uag-73
trnal-uag-74	uag-74
trnal-uag-75	uag-75
trnal-uag-76	uag-76
trnal-uag-77	uag-77
trnal-uag-78	uag-78
trnal-uag-79	uag-79
trnal-uag-8	uag-8
trnal-uag-80	uag-80
trnal-uag-81	uag-81
trnal-uag-82	uag-82
trnal-uag-83	uag-83
trnal-uag-84	uag-84
trnal-uag-85	uag-85
trnal-uag-86	uag-86
trnal-uag-87	uag-87
trnal-uag-88	uag-88
trnal-uag-89	uag-89
trnal-uag-9	uag-9
trnal-uag-90	uag-90
trnal-uag-91	uag-91
trnal-uag-92	uag-92
trnal-uag-93	uag-93
trnal-uag-94	uag-94
trnal-uag-95	uag-95
trnal-uag-96	uag-96
trnal-uag-97	uag-97
trnal-uag-98	uag-98
trnal-uag-99	uag-99
trnam-cau	cau
trnam-cau-10	cau-10
trnam-cau-100	cau-100
trnam-cau-101	cau-101
trnam-cau-102	cau-102
trnam-cau-103	cau-103
trnam-cau-104	cau-104
trnam-cau-105	cau-105
trnam-cau-106	cau-106
trnam-cau-107	cau-107
trnam-cau-108	cau-108
trnam-cau-109	cau-109
trnam-cau-11	cau-11
trnam-cau-110	cau-110
trnam-cau-111	cau-111
trnam-cau-112	cau-112
trnam-cau-113	cau-113
trnam-cau-114	cau-114
trnam-cau-115	cau-115
trnam-cau-116	cau-116
trnam-cau-117	cau-117
trnam-cau-118	cau-118
trnam-cau-119	cau-119
trnam-cau-12	cau-12
trnam-cau-120	cau-120
trnam-cau-121	cau-121
trnam-cau-122	cau-122
trnam-cau-123	cau-123
trnam-cau-124	cau-124
trnam-cau-125	cau-125
trnam-cau-126	cau-126
trnam-cau-127	cau-127
trnam-cau-128	cau-128
trnam-cau-129	cau-129
trnam-cau-13	cau-13
trnam-cau-130	cau-130
trnam-cau-131	cau-131
trnam-cau-132	cau-132
trnam-cau-133	cau-133
trnam-cau-134	cau-134
trnam-cau-135	cau-135
trnam-cau-136	cau-136
trnam-cau-137	cau-137
trnam-cau-138	cau-138
trnam-cau-139	cau-139
trnam-cau-14	cau-14
trnam-cau-140	cau-140
trnam-cau-141	cau-141
trnam-cau-142	cau-142
trnam-cau-143	cau-143
trnam-cau-144	cau-144
trnam-cau-145	cau-145
trnam-cau-146	cau-146
trnam-cau-147	cau-147
trnam-cau-148	cau-148
trnam-cau-149	cau-149
trnam-cau-15	cau-15
trnam-cau-150	cau-150
trnam-cau-151	cau-151
trnam-cau-152	cau-152
trnam-cau-153	cau-153
trnam-cau-154	cau-154
trnam-cau-155	cau-155
trnam-cau-156	cau-156
trnam-cau-157	cau-157
trnam-cau-158	cau-158
trnam-cau-159	cau-159
trnam-cau-16	cau-16
trnam-cau-160	cau-160
trnam-cau-161	cau-161
trnam-cau-162	cau-162
trnam-cau-163	cau-163
trnam-cau-164	cau-164
trnam-cau-165	cau-165
trnam-cau-166	cau-166
trnam-cau-167	cau-167
trnam-cau-168	cau-168
trnam-cau-169	cau-169
trnam-cau-17	cau-17
trnam-cau-170	cau-170
trnam-cau-171	cau-171
trnam-cau-172	cau-172
trnam-cau-173	cau-173
trnam-cau-174	cau-174
trnam-cau-175	cau-175
trnam-cau-176	cau-176
trnam-cau-177	cau-177
trnam-cau-178	cau-178
trnam-cau-179	cau-179
trnam-cau-18	cau-18
trnam-cau-180	cau-180
trnam-cau-181	cau-181
trnam-cau-182	cau-182
trnam-cau-183	cau-183
trnam-cau-184	cau-184
trnam-cau-185	cau-185
trnam-cau-186	cau-186
trnam-cau-187	cau-187
trnam-cau-188	cau-188
trnam-cau-189	cau-189
trnam-cau-19	cau-19
trnam-cau-190	cau-190
trnam-cau-191	cau-191
trnam-cau-192	cau-192
trnam-cau-193	cau-193
trnam-cau-194	cau-194
trnam-cau-195	cau-195
trnam-cau-196	cau-196
trnam-cau-197	cau-197
trnam-cau-198	cau-198
trnam-cau-199	cau-199
trnam-cau-2	cau-2
trnam-cau-20	cau-20
trnam-cau-200	cau-200
trnam-cau-201	cau-201
trnam-cau-202	cau-202
trnam-cau-203	cau-203
trnam-cau-204	cau-204
trnam-cau-205	cau-205
trnam-cau-206	cau-206
trnam-cau-207	cau-207
trnam-cau-208	cau-208
trnam-cau-209	cau-209
trnam-cau-21	cau-21
trnam-cau-210	cau-210
trnam-cau-211	cau-211
trnam-cau-212	cau-212
trnam-cau-213	cau-213
trnam-cau-214	cau-214
trnam-cau-215	cau-215
trnam-cau-216	cau-216
trnam-cau-217	cau-217
trnam-cau-218	cau-218
trnam-cau-219	cau-219
trnam-cau-22	cau-22
trnam-cau-220	cau-220
trnam-cau-221	cau-221
trnam-cau-222	cau-222
trnam-cau-223	cau-223
trnam-cau-224	cau-224
trnam-cau-225	cau-225
trnam-cau-226	cau-226
trnam-cau-227	cau-227
trnam-cau-228	cau-228
trnam-cau-229	cau-229
trnam-cau-23	cau-23
trnam-cau-230	cau-230
trnam-cau-231	cau-231
trnam-cau-232	cau-232
trnam-cau-233	cau-233
trnam-cau-234	cau-234
trnam-cau-235	cau-235
trnam-cau-236	cau-236
trnam-cau-237	cau-237
trnam-cau-238	cau-238
trnam-cau-239	cau-239
trnam-cau-24	cau-24
trnam-cau-240	cau-240
trnam-cau-241	cau-241
trnam-cau-242	cau-242
trnam-cau-243	cau-243
trnam-cau-244	cau-244
trnam-cau-245	cau-245
trnam-cau-246	cau-246
trnam-cau-247	cau-247
trnam-cau-248	cau-248
trnam-cau-249	cau-249
trnam-cau-25	cau-25
trnam-cau-250	cau-250
trnam-cau-251	cau-251
trnam-cau-252	cau-252
trnam-cau-253	cau-253
trnam-cau-254	cau-254
trnam-cau-255	cau-255
trnam-cau-256	cau-256
trnam-cau-257	cau-257
trnam-cau-258	cau-258
trnam-cau-259	cau-259
trnam-cau-26	cau-26
trnam-cau-260	cau-260
trnam-cau-261	cau-261
trnam-cau-262	cau-262
trnam-cau-263	cau-263
trnam-cau-264	cau-264
trnam-cau-265	cau-265
trnam-cau-266	cau-266
trnam-cau-267	cau-267
trnam-cau-268	cau-268
trnam-cau-269	cau-269
trnam-cau-27	cau-27
trnam-cau-270	cau-270
trnam-cau-271	cau-271
trnam-cau-272	cau-272
trnam-cau-273	cau-273
trnam-cau-274	cau-274
trnam-cau-275	cau-275
trnam-cau-276	cau-276
trnam-cau-277	cau-277
trnam-cau-278	cau-278
trnam-cau-279	cau-279
trnam-cau-28	cau-28
trnam-cau-280	cau-280
trnam-cau-281	cau-281
trnam-cau-282	cau-282
trnam-cau-283	cau-283
trnam-cau-284	cau-284
trnam-cau-285	cau-285
trnam-cau-286	cau-286
trnam-cau-287	cau-287
trnam-cau-288	cau-288
trnam-cau-289	cau-289
trnam-cau-29	cau-29
trnam-cau-290	cau-290
trnam-cau-291	cau-291
trnam-cau-292	cau-292
trnam-cau-3	cau-3
trnam-cau-30	cau-30
trnam-cau-31	cau-31
trnam-cau-32	cau-32
trnam-cau-33	cau-33
trnam-cau-34	cau-34
trnam-cau-35	cau-35
trnam-cau-36	cau-36
trnam-cau-37	cau-37
trnam-cau-38	cau-38
trnam-cau-39	cau-39
trnam-cau-4	cau-4
trnam-cau-40	cau-40
trnam-cau-41	cau-41
trnam-cau-42	cau-42
trnam-cau-43	cau-43
trnam-cau-44	cau-44
trnam-cau-45	cau-45
trnam-cau-46	cau-46
trnam-cau-47	cau-47
trnam-cau-48	cau-48
trnam-cau-49	cau-49
trnam-cau-5	cau-5
trnam-cau-50	cau-50
trnam-cau-51	cau-51
trnam-cau-52	cau-52
trnam-cau-53	cau-53
trnam-cau-54	cau-54
trnam-cau-55	cau-55
trnam-cau-56	cau-56
trnam-cau-57	cau-57
trnam-cau-58	cau-58
trnam-cau-59	cau-59
trnam-cau-6	cau-6
trnam-cau-60	cau-60
trnam-cau-61	cau-61
trnam-cau-62	cau-62
trnam-cau-63	cau-63
trnam-cau-64	cau-64
trnam-cau-65	cau-65
trnam-cau-66	cau-66
trnam-cau-67	cau-67
trnam-cau-68	cau-68
trnam-cau-69	cau-69
trnam-cau-7	cau-7
trnam-cau-70	cau-70
trnam-cau-71	cau-71
trnam-cau-72	cau-72
trnam-cau-73	cau-73
trnam-cau-74	cau-74
trnam-cau-75	cau-75
trnam-cau-76	cau-76
trnam-cau-77	cau-77
trnam-cau-78	cau-78
trnam-cau-79	cau-79
trnam-cau-8	cau-8
trnam-cau-80	cau-80
trnam-cau-81	cau-81
trnam-cau-82	cau-82
trnam-cau-83	cau-83
trnam-cau-84	cau-84
trnam-cau-85	cau-85
trnam-cau-86	cau-86
trnam-cau-87	cau-87
trnam-cau-88	cau-88
trnam-cau-89	cau-89
trnam-cau-9	cau-9
trnam-cau-90	cau-90
trnam-cau-91	cau-91
trnam-cau-92	cau-92
trnam-cau-93	cau-93
trnam-cau-94	cau-94
trnam-cau-95	cau-95
trnam-cau-96	cau-96
trnam-cau-97	cau-97
trnam-cau-98	cau-98
trnam-cau-99	cau-99
trnan-auu	auu
trnan-auu-2	auu-2
trnan-auu-3	auu-3
trnan-auu-4	auu-4
trnan-auu-5	auu-5
trnan-auu-6	auu-6
trnan-auu-7	auu-7
trnan-auu-8	auu-8
trnan-auu-9	auu-9
trnan-guu	guu
trnan-guu-10	guu-10
trnan-guu-100	guu-100
trnan-guu-101	guu-101
trnan-guu-102	guu-102
trnan-guu-103	guu-103
trnan-guu-104	guu-104
trnan-guu-105	guu-105
trnan-guu-106	guu-106
trnan-guu-107	guu-107
trnan-guu-108	guu-108
trnan-guu-109	guu-109
trnan-guu-11	guu-11
trnan-guu-110	guu-110
trnan-guu-111	guu-111
trnan-guu-112	guu-112
trnan-guu-113	guu-113
trnan-guu-114	guu-114
trnan-guu-115	guu-115
trnan-guu-116	guu-116
trnan-guu-117	guu-117
trnan-guu-118	guu-118
trnan-guu-119	guu-119
trnan-guu-12	guu-12
trnan-guu-120	guu-120
trnan-guu-121	guu-121
trnan-guu-122	guu-122
trnan-guu-123	guu-123
trnan-guu-124	guu-124
trnan-guu-125	guu-125
trnan-guu-126	guu-126
trnan-guu-127	guu-127
trnan-guu-128	guu-128
trnan-guu-129	guu-129
trnan-guu-13	guu-13
trnan-guu-130	guu-130
trnan-guu-131	guu-131
trnan-guu-132	guu-132
trnan-guu-133	guu-133
trnan-guu-134	guu-134
trnan-guu-135	guu-135
trnan-guu-136	guu-136
trnan-guu-137	guu-137
trnan-guu-138	guu-138
trnan-guu-139	guu-139
trnan-guu-14	guu-14
trnan-guu-140	guu-140
trnan-guu-141	guu-141
trnan-guu-142	guu-142
trnan-guu-143	guu-143
trnan-guu-144	guu-144
trnan-guu-145	guu-145
trnan-guu-146	guu-146
trnan-guu-147	guu-147
trnan-guu-148	guu-148
trnan-guu-149	guu-149
trnan-guu-15	guu-15
trnan-guu-150	guu-150
trnan-guu-151	guu-151
trnan-guu-152	guu-152
trnan-guu-153	guu-153
trnan-guu-154	guu-154
trnan-guu-155	guu-155
trnan-guu-156	guu-156
trnan-guu-157	guu-157
trnan-guu-158	guu-158
trnan-guu-159	guu-159
trnan-guu-16	guu-16
trnan-guu-160	guu-160
trnan-guu-161	guu-161
trnan-guu-162	guu-162
trnan-guu-163	guu-163
trnan-guu-164	guu-164
trnan-guu-165	guu-165
trnan-guu-166	guu-166
trnan-guu-167	guu-167
trnan-guu-168	guu-168
trnan-guu-169	guu-169
trnan-guu-17	guu-17
trnan-guu-170	guu-170
trnan-guu-171	guu-171
trnan-guu-172	guu-172
trnan-guu-173	guu-173
trnan-guu-174	guu-174
trnan-guu-175	guu-175
trnan-guu-176	guu-176
trnan-guu-177	guu-177
trnan-guu-178	guu-178
trnan-guu-179	guu-179
trnan-guu-18	guu-18
trnan-guu-180	guu-180
trnan-guu-181	guu-181
trnan-guu-182	guu-182
trnan-guu-183	guu-183
trnan-guu-184	guu-184
trnan-guu-185	guu-185
trnan-guu-186	guu-186
trnan-guu-187	guu-187
trnan-guu-188	guu-188
trnan-guu-189	guu-189
trnan-guu-19	guu-19
trnan-guu-190	guu-190
trnan-guu-191	guu-191
trnan-guu-192	guu-192
trnan-guu-193	guu-193
trnan-guu-194	guu-194
trnan-guu-195	guu-195
trnan-guu-196	guu-196
trnan-guu-197	guu-197
trnan-guu-198	guu-198
trnan-guu-199	guu-199
trnan-guu-2	guu-2
trnan-guu-20	guu-20
trnan-guu-200	guu-200
trnan-guu-201	guu-201
trnan-guu-202	guu-202
trnan-guu-203	guu-203
trnan-guu-204	guu-204
trnan-guu-205	guu-205
trnan-guu-206	guu-206
trnan-guu-207	guu-207
trnan-guu-208	guu-208
trnan-guu-209	guu-209
trnan-guu-21	guu-21
trnan-guu-210	guu-210
trnan-guu-211	guu-211
trnan-guu-212	guu-212
trnan-guu-213	guu-213
trnan-guu-214	guu-214
trnan-guu-215	guu-215
trnan-guu-216	guu-216
trnan-guu-217	guu-217
trnan-guu-218	guu-218
trnan-guu-219	guu-219
trnan-guu-22	guu-22
trnan-guu-220	guu-220
trnan-guu-221	guu-221
trnan-guu-222	guu-222
trnan-guu-223	guu-223
trnan-guu-224	guu-224
trnan-guu-225	guu-225
trnan-guu-226	guu-226
trnan-guu-227	guu-227
trnan-guu-228	guu-228
trnan-guu-229	guu-229
trnan-guu-23	guu-23
trnan-guu-230	guu-230
trnan-guu-231	guu-231
trnan-guu-232	guu-232
trnan-guu-233	guu-233
trnan-guu-234	guu-234
trnan-guu-235	guu-235
trnan-guu-236	guu-236
trnan-guu-237	guu-237
trnan-guu-238	guu-238
trnan-guu-239	guu-239
trnan-guu-24	guu-24
trnan-guu-240	guu-240
trnan-guu-241	guu-241
trnan-guu-242	guu-242
trnan-guu-243	guu-243
trnan-guu-244	guu-244
trnan-guu-245	guu-245
trnan-guu-246	guu-246
trnan-guu-247	guu-247
trnan-guu-248	guu-248
trnan-guu-249	guu-249
trnan-guu-25	guu-25
trnan-guu-250	guu-250
trnan-guu-251	guu-251
trnan-guu-252	guu-252
trnan-guu-253	guu-253
trnan-guu-254	guu-254
trnan-guu-255	guu-255
trnan-guu-256	guu-256
trnan-guu-257	guu-257
trnan-guu-258	guu-258
trnan-guu-259	guu-259
trnan-guu-26	guu-26
trnan-guu-260	guu-260
trnan-guu-261	guu-261
trnan-guu-262	guu-262
trnan-guu-263	guu-263
trnan-guu-264	guu-264
trnan-guu-265	guu-265
trnan-guu-266	guu-266
trnan-guu-267	guu-267
trnan-guu-268	guu-268
trnan-guu-269	guu-269
trnan-guu-27	guu-27
trnan-guu-270	guu-270
trnan-guu-271	guu-271
trnan-guu-272	guu-272
trnan-guu-273	guu-273
trnan-guu-274	guu-274
trnan-guu-275	guu-275
trnan-guu-276	guu-276
trnan-guu-277	guu-277
trnan-guu-278	guu-278
trnan-guu-279	guu-279
trnan-guu-28	guu-28
trnan-guu-280	guu-280
trnan-guu-281	guu-281
trnan-guu-282	guu-282
trnan-guu-283	guu-283
trnan-guu-284	guu-284
trnan-guu-285	guu-285
trnan-guu-286	guu-286
trnan-guu-287	guu-287
trnan-guu-288	guu-288
trnan-guu-289	guu-289
trnan-guu-29	guu-29
trnan-guu-290	guu-290
trnan-guu-291	guu-291
trnan-guu-3	guu-3
trnan-guu-30	guu-30
trnan-guu-31	guu-31
trnan-guu-32	guu-32
trnan-guu-33	guu-33
trnan-guu-34	guu-34
trnan-guu-35	guu-35
trnan-guu-36	guu-36
trnan-guu-37	guu-37
trnan-guu-38	guu-38
trnan-guu-39	guu-39
trnan-guu-4	guu-4
trnan-guu-40	guu-40
trnan-guu-41	guu-41
trnan-guu-42	guu-42
trnan-guu-43	guu-43
trnan-guu-44	guu-44
trnan-guu-45	guu-45
trnan-guu-46	guu-46
trnan-guu-47	guu-47
trnan-guu-48	guu-48
trnan-guu-49	guu-49
trnan-guu-5	guu-5
trnan-guu-50	guu-50
trnan-guu-51	guu-51
trnan-guu-52	guu-52
trnan-guu-53	guu-53
trnan-guu-54	guu-54
trnan-guu-55	guu-55
trnan-guu-56	guu-56
trnan-guu-57	guu-57
trnan-guu-58	guu-58
trnan-guu-59	guu-59
trnan-guu-6	guu-6
trnan-guu-60	guu-60
trnan-guu-61	guu-61
trnan-guu-62	guu-62
trnan-guu-63	guu-63
trnan-guu-64	guu-64
trnan-guu-65	guu-65
trnan-guu-66	guu-66
trnan-guu-67	guu-67
trnan-guu-68	guu-68
trnan-guu-69	guu-69
trnan-guu-7	guu-7
trnan-guu-70	guu-70
trnan-guu-71	guu-71
trnan-guu-72	guu-72
trnan-guu-73	guu-73
trnan-guu-74	guu-74
trnan-guu-75	guu-75
trnan-guu-76	guu-76
trnan-guu-77	guu-77
trnan-guu-78	guu-78
trnan-guu-79	guu-79
trnan-guu-8	guu-8
trnan-guu-80	guu-80
trnan-guu-81	guu-81
trnan-guu-82	guu-82
trnan-guu-83	guu-83
trnan-guu-84	guu-84
trnan-guu-85	guu-85
trnan-guu-86	guu-86
trnan-guu-87	guu-87
trnan-guu-88	guu-88
trnan-guu-89	guu-89
trnan-guu-9	guu-9
trnan-guu-90	guu-90
trnan-guu-91	guu-91
trnan-guu-92	guu-92
trnan-guu-93	guu-93
trnan-guu-94	guu-94
trnan-guu-95	guu-95
trnan-guu-96	guu-96
trnan-guu-97	guu-97
trnan-guu-98	guu-98
trnan-guu-99	guu-99
trnap-agg	agg
trnap-agg-10	agg-10
trnap-agg-100	agg-100
trnap-agg-101	agg-101
trnap-agg-102	agg-102
trnap-agg-103	agg-103
trnap-agg-104	agg-104
trnap-agg-105	agg-105
trnap-agg-106	agg-106
trnap-agg-107	agg-107
trnap-agg-108	agg-108
trnap-agg-109	agg-109
trnap-agg-11	agg-11
trnap-agg-110	agg-110
trnap-agg-111	agg-111
trnap-agg-112	agg-112
trnap-agg-113	agg-113
trnap-agg-114	agg-114
trnap-agg-115	agg-115
trnap-agg-116	agg-116
trnap-agg-117	agg-117
trnap-agg-118	agg-118
trnap-agg-119	agg-119
trnap-agg-12	agg-12
trnap-agg-120	agg-120
trnap-agg-121	agg-121
trnap-agg-122	agg-122
trnap-agg-123	agg-123
trnap-agg-124	agg-124
trnap-agg-125	agg-125
trnap-agg-126	agg-126
trnap-agg-127	agg-127
trnap-agg-128	agg-128
trnap-agg-129	agg-129
trnap-agg-13	agg-13
trnap-agg-130	agg-130
trnap-agg-131	agg-131
trnap-agg-132	agg-132
trnap-agg-133	agg-133
trnap-agg-134	agg-134
trnap-agg-135	agg-135
trnap-agg-136	agg-136
trnap-agg-137	agg-137
trnap-agg-138	agg-138
trnap-agg-139	agg-139
trnap-agg-14	agg-14
trnap-agg-140	agg-140
trnap-agg-141	agg-141
trnap-agg-142	agg-142
trnap-agg-143	agg-143
trnap-agg-144	agg-144
trnap-agg-145	agg-145
trnap-agg-146	agg-146
trnap-agg-147	agg-147
trnap-agg-148	agg-148
trnap-agg-149	agg-149
trnap-agg-15	agg-15
trnap-agg-150	agg-150
trnap-agg-151	agg-151
trnap-agg-152	agg-152
trnap-agg-153	agg-153
trnap-agg-154	agg-154
trnap-agg-155	agg-155
trnap-agg-156	agg-156
trnap-agg-157	agg-157
trnap-agg-158	agg-158
trnap-agg-159	agg-159
trnap-agg-16	agg-16
trnap-agg-160	agg-160
trnap-agg-161	agg-161
trnap-agg-162	agg-162
trnap-agg-163	agg-163
trnap-agg-164	agg-164
trnap-agg-165	agg-165
trnap-agg-166	agg-166
trnap-agg-167	agg-167
trnap-agg-168	agg-168
trnap-agg-169	agg-169
trnap-agg-17	agg-17
trnap-agg-170	agg-170
trnap-agg-171	agg-171
trnap-agg-172	agg-172
trnap-agg-173	agg-173
trnap-agg-174	agg-174
trnap-agg-175	agg-175
trnap-agg-176	agg-176
trnap-agg-177	agg-177
trnap-agg-178	agg-178
trnap-agg-179	agg-179
trnap-agg-18	agg-18
trnap-agg-180	agg-180
trnap-agg-181	agg-181
trnap-agg-182	agg-182
trnap-agg-183	agg-183
trnap-agg-184	agg-184
trnap-agg-185	agg-185
trnap-agg-186	agg-186
trnap-agg-187	agg-187
trnap-agg-188	agg-188
trnap-agg-189	agg-189
trnap-agg-19	agg-19
trnap-agg-190	agg-190
trnap-agg-191	agg-191
trnap-agg-192	agg-192
trnap-agg-193	agg-193
trnap-agg-194	agg-194
trnap-agg-195	agg-195
trnap-agg-196	agg-196
trnap-agg-197	agg-197
trnap-agg-198	agg-198
trnap-agg-199	agg-199
trnap-agg-2	agg-2
trnap-agg-20	agg-20
trnap-agg-200	agg-200
trnap-agg-201	agg-201
trnap-agg-202	agg-202
trnap-agg-203	agg-203
trnap-agg-204	agg-204
trnap-agg-205	agg-205
trnap-agg-206	agg-206
trnap-agg-207	agg-207
trnap-agg-208	agg-208
trnap-agg-209	agg-209
trnap-agg-21	agg-21
trnap-agg-210	agg-210
trnap-agg-211	agg-211
trnap-agg-212	agg-212
trnap-agg-213	agg-213
trnap-agg-214	agg-214
trnap-agg-215	agg-215
trnap-agg-216	agg-216
trnap-agg-217	agg-217
trnap-agg-218	agg-218
trnap-agg-219	agg-219
trnap-agg-22	agg-22
trnap-agg-220	agg-220
trnap-agg-221	agg-221
trnap-agg-222	agg-222
trnap-agg-223	agg-223
trnap-agg-224	agg-224
trnap-agg-225	agg-225
trnap-agg-226	agg-226
trnap-agg-227	agg-227
trnap-agg-228	agg-228
trnap-agg-229	agg-229
trnap-agg-23	agg-23
trnap-agg-230	agg-230
trnap-agg-231	agg-231
trnap-agg-232	agg-232
trnap-agg-233	agg-233
trnap-agg-234	agg-234
trnap-agg-235	agg-235
trnap-agg-236	agg-236
trnap-agg-237	agg-237
trnap-agg-238	agg-238
trnap-agg-239	agg-239
trnap-agg-24	agg-24
trnap-agg-240	agg-240
trnap-agg-241	agg-241
trnap-agg-242	agg-242
trnap-agg-243	agg-243
trnap-agg-244	agg-244
trnap-agg-245	agg-245
trnap-agg-246	agg-246
trnap-agg-247	agg-247
trnap-agg-248	agg-248
trnap-agg-249	agg-249
trnap-agg-25	agg-25
trnap-agg-250	agg-250
trnap-agg-251	agg-251
trnap-agg-252	agg-252
trnap-agg-253	agg-253
trnap-agg-254	agg-254
trnap-agg-255	agg-255
trnap-agg-256	agg-256
trnap-agg-257	agg-257
trnap-agg-258	agg-258
trnap-agg-259	agg-259
trnap-agg-26	agg-26
trnap-agg-260	agg-260
trnap-agg-261	agg-261
trnap-agg-262	agg-262
trnap-agg-263	agg-263
trnap-agg-264	agg-264
trnap-agg-265	agg-265
trnap-agg-266	agg-266
trnap-agg-267	agg-267
trnap-agg-268	agg-268
trnap-agg-269	agg-269
trnap-agg-27	agg-27
trnap-agg-270	agg-270
trnap-agg-271	agg-271
trnap-agg-272	agg-272
trnap-agg-273	agg-273
trnap-agg-274	agg-274
trnap-agg-275	agg-275
trnap-agg-276	agg-276
trnap-agg-277	agg-277
trnap-agg-278	agg-278
trnap-agg-279	agg-279
trnap-agg-28	agg-28
trnap-agg-280	agg-280
trnap-agg-281	agg-281
trnap-agg-282	agg-282
trnap-agg-283	agg-283
trnap-agg-284	agg-284
trnap-agg-285	agg-285
trnap-agg-286	agg-286
trnap-agg-287	agg-287
trnap-agg-288	agg-288
trnap-agg-289	agg-289
trnap-agg-29	agg-29
trnap-agg-290	agg-290
trnap-agg-3	agg-3
trnap-agg-30	agg-30
trnap-agg-31	agg-31
trnap-agg-32	agg-32
trnap-agg-33	agg-33
trnap-agg-34	agg-34
trnap-agg-35	agg-35
trnap-agg-36	agg-36
trnap-agg-37	agg-37
trnap-agg-38	agg-38
trnap-agg-39	agg-39
trnap-agg-4	agg-4
trnap-agg-40	agg-40
trnap-agg-41	agg-41
trnap-agg-42	agg-42
trnap-agg-43	agg-43
trnap-agg-44	agg-44
trnap-agg-45	agg-45
trnap-agg-46	agg-46
trnap-agg-47	agg-47
trnap-agg-48	agg-48
trnap-agg-49	agg-49
trnap-agg-5	agg-5
trnap-agg-50	agg-50
trnap-agg-51	agg-51
trnap-agg-52	agg-52
trnap-agg-53	agg-53
trnap-agg-54	agg-54
trnap-agg-55	agg-55
trnap-agg-56	agg-56
trnap-agg-57	agg-57
trnap-agg-58	agg-58
trnap-agg-59	agg-59
trnap-agg-6	agg-6
trnap-agg-60	agg-60
trnap-agg-61	agg-61
trnap-agg-62	agg-62
trnap-agg-63	agg-63
trnap-agg-64	agg-64
trnap-agg-65	agg-65
trnap-agg-66	agg-66
trnap-agg-67	agg-67
trnap-agg-68	agg-68
trnap-agg-69	agg-69
trnap-agg-7	agg-7
trnap-agg-70	agg-70
trnap-agg-71	agg-71
trnap-agg-72	agg-72
trnap-agg-73	agg-73
trnap-agg-74	agg-74
trnap-agg-75	agg-75
trnap-agg-76	agg-76
trnap-agg-77	agg-77
trnap-agg-78	agg-78
trnap-agg-79	agg-79
trnap-agg-8	agg-8
trnap-agg-80	agg-80
trnap-agg-81	agg-81
trnap-agg-82	agg-82
trnap-agg-83	agg-83
trnap-agg-84	agg-84
trnap-agg-85	agg-85
trnap-agg-86	agg-86
trnap-agg-87	agg-87
trnap-agg-88	agg-88
trnap-agg-89	agg-89
trnap-agg-9	agg-9
trnap-agg-90	agg-90
trnap-agg-91	agg-91
trnap-agg-92	agg-92
trnap-agg-93	agg-93
trnap-agg-94	agg-94
trnap-agg-95	agg-95
trnap-agg-96	agg-96
trnap-agg-97	agg-97
trnap-agg-98	agg-98
trnap-agg-99	agg-99
trnap-cgg	cgg
trnap-cgg-10	cgg-10
trnap-cgg-11	cgg-11
trnap-cgg-12	cgg-12
trnap-cgg-13	cgg-13
trnap-cgg-14	cgg-14
trnap-cgg-15	cgg-15
trnap-cgg-16	cgg-16
trnap-cgg-17	cgg-17
trnap-cgg-18	cgg-18
trnap-cgg-19	cgg-19
trnap-cgg-2	cgg-2
trnap-cgg-20	cgg-20
trnap-cgg-21	cgg-21
trnap-cgg-22	cgg-22
trnap-cgg-23	cgg-23
trnap-cgg-24	cgg-24
trnap-cgg-25	cgg-25
trnap-cgg-26	cgg-26
trnap-cgg-27	cgg-27
trnap-cgg-28	cgg-28
trnap-cgg-29	cgg-29
trnap-cgg-3	cgg-3
trnap-cgg-30	cgg-30
trnap-cgg-31	cgg-31
trnap-cgg-32	cgg-32
trnap-cgg-33	cgg-33
trnap-cgg-34	cgg-34
trnap-cgg-35	cgg-35
trnap-cgg-36	cgg-36
trnap-cgg-37	cgg-37
trnap-cgg-38	cgg-38
trnap-cgg-39	cgg-39
trnap-cgg-4	cgg-4
trnap-cgg-40	cgg-40
trnap-cgg-41	cgg-41
trnap-cgg-42	cgg-42
trnap-cgg-43	cgg-43
trnap-cgg-44	cgg-44
trnap-cgg-45	cgg-45
trnap-cgg-46	cgg-46
trnap-cgg-47	cgg-47
trnap-cgg-48	cgg-48
trnap-cgg-49	cgg-49
trnap-cgg-5	cgg-5
trnap-cgg-50	cgg-50
trnap-cgg-51	cgg-51
trnap-cgg-52	cgg-52
trnap-cgg-53	cgg-53
trnap-cgg-54	cgg-54
trnap-cgg-55	cgg-55
trnap-cgg-56	cgg-56
trnap-cgg-57	cgg-57
trnap-cgg-58	cgg-58
trnap-cgg-59	cgg-59
trnap-cgg-6	cgg-6
trnap-cgg-60	cgg-60
trnap-cgg-61	cgg-61
trnap-cgg-62	cgg-62
trnap-cgg-63	cgg-63
trnap-cgg-64	cgg-64
trnap-cgg-65	cgg-65
trnap-cgg-66	cgg-66
trnap-cgg-67	cgg-67
trnap-cgg-68	cgg-68
trnap-cgg-69	cgg-69
trnap-cgg-7	cgg-7
trnap-cgg-70	cgg-70
trnap-cgg-71	cgg-71
trnap-cgg-72	cgg-72
trnap-cgg-73	cgg-73
trnap-cgg-74	cgg-74
trnap-cgg-75	cgg-75
trnap-cgg-8	cgg-8
trnap-cgg-9	cgg-9
trnap-ggg	ggg
trnap-ugg	ugg
trnap-ugg-10	ugg-10
trnap-ugg-100	ugg-100
trnap-ugg-101	ugg-101
trnap-ugg-102	ugg-102
trnap-ugg-103	ugg-103
trnap-ugg-104	ugg-104
trnap-ugg-105	ugg-105
trnap-ugg-106	ugg-106
trnap-ugg-107	ugg-107
trnap-ugg-108	ugg-108
trnap-ugg-109	ugg-109
trnap-ugg-11	ugg-11
trnap-ugg-110	ugg-110
trnap-ugg-111	ugg-111
trnap-ugg-112	ugg-112
trnap-ugg-113	ugg-113
trnap-ugg-114	ugg-114
trnap-ugg-115	ugg-115
trnap-ugg-116	ugg-116
trnap-ugg-117	ugg-117
trnap-ugg-118	ugg-118
trnap-ugg-119	ugg-119
trnap-ugg-12	ugg-12
trnap-ugg-120	ugg-120
trnap-ugg-121	ugg-121
trnap-ugg-122	ugg-122
trnap-ugg-123	ugg-123
trnap-ugg-124	ugg-124
trnap-ugg-125	ugg-125
trnap-ugg-126	ugg-126
trnap-ugg-127	ugg-127
trnap-ugg-128	ugg-128
trnap-ugg-129	ugg-129
trnap-ugg-13	ugg-13
trnap-ugg-130	ugg-130
trnap-ugg-131	ugg-131
trnap-ugg-132	ugg-132
trnap-ugg-133	ugg-133
trnap-ugg-134	ugg-134
trnap-ugg-135	ugg-135
trnap-ugg-136	ugg-136
trnap-ugg-137	ugg-137
trnap-ugg-138	ugg-138
trnap-ugg-139	ugg-139
trnap-ugg-14	ugg-14
trnap-ugg-140	ugg-140
trnap-ugg-141	ugg-141
trnap-ugg-142	ugg-142
trnap-ugg-143	ugg-143
trnap-ugg-144	ugg-144
trnap-ugg-145	ugg-145
trnap-ugg-146	ugg-146
trnap-ugg-147	ugg-147
trnap-ugg-148	ugg-148
trnap-ugg-149	ugg-149
trnap-ugg-15	ugg-15
trnap-ugg-150	ugg-150
trnap-ugg-151	ugg-151
trnap-ugg-152	ugg-152
trnap-ugg-153	ugg-153
trnap-ugg-154	ugg-154
trnap-ugg-155	ugg-155
trnap-ugg-156	ugg-156
trnap-ugg-157	ugg-157
trnap-ugg-158	ugg-158
trnap-ugg-159	ugg-159
trnap-ugg-16	ugg-16
trnap-ugg-160	ugg-160
trnap-ugg-161	ugg-161
trnap-ugg-162	ugg-162
trnap-ugg-163	ugg-163
trnap-ugg-164	ugg-164
trnap-ugg-165	ugg-165
trnap-ugg-166	ugg-166
trnap-ugg-167	ugg-167
trnap-ugg-168	ugg-168
trnap-ugg-169	ugg-169
trnap-ugg-17	ugg-17
trnap-ugg-170	ugg-170
trnap-ugg-171	ugg-171
trnap-ugg-172	ugg-172
trnap-ugg-173	ugg-173
trnap-ugg-174	ugg-174
trnap-ugg-175	ugg-175
trnap-ugg-176	ugg-176
trnap-ugg-177	ugg-177
trnap-ugg-178	ugg-178
trnap-ugg-179	ugg-179
trnap-ugg-18	ugg-18
trnap-ugg-180	ugg-180
trnap-ugg-181	ugg-181
trnap-ugg-182	ugg-182
trnap-ugg-183	ugg-183
trnap-ugg-184	ugg-184
trnap-ugg-185	ugg-185
trnap-ugg-186	ugg-186
trnap-ugg-187	ugg-187
trnap-ugg-188	ugg-188
trnap-ugg-189	ugg-189
trnap-ugg-19	ugg-19
trnap-ugg-190	ugg-190
trnap-ugg-191	ugg-191
trnap-ugg-192	ugg-192
trnap-ugg-193	ugg-193
trnap-ugg-194	ugg-194
trnap-ugg-195	ugg-195
trnap-ugg-196	ugg-196
trnap-ugg-197	ugg-197
trnap-ugg-198	ugg-198
trnap-ugg-199	ugg-199
trnap-ugg-2	ugg-2
trnap-ugg-20	ugg-20
trnap-ugg-200	ugg-200
trnap-ugg-201	ugg-201
trnap-ugg-202	ugg-202
trnap-ugg-203	ugg-203
trnap-ugg-204	ugg-204
trnap-ugg-205	ugg-205
trnap-ugg-206	ugg-206
trnap-ugg-207	ugg-207
trnap-ugg-208	ugg-208
trnap-ugg-209	ugg-209
trnap-ugg-21	ugg-21
trnap-ugg-210	ugg-210
trnap-ugg-211	ugg-211
trnap-ugg-212	ugg-212
trnap-ugg-213	ugg-213
trnap-ugg-214	ugg-214
trnap-ugg-215	ugg-215
trnap-ugg-216	ugg-216
trnap-ugg-217	ugg-217
trnap-ugg-218	ugg-218
trnap-ugg-219	ugg-219
trnap-ugg-22	ugg-22
trnap-ugg-220	ugg-220
trnap-ugg-221	ugg-221
trnap-ugg-222	ugg-222
trnap-ugg-223	ugg-223
trnap-ugg-224	ugg-224
trnap-ugg-225	ugg-225
trnap-ugg-226	ugg-226
trnap-ugg-227	ugg-227
trnap-ugg-228	ugg-228
trnap-ugg-229	ugg-229
trnap-ugg-23	ugg-23
trnap-ugg-230	ugg-230
trnap-ugg-231	ugg-231
trnap-ugg-232	ugg-232
trnap-ugg-233	ugg-233
trnap-ugg-234	ugg-234
trnap-ugg-235	ugg-235
trnap-ugg-236	ugg-236
trnap-ugg-237	ugg-237
trnap-ugg-238	ugg-238
trnap-ugg-239	ugg-239
trnap-ugg-24	ugg-24
trnap-ugg-240	ugg-240
trnap-ugg-241	ugg-241
trnap-ugg-242	ugg-242
trnap-ugg-243	ugg-243
trnap-ugg-25	ugg-25
trnap-ugg-26	ugg-26
trnap-ugg-27	ugg-27
trnap-ugg-28	ugg-28
trnap-ugg-29	ugg-29
trnap-ugg-3	ugg-3
trnap-ugg-30	ugg-30
trnap-ugg-31	ugg-31
trnap-ugg-32	ugg-32
trnap-ugg-33	ugg-33
trnap-ugg-34	ugg-34
trnap-ugg-35	ugg-35
trnap-ugg-36	ugg-36
trnap-ugg-37	ugg-37
trnap-ugg-38	ugg-38
trnap-ugg-39	ugg-39
trnap-ugg-4	ugg-4
trnap-ugg-40	ugg-40
trnap-ugg-41	ugg-41
trnap-ugg-42	ugg-42
trnap-ugg-43	ugg-43
trnap-ugg-44	ugg-44
trnap-ugg-45	ugg-45
trnap-ugg-46	ugg-46
trnap-ugg-47	ugg-47
trnap-ugg-48	ugg-48
trnap-ugg-49	ugg-49
trnap-ugg-5	ugg-5
trnap-ugg-50	ugg-50
trnap-ugg-51	ugg-51
trnap-ugg-52	ugg-52
trnap-ugg-53	ugg-53
trnap-ugg-54	ugg-54
trnap-ugg-55	ugg-55
trnap-ugg-56	ugg-56
trnap-ugg-57	ugg-57
trnap-ugg-58	ugg-58
trnap-ugg-59	ugg-59
trnap-ugg-6	ugg-6
trnap-ugg-60	ugg-60
trnap-ugg-61	ugg-61
trnap-ugg-62	ugg-62
trnap-ugg-63	ugg-63
trnap-ugg-64	ugg-64
trnap-ugg-65	ugg-65
trnap-ugg-66	ugg-66
trnap-ugg-67	ugg-67
trnap-ugg-68	ugg-68
trnap-ugg-69	ugg-69
trnap-ugg-7	ugg-7
trnap-ugg-70	ugg-70
trnap-ugg-71	ugg-71
trnap-ugg-72	ugg-72
trnap-ugg-73	ugg-73
trnap-ugg-74	ugg-74
trnap-ugg-75	ugg-75
trnap-ugg-76	ugg-76
trnap-ugg-77	ugg-77
trnap-ugg-78	ugg-78
trnap-ugg-79	ugg-79
trnap-ugg-8	ugg-8
trnap-ugg-80	ugg-80
trnap-ugg-81	ugg-81
trnap-ugg-82	ugg-82
trnap-ugg-83	ugg-83
trnap-ugg-84	ugg-84
trnap-ugg-85	ugg-85
trnap-ugg-86	ugg-86
trnap-ugg-87	ugg-87
trnap-ugg-88	ugg-88
trnap-ugg-89	ugg-89
trnap-ugg-9	ugg-9
trnap-ugg-90	ugg-90
trnap-ugg-91	ugg-91
trnap-ugg-92	ugg-92
trnap-ugg-93	ugg-93
trnap-ugg-94	ugg-94
trnap-ugg-95	ugg-95
trnap-ugg-96	ugg-96
trnap-ugg-97	ugg-97
trnap-ugg-98	ugg-98
trnap-ugg-99	ugg-99
trnaq-cug	cug
trnaq-cug-10	cug-10
trnaq-cug-100	cug-100
trnaq-cug-101	cug-101
trnaq-cug-102	cug-102
trnaq-cug-103	cug-103
trnaq-cug-104	cug-104
trnaq-cug-105	cug-105
trnaq-cug-106	cug-106
trnaq-cug-107	cug-107
trnaq-cug-108	cug-108
trnaq-cug-109	cug-109
trnaq-cug-11	cug-11
trnaq-cug-110	cug-110
trnaq-cug-111	cug-111
trnaq-cug-112	cug-112
trnaq-cug-113	cug-113
trnaq-cug-114	cug-114
trnaq-cug-115	cug-115
trnaq-cug-116	cug-116
trnaq-cug-117	cug-117
trnaq-cug-118	cug-118
trnaq-cug-119	cug-119
trnaq-cug-12	cug-12
trnaq-cug-120	cug-120
trnaq-cug-121	cug-121
trnaq-cug-122	cug-122
trnaq-cug-123	cug-123
trnaq-cug-124	cug-124
trnaq-cug-125	cug-125
trnaq-cug-126	cug-126
trnaq-cug-127	cug-127
trnaq-cug-128	cug-128
trnaq-cug-129	cug-129
trnaq-cug-13	cug-13
trnaq-cug-130	cug-130
trnaq-cug-131	cug-131
trnaq-cug-132	cug-132
trnaq-cug-133	cug-133
trnaq-cug-134	cug-134
trnaq-cug-135	cug-135
trnaq-cug-136	cug-136
trnaq-cug-137	cug-137
trnaq-cug-138	cug-138
trnaq-cug-139	cug-139
trnaq-cug-14	cug-14
trnaq-cug-140	cug-140
trnaq-cug-141	cug-141
trnaq-cug-142	cug-142
trnaq-cug-143	cug-143
trnaq-cug-144	cug-144
trnaq-cug-145	cug-145
trnaq-cug-146	cug-146
trnaq-cug-147	cug-147
trnaq-cug-148	cug-148
trnaq-cug-149	cug-149
trnaq-cug-15	cug-15
trnaq-cug-150	cug-150
trnaq-cug-151	cug-151
trnaq-cug-152	cug-152
trnaq-cug-153	cug-153
trnaq-cug-154	cug-154
trnaq-cug-155	cug-155
trnaq-cug-156	cug-156
trnaq-cug-157	cug-157
trnaq-cug-158	cug-158
trnaq-cug-159	cug-159
trnaq-cug-16	cug-16
trnaq-cug-160	cug-160
trnaq-cug-161	cug-161
trnaq-cug-162	cug-162
trnaq-cug-163	cug-163
trnaq-cug-164	cug-164
trnaq-cug-165	cug-165
trnaq-cug-166	cug-166
trnaq-cug-167	cug-167
trnaq-cug-168	cug-168
trnaq-cug-169	cug-169
trnaq-cug-17	cug-17
trnaq-cug-170	cug-170
trnaq-cug-171	cug-171
trnaq-cug-172	cug-172
trnaq-cug-173	cug-173
trnaq-cug-174	cug-174
trnaq-cug-175	cug-175
trnaq-cug-176	cug-176
trnaq-cug-177	cug-177
trnaq-cug-178	cug-178
trnaq-cug-179	cug-179
trnaq-cug-18	cug-18
trnaq-cug-180	cug-180
trnaq-cug-181	cug-181
trnaq-cug-182	cug-182
trnaq-cug-183	cug-183
trnaq-cug-184	cug-184
trnaq-cug-185	cug-185
trnaq-cug-186	cug-186
trnaq-cug-187	cug-187
trnaq-cug-188	cug-188
trnaq-cug-189	cug-189
trnaq-cug-19	cug-19
trnaq-cug-190	cug-190
trnaq-cug-191	cug-191
trnaq-cug-192	cug-192
trnaq-cug-193	cug-193
trnaq-cug-194	cug-194
trnaq-cug-195	cug-195
trnaq-cug-196	cug-196
trnaq-cug-197	cug-197
trnaq-cug-198	cug-198
trnaq-cug-199	cug-199
trnaq-cug-2	cug-2
trnaq-cug-20	cug-20
trnaq-cug-200	cug-200
trnaq-cug-201	cug-201
trnaq-cug-202	cug-202
trnaq-cug-203	cug-203
trnaq-cug-204	cug-204
trnaq-cug-205	cug-205
trnaq-cug-206	cug-206
trnaq-cug-207	cug-207
trnaq-cug-208	cug-208
trnaq-cug-209	cug-209
trnaq-cug-21	cug-21
trnaq-cug-210	cug-210
trnaq-cug-211	cug-211
trnaq-cug-212	cug-212
trnaq-cug-213	cug-213
trnaq-cug-22	cug-22
trnaq-cug-23	cug-23
trnaq-cug-24	cug-24
trnaq-cug-25	cug-25
trnaq-cug-26	cug-26
trnaq-cug-27	cug-27
trnaq-cug-28	cug-28
trnaq-cug-29	cug-29
trnaq-cug-3	cug-3
trnaq-cug-30	cug-30
trnaq-cug-31	cug-31
trnaq-cug-32	cug-32
trnaq-cug-33	cug-33
trnaq-cug-34	cug-34
trnaq-cug-35	cug-35
trnaq-cug-36	cug-36
trnaq-cug-37	cug-37
trnaq-cug-38	cug-38
trnaq-cug-39	cug-39
trnaq-cug-4	cug-4
trnaq-cug-40	cug-40
trnaq-cug-41	cug-41
trnaq-cug-42	cug-42
trnaq-cug-43	cug-43
trnaq-cug-44	cug-44
trnaq-cug-45	cug-45
trnaq-cug-46	cug-46
trnaq-cug-47	cug-47
trnaq-cug-48	cug-48
trnaq-cug-49	cug-49
trnaq-cug-5	cug-5
trnaq-cug-50	cug-50
trnaq-cug-51	cug-51
trnaq-cug-52	cug-52
trnaq-cug-53	cug-53
trnaq-cug-54	cug-54
trnaq-cug-55	cug-55
trnaq-cug-56	cug-56
trnaq-cug-57	cug-57
trnaq-cug-58	cug-58
trnaq-cug-59	cug-59
trnaq-cug-6	cug-6
trnaq-cug-60	cug-60
trnaq-cug-61	cug-61
trnaq-cug-62	cug-62
trnaq-cug-63	cug-63
trnaq-cug-64	cug-64
trnaq-cug-65	cug-65
trnaq-cug-66	cug-66
trnaq-cug-67	cug-67
trnaq-cug-68	cug-68
trnaq-cug-69	cug-69
trnaq-cug-7	cug-7
trnaq-cug-70	cug-70
trnaq-cug-71	cug-71
trnaq-cug-72	cug-72
trnaq-cug-73	cug-73
trnaq-cug-74	cug-74
trnaq-cug-75	cug-75
trnaq-cug-76	cug-76
trnaq-cug-77	cug-77
trnaq-cug-78	cug-78
trnaq-cug-79	cug-79
trnaq-cug-8	cug-8
trnaq-cug-80	cug-80
trnaq-cug-81	cug-81
trnaq-cug-82	cug-82
trnaq-cug-83	cug-83
trnaq-cug-84	cug-84
trnaq-cug-85	cug-85
trnaq-cug-86	cug-86
trnaq-cug-87	cug-87
trnaq-cug-88	cug-88
trnaq-cug-89	cug-89
trnaq-cug-9	cug-9
trnaq-cug-90	cug-90
trnaq-cug-91	cug-91
trnaq-cug-92	cug-92
trnaq-cug-93	cug-93
trnaq-cug-94	cug-94
trnaq-cug-95	cug-95
trnaq-cug-96	cug-96
trnaq-cug-97	cug-97
trnaq-cug-98	cug-98
trnaq-cug-99	cug-99
trnaq-uug	uug
trnaq-uug-10	uug-10
trnaq-uug-100	uug-100
trnaq-uug-101	uug-101
trnaq-uug-102	uug-102
trnaq-uug-103	uug-103
trnaq-uug-104	uug-104
trnaq-uug-105	uug-105
trnaq-uug-106	uug-106
trnaq-uug-107	uug-107
trnaq-uug-108	uug-108
trnaq-uug-109	uug-109
trnaq-uug-11	uug-11
trnaq-uug-110	uug-110
trnaq-uug-111	uug-111
trnaq-uug-112	uug-112
trnaq-uug-113	uug-113
trnaq-uug-114	uug-114
trnaq-uug-115	uug-115
trnaq-uug-116	uug-116
trnaq-uug-117	uug-117
trnaq-uug-118	uug-118
trnaq-uug-119	uug-119
trnaq-uug-12	uug-12
trnaq-uug-120	uug-120
trnaq-uug-121	uug-121
trnaq-uug-122	uug-122
trnaq-uug-123	uug-123
trnaq-uug-124	uug-124
trnaq-uug-125	uug-125
trnaq-uug-126	uug-126
trnaq-uug-127	uug-127
trnaq-uug-128	uug-128
trnaq-uug-129	uug-129
trnaq-uug-13	uug-13
trnaq-uug-130	uug-130
trnaq-uug-131	uug-131
trnaq-uug-132	uug-132
trnaq-uug-133	uug-133
trnaq-uug-134	uug-134
trnaq-uug-135	uug-135
trnaq-uug-136	uug-136
trnaq-uug-137	uug-137
trnaq-uug-138	uug-138
trnaq-uug-139	uug-139
trnaq-uug-14	uug-14
trnaq-uug-140	uug-140
trnaq-uug-141	uug-141
trnaq-uug-142	uug-142
trnaq-uug-143	uug-143
trnaq-uug-144	uug-144
trnaq-uug-145	uug-145
trnaq-uug-146	uug-146
trnaq-uug-147	uug-147
trnaq-uug-148	uug-148
trnaq-uug-149	uug-149
trnaq-uug-15	uug-15
trnaq-uug-150	uug-150
trnaq-uug-151	uug-151
trnaq-uug-152	uug-152
trnaq-uug-153	uug-153
trnaq-uug-154	uug-154
trnaq-uug-155	uug-155
trnaq-uug-156	uug-156
trnaq-uug-157	uug-157
trnaq-uug-158	uug-158
trnaq-uug-159	uug-159
trnaq-uug-16	uug-16
trnaq-uug-160	uug-160
trnaq-uug-161	uug-161
trnaq-uug-162	uug-162
trnaq-uug-163	uug-163
trnaq-uug-164	uug-164
trnaq-uug-165	uug-165
trnaq-uug-166	uug-166
trnaq-uug-167	uug-167
trnaq-uug-168	uug-168
trnaq-uug-169	uug-169
trnaq-uug-17	uug-17
trnaq-uug-170	uug-170
trnaq-uug-171	uug-171
trnaq-uug-172	uug-172
trnaq-uug-173	uug-173
trnaq-uug-174	uug-174
trnaq-uug-175	uug-175
trnaq-uug-176	uug-176
trnaq-uug-177	uug-177
trnaq-uug-178	uug-178
trnaq-uug-179	uug-179
trnaq-uug-18	uug-18
trnaq-uug-180	uug-180
trnaq-uug-181	uug-181
trnaq-uug-182	uug-182
trnaq-uug-183	uug-183
trnaq-uug-184	uug-184
trnaq-uug-185	uug-185
trnaq-uug-186	uug-186
trnaq-uug-187	uug-187
trnaq-uug-188	uug-188
trnaq-uug-189	uug-189
trnaq-uug-19	uug-19
trnaq-uug-190	uug-190
trnaq-uug-191	uug-191
trnaq-uug-192	uug-192
trnaq-uug-193	uug-193
trnaq-uug-194	uug-194
trnaq-uug-195	uug-195
trnaq-uug-196	uug-196
trnaq-uug-197	uug-197
trnaq-uug-198	uug-198
trnaq-uug-199	uug-199
trnaq-uug-2	uug-2
trnaq-uug-20	uug-20
trnaq-uug-200	uug-200
trnaq-uug-201	uug-201
trnaq-uug-202	uug-202
trnaq-uug-203	uug-203
trnaq-uug-204	uug-204
trnaq-uug-205	uug-205
trnaq-uug-206	uug-206
trnaq-uug-207	uug-207
trnaq-uug-208	uug-208
trnaq-uug-209	uug-209
trnaq-uug-21	uug-21
trnaq-uug-210	uug-210
trnaq-uug-211	uug-211
trnaq-uug-212	uug-212
trnaq-uug-213	uug-213
trnaq-uug-214	uug-214
trnaq-uug-215	uug-215
trnaq-uug-216	uug-216
trnaq-uug-217	uug-217
trnaq-uug-22	uug-22
trnaq-uug-23	uug-23
trnaq-uug-24	uug-24
trnaq-uug-25	uug-25
trnaq-uug-26	uug-26
trnaq-uug-27	uug-27
trnaq-uug-28	uug-28
trnaq-uug-29	uug-29
trnaq-uug-3	uug-3
trnaq-uug-30	uug-30
trnaq-uug-31	uug-31
trnaq-uug-32	uug-32
trnaq-uug-33	uug-33
trnaq-uug-34	uug-34
trnaq-uug-35	uug-35
trnaq-uug-36	uug-36
trnaq-uug-37	uug-37
trnaq-uug-38	uug-38
trnaq-uug-39	uug-39
trnaq-uug-4	uug-4
trnaq-uug-40	uug-40
trnaq-uug-41	uug-41
trnaq-uug-42	uug-42
trnaq-uug-43	uug-43
trnaq-uug-44	uug-44
trnaq-uug-45	uug-45
trnaq-uug-46	uug-46
trnaq-uug-47	uug-47
trnaq-uug-48	uug-48
trnaq-uug-49	uug-49
trnaq-uug-5	uug-5
trnaq-uug-50	uug-50
trnaq-uug-51	uug-51
trnaq-uug-52	uug-52
trnaq-uug-53	uug-53
trnaq-uug-54	uug-54
trnaq-uug-55	uug-55
trnaq-uug-56	uug-56
trnaq-uug-57	uug-57
trnaq-uug-58	uug-58
trnaq-uug-59	uug-59
trnaq-uug-6	uug-6
trnaq-uug-60	uug-60
trnaq-uug-61	uug-61
trnaq-uug-62	uug-62
trnaq-uug-63	uug-63
trnaq-uug-64	uug-64
trnaq-uug-65	uug-65
trnaq-uug-66	uug-66
trnaq-uug-67	uug-67
trnaq-uug-68	uug-68
trnaq-uug-69	uug-69
trnaq-uug-7	uug-7
trnaq-uug-70	uug-70
trnaq-uug-71	uug-71
trnaq-uug-72	uug-72
trnaq-uug-73	uug-73
trnaq-uug-74	uug-74
trnaq-uug-75	uug-75
trnaq-uug-76	uug-76
trnaq-uug-77	uug-77
trnaq-uug-78	uug-78
trnaq-uug-79	uug-79
trnaq-uug-8	uug-8
trnaq-uug-80	uug-80
trnaq-uug-81	uug-81
trnaq-uug-82	uug-82
trnaq-uug-83	uug-83
trnaq-uug-84	uug-84
trnaq-uug-85	uug-85
trnaq-uug-86	uug-86
trnaq-uug-87	uug-87
trnaq-uug-88	uug-88
trnaq-uug-89	uug-89
trnaq-uug-9	uug-9
trnaq-uug-90	uug-90
trnaq-uug-91	uug-91
trnaq-uug-92	uug-92
trnaq-uug-93	uug-93
trnaq-uug-94	uug-94
trnaq-uug-95	uug-95
trnaq-uug-96	uug-96
trnaq-uug-97	uug-97
trnaq-uug-98	uug-98
trnaq-uug-99	uug-99
trnar-acg	acg
trnar-acg-10	acg-10
trnar-acg-100	acg-100
trnar-acg-101	acg-101
trnar-acg-102	acg-102
trnar-acg-103	acg-103
trnar-acg-104	acg-104
trnar-acg-105	acg-105
trnar-acg-106	acg-106
trnar-acg-107	acg-107
trnar-acg-108	acg-108
trnar-acg-109	acg-109
trnar-acg-11	acg-11
trnar-acg-110	acg-110
trnar-acg-111	acg-111
trnar-acg-112	acg-112
trnar-acg-113	acg-113
trnar-acg-114	acg-114
trnar-acg-115	acg-115
trnar-acg-116	acg-116
trnar-acg-117	acg-117
trnar-acg-118	acg-118
trnar-acg-119	acg-119
trnar-acg-12	acg-12
trnar-acg-120	acg-120
trnar-acg-121	acg-121
trnar-acg-122	acg-122
trnar-acg-123	acg-123
trnar-acg-124	acg-124
trnar-acg-125	acg-125
trnar-acg-126	acg-126
trnar-acg-127	acg-127
trnar-acg-128	acg-128
trnar-acg-129	acg-129
trnar-acg-13	acg-13
trnar-acg-130	acg-130
trnar-acg-131	acg-131
trnar-acg-132	acg-132
trnar-acg-133	acg-133
trnar-acg-134	acg-134
trnar-acg-135	acg-135
trnar-acg-136	acg-136
trnar-acg-137	acg-137
trnar-acg-138	acg-138
trnar-acg-139	acg-139
trnar-acg-14	acg-14
trnar-acg-140	acg-140
trnar-acg-141	acg-141
trnar-acg-142	acg-142
trnar-acg-143	acg-143
trnar-acg-144	acg-144
trnar-acg-145	acg-145
trnar-acg-146	acg-146
trnar-acg-147	acg-147
trnar-acg-148	acg-148
trnar-acg-149	acg-149
trnar-acg-15	acg-15
trnar-acg-16	acg-16
trnar-acg-17	acg-17
trnar-acg-18	acg-18
trnar-acg-19	acg-19
trnar-acg-2	acg-2
trnar-acg-20	acg-20
trnar-acg-21	acg-21
trnar-acg-22	acg-22
trnar-acg-23	acg-23
trnar-acg-24	acg-24
trnar-acg-25	acg-25
trnar-acg-26	acg-26
trnar-acg-27	acg-27
trnar-acg-28	acg-28
trnar-acg-29	acg-29
trnar-acg-3	acg-3
trnar-acg-30	acg-30
trnar-acg-31	acg-31
trnar-acg-32	acg-32
trnar-acg-33	acg-33
trnar-acg-34	acg-34
trnar-acg-35	acg-35
trnar-acg-36	acg-36
trnar-acg-37	acg-37
trnar-acg-38	acg-38
trnar-acg-39	acg-39
trnar-acg-4	acg-4
trnar-acg-40	acg-40
trnar-acg-41	acg-41
trnar-acg-42	acg-42
trnar-acg-43	acg-43
trnar-acg-44	acg-44
trnar-acg-45	acg-45
trnar-acg-46	acg-46
trnar-acg-47	acg-47
trnar-acg-48	acg-48
trnar-acg-49	acg-49
trnar-acg-5	acg-5
trnar-acg-50	acg-50
trnar-acg-51	acg-51
trnar-acg-52	acg-52
trnar-acg-53	acg-53
trnar-acg-54	acg-54
trnar-acg-55	acg-55
trnar-acg-56	acg-56
trnar-acg-57	acg-57
trnar-acg-58	acg-58
trnar-acg-59	acg-59
trnar-acg-6	acg-6
trnar-acg-60	acg-60
trnar-acg-61	acg-61
trnar-acg-62	acg-62
trnar-acg-63	acg-63
trnar-acg-64	acg-64
trnar-acg-65	acg-65
trnar-acg-66	acg-66
trnar-acg-67	acg-67
trnar-acg-68	acg-68
trnar-acg-69	acg-69
trnar-acg-7	acg-7
trnar-acg-70	acg-70
trnar-acg-71	acg-71
trnar-acg-72	acg-72
trnar-acg-73	acg-73
trnar-acg-74	acg-74
trnar-acg-75	acg-75
trnar-acg-76	acg-76
trnar-acg-77	acg-77
trnar-acg-78	acg-78
trnar-acg-79	acg-79
trnar-acg-8	acg-8
trnar-acg-80	acg-80
trnar-acg-81	acg-81
trnar-acg-82	acg-82
trnar-acg-83	acg-83
trnar-acg-84	acg-84
trnar-acg-85	acg-85
trnar-acg-86	acg-86
trnar-acg-87	acg-87
trnar-acg-88	acg-88
trnar-acg-89	acg-89
trnar-acg-9	acg-9
trnar-acg-90	acg-90
trnar-acg-91	acg-91
trnar-acg-92	acg-92
trnar-acg-93	acg-93
trnar-acg-94	acg-94
trnar-acg-95	acg-95
trnar-acg-96	acg-96
trnar-acg-97	acg-97
trnar-acg-98	acg-98
trnar-acg-99	acg-99
trnar-ccg	ccg
trnar-ccg-10	ccg-10
trnar-ccg-11	ccg-11
trnar-ccg-12	ccg-12
trnar-ccg-13	ccg-13
trnar-ccg-14	ccg-14
trnar-ccg-15	ccg-15
trnar-ccg-16	ccg-16
trnar-ccg-17	ccg-17
trnar-ccg-18	ccg-18
trnar-ccg-19	ccg-19
trnar-ccg-2	ccg-2
trnar-ccg-20	ccg-20
trnar-ccg-21	ccg-21
trnar-ccg-22	ccg-22
trnar-ccg-23	ccg-23
trnar-ccg-24	ccg-24
trnar-ccg-25	ccg-25
trnar-ccg-26	ccg-26
trnar-ccg-27	ccg-27
trnar-ccg-28	ccg-28
trnar-ccg-29	ccg-29
trnar-ccg-3	ccg-3
trnar-ccg-30	ccg-30
trnar-ccg-31	ccg-31
trnar-ccg-32	ccg-32
trnar-ccg-33	ccg-33
trnar-ccg-34	ccg-34
trnar-ccg-35	ccg-35
trnar-ccg-36	ccg-36
trnar-ccg-37	ccg-37
trnar-ccg-38	ccg-38
trnar-ccg-39	ccg-39
trnar-ccg-4	ccg-4
trnar-ccg-40	ccg-40
trnar-ccg-5	ccg-5
trnar-ccg-6	ccg-6
trnar-ccg-7	ccg-7
trnar-ccg-8	ccg-8
trnar-ccg-9	ccg-9
trnar-ccu	ccu
trnar-ccu-10	ccu-10
trnar-ccu-100	ccu-100
trnar-ccu-101	ccu-101
trnar-ccu-102	ccu-102
trnar-ccu-103	ccu-103
trnar-ccu-104	ccu-104
trnar-ccu-105	ccu-105
trnar-ccu-106	ccu-106
trnar-ccu-107	ccu-107
trnar-ccu-108	ccu-108
trnar-ccu-109	ccu-109
trnar-ccu-11	ccu-11
trnar-ccu-12	ccu-12
trnar-ccu-13	ccu-13
trnar-ccu-14	ccu-14
trnar-ccu-15	ccu-15
trnar-ccu-16	ccu-16
trnar-ccu-17	ccu-17
trnar-ccu-18	ccu-18
trnar-ccu-19	ccu-19
trnar-ccu-2	ccu-2
trnar-ccu-20	ccu-20
trnar-ccu-21	ccu-21
trnar-ccu-22	ccu-22
trnar-ccu-23	ccu-23
trnar-ccu-24	ccu-24
trnar-ccu-25	ccu-25
trnar-ccu-26	ccu-26
trnar-ccu-27	ccu-27
trnar-ccu-28	ccu-28
trnar-ccu-29	ccu-29
trnar-ccu-3	ccu-3
trnar-ccu-30	ccu-30
trnar-ccu-31	ccu-31
trnar-ccu-32	ccu-32
trnar-ccu-33	ccu-33
trnar-ccu-34	ccu-34
trnar-ccu-35	ccu-35
trnar-ccu-36	ccu-36
trnar-ccu-37	ccu-37
trnar-ccu-38	ccu-38
trnar-ccu-39	ccu-39
trnar-ccu-4	ccu-4
trnar-ccu-40	ccu-40
trnar-ccu-41	ccu-41
trnar-ccu-42	ccu-42
trnar-ccu-43	ccu-43
trnar-ccu-44	ccu-44
trnar-ccu-45	ccu-45
trnar-ccu-46	ccu-46
trnar-ccu-47	ccu-47
trnar-ccu-48	ccu-48
trnar-ccu-49	ccu-49
trnar-ccu-5	ccu-5
trnar-ccu-50	ccu-50
trnar-ccu-51	ccu-51
trnar-ccu-52	ccu-52
trnar-ccu-53	ccu-53
trnar-ccu-54	ccu-54
trnar-ccu-55	ccu-55
trnar-ccu-56	ccu-56
trnar-ccu-57	ccu-57
trnar-ccu-58	ccu-58
trnar-ccu-59	ccu-59
trnar-ccu-6	ccu-6
trnar-ccu-60	ccu-60
trnar-ccu-61	ccu-61
trnar-ccu-62	ccu-62
trnar-ccu-63	ccu-63
trnar-ccu-64	ccu-64
trnar-ccu-65	ccu-65
trnar-ccu-66	ccu-66
trnar-ccu-67	ccu-67
trnar-ccu-68	ccu-68
trnar-ccu-69	ccu-69
trnar-ccu-7	ccu-7
trnar-ccu-70	ccu-70
trnar-ccu-71	ccu-71
trnar-ccu-72	ccu-72
trnar-ccu-73	ccu-73
trnar-ccu-74	ccu-74
trnar-ccu-75	ccu-75
trnar-ccu-76	ccu-76
trnar-ccu-77	ccu-77
trnar-ccu-78	ccu-78
trnar-ccu-79	ccu-79
trnar-ccu-8	ccu-8
trnar-ccu-80	ccu-80
trnar-ccu-81	ccu-81
trnar-ccu-82	ccu-82
trnar-ccu-83	ccu-83
trnar-ccu-84	ccu-84
trnar-ccu-85	ccu-85
trnar-ccu-86	ccu-86
trnar-ccu-87	ccu-87
trnar-ccu-88	ccu-88
trnar-ccu-89	ccu-89
trnar-ccu-9	ccu-9
trnar-ccu-90	ccu-90
trnar-ccu-91	ccu-91
trnar-ccu-92	ccu-92
trnar-ccu-93	ccu-93
trnar-ccu-94	ccu-94
trnar-ccu-95	ccu-95
trnar-ccu-96	ccu-96
trnar-ccu-97	ccu-97
trnar-ccu-98	ccu-98
trnar-ccu-99	ccu-99
trnar-gcg	gcg
trnar-gcg-2	gcg-2
trnar-gcg-3	gcg-3
trnar-gcg-4	gcg-4
trnar-gcg-5	gcg-5
trnar-ucg	ucg
trnar-ucg-10	ucg-10
trnar-ucg-11	ucg-11
trnar-ucg-12	ucg-12
trnar-ucg-13	ucg-13
trnar-ucg-14	ucg-14
trnar-ucg-15	ucg-15
trnar-ucg-16	ucg-16
trnar-ucg-17	ucg-17
trnar-ucg-18	ucg-18
trnar-ucg-19	ucg-19
trnar-ucg-2	ucg-2
trnar-ucg-20	ucg-20
trnar-ucg-21	ucg-21
trnar-ucg-22	ucg-22
trnar-ucg-23	ucg-23
trnar-ucg-24	ucg-24
trnar-ucg-25	ucg-25
trnar-ucg-26	ucg-26
trnar-ucg-27	ucg-27
trnar-ucg-28	ucg-28
trnar-ucg-29	ucg-29
trnar-ucg-3	ucg-3
trnar-ucg-30	ucg-30
trnar-ucg-31	ucg-31
trnar-ucg-32	ucg-32
trnar-ucg-33	ucg-33
trnar-ucg-34	ucg-34
trnar-ucg-35	ucg-35
trnar-ucg-36	ucg-36
trnar-ucg-37	ucg-37
trnar-ucg-38	ucg-38
trnar-ucg-39	ucg-39
trnar-ucg-4	ucg-4
trnar-ucg-40	ucg-40
trnar-ucg-41	ucg-41
trnar-ucg-42	ucg-42
trnar-ucg-43	ucg-43
trnar-ucg-44	ucg-44
trnar-ucg-45	ucg-45
trnar-ucg-46	ucg-46
trnar-ucg-47	ucg-47
trnar-ucg-48	ucg-48
trnar-ucg-49	ucg-49
trnar-ucg-5	ucg-5
trnar-ucg-50	ucg-50
trnar-ucg-51	ucg-51
trnar-ucg-52	ucg-52
trnar-ucg-53	ucg-53
trnar-ucg-54	ucg-54
trnar-ucg-55	ucg-55
trnar-ucg-56	ucg-56
trnar-ucg-57	ucg-57
trnar-ucg-58	ucg-58
trnar-ucg-59	ucg-59
trnar-ucg-6	ucg-6
trnar-ucg-60	ucg-60
trnar-ucg-61	ucg-61
trnar-ucg-62	ucg-62
trnar-ucg-63	ucg-63
trnar-ucg-64	ucg-64
trnar-ucg-65	ucg-65
trnar-ucg-66	ucg-66
trnar-ucg-67	ucg-67
trnar-ucg-68	ucg-68
trnar-ucg-7	ucg-7
trnar-ucg-8	ucg-8
trnar-ucg-9	ucg-9
trnar-ucu	ucu
trnar-ucu-10	ucu-10
trnar-ucu-100	ucu-100
trnar-ucu-101	ucu-101
trnar-ucu-102	ucu-102
trnar-ucu-103	ucu-103
trnar-ucu-104	ucu-104
trnar-ucu-105	ucu-105
trnar-ucu-106	ucu-106
trnar-ucu-107	ucu-107
trnar-ucu-108	ucu-108
trnar-ucu-109	ucu-109
trnar-ucu-11	ucu-11
trnar-ucu-110	ucu-110
trnar-ucu-111	ucu-111
trnar-ucu-112	ucu-112
trnar-ucu-113	ucu-113
trnar-ucu-114	ucu-114
trnar-ucu-115	ucu-115
trnar-ucu-116	ucu-116
trnar-ucu-117	ucu-117
trnar-ucu-118	ucu-118
trnar-ucu-119	ucu-119
trnar-ucu-12	ucu-12
trnar-ucu-120	ucu-120
trnar-ucu-121	ucu-121
trnar-ucu-122	ucu-122
trnar-ucu-123	ucu-123
trnar-ucu-124	ucu-124
trnar-ucu-125	ucu-125
trnar-ucu-126	ucu-126
trnar-ucu-127	ucu-127
trnar-ucu-128	ucu-128
trnar-ucu-129	ucu-129
trnar-ucu-13	ucu-13
trnar-ucu-130	ucu-130
trnar-ucu-131	ucu-131
trnar-ucu-132	ucu-132
trnar-ucu-133	ucu-133
trnar-ucu-134	ucu-134
trnar-ucu-135	ucu-135
trnar-ucu-136	ucu-136
trnar-ucu-137	ucu-137
trnar-ucu-138	ucu-138
trnar-ucu-139	ucu-139
trnar-ucu-14	ucu-14
trnar-ucu-140	ucu-140
trnar-ucu-141	ucu-141
trnar-ucu-142	ucu-142
trnar-ucu-143	ucu-143
trnar-ucu-144	ucu-144
trnar-ucu-145	ucu-145
trnar-ucu-146	ucu-146
trnar-ucu-147	ucu-147
trnar-ucu-148	ucu-148
trnar-ucu-149	ucu-149
trnar-ucu-15	ucu-15
trnar-ucu-150	ucu-150
trnar-ucu-151	ucu-151
trnar-ucu-152	ucu-152
trnar-ucu-153	ucu-153
trnar-ucu-154	ucu-154
trnar-ucu-155	ucu-155
trnar-ucu-156	ucu-156
trnar-ucu-157	ucu-157
trnar-ucu-158	ucu-158
trnar-ucu-159	ucu-159
trnar-ucu-16	ucu-16
trnar-ucu-160	ucu-160
trnar-ucu-161	ucu-161
trnar-ucu-162	ucu-162
trnar-ucu-163	ucu-163
trnar-ucu-164	ucu-164
trnar-ucu-165	ucu-165
trnar-ucu-166	ucu-166
trnar-ucu-167	ucu-167
trnar-ucu-168	ucu-168
trnar-ucu-169	ucu-169
trnar-ucu-17	ucu-17
trnar-ucu-170	ucu-170
trnar-ucu-171	ucu-171
trnar-ucu-172	ucu-172
trnar-ucu-173	ucu-173
trnar-ucu-174	ucu-174
trnar-ucu-175	ucu-175
trnar-ucu-176	ucu-176
trnar-ucu-177	ucu-177
trnar-ucu-178	ucu-178
trnar-ucu-179	ucu-179
trnar-ucu-18	ucu-18
trnar-ucu-180	ucu-180
trnar-ucu-181	ucu-181
trnar-ucu-182	ucu-182
trnar-ucu-183	ucu-183
trnar-ucu-184	ucu-184
trnar-ucu-185	ucu-185
trnar-ucu-186	ucu-186
trnar-ucu-19	ucu-19
trnar-ucu-2	ucu-2
trnar-ucu-20	ucu-20
trnar-ucu-21	ucu-21
trnar-ucu-22	ucu-22
trnar-ucu-23	ucu-23
trnar-ucu-24	ucu-24
trnar-ucu-25	ucu-25
trnar-ucu-26	ucu-26
trnar-ucu-27	ucu-27
trnar-ucu-28	ucu-28
trnar-ucu-29	ucu-29
trnar-ucu-3	ucu-3
trnar-ucu-30	ucu-30
trnar-ucu-31	ucu-31
trnar-ucu-32	ucu-32
trnar-ucu-33	ucu-33
trnar-ucu-34	ucu-34
trnar-ucu-35	ucu-35
trnar-ucu-36	ucu-36
trnar-ucu-37	ucu-37
trnar-ucu-38	ucu-38
trnar-ucu-39	ucu-39
trnar-ucu-4	ucu-4
trnar-ucu-40	ucu-40
trnar-ucu-41	ucu-41
trnar-ucu-42	ucu-42
trnar-ucu-43	ucu-43
trnar-ucu-44	ucu-44
trnar-ucu-45	ucu-45
trnar-ucu-46	ucu-46
trnar-ucu-47	ucu-47
trnar-ucu-48	ucu-48
trnar-ucu-49	ucu-49
trnar-ucu-5	ucu-5
trnar-ucu-50	ucu-50
trnar-ucu-51	ucu-51
trnar-ucu-52	ucu-52
trnar-ucu-53	ucu-53
trnar-ucu-54	ucu-54
trnar-ucu-55	ucu-55
trnar-ucu-56	ucu-56
trnar-ucu-57	ucu-57
trnar-ucu-58	ucu-58
trnar-ucu-59	ucu-59
trnar-ucu-6	ucu-6
trnar-ucu-60	ucu-60
trnar-ucu-61	ucu-61
trnar-ucu-62	ucu-62
trnar-ucu-63	ucu-63
trnar-ucu-64	ucu-64
trnar-ucu-65	ucu-65
trnar-ucu-66	ucu-66
trnar-ucu-67	ucu-67
trnar-ucu-68	ucu-68
trnar-ucu-69	ucu-69
trnar-ucu-7	ucu-7
trnar-ucu-70	ucu-70
trnar-ucu-71	ucu-71
trnar-ucu-72	ucu-72
trnar-ucu-73	ucu-73
trnar-ucu-74	ucu-74
trnar-ucu-75	ucu-75
trnar-ucu-76	ucu-76
trnar-ucu-77	ucu-77
trnar-ucu-78	ucu-78
trnar-ucu-79	ucu-79
trnar-ucu-8	ucu-8
trnar-ucu-80	ucu-80
trnar-ucu-81	ucu-81
trnar-ucu-82	ucu-82
trnar-ucu-83	ucu-83
trnar-ucu-84	ucu-84
trnar-ucu-85	ucu-85
trnar-ucu-86	ucu-86
trnar-ucu-87	ucu-87
trnar-ucu-88	ucu-88
trnar-ucu-89	ucu-89
trnar-ucu-9	ucu-9
trnar-ucu-90	ucu-90
trnar-ucu-91	ucu-91
trnar-ucu-92	ucu-92
trnar-ucu-93	ucu-93
trnar-ucu-94	ucu-94
trnar-ucu-95	ucu-95
trnar-ucu-96	ucu-96
trnar-ucu-97	ucu-97
trnar-ucu-98	ucu-98
trnar-ucu-99	ucu-99
trnas-acu	acu
trnas-acu-10	acu-10
trnas-acu-11	acu-11
trnas-acu-12	acu-12
trnas-acu-2	acu-2
trnas-acu-3	acu-3
trnas-acu-4	acu-4
trnas-acu-5	acu-5
trnas-acu-6	acu-6
trnas-acu-7	acu-7
trnas-acu-8	acu-8
trnas-acu-9	acu-9
trnas-aga	aga
trnas-aga-10	aga-10
trnas-aga-100	aga-100
trnas-aga-101	aga-101
trnas-aga-102	aga-102
trnas-aga-103	aga-103
trnas-aga-104	aga-104
trnas-aga-105	aga-105
trnas-aga-106	aga-106
trnas-aga-107	aga-107
trnas-aga-108	aga-108
trnas-aga-109	aga-109
trnas-aga-11	aga-11
trnas-aga-110	aga-110
trnas-aga-111	aga-111
trnas-aga-112	aga-112
trnas-aga-113	aga-113
trnas-aga-114	aga-114
trnas-aga-115	aga-115
trnas-aga-116	aga-116
trnas-aga-117	aga-117
trnas-aga-118	aga-118
trnas-aga-119	aga-119
trnas-aga-12	aga-12
trnas-aga-120	aga-120
trnas-aga-121	aga-121
trnas-aga-122	aga-122
trnas-aga-123	aga-123
trnas-aga-124	aga-124
trnas-aga-125	aga-125
trnas-aga-126	aga-126
trnas-aga-127	aga-127
trnas-aga-128	aga-128
trnas-aga-129	aga-129
trnas-aga-13	aga-13
trnas-aga-130	aga-130
trnas-aga-131	aga-131
trnas-aga-132	aga-132
trnas-aga-133	aga-133
trnas-aga-134	aga-134
trnas-aga-135	aga-135
trnas-aga-136	aga-136
trnas-aga-137	aga-137
trnas-aga-138	aga-138
trnas-aga-139	aga-139
trnas-aga-14	aga-14
trnas-aga-140	aga-140
trnas-aga-141	aga-141
trnas-aga-142	aga-142
trnas-aga-143	aga-143
trnas-aga-144	aga-144
trnas-aga-145	aga-145
trnas-aga-146	aga-146
trnas-aga-147	aga-147
trnas-aga-148	aga-148
trnas-aga-149	aga-149
trnas-aga-15	aga-15
trnas-aga-150	aga-150
trnas-aga-151	aga-151
trnas-aga-152	aga-152
trnas-aga-153	aga-153
trnas-aga-154	aga-154
trnas-aga-155	aga-155
trnas-aga-156	aga-156
trnas-aga-157	aga-157
trnas-aga-158	aga-158
trnas-aga-159	aga-159
trnas-aga-16	aga-16
trnas-aga-160	aga-160
trnas-aga-161	aga-161
trnas-aga-162	aga-162
trnas-aga-163	aga-163
trnas-aga-164	aga-164
trnas-aga-165	aga-165
trnas-aga-166	aga-166
trnas-aga-167	aga-167
trnas-aga-168	aga-168
trnas-aga-169	aga-169
trnas-aga-17	aga-17
trnas-aga-170	aga-170
trnas-aga-171	aga-171
trnas-aga-172	aga-172
trnas-aga-173	aga-173
trnas-aga-174	aga-174
trnas-aga-175	aga-175
trnas-aga-176	aga-176
trnas-aga-177	aga-177
trnas-aga-178	aga-178
trnas-aga-179	aga-179
trnas-aga-18	aga-18
trnas-aga-180	aga-180
trnas-aga-181	aga-181
trnas-aga-182	aga-182
trnas-aga-183	aga-183
trnas-aga-184	aga-184
trnas-aga-185	aga-185
trnas-aga-186	aga-186
trnas-aga-187	aga-187
trnas-aga-188	aga-188
trnas-aga-189	aga-189
trnas-aga-19	aga-19
trnas-aga-190	aga-190
trnas-aga-191	aga-191
trnas-aga-192	aga-192
trnas-aga-193	aga-193
trnas-aga-194	aga-194
trnas-aga-195	aga-195
trnas-aga-196	aga-196
trnas-aga-197	aga-197
trnas-aga-198	aga-198
trnas-aga-199	aga-199
trnas-aga-2	aga-2
trnas-aga-20	aga-20
trnas-aga-200	aga-200
trnas-aga-201	aga-201
trnas-aga-202	aga-202
trnas-aga-203	aga-203
trnas-aga-204	aga-204
trnas-aga-205	aga-205
trnas-aga-206	aga-206
trnas-aga-207	aga-207
trnas-aga-208	aga-208
trnas-aga-209	aga-209
trnas-aga-21	aga-21
trnas-aga-210	aga-210
trnas-aga-211	aga-211
trnas-aga-212	aga-212
trnas-aga-213	aga-213
trnas-aga-214	aga-214
trnas-aga-215	aga-215
trnas-aga-216	aga-216
trnas-aga-217	aga-217
trnas-aga-218	aga-218
trnas-aga-219	aga-219
trnas-aga-22	aga-22
trnas-aga-220	aga-220
trnas-aga-221	aga-221
trnas-aga-222	aga-222
trnas-aga-223	aga-223
trnas-aga-224	aga-224
trnas-aga-225	aga-225
trnas-aga-226	aga-226
trnas-aga-227	aga-227
trnas-aga-228	aga-228
trnas-aga-229	aga-229
trnas-aga-23	aga-23
trnas-aga-230	aga-230
trnas-aga-231	aga-231
trnas-aga-232	aga-232
trnas-aga-233	aga-233
trnas-aga-234	aga-234
trnas-aga-235	aga-235
trnas-aga-236	aga-236
trnas-aga-237	aga-237
trnas-aga-238	aga-238
trnas-aga-239	aga-239
trnas-aga-24	aga-24
trnas-aga-240	aga-240
trnas-aga-241	aga-241
trnas-aga-242	aga-242
trnas-aga-243	aga-243
trnas-aga-244	aga-244
trnas-aga-245	aga-245
trnas-aga-246	aga-246
trnas-aga-247	aga-247
trnas-aga-248	aga-248
trnas-aga-249	aga-249
trnas-aga-25	aga-25
trnas-aga-250	aga-250
trnas-aga-251	aga-251
trnas-aga-252	aga-252
trnas-aga-253	aga-253
trnas-aga-254	aga-254
trnas-aga-255	aga-255
trnas-aga-256	aga-256
trnas-aga-257	aga-257
trnas-aga-258	aga-258
trnas-aga-259	aga-259
trnas-aga-26	aga-26
trnas-aga-260	aga-260
trnas-aga-261	aga-261
trnas-aga-262	aga-262
trnas-aga-263	aga-263
trnas-aga-264	aga-264
trnas-aga-265	aga-265
trnas-aga-266	aga-266
trnas-aga-267	aga-267
trnas-aga-268	aga-268
trnas-aga-269	aga-269
trnas-aga-27	aga-27
trnas-aga-270	aga-270
trnas-aga-271	aga-271
trnas-aga-272	aga-272
trnas-aga-273	aga-273
trnas-aga-274	aga-274
trnas-aga-275	aga-275
trnas-aga-276	aga-276
trnas-aga-277	aga-277
trnas-aga-278	aga-278
trnas-aga-279	aga-279
trnas-aga-28	aga-28
trnas-aga-280	aga-280
trnas-aga-281	aga-281
trnas-aga-282	aga-282
trnas-aga-283	aga-283
trnas-aga-284	aga-284
trnas-aga-285	aga-285
trnas-aga-286	aga-286
trnas-aga-287	aga-287
trnas-aga-29	aga-29
trnas-aga-3	aga-3
trnas-aga-30	aga-30
trnas-aga-31	aga-31
trnas-aga-32	aga-32
trnas-aga-33	aga-33
trnas-aga-34	aga-34
trnas-aga-35	aga-35
trnas-aga-36	aga-36
trnas-aga-37	aga-37
trnas-aga-38	aga-38
trnas-aga-39	aga-39
trnas-aga-4	aga-4
trnas-aga-40	aga-40
trnas-aga-41	aga-41
trnas-aga-42	aga-42
trnas-aga-43	aga-43
trnas-aga-44	aga-44
trnas-aga-45	aga-45
trnas-aga-46	aga-46
trnas-aga-47	aga-47
trnas-aga-48	aga-48
trnas-aga-49	aga-49
trnas-aga-5	aga-5
trnas-aga-50	aga-50
trnas-aga-51	aga-51
trnas-aga-52	aga-52
trnas-aga-53	aga-53
trnas-aga-54	aga-54
trnas-aga-55	aga-55
trnas-aga-56	aga-56
trnas-aga-57	aga-57
trnas-aga-58	aga-58
trnas-aga-59	aga-59
trnas-aga-6	aga-6
trnas-aga-60	aga-60
trnas-aga-61	aga-61
trnas-aga-62	aga-62
trnas-aga-63	aga-63
trnas-aga-64	aga-64
trnas-aga-65	aga-65
trnas-aga-66	aga-66
trnas-aga-67	aga-67
trnas-aga-68	aga-68
trnas-aga-69	aga-69
trnas-aga-7	aga-7
trnas-aga-70	aga-70
trnas-aga-71	aga-71
trnas-aga-72	aga-72
trnas-aga-73	aga-73
trnas-aga-74	aga-74
trnas-aga-75	aga-75
trnas-aga-76	aga-76
trnas-aga-77	aga-77
trnas-aga-78	aga-78
trnas-aga-79	aga-79
trnas-aga-8	aga-8
trnas-aga-80	aga-80
trnas-aga-81	aga-81
trnas-aga-82	aga-82
trnas-aga-83	aga-83
trnas-aga-84	aga-84
trnas-aga-85	aga-85
trnas-aga-86	aga-86
trnas-aga-87	aga-87
trnas-aga-88	aga-88
trnas-aga-89	aga-89
trnas-aga-9	aga-9
trnas-aga-90	aga-90
trnas-aga-91	aga-91
trnas-aga-92	aga-92
trnas-aga-93	aga-93
trnas-aga-94	aga-94
trnas-aga-95	aga-95
trnas-aga-96	aga-96
trnas-aga-97	aga-97
trnas-aga-98	aga-98
trnas-aga-99	aga-99
trnas-cga	cga
trnas-cga-10	cga-10
trnas-cga-11	cga-11
trnas-cga-12	cga-12
trnas-cga-13	cga-13
trnas-cga-14	cga-14
trnas-cga-15	cga-15
trnas-cga-16	cga-16
trnas-cga-17	cga-17
trnas-cga-18	cga-18
trnas-cga-19	cga-19
trnas-cga-2	cga-2
trnas-cga-20	cga-20
trnas-cga-21	cga-21
trnas-cga-22	cga-22
trnas-cga-23	cga-23
trnas-cga-24	cga-24
trnas-cga-25	cga-25
trnas-cga-26	cga-26
trnas-cga-27	cga-27
trnas-cga-28	cga-28
trnas-cga-29	cga-29
trnas-cga-3	cga-3
trnas-cga-30	cga-30
trnas-cga-31	cga-31
trnas-cga-32	cga-32
trnas-cga-33	cga-33
trnas-cga-34	cga-34
trnas-cga-35	cga-35
trnas-cga-36	cga-36
trnas-cga-37	cga-37
trnas-cga-4	cga-4
trnas-cga-5	cga-5
trnas-cga-6	cga-6
trnas-cga-7	cga-7
trnas-cga-8	cga-8
trnas-cga-9	cga-9
trnas-gcu	gcu
trnas-gcu-10	gcu-10
trnas-gcu-100	gcu-100
trnas-gcu-101	gcu-101
trnas-gcu-102	gcu-102
trnas-gcu-103	gcu-103
trnas-gcu-104	gcu-104
trnas-gcu-105	gcu-105
trnas-gcu-106	gcu-106
trnas-gcu-107	gcu-107
trnas-gcu-108	gcu-108
trnas-gcu-109	gcu-109
trnas-gcu-11	gcu-11
trnas-gcu-110	gcu-110
trnas-gcu-111	gcu-111
trnas-gcu-112	gcu-112
trnas-gcu-113	gcu-113
trnas-gcu-114	gcu-114
trnas-gcu-115	gcu-115
trnas-gcu-116	gcu-116
trnas-gcu-117	gcu-117
trnas-gcu-118	gcu-118
trnas-gcu-119	gcu-119
trnas-gcu-12	gcu-12
trnas-gcu-120	gcu-120
trnas-gcu-121	gcu-121
trnas-gcu-122	gcu-122
trnas-gcu-123	gcu-123
trnas-gcu-124	gcu-124
trnas-gcu-125	gcu-125
trnas-gcu-126	gcu-126
trnas-gcu-127	gcu-127
trnas-gcu-128	gcu-128
trnas-gcu-129	gcu-129
trnas-gcu-13	gcu-13
trnas-gcu-130	gcu-130
trnas-gcu-131	gcu-131
trnas-gcu-132	gcu-132
trnas-gcu-133	gcu-133
trnas-gcu-134	gcu-134
trnas-gcu-135	gcu-135
trnas-gcu-136	gcu-136
trnas-gcu-137	gcu-137
trnas-gcu-138	gcu-138
trnas-gcu-139	gcu-139
trnas-gcu-14	gcu-14
trnas-gcu-140	gcu-140
trnas-gcu-141	gcu-141
trnas-gcu-142	gcu-142
trnas-gcu-143	gcu-143
trnas-gcu-144	gcu-144
trnas-gcu-145	gcu-145
trnas-gcu-146	gcu-146
trnas-gcu-147	gcu-147
trnas-gcu-148	gcu-148
trnas-gcu-149	gcu-149
trnas-gcu-15	gcu-15
trnas-gcu-150	gcu-150
trnas-gcu-151	gcu-151
trnas-gcu-152	gcu-152
trnas-gcu-153	gcu-153
trnas-gcu-154	gcu-154
trnas-gcu-155	gcu-155
trnas-gcu-156	gcu-156
trnas-gcu-157	gcu-157
trnas-gcu-158	gcu-158
trnas-gcu-159	gcu-159
trnas-gcu-16	gcu-16
trnas-gcu-160	gcu-160
trnas-gcu-161	gcu-161
trnas-gcu-162	gcu-162
trnas-gcu-163	gcu-163
trnas-gcu-164	gcu-164
trnas-gcu-165	gcu-165
trnas-gcu-166	gcu-166
trnas-gcu-167	gcu-167
trnas-gcu-168	gcu-168
trnas-gcu-169	gcu-169
trnas-gcu-17	gcu-17
trnas-gcu-170	gcu-170
trnas-gcu-171	gcu-171
trnas-gcu-172	gcu-172
trnas-gcu-173	gcu-173
trnas-gcu-174	gcu-174
trnas-gcu-175	gcu-175
trnas-gcu-176	gcu-176
trnas-gcu-177	gcu-177
trnas-gcu-178	gcu-178
trnas-gcu-179	gcu-179
trnas-gcu-18	gcu-18
trnas-gcu-180	gcu-180
trnas-gcu-181	gcu-181
trnas-gcu-182	gcu-182
trnas-gcu-183	gcu-183
trnas-gcu-184	gcu-184
trnas-gcu-185	gcu-185
trnas-gcu-186	gcu-186
trnas-gcu-187	gcu-187
trnas-gcu-188	gcu-188
trnas-gcu-189	gcu-189
trnas-gcu-19	gcu-19
trnas-gcu-190	gcu-190
trnas-gcu-191	gcu-191
trnas-gcu-192	gcu-192
trnas-gcu-193	gcu-193
trnas-gcu-194	gcu-194
trnas-gcu-195	gcu-195
trnas-gcu-196	gcu-196
trnas-gcu-197	gcu-197
trnas-gcu-198	gcu-198
trnas-gcu-199	gcu-199
trnas-gcu-2	gcu-2
trnas-gcu-20	gcu-20
trnas-gcu-200	gcu-200
trnas-gcu-201	gcu-201
trnas-gcu-202	gcu-202
trnas-gcu-203	gcu-203
trnas-gcu-204	gcu-204
trnas-gcu-205	gcu-205
trnas-gcu-206	gcu-206
trnas-gcu-207	gcu-207
trnas-gcu-208	gcu-208
trnas-gcu-209	gcu-209
trnas-gcu-21	gcu-21
trnas-gcu-210	gcu-210
trnas-gcu-211	gcu-211
trnas-gcu-212	gcu-212
trnas-gcu-213	gcu-213
trnas-gcu-214	gcu-214
trnas-gcu-215	gcu-215
trnas-gcu-216	gcu-216
trnas-gcu-217	gcu-217
trnas-gcu-218	gcu-218
trnas-gcu-219	gcu-219
trnas-gcu-22	gcu-22
trnas-gcu-220	gcu-220
trnas-gcu-221	gcu-221
trnas-gcu-222	gcu-222
trnas-gcu-223	gcu-223
trnas-gcu-224	gcu-224
trnas-gcu-225	gcu-225
trnas-gcu-226	gcu-226
trnas-gcu-227	gcu-227
trnas-gcu-228	gcu-228
trnas-gcu-229	gcu-229
trnas-gcu-23	gcu-23
trnas-gcu-230	gcu-230
trnas-gcu-231	gcu-231
trnas-gcu-232	gcu-232
trnas-gcu-233	gcu-233
trnas-gcu-234	gcu-234
trnas-gcu-235	gcu-235
trnas-gcu-236	gcu-236
trnas-gcu-237	gcu-237
trnas-gcu-238	gcu-238
trnas-gcu-239	gcu-239
trnas-gcu-24	gcu-24
trnas-gcu-240	gcu-240
trnas-gcu-241	gcu-241
trnas-gcu-242	gcu-242
trnas-gcu-243	gcu-243
trnas-gcu-244	gcu-244
trnas-gcu-245	gcu-245
trnas-gcu-246	gcu-246
trnas-gcu-247	gcu-247
trnas-gcu-248	gcu-248
trnas-gcu-249	gcu-249
trnas-gcu-25	gcu-25
trnas-gcu-250	gcu-250
trnas-gcu-251	gcu-251
trnas-gcu-252	gcu-252
trnas-gcu-253	gcu-253
trnas-gcu-254	gcu-254
trnas-gcu-255	gcu-255
trnas-gcu-256	gcu-256
trnas-gcu-257	gcu-257
trnas-gcu-258	gcu-258
trnas-gcu-259	gcu-259
trnas-gcu-26	gcu-26
trnas-gcu-260	gcu-260
trnas-gcu-261	gcu-261
trnas-gcu-262	gcu-262
trnas-gcu-263	gcu-263
trnas-gcu-264	gcu-264
trnas-gcu-265	gcu-265
trnas-gcu-266	gcu-266
trnas-gcu-267	gcu-267
trnas-gcu-268	gcu-268
trnas-gcu-269	gcu-269
trnas-gcu-27	gcu-27
trnas-gcu-270	gcu-270
trnas-gcu-271	gcu-271
trnas-gcu-272	gcu-272
trnas-gcu-273	gcu-273
trnas-gcu-274	gcu-274
trnas-gcu-275	gcu-275
trnas-gcu-276	gcu-276
trnas-gcu-277	gcu-277
trnas-gcu-278	gcu-278
trnas-gcu-279	gcu-279
trnas-gcu-28	gcu-28
trnas-gcu-280	gcu-280
trnas-gcu-281	gcu-281
trnas-gcu-282	gcu-282
trnas-gcu-283	gcu-283
trnas-gcu-284	gcu-284
trnas-gcu-285	gcu-285
trnas-gcu-286	gcu-286
trnas-gcu-287	gcu-287
trnas-gcu-288	gcu-288
trnas-gcu-289	gcu-289
trnas-gcu-29	gcu-29
trnas-gcu-290	gcu-290
trnas-gcu-3	gcu-3
trnas-gcu-30	gcu-30
trnas-gcu-31	gcu-31
trnas-gcu-32	gcu-32
trnas-gcu-33	gcu-33
trnas-gcu-34	gcu-34
trnas-gcu-35	gcu-35
trnas-gcu-36	gcu-36
trnas-gcu-37	gcu-37
trnas-gcu-38	gcu-38
trnas-gcu-39	gcu-39
trnas-gcu-4	gcu-4
trnas-gcu-40	gcu-40
trnas-gcu-41	gcu-41
trnas-gcu-42	gcu-42
trnas-gcu-43	gcu-43
trnas-gcu-44	gcu-44
trnas-gcu-45	gcu-45
trnas-gcu-46	gcu-46
trnas-gcu-47	gcu-47
trnas-gcu-48	gcu-48
trnas-gcu-49	gcu-49
trnas-gcu-5	gcu-5
trnas-gcu-50	gcu-50
trnas-gcu-51	gcu-51
trnas-gcu-52	gcu-52
trnas-gcu-53	gcu-53
trnas-gcu-54	gcu-54
trnas-gcu-55	gcu-55
trnas-gcu-56	gcu-56
trnas-gcu-57	gcu-57
trnas-gcu-58	gcu-58
trnas-gcu-59	gcu-59
trnas-gcu-6	gcu-6
trnas-gcu-60	gcu-60
trnas-gcu-61	gcu-61
trnas-gcu-62	gcu-62
trnas-gcu-63	gcu-63
trnas-gcu-64	gcu-64
trnas-gcu-65	gcu-65
trnas-gcu-66	gcu-66
trnas-gcu-67	gcu-67
trnas-gcu-68	gcu-68
trnas-gcu-69	gcu-69
trnas-gcu-7	gcu-7
trnas-gcu-70	gcu-70
trnas-gcu-71	gcu-71
trnas-gcu-72	gcu-72
trnas-gcu-73	gcu-73
trnas-gcu-74	gcu-74
trnas-gcu-75	gcu-75
trnas-gcu-76	gcu-76
trnas-gcu-77	gcu-77
trnas-gcu-78	gcu-78
trnas-gcu-79	gcu-79
trnas-gcu-8	gcu-8
trnas-gcu-80	gcu-80
trnas-gcu-81	gcu-81
trnas-gcu-82	gcu-82
trnas-gcu-83	gcu-83
trnas-gcu-84	gcu-84
trnas-gcu-85	gcu-85
trnas-gcu-86	gcu-86
trnas-gcu-87	gcu-87
trnas-gcu-88	gcu-88
trnas-gcu-89	gcu-89
trnas-gcu-9	gcu-9
trnas-gcu-90	gcu-90
trnas-gcu-91	gcu-91
trnas-gcu-92	gcu-92
trnas-gcu-93	gcu-93
trnas-gcu-94	gcu-94
trnas-gcu-95	gcu-95
trnas-gcu-96	gcu-96
trnas-gcu-97	gcu-97
trnas-gcu-98	gcu-98
trnas-gcu-99	gcu-99
trnas-gga	gga
trnas-gga-2	gga-2
trnas-uga	uga
trnas-uga-10	uga-10
trnas-uga-100	uga-100
trnas-uga-101	uga-101
trnas-uga-102	uga-102
trnas-uga-103	uga-103
trnas-uga-104	uga-104
trnas-uga-105	uga-105
trnas-uga-106	uga-106
trnas-uga-107	uga-107
trnas-uga-108	uga-108
trnas-uga-109	uga-109
trnas-uga-11	uga-11
trnas-uga-110	uga-110
trnas-uga-111	uga-111
trnas-uga-112	uga-112
trnas-uga-113	uga-113
trnas-uga-114	uga-114
trnas-uga-115	uga-115
trnas-uga-116	uga-116
trnas-uga-117	uga-117
trnas-uga-118	uga-118
trnas-uga-119	uga-119
trnas-uga-12	uga-12
trnas-uga-120	uga-120
trnas-uga-121	uga-121
trnas-uga-122	uga-122
trnas-uga-123	uga-123
trnas-uga-124	uga-124
trnas-uga-125	uga-125
trnas-uga-126	uga-126
trnas-uga-127	uga-127
trnas-uga-128	uga-128
trnas-uga-129	uga-129
trnas-uga-13	uga-13
trnas-uga-130	uga-130
trnas-uga-131	uga-131
trnas-uga-132	uga-132
trnas-uga-133	uga-133
trnas-uga-134	uga-134
trnas-uga-135	uga-135
trnas-uga-136	uga-136
trnas-uga-137	uga-137
trnas-uga-138	uga-138
trnas-uga-139	uga-139
trnas-uga-14	uga-14
trnas-uga-140	uga-140
trnas-uga-141	uga-141
trnas-uga-142	uga-142
trnas-uga-143	uga-143
trnas-uga-144	uga-144
trnas-uga-145	uga-145
trnas-uga-146	uga-146
trnas-uga-147	uga-147
trnas-uga-148	uga-148
trnas-uga-15	uga-15
trnas-uga-16	uga-16
trnas-uga-17	uga-17
trnas-uga-18	uga-18
trnas-uga-19	uga-19
trnas-uga-2	uga-2
trnas-uga-20	uga-20
trnas-uga-21	uga-21
trnas-uga-22	uga-22
trnas-uga-23	uga-23
trnas-uga-24	uga-24
trnas-uga-25	uga-25
trnas-uga-26	uga-26
trnas-uga-27	uga-27
trnas-uga-28	uga-28
trnas-uga-29	uga-29
trnas-uga-3	uga-3
trnas-uga-30	uga-30
trnas-uga-31	uga-31
trnas-uga-32	uga-32
trnas-uga-33	uga-33
trnas-uga-34	uga-34
trnas-uga-35	uga-35
trnas-uga-36	uga-36
trnas-uga-37	uga-37
trnas-uga-38	uga-38
trnas-uga-39	uga-39
trnas-uga-4	uga-4
trnas-uga-40	uga-40
trnas-uga-41	uga-41
trnas-uga-42	uga-42
trnas-uga-43	uga-43
trnas-uga-44	uga-44
trnas-uga-45	uga-45
trnas-uga-46	uga-46
trnas-uga-47	uga-47
trnas-uga-48	uga-48
trnas-uga-49	uga-49
trnas-uga-5	uga-5
trnas-uga-50	uga-50
trnas-uga-51	uga-51
trnas-uga-52	uga-52
trnas-uga-53	uga-53
trnas-uga-54	uga-54
trnas-uga-55	uga-55
trnas-uga-56	uga-56
trnas-uga-57	uga-57
trnas-uga-58	uga-58
trnas-uga-59	uga-59
trnas-uga-6	uga-6
trnas-uga-60	uga-60
trnas-uga-61	uga-61
trnas-uga-62	uga-62
trnas-uga-63	uga-63
trnas-uga-64	uga-64
trnas-uga-65	uga-65
trnas-uga-66	uga-66
trnas-uga-67	uga-67
trnas-uga-68	uga-68
trnas-uga-69	uga-69
trnas-uga-7	uga-7
trnas-uga-70	uga-70
trnas-uga-71	uga-71
trnas-uga-72	uga-72
trnas-uga-73	uga-73
trnas-uga-74	uga-74
trnas-uga-75	uga-75
trnas-uga-76	uga-76
trnas-uga-77	uga-77
trnas-uga-78	uga-78
trnas-uga-79	uga-79
trnas-uga-8	uga-8
trnas-uga-80	uga-80
trnas-uga-81	uga-81
trnas-uga-82	uga-82
trnas-uga-83	uga-83
trnas-uga-84	uga-84
trnas-uga-85	uga-85
trnas-uga-86	uga-86
trnas-uga-87	uga-87
trnas-uga-88	uga-88
trnas-uga-89	uga-89
trnas-uga-9	uga-9
trnas-uga-90	uga-90
trnas-uga-91	uga-91
trnas-uga-92	uga-92
trnas-uga-93	uga-93
trnas-uga-94	uga-94
trnas-uga-95	uga-95
trnas-uga-96	uga-96
trnas-uga-97	uga-97
trnas-uga-98	uga-98
trnas-uga-99	uga-99
trnastop-uca	uca
trnat-agu	agu
trnat-agu-10	agu-10
trnat-agu-100	agu-100
trnat-agu-101	agu-101
trnat-agu-102	agu-102
trnat-agu-103	agu-103
trnat-agu-104	agu-104
trnat-agu-105	agu-105
trnat-agu-106	agu-106
trnat-agu-107	agu-107
trnat-agu-108	agu-108
trnat-agu-109	agu-109
trnat-agu-11	agu-11
trnat-agu-110	agu-110
trnat-agu-111	agu-111
trnat-agu-112	agu-112
trnat-agu-113	agu-113
trnat-agu-114	agu-114
trnat-agu-115	agu-115
trnat-agu-116	agu-116
trnat-agu-117	agu-117
trnat-agu-118	agu-118
trnat-agu-119	agu-119
trnat-agu-12	agu-12
trnat-agu-120	agu-120
trnat-agu-121	agu-121
trnat-agu-122	agu-122
trnat-agu-123	agu-123
trnat-agu-124	agu-124
trnat-agu-125	agu-125
trnat-agu-126	agu-126
trnat-agu-127	agu-127
trnat-agu-128	agu-128
trnat-agu-129	agu-129
trnat-agu-13	agu-13
trnat-agu-130	agu-130
trnat-agu-131	agu-131
trnat-agu-132	agu-132
trnat-agu-133	agu-133
trnat-agu-134	agu-134
trnat-agu-135	agu-135
trnat-agu-136	agu-136
trnat-agu-137	agu-137
trnat-agu-138	agu-138
trnat-agu-139	agu-139
trnat-agu-14	agu-14
trnat-agu-140	agu-140
trnat-agu-141	agu-141
trnat-agu-142	agu-142
trnat-agu-143	agu-143
trnat-agu-144	agu-144
trnat-agu-145	agu-145
trnat-agu-146	agu-146
trnat-agu-147	agu-147
trnat-agu-148	agu-148
trnat-agu-149	agu-149
trnat-agu-15	agu-15
trnat-agu-150	agu-150
trnat-agu-151	agu-151
trnat-agu-152	agu-152
trnat-agu-153	agu-153
trnat-agu-154	agu-154
trnat-agu-155	agu-155
trnat-agu-156	agu-156
trnat-agu-157	agu-157
trnat-agu-158	agu-158
trnat-agu-159	agu-159
trnat-agu-16	agu-16
trnat-agu-160	agu-160
trnat-agu-161	agu-161
trnat-agu-162	agu-162
trnat-agu-163	agu-163
trnat-agu-164	agu-164
trnat-agu-165	agu-165
trnat-agu-166	agu-166
trnat-agu-167	agu-167
trnat-agu-168	agu-168
trnat-agu-169	agu-169
trnat-agu-17	agu-17
trnat-agu-170	agu-170
trnat-agu-171	agu-171
trnat-agu-172	agu-172
trnat-agu-173	agu-173
trnat-agu-174	agu-174
trnat-agu-175	agu-175
trnat-agu-176	agu-176
trnat-agu-177	agu-177
trnat-agu-178	agu-178
trnat-agu-179	agu-179
trnat-agu-18	agu-18
trnat-agu-180	agu-180
trnat-agu-181	agu-181
trnat-agu-182	agu-182
trnat-agu-183	agu-183
trnat-agu-184	agu-184
trnat-agu-185	agu-185
trnat-agu-186	agu-186
trnat-agu-187	agu-187
trnat-agu-188	agu-188
trnat-agu-189	agu-189
trnat-agu-19	agu-19
trnat-agu-190	agu-190
trnat-agu-191	agu-191
trnat-agu-192	agu-192
trnat-agu-193	agu-193
trnat-agu-194	agu-194
trnat-agu-195	agu-195
trnat-agu-196	agu-196
trnat-agu-197	agu-197
trnat-agu-198	agu-198
trnat-agu-199	agu-199
trnat-agu-2	agu-2
trnat-agu-20	agu-20
trnat-agu-200	agu-200
trnat-agu-201	agu-201
trnat-agu-202	agu-202
trnat-agu-203	agu-203
trnat-agu-204	agu-204
trnat-agu-205	agu-205
trnat-agu-206	agu-206
trnat-agu-207	agu-207
trnat-agu-208	agu-208
trnat-agu-209	agu-209
trnat-agu-21	agu-21
trnat-agu-210	agu-210
trnat-agu-211	agu-211
trnat-agu-212	agu-212
trnat-agu-213	agu-213
trnat-agu-214	agu-214
trnat-agu-215	agu-215
trnat-agu-216	agu-216
trnat-agu-217	agu-217
trnat-agu-218	agu-218
trnat-agu-219	agu-219
trnat-agu-22	agu-22
trnat-agu-220	agu-220
trnat-agu-221	agu-221
trnat-agu-222	agu-222
trnat-agu-223	agu-223
trnat-agu-224	agu-224
trnat-agu-225	agu-225
trnat-agu-226	agu-226
trnat-agu-227	agu-227
trnat-agu-228	agu-228
trnat-agu-229	agu-229
trnat-agu-23	agu-23
trnat-agu-230	agu-230
trnat-agu-231	agu-231
trnat-agu-232	agu-232
trnat-agu-233	agu-233
trnat-agu-234	agu-234
trnat-agu-235	agu-235
trnat-agu-236	agu-236
trnat-agu-237	agu-237
trnat-agu-238	agu-238
trnat-agu-239	agu-239
trnat-agu-24	agu-24
trnat-agu-240	agu-240
trnat-agu-241	agu-241
trnat-agu-242	agu-242
trnat-agu-243	agu-243
trnat-agu-244	agu-244
trnat-agu-245	agu-245
trnat-agu-246	agu-246
trnat-agu-247	agu-247
trnat-agu-248	agu-248
trnat-agu-249	agu-249
trnat-agu-25	agu-25
trnat-agu-250	agu-250
trnat-agu-251	agu-251
trnat-agu-252	agu-252
trnat-agu-253	agu-253
trnat-agu-254	agu-254
trnat-agu-255	agu-255
trnat-agu-256	agu-256
trnat-agu-257	agu-257
trnat-agu-258	agu-258
trnat-agu-259	agu-259
trnat-agu-26	agu-26
trnat-agu-260	agu-260
trnat-agu-261	agu-261
trnat-agu-262	agu-262
trnat-agu-263	agu-263
trnat-agu-264	agu-264
trnat-agu-265	agu-265
trnat-agu-266	agu-266
trnat-agu-267	agu-267
trnat-agu-268	agu-268
trnat-agu-269	agu-269
trnat-agu-27	agu-27
trnat-agu-270	agu-270
trnat-agu-271	agu-271
trnat-agu-272	agu-272
trnat-agu-273	agu-273
trnat-agu-274	agu-274
trnat-agu-275	agu-275
trnat-agu-276	agu-276
trnat-agu-277	agu-277
trnat-agu-278	agu-278
trnat-agu-279	agu-279
trnat-agu-28	agu-28
trnat-agu-280	agu-280
trnat-agu-281	agu-281
trnat-agu-282	agu-282
trnat-agu-283	agu-283
trnat-agu-284	agu-284
trnat-agu-285	agu-285
trnat-agu-286	agu-286
trnat-agu-287	agu-287
trnat-agu-288	agu-288
trnat-agu-289	agu-289
trnat-agu-29	agu-29
trnat-agu-290	agu-290
trnat-agu-291	agu-291
trnat-agu-3	agu-3
trnat-agu-30	agu-30
trnat-agu-31	agu-31
trnat-agu-32	agu-32
trnat-agu-33	agu-33
trnat-agu-34	agu-34
trnat-agu-35	agu-35
trnat-agu-36	agu-36
trnat-agu-37	agu-37
trnat-agu-38	agu-38
trnat-agu-39	agu-39
trnat-agu-4	agu-4
trnat-agu-40	agu-40
trnat-agu-41	agu-41
trnat-agu-42	agu-42
trnat-agu-43	agu-43
trnat-agu-44	agu-44
trnat-agu-45	agu-45
trnat-agu-46	agu-46
trnat-agu-47	agu-47
trnat-agu-48	agu-48
trnat-agu-49	agu-49
trnat-agu-5	agu-5
trnat-agu-50	agu-50
trnat-agu-51	agu-51
trnat-agu-52	agu-52
trnat-agu-53	agu-53
trnat-agu-54	agu-54
trnat-agu-55	agu-55
trnat-agu-56	agu-56
trnat-agu-57	agu-57
trnat-agu-58	agu-58
trnat-agu-59	agu-59
trnat-agu-6	agu-6
trnat-agu-60	agu-60
trnat-agu-61	agu-61
trnat-agu-62	agu-62
trnat-agu-63	agu-63
trnat-agu-64	agu-64
trnat-agu-65	agu-65
trnat-agu-66	agu-66
trnat-agu-67	agu-67
trnat-agu-68	agu-68
trnat-agu-69	agu-69
trnat-agu-7	agu-7
trnat-agu-70	agu-70
trnat-agu-71	agu-71
trnat-agu-72	agu-72
trnat-agu-73	agu-73
trnat-agu-74	agu-74
trnat-agu-75	agu-75
trnat-agu-76	agu-76
trnat-agu-77	agu-77
trnat-agu-78	agu-78
trnat-agu-79	agu-79
trnat-agu-8	agu-8
trnat-agu-80	agu-80
trnat-agu-81	agu-81
trnat-agu-82	agu-82
trnat-agu-83	agu-83
trnat-agu-84	agu-84
trnat-agu-85	agu-85
trnat-agu-86	agu-86
trnat-agu-87	agu-87
trnat-agu-88	agu-88
trnat-agu-89	agu-89
trnat-agu-9	agu-9
trnat-agu-90	agu-90
trnat-agu-91	agu-91
trnat-agu-92	agu-92
trnat-agu-93	agu-93
trnat-agu-94	agu-94
trnat-agu-95	agu-95
trnat-agu-96	agu-96
trnat-agu-97	agu-97
trnat-agu-98	agu-98
trnat-agu-99	agu-99
trnat-cgu	cgu
trnat-cgu-10	cgu-10
trnat-cgu-11	cgu-11
trnat-cgu-12	cgu-12
trnat-cgu-13	cgu-13
trnat-cgu-14	cgu-14
trnat-cgu-15	cgu-15
trnat-cgu-16	cgu-16
trnat-cgu-17	cgu-17
trnat-cgu-18	cgu-18
trnat-cgu-19	cgu-19
trnat-cgu-2	cgu-2
trnat-cgu-20	cgu-20
trnat-cgu-21	cgu-21
trnat-cgu-22	cgu-22
trnat-cgu-23	cgu-23
trnat-cgu-24	cgu-24
trnat-cgu-25	cgu-25
trnat-cgu-26	cgu-26
trnat-cgu-27	cgu-27
trnat-cgu-28	cgu-28
trnat-cgu-29	cgu-29
trnat-cgu-3	cgu-3
trnat-cgu-30	cgu-30
trnat-cgu-31	cgu-31
trnat-cgu-32	cgu-32
trnat-cgu-33	cgu-33
trnat-cgu-34	cgu-34
trnat-cgu-35	cgu-35
trnat-cgu-36	cgu-36
trnat-cgu-37	cgu-37
trnat-cgu-38	cgu-38
trnat-cgu-39	cgu-39
trnat-cgu-4	cgu-4
trnat-cgu-40	cgu-40
trnat-cgu-41	cgu-41
trnat-cgu-42	cgu-42
trnat-cgu-43	cgu-43
trnat-cgu-44	cgu-44
trnat-cgu-45	cgu-45
trnat-cgu-46	cgu-46
trnat-cgu-47	cgu-47
trnat-cgu-48	cgu-48
trnat-cgu-49	cgu-49
trnat-cgu-5	cgu-5
trnat-cgu-50	cgu-50
trnat-cgu-51	cgu-51
trnat-cgu-52	cgu-52
trnat-cgu-53	cgu-53
trnat-cgu-54	cgu-54
trnat-cgu-6	cgu-6
trnat-cgu-7	cgu-7
trnat-cgu-8	cgu-8
trnat-cgu-9	cgu-9
trnat-ggu	ggu
trnat-ggu-2	ggu-2
trnat-ggu-3	ggu-3
trnat-ggu-4	ggu-4
trnat-ggu-5	ggu-5
trnat-ugu	ugu
trnat-ugu-10	ugu-10
trnat-ugu-100	ugu-100
trnat-ugu-101	ugu-101
trnat-ugu-102	ugu-102
trnat-ugu-103	ugu-103
trnat-ugu-104	ugu-104
trnat-ugu-105	ugu-105
trnat-ugu-106	ugu-106
trnat-ugu-107	ugu-107
trnat-ugu-108	ugu-108
trnat-ugu-109	ugu-109
trnat-ugu-11	ugu-11
trnat-ugu-110	ugu-110
trnat-ugu-111	ugu-111
trnat-ugu-112	ugu-112
trnat-ugu-113	ugu-113
trnat-ugu-114	ugu-114
trnat-ugu-115	ugu-115
trnat-ugu-116	ugu-116
trnat-ugu-117	ugu-117
trnat-ugu-118	ugu-118
trnat-ugu-119	ugu-119
trnat-ugu-12	ugu-12
trnat-ugu-120	ugu-120
trnat-ugu-121	ugu-121
trnat-ugu-122	ugu-122
trnat-ugu-123	ugu-123
trnat-ugu-124	ugu-124
trnat-ugu-125	ugu-125
trnat-ugu-126	ugu-126
trnat-ugu-127	ugu-127
trnat-ugu-128	ugu-128
trnat-ugu-129	ugu-129
trnat-ugu-13	ugu-13
trnat-ugu-130	ugu-130
trnat-ugu-131	ugu-131
trnat-ugu-132	ugu-132
trnat-ugu-133	ugu-133
trnat-ugu-134	ugu-134
trnat-ugu-135	ugu-135
trnat-ugu-136	ugu-136
trnat-ugu-137	ugu-137
trnat-ugu-138	ugu-138
trnat-ugu-139	ugu-139
trnat-ugu-14	ugu-14
trnat-ugu-140	ugu-140
trnat-ugu-141	ugu-141
trnat-ugu-142	ugu-142
trnat-ugu-143	ugu-143
trnat-ugu-144	ugu-144
trnat-ugu-145	ugu-145
trnat-ugu-146	ugu-146
trnat-ugu-147	ugu-147
trnat-ugu-148	ugu-148
trnat-ugu-149	ugu-149
trnat-ugu-15	ugu-15
trnat-ugu-150	ugu-150
trnat-ugu-151	ugu-151
trnat-ugu-152	ugu-152
trnat-ugu-153	ugu-153
trnat-ugu-154	ugu-154
trnat-ugu-155	ugu-155
trnat-ugu-156	ugu-156
trnat-ugu-157	ugu-157
trnat-ugu-158	ugu-158
trnat-ugu-159	ugu-159
trnat-ugu-16	ugu-16
trnat-ugu-160	ugu-160
trnat-ugu-161	ugu-161
trnat-ugu-162	ugu-162
trnat-ugu-163	ugu-163
trnat-ugu-164	ugu-164
trnat-ugu-165	ugu-165
trnat-ugu-166	ugu-166
trnat-ugu-167	ugu-167
trnat-ugu-168	ugu-168
trnat-ugu-169	ugu-169
trnat-ugu-17	ugu-17
trnat-ugu-170	ugu-170
trnat-ugu-171	ugu-171
trnat-ugu-172	ugu-172
trnat-ugu-173	ugu-173
trnat-ugu-174	ugu-174
trnat-ugu-175	ugu-175
trnat-ugu-176	ugu-176
trnat-ugu-177	ugu-177
trnat-ugu-178	ugu-178
trnat-ugu-179	ugu-179
trnat-ugu-18	ugu-18
trnat-ugu-180	ugu-180
trnat-ugu-181	ugu-181
trnat-ugu-182	ugu-182
trnat-ugu-183	ugu-183
trnat-ugu-184	ugu-184
trnat-ugu-185	ugu-185
trnat-ugu-186	ugu-186
trnat-ugu-187	ugu-187
trnat-ugu-188	ugu-188
trnat-ugu-189	ugu-189
trnat-ugu-19	ugu-19
trnat-ugu-190	ugu-190
trnat-ugu-191	ugu-191
trnat-ugu-192	ugu-192
trnat-ugu-193	ugu-193
trnat-ugu-194	ugu-194
trnat-ugu-195	ugu-195
trnat-ugu-196	ugu-196
trnat-ugu-197	ugu-197
trnat-ugu-198	ugu-198
trnat-ugu-199	ugu-199
trnat-ugu-2	ugu-2
trnat-ugu-20	ugu-20
trnat-ugu-200	ugu-200
trnat-ugu-201	ugu-201
trnat-ugu-202	ugu-202
trnat-ugu-203	ugu-203
trnat-ugu-204	ugu-204
trnat-ugu-205	ugu-205
trnat-ugu-206	ugu-206
trnat-ugu-207	ugu-207
trnat-ugu-208	ugu-208
trnat-ugu-209	ugu-209
trnat-ugu-21	ugu-21
trnat-ugu-210	ugu-210
trnat-ugu-211	ugu-211
trnat-ugu-212	ugu-212
trnat-ugu-213	ugu-213
trnat-ugu-214	ugu-214
trnat-ugu-215	ugu-215
trnat-ugu-216	ugu-216
trnat-ugu-217	ugu-217
trnat-ugu-218	ugu-218
trnat-ugu-219	ugu-219
trnat-ugu-22	ugu-22
trnat-ugu-220	ugu-220
trnat-ugu-221	ugu-221
trnat-ugu-222	ugu-222
trnat-ugu-223	ugu-223
trnat-ugu-224	ugu-224
trnat-ugu-225	ugu-225
trnat-ugu-226	ugu-226
trnat-ugu-227	ugu-227
trnat-ugu-228	ugu-228
trnat-ugu-229	ugu-229
trnat-ugu-23	ugu-23
trnat-ugu-230	ugu-230
trnat-ugu-231	ugu-231
trnat-ugu-232	ugu-232
trnat-ugu-233	ugu-233
trnat-ugu-234	ugu-234
trnat-ugu-235	ugu-235
trnat-ugu-236	ugu-236
trnat-ugu-237	ugu-237
trnat-ugu-238	ugu-238
trnat-ugu-24	ugu-24
trnat-ugu-25	ugu-25
trnat-ugu-26	ugu-26
trnat-ugu-27	ugu-27
trnat-ugu-28	ugu-28
trnat-ugu-29	ugu-29
trnat-ugu-3	ugu-3
trnat-ugu-30	ugu-30
trnat-ugu-31	ugu-31
trnat-ugu-32	ugu-32
trnat-ugu-33	ugu-33
trnat-ugu-34	ugu-34
trnat-ugu-35	ugu-35
trnat-ugu-36	ugu-36
trnat-ugu-37	ugu-37
trnat-ugu-38	ugu-38
trnat-ugu-39	ugu-39
trnat-ugu-4	ugu-4
trnat-ugu-40	ugu-40
trnat-ugu-41	ugu-41
trnat-ugu-42	ugu-42
trnat-ugu-43	ugu-43
trnat-ugu-44	ugu-44
trnat-ugu-45	ugu-45
trnat-ugu-46	ugu-46
trnat-ugu-47	ugu-47
trnat-ugu-48	ugu-48
trnat-ugu-49	ugu-49
trnat-ugu-5	ugu-5
trnat-ugu-50	ugu-50
trnat-ugu-51	ugu-51
trnat-ugu-52	ugu-52
trnat-ugu-53	ugu-53
trnat-ugu-54	ugu-54
trnat-ugu-55	ugu-55
trnat-ugu-56	ugu-56
trnat-ugu-57	ugu-57
trnat-ugu-58	ugu-58
trnat-ugu-59	ugu-59
trnat-ugu-6	ugu-6
trnat-ugu-60	ugu-60
trnat-ugu-61	ugu-61
trnat-ugu-62	ugu-62
trnat-ugu-63	ugu-63
trnat-ugu-64	ugu-64
trnat-ugu-65	ugu-65
trnat-ugu-66	ugu-66
trnat-ugu-67	ugu-67
trnat-ugu-68	ugu-68
trnat-ugu-69	ugu-69
trnat-ugu-7	ugu-7
trnat-ugu-70	ugu-70
trnat-ugu-71	ugu-71
trnat-ugu-72	ugu-72
trnat-ugu-73	ugu-73
trnat-ugu-74	ugu-74
trnat-ugu-75	ugu-75
trnat-ugu-76	ugu-76
trnat-ugu-77	ugu-77
trnat-ugu-78	ugu-78
trnat-ugu-79	ugu-79
trnat-ugu-8	ugu-8
trnat-ugu-80	ugu-80
trnat-ugu-81	ugu-81
trnat-ugu-82	ugu-82
trnat-ugu-83	ugu-83
trnat-ugu-84	ugu-84
trnat-ugu-85	ugu-85
trnat-ugu-86	ugu-86
trnat-ugu-87	ugu-87
trnat-ugu-88	ugu-88
trnat-ugu-89	ugu-89
trnat-ugu-9	ugu-9
trnat-ugu-90	ugu-90
trnat-ugu-91	ugu-91
trnat-ugu-92	ugu-92
trnat-ugu-93	ugu-93
trnat-ugu-94	ugu-94
trnat-ugu-95	ugu-95
trnat-ugu-96	ugu-96
trnat-ugu-97	ugu-97
trnat-ugu-98	ugu-98
trnat-ugu-99	ugu-99
trnav-aac	aac
trnav-aac-10	aac-10
trnav-aac-100	aac-100
trnav-aac-101	aac-101
trnav-aac-102	aac-102
trnav-aac-103	aac-103
trnav-aac-104	aac-104
trnav-aac-105	aac-105
trnav-aac-106	aac-106
trnav-aac-107	aac-107
trnav-aac-108	aac-108
trnav-aac-109	aac-109
trnav-aac-11	aac-11
trnav-aac-110	aac-110
trnav-aac-111	aac-111
trnav-aac-112	aac-112
trnav-aac-113	aac-113
trnav-aac-114	aac-114
trnav-aac-115	aac-115
trnav-aac-116	aac-116
trnav-aac-117	aac-117
trnav-aac-118	aac-118
trnav-aac-119	aac-119
trnav-aac-12	aac-12
trnav-aac-120	aac-120
trnav-aac-121	aac-121
trnav-aac-122	aac-122
trnav-aac-123	aac-123
trnav-aac-124	aac-124
trnav-aac-125	aac-125
trnav-aac-126	aac-126
trnav-aac-127	aac-127
trnav-aac-128	aac-128
trnav-aac-129	aac-129
trnav-aac-13	aac-13
trnav-aac-130	aac-130
trnav-aac-131	aac-131
trnav-aac-132	aac-132
trnav-aac-133	aac-133
trnav-aac-134	aac-134
trnav-aac-135	aac-135
trnav-aac-136	aac-136
trnav-aac-137	aac-137
trnav-aac-138	aac-138
trnav-aac-139	aac-139
trnav-aac-14	aac-14
trnav-aac-140	aac-140
trnav-aac-141	aac-141
trnav-aac-142	aac-142
trnav-aac-143	aac-143
trnav-aac-144	aac-144
trnav-aac-145	aac-145
trnav-aac-146	aac-146
trnav-aac-147	aac-147
trnav-aac-148	aac-148
trnav-aac-149	aac-149
trnav-aac-15	aac-15
trnav-aac-150	aac-150
trnav-aac-151	aac-151
trnav-aac-152	aac-152
trnav-aac-153	aac-153
trnav-aac-154	aac-154
trnav-aac-155	aac-155
trnav-aac-156	aac-156
trnav-aac-157	aac-157
trnav-aac-158	aac-158
trnav-aac-159	aac-159
trnav-aac-16	aac-16
trnav-aac-160	aac-160
trnav-aac-161	aac-161
trnav-aac-162	aac-162
trnav-aac-163	aac-163
trnav-aac-164	aac-164
trnav-aac-165	aac-165
trnav-aac-166	aac-166
trnav-aac-167	aac-167
trnav-aac-168	aac-168
trnav-aac-169	aac-169
trnav-aac-17	aac-17
trnav-aac-170	aac-170
trnav-aac-171	aac-171
trnav-aac-172	aac-172
trnav-aac-173	aac-173
trnav-aac-174	aac-174
trnav-aac-175	aac-175
trnav-aac-176	aac-176
trnav-aac-177	aac-177
trnav-aac-178	aac-178
trnav-aac-179	aac-179
trnav-aac-18	aac-18
trnav-aac-180	aac-180
trnav-aac-181	aac-181
trnav-aac-182	aac-182
trnav-aac-183	aac-183
trnav-aac-184	aac-184
trnav-aac-185	aac-185
trnav-aac-186	aac-186
trnav-aac-187	aac-187
trnav-aac-188	aac-188
trnav-aac-189	aac-189
trnav-aac-19	aac-19
trnav-aac-190	aac-190
trnav-aac-191	aac-191
trnav-aac-192	aac-192
trnav-aac-193	aac-193
trnav-aac-194	aac-194
trnav-aac-195	aac-195
trnav-aac-196	aac-196
trnav-aac-197	aac-197
trnav-aac-198	aac-198
trnav-aac-199	aac-199
trnav-aac-2	aac-2
trnav-aac-20	aac-20
trnav-aac-200	aac-200
trnav-aac-201	aac-201
trnav-aac-202	aac-202
trnav-aac-203	aac-203
trnav-aac-204	aac-204
trnav-aac-205	aac-205
trnav-aac-206	aac-206
trnav-aac-207	aac-207
trnav-aac-208	aac-208
trnav-aac-209	aac-209
trnav-aac-21	aac-21
trnav-aac-210	aac-210
trnav-aac-211	aac-211
trnav-aac-212	aac-212
trnav-aac-213	aac-213
trnav-aac-214	aac-214
trnav-aac-215	aac-215
trnav-aac-216	aac-216
trnav-aac-217	aac-217
trnav-aac-218	aac-218
trnav-aac-219	aac-219
trnav-aac-22	aac-22
trnav-aac-220	aac-220
trnav-aac-221	aac-221
trnav-aac-222	aac-222
trnav-aac-223	aac-223
trnav-aac-224	aac-224
trnav-aac-225	aac-225
trnav-aac-226	aac-226
trnav-aac-227	aac-227
trnav-aac-228	aac-228
trnav-aac-229	aac-229
trnav-aac-23	aac-23
trnav-aac-230	aac-230
trnav-aac-231	aac-231
trnav-aac-232	aac-232
trnav-aac-233	aac-233
trnav-aac-234	aac-234
trnav-aac-235	aac-235
trnav-aac-236	aac-236
trnav-aac-237	aac-237
trnav-aac-238	aac-238
trnav-aac-239	aac-239
trnav-aac-24	aac-24
trnav-aac-240	aac-240
trnav-aac-241	aac-241
trnav-aac-242	aac-242
trnav-aac-243	aac-243
trnav-aac-244	aac-244
trnav-aac-245	aac-245
trnav-aac-246	aac-246
trnav-aac-247	aac-247
trnav-aac-248	aac-248
trnav-aac-249	aac-249
trnav-aac-25	aac-25
trnav-aac-250	aac-250
trnav-aac-251	aac-251
trnav-aac-252	aac-252
trnav-aac-253	aac-253
trnav-aac-254	aac-254
trnav-aac-255	aac-255
trnav-aac-256	aac-256
trnav-aac-257	aac-257
trnav-aac-258	aac-258
trnav-aac-259	aac-259
trnav-aac-26	aac-26
trnav-aac-260	aac-260
trnav-aac-261	aac-261
trnav-aac-262	aac-262
trnav-aac-263	aac-263
trnav-aac-264	aac-264
trnav-aac-265	aac-265
trnav-aac-266	aac-266
trnav-aac-267	aac-267
trnav-aac-268	aac-268
trnav-aac-269	aac-269
trnav-aac-27	aac-27
trnav-aac-270	aac-270
trnav-aac-271	aac-271
trnav-aac-272	aac-272
trnav-aac-273	aac-273
trnav-aac-274	aac-274
trnav-aac-275	aac-275
trnav-aac-276	aac-276
trnav-aac-277	aac-277
trnav-aac-278	aac-278
trnav-aac-279	aac-279
trnav-aac-28	aac-28
trnav-aac-280	aac-280
trnav-aac-281	aac-281
trnav-aac-282	aac-282
trnav-aac-29	aac-29
trnav-aac-3	aac-3
trnav-aac-30	aac-30
trnav-aac-31	aac-31
trnav-aac-32	aac-32
trnav-aac-33	aac-33
trnav-aac-34	aac-34
trnav-aac-35	aac-35
trnav-aac-36	aac-36
trnav-aac-37	aac-37
trnav-aac-38	aac-38
trnav-aac-39	aac-39
trnav-aac-4	aac-4
trnav-aac-40	aac-40
trnav-aac-41	aac-41
trnav-aac-42	aac-42
trnav-aac-43	aac-43
trnav-aac-44	aac-44
trnav-aac-45	aac-45
trnav-aac-46	aac-46
trnav-aac-47	aac-47
trnav-aac-48	aac-48
trnav-aac-49	aac-49
trnav-aac-5	aac-5
trnav-aac-50	aac-50
trnav-aac-51	aac-51
trnav-aac-52	aac-52
trnav-aac-53	aac-53
trnav-aac-54	aac-54
trnav-aac-55	aac-55
trnav-aac-56	aac-56
trnav-aac-57	aac-57
trnav-aac-58	aac-58
trnav-aac-59	aac-59
trnav-aac-6	aac-6
trnav-aac-60	aac-60
trnav-aac-61	aac-61
trnav-aac-62	aac-62
trnav-aac-63	aac-63
trnav-aac-64	aac-64
trnav-aac-65	aac-65
trnav-aac-66	aac-66
trnav-aac-67	aac-67
trnav-aac-68	aac-68
trnav-aac-69	aac-69
trnav-aac-7	aac-7
trnav-aac-70	aac-70
trnav-aac-71	aac-71
trnav-aac-72	aac-72
trnav-aac-73	aac-73
trnav-aac-74	aac-74
trnav-aac-75	aac-75
trnav-aac-76	aac-76
trnav-aac-77	aac-77
trnav-aac-78	aac-78
trnav-aac-79	aac-79
trnav-aac-8	aac-8
trnav-aac-80	aac-80
trnav-aac-81	aac-81
trnav-aac-82	aac-82
trnav-aac-83	aac-83
trnav-aac-84	aac-84
trnav-aac-85	aac-85
trnav-aac-86	aac-86
trnav-aac-87	aac-87
trnav-aac-88	aac-88
trnav-aac-89	aac-89
trnav-aac-9	aac-9
trnav-aac-90	aac-90
trnav-aac-91	aac-91
trnav-aac-92	aac-92
trnav-aac-93	aac-93
trnav-aac-94	aac-94
trnav-aac-95	aac-95
trnav-aac-96	aac-96
trnav-aac-97	aac-97
trnav-aac-98	aac-98
trnav-aac-99	aac-99
trnav-cac	cac
trnav-cac-10	cac-10
trnav-cac-100	cac-100
trnav-cac-101	cac-101
trnav-cac-102	cac-102
trnav-cac-103	cac-103
trnav-cac-104	cac-104
trnav-cac-105	cac-105
trnav-cac-106	cac-106
trnav-cac-107	cac-107
trnav-cac-108	cac-108
trnav-cac-109	cac-109
trnav-cac-11	cac-11
trnav-cac-110	cac-110
trnav-cac-111	cac-111
trnav-cac-112	cac-112
trnav-cac-113	cac-113
trnav-cac-114	cac-114
trnav-cac-115	cac-115
trnav-cac-116	cac-116
trnav-cac-117	cac-117
trnav-cac-118	cac-118
trnav-cac-119	cac-119
trnav-cac-12	cac-12
trnav-cac-120	cac-120
trnav-cac-121	cac-121
trnav-cac-122	cac-122
trnav-cac-123	cac-123
trnav-cac-124	cac-124
trnav-cac-125	cac-125
trnav-cac-126	cac-126
trnav-cac-127	cac-127
trnav-cac-128	cac-128
trnav-cac-129	cac-129
trnav-cac-13	cac-13
trnav-cac-130	cac-130
trnav-cac-131	cac-131
trnav-cac-132	cac-132
trnav-cac-133	cac-133
trnav-cac-134	cac-134
trnav-cac-135	cac-135
trnav-cac-136	cac-136
trnav-cac-137	cac-137
trnav-cac-138	cac-138
trnav-cac-139	cac-139
trnav-cac-14	cac-14
trnav-cac-140	cac-140
trnav-cac-141	cac-141
trnav-cac-142	cac-142
trnav-cac-143	cac-143
trnav-cac-144	cac-144
trnav-cac-145	cac-145
trnav-cac-146	cac-146
trnav-cac-147	cac-147
trnav-cac-148	cac-148
trnav-cac-149	cac-149
trnav-cac-15	cac-15
trnav-cac-150	cac-150
trnav-cac-151	cac-151
trnav-cac-152	cac-152
trnav-cac-153	cac-153
trnav-cac-154	cac-154
trnav-cac-155	cac-155
trnav-cac-156	cac-156
trnav-cac-157	cac-157
trnav-cac-158	cac-158
trnav-cac-159	cac-159
trnav-cac-16	cac-16
trnav-cac-160	cac-160
trnav-cac-161	cac-161
trnav-cac-162	cac-162
trnav-cac-163	cac-163
trnav-cac-164	cac-164
trnav-cac-165	cac-165
trnav-cac-166	cac-166
trnav-cac-167	cac-167
trnav-cac-168	cac-168
trnav-cac-169	cac-169
trnav-cac-17	cac-17
trnav-cac-170	cac-170
trnav-cac-171	cac-171
trnav-cac-172	cac-172
trnav-cac-173	cac-173
trnav-cac-174	cac-174
trnav-cac-175	cac-175
trnav-cac-176	cac-176
trnav-cac-177	cac-177
trnav-cac-178	cac-178
trnav-cac-179	cac-179
trnav-cac-18	cac-18
trnav-cac-180	cac-180
trnav-cac-181	cac-181
trnav-cac-182	cac-182
trnav-cac-183	cac-183
trnav-cac-184	cac-184
trnav-cac-185	cac-185
trnav-cac-186	cac-186
trnav-cac-187	cac-187
trnav-cac-188	cac-188
trnav-cac-189	cac-189
trnav-cac-19	cac-19
trnav-cac-190	cac-190
trnav-cac-191	cac-191
trnav-cac-192	cac-192
trnav-cac-193	cac-193
trnav-cac-194	cac-194
trnav-cac-195	cac-195
trnav-cac-196	cac-196
trnav-cac-197	cac-197
trnav-cac-198	cac-198
trnav-cac-199	cac-199
trnav-cac-2	cac-2
trnav-cac-20	cac-20
trnav-cac-200	cac-200
trnav-cac-201	cac-201
trnav-cac-202	cac-202
trnav-cac-203	cac-203
trnav-cac-204	cac-204
trnav-cac-205	cac-205
trnav-cac-206	cac-206
trnav-cac-207	cac-207
trnav-cac-208	cac-208
trnav-cac-209	cac-209
trnav-cac-21	cac-21
trnav-cac-210	cac-210
trnav-cac-211	cac-211
trnav-cac-212	cac-212
trnav-cac-213	cac-213
trnav-cac-214	cac-214
trnav-cac-215	cac-215
trnav-cac-216	cac-216
trnav-cac-217	cac-217
trnav-cac-218	cac-218
trnav-cac-219	cac-219
trnav-cac-22	cac-22
trnav-cac-220	cac-220
trnav-cac-221	cac-221
trnav-cac-222	cac-222
trnav-cac-223	cac-223
trnav-cac-224	cac-224
trnav-cac-225	cac-225
trnav-cac-226	cac-226
trnav-cac-227	cac-227
trnav-cac-228	cac-228
trnav-cac-229	cac-229
trnav-cac-23	cac-23
trnav-cac-230	cac-230
trnav-cac-231	cac-231
trnav-cac-232	cac-232
trnav-cac-233	cac-233
trnav-cac-234	cac-234
trnav-cac-235	cac-235
trnav-cac-236	cac-236
trnav-cac-237	cac-237
trnav-cac-238	cac-238
trnav-cac-239	cac-239
trnav-cac-24	cac-24
trnav-cac-240	cac-240
trnav-cac-241	cac-241
trnav-cac-242	cac-242
trnav-cac-243	cac-243
trnav-cac-244	cac-244
trnav-cac-245	cac-245
trnav-cac-246	cac-246
trnav-cac-247	cac-247
trnav-cac-248	cac-248
trnav-cac-249	cac-249
trnav-cac-25	cac-25
trnav-cac-250	cac-250
trnav-cac-251	cac-251
trnav-cac-252	cac-252
trnav-cac-253	cac-253
trnav-cac-254	cac-254
trnav-cac-255	cac-255
trnav-cac-256	cac-256
trnav-cac-257	cac-257
trnav-cac-258	cac-258
trnav-cac-259	cac-259
trnav-cac-26	cac-26
trnav-cac-27	cac-27
trnav-cac-28	cac-28
trnav-cac-29	cac-29
trnav-cac-3	cac-3
trnav-cac-30	cac-30
trnav-cac-31	cac-31
trnav-cac-32	cac-32
trnav-cac-33	cac-33
trnav-cac-34	cac-34
trnav-cac-35	cac-35
trnav-cac-36	cac-36
trnav-cac-37	cac-37
trnav-cac-38	cac-38
trnav-cac-39	cac-39
trnav-cac-4	cac-4
trnav-cac-40	cac-40
trnav-cac-41	cac-41
trnav-cac-42	cac-42
trnav-cac-43	cac-43
trnav-cac-44	cac-44
trnav-cac-45	cac-45
trnav-cac-46	cac-46
trnav-cac-47	cac-47
trnav-cac-48	cac-48
trnav-cac-49	cac-49
trnav-cac-5	cac-5
trnav-cac-50	cac-50
trnav-cac-51	cac-51
trnav-cac-52	cac-52
trnav-cac-53	cac-53
trnav-cac-54	cac-54
trnav-cac-55	cac-55
trnav-cac-56	cac-56
trnav-cac-57	cac-57
trnav-cac-58	cac-58
trnav-cac-59	cac-59
trnav-cac-6	cac-6
trnav-cac-60	cac-60
trnav-cac-61	cac-61
trnav-cac-62	cac-62
trnav-cac-63	cac-63
trnav-cac-64	cac-64
trnav-cac-65	cac-65
trnav-cac-66	cac-66
trnav-cac-67	cac-67
trnav-cac-68	cac-68
trnav-cac-69	cac-69
trnav-cac-7	cac-7
trnav-cac-70	cac-70
trnav-cac-71	cac-71
trnav-cac-72	cac-72
trnav-cac-73	cac-73
trnav-cac-74	cac-74
trnav-cac-75	cac-75
trnav-cac-76	cac-76
trnav-cac-77	cac-77
trnav-cac-78	cac-78
trnav-cac-79	cac-79
trnav-cac-8	cac-8
trnav-cac-80	cac-80
trnav-cac-81	cac-81
trnav-cac-82	cac-82
trnav-cac-83	cac-83
trnav-cac-84	cac-84
trnav-cac-85	cac-85
trnav-cac-86	cac-86
trnav-cac-87	cac-87
trnav-cac-88	cac-88
trnav-cac-89	cac-89
trnav-cac-9	cac-9
trnav-cac-90	cac-90
trnav-cac-91	cac-91
trnav-cac-92	cac-92
trnav-cac-93	cac-93
trnav-cac-94	cac-94
trnav-cac-95	cac-95
trnav-cac-96	cac-96
trnav-cac-97	cac-97
trnav-cac-98	cac-98
trnav-cac-99	cac-99
trnav-gac	gac
trnav-uac	uac
trnav-uac-10	uac-10
trnav-uac-100	uac-100
trnav-uac-101	uac-101
trnav-uac-102	uac-102
trnav-uac-103	uac-103
trnav-uac-104	uac-104
trnav-uac-105	uac-105
trnav-uac-106	uac-106
trnav-uac-107	uac-107
trnav-uac-108	uac-108
trnav-uac-11	uac-11
trnav-uac-12	uac-12
trnav-uac-13	uac-13
trnav-uac-14	uac-14
trnav-uac-15	uac-15
trnav-uac-16	uac-16
trnav-uac-17	uac-17
trnav-uac-18	uac-18
trnav-uac-19	uac-19
trnav-uac-2	uac-2
trnav-uac-20	uac-20
trnav-uac-21	uac-21
trnav-uac-22	uac-22
trnav-uac-23	uac-23
trnav-uac-24	uac-24
trnav-uac-25	uac-25
trnav-uac-26	uac-26
trnav-uac-27	uac-27
trnav-uac-28	uac-28
trnav-uac-29	uac-29
trnav-uac-3	uac-3
trnav-uac-30	uac-30
trnav-uac-31	uac-31
trnav-uac-32	uac-32
trnav-uac-33	uac-33
trnav-uac-34	uac-34
trnav-uac-35	uac-35
trnav-uac-36	uac-36
trnav-uac-37	uac-37
trnav-uac-38	uac-38
trnav-uac-39	uac-39
trnav-uac-4	uac-4
trnav-uac-40	uac-40
trnav-uac-41	uac-41
trnav-uac-42	uac-42
trnav-uac-43	uac-43
trnav-uac-44	uac-44
trnav-uac-45	uac-45
trnav-uac-46	uac-46
trnav-uac-47	uac-47
trnav-uac-48	uac-48
trnav-uac-49	uac-49
trnav-uac-5	uac-5
trnav-uac-50	uac-50
trnav-uac-51	uac-51
trnav-uac-52	uac-52
trnav-uac-53	uac-53
trnav-uac-54	uac-54
trnav-uac-55	uac-55
trnav-uac-56	uac-56
trnav-uac-57	uac-57
trnav-uac-58	uac-58
trnav-uac-59	uac-59
trnav-uac-6	uac-6
trnav-uac-60	uac-60
trnav-uac-61	uac-61
trnav-uac-62	uac-62
trnav-uac-63	uac-63
trnav-uac-64	uac-64
trnav-uac-65	uac-65
trnav-uac-66	uac-66
trnav-uac-67	uac-67
trnav-uac-68	uac-68
trnav-uac-69	uac-69
trnav-uac-7	uac-7
trnav-uac-70	uac-70
trnav-uac-71	uac-71
trnav-uac-72	uac-72
trnav-uac-73	uac-73
trnav-uac-74	uac-74
trnav-uac-75	uac-75
trnav-uac-76	uac-76
trnav-uac-77	uac-77
trnav-uac-78	uac-78
trnav-uac-79	uac-79
trnav-uac-8	uac-8
trnav-uac-80	uac-80
trnav-uac-81	uac-81
trnav-uac-82	uac-82
trnav-uac-83	uac-83
trnav-uac-84	uac-84
trnav-uac-85	uac-85
trnav-uac-86	uac-86
trnav-uac-87	uac-87
trnav-uac-88	uac-88
trnav-uac-89	uac-89
trnav-uac-9	uac-9
trnav-uac-90	uac-90
trnav-uac-91	uac-91
trnav-uac-92	uac-92
trnav-uac-93	uac-93
trnav-uac-94	uac-94
trnav-uac-95	uac-95
trnav-uac-96	uac-96
trnav-uac-97	uac-97
trnav-uac-98	uac-98
trnav-uac-99	uac-99
trnaw-cca	cca
trnaw-cca-10	cca-10
trnaw-cca-11	cca-11
trnaw-cca-12	cca-12
trnaw-cca-13	cca-13
trnaw-cca-14	cca-14
trnaw-cca-15	cca-15
trnaw-cca-16	cca-16
trnaw-cca-17	cca-17
trnaw-cca-18	cca-18
trnaw-cca-19	cca-19
trnaw-cca-2	cca-2
trnaw-cca-20	cca-20
trnaw-cca-21	cca-21
trnaw-cca-22	cca-22
trnaw-cca-23	cca-23
trnaw-cca-24	cca-24
trnaw-cca-25	cca-25
trnaw-cca-26	cca-26
trnaw-cca-27	cca-27
trnaw-cca-28	cca-28
trnaw-cca-29	cca-29
trnaw-cca-3	cca-3
trnaw-cca-30	cca-30
trnaw-cca-31	cca-31
trnaw-cca-32	cca-32
trnaw-cca-33	cca-33
trnaw-cca-34	cca-34
trnaw-cca-35	cca-35
trnaw-cca-36	cca-36
trnaw-cca-37	cca-37
trnaw-cca-38	cca-38
trnaw-cca-39	cca-39
trnaw-cca-4	cca-4
trnaw-cca-40	cca-40
trnaw-cca-41	cca-41
trnaw-cca-42	cca-42
trnaw-cca-43	cca-43
trnaw-cca-44	cca-44
trnaw-cca-45	cca-45
trnaw-cca-46	cca-46
trnaw-cca-47	cca-47
trnaw-cca-48	cca-48
trnaw-cca-49	cca-49
trnaw-cca-5	cca-5
trnaw-cca-50	cca-50
trnaw-cca-51	cca-51
trnaw-cca-52	cca-52
trnaw-cca-53	cca-53
trnaw-cca-54	cca-54
trnaw-cca-55	cca-55
trnaw-cca-56	cca-56
trnaw-cca-57	cca-57
trnaw-cca-58	cca-58
trnaw-cca-59	cca-59
trnaw-cca-6	cca-6
trnaw-cca-60	cca-60
trnaw-cca-61	cca-61
trnaw-cca-62	cca-62
trnaw-cca-63	cca-63
trnaw-cca-64	cca-64
trnaw-cca-65	cca-65
trnaw-cca-66	cca-66
trnaw-cca-67	cca-67
trnaw-cca-68	cca-68
trnaw-cca-69	cca-69
trnaw-cca-7	cca-7
trnaw-cca-8	cca-8
trnaw-cca-9	cca-9
trnay-aua	aua
trnay-aua-2	aua-2
trnay-aua-3	aua-3
trnay-aua-4	aua-4
trnay-gua	gua
trnay-gua-10	gua-10
trnay-gua-100	gua-100
trnay-gua-101	gua-101
trnay-gua-102	gua-102
trnay-gua-103	gua-103
trnay-gua-104	gua-104
trnay-gua-105	gua-105
trnay-gua-106	gua-106
trnay-gua-107	gua-107
trnay-gua-108	gua-108
trnay-gua-109	gua-109
trnay-gua-11	gua-11
trnay-gua-110	gua-110
trnay-gua-111	gua-111
trnay-gua-112	gua-112
trnay-gua-113	gua-113
trnay-gua-114	gua-114
trnay-gua-115	gua-115
trnay-gua-116	gua-116
trnay-gua-117	gua-117
trnay-gua-118	gua-118
trnay-gua-119	gua-119
trnay-gua-12	gua-12
trnay-gua-120	gua-120
trnay-gua-121	gua-121
trnay-gua-122	gua-122
trnay-gua-123	gua-123
trnay-gua-124	gua-124
trnay-gua-125	gua-125
trnay-gua-126	gua-126
trnay-gua-127	gua-127
trnay-gua-128	gua-128
trnay-gua-129	gua-129
trnay-gua-13	gua-13
trnay-gua-130	gua-130
trnay-gua-131	gua-131
trnay-gua-132	gua-132
trnay-gua-133	gua-133
trnay-gua-134	gua-134
trnay-gua-135	gua-135
trnay-gua-136	gua-136
trnay-gua-137	gua-137
trnay-gua-138	gua-138
trnay-gua-139	gua-139
trnay-gua-14	gua-14
trnay-gua-140	gua-140
trnay-gua-141	gua-141
trnay-gua-142	gua-142
trnay-gua-143	gua-143
trnay-gua-144	gua-144
trnay-gua-145	gua-145
trnay-gua-146	gua-146
trnay-gua-147	gua-147
trnay-gua-148	gua-148
trnay-gua-149	gua-149
trnay-gua-15	gua-15
trnay-gua-150	gua-150
trnay-gua-151	gua-151
trnay-gua-152	gua-152
trnay-gua-153	gua-153
trnay-gua-154	gua-154
trnay-gua-155	gua-155
trnay-gua-156	gua-156
trnay-gua-157	gua-157
trnay-gua-158	gua-158
trnay-gua-159	gua-159
trnay-gua-16	gua-16
trnay-gua-160	gua-160
trnay-gua-161	gua-161
trnay-gua-162	gua-162
trnay-gua-163	gua-163
trnay-gua-164	gua-164
trnay-gua-165	gua-165
trnay-gua-166	gua-166
trnay-gua-167	gua-167
trnay-gua-168	gua-168
trnay-gua-169	gua-169
trnay-gua-17	gua-17
trnay-gua-170	gua-170
trnay-gua-171	gua-171
trnay-gua-172	gua-172
trnay-gua-173	gua-173
trnay-gua-174	gua-174
trnay-gua-175	gua-175
trnay-gua-176	gua-176
trnay-gua-177	gua-177
trnay-gua-178	gua-178
trnay-gua-179	gua-179
trnay-gua-18	gua-18
trnay-gua-180	gua-180
trnay-gua-181	gua-181
trnay-gua-182	gua-182
trnay-gua-183	gua-183
trnay-gua-184	gua-184
trnay-gua-185	gua-185
trnay-gua-186	gua-186
trnay-gua-187	gua-187
trnay-gua-188	gua-188
trnay-gua-189	gua-189
trnay-gua-19	gua-19
trnay-gua-2	gua-2
trnay-gua-20	gua-20
trnay-gua-21	gua-21
trnay-gua-22	gua-22
trnay-gua-23	gua-23
trnay-gua-24	gua-24
trnay-gua-25	gua-25
trnay-gua-26	gua-26
trnay-gua-27	gua-27
trnay-gua-28	gua-28
trnay-gua-29	gua-29
trnay-gua-3	gua-3
trnay-gua-30	gua-30
trnay-gua-31	gua-31
trnay-gua-32	gua-32
trnay-gua-33	gua-33
trnay-gua-34	gua-34
trnay-gua-35	gua-35
trnay-gua-36	gua-36
trnay-gua-37	gua-37
trnay-gua-38	gua-38
trnay-gua-39	gua-39
trnay-gua-4	gua-4
trnay-gua-40	gua-40
trnay-gua-41	gua-41
trnay-gua-42	gua-42
trnay-gua-43	gua-43
trnay-gua-44	gua-44
trnay-gua-45	gua-45
trnay-gua-46	gua-46
trnay-gua-47	gua-47
trnay-gua-48	gua-48
trnay-gua-49	gua-49
trnay-gua-5	gua-5
trnay-gua-50	gua-50
trnay-gua-51	gua-51
trnay-gua-52	gua-52
trnay-gua-53	gua-53
trnay-gua-54	gua-54
trnay-gua-55	gua-55
trnay-gua-56	gua-56
trnay-gua-57	gua-57
trnay-gua-58	gua-58
trnay-gua-59	gua-59
trnay-gua-6	gua-6
trnay-gua-60	gua-60
trnay-gua-61	gua-61
trnay-gua-62	gua-62
trnay-gua-63	gua-63
trnay-gua-64	gua-64
trnay-gua-65	gua-65
trnay-gua-66	gua-66
trnay-gua-67	gua-67
trnay-gua-68	gua-68
trnay-gua-69	gua-69
trnay-gua-7	gua-7
trnay-gua-70	gua-70
trnay-gua-71	gua-71
trnay-gua-72	gua-72
trnay-gua-73	gua-73
trnay-gua-74	gua-74
trnay-gua-75	gua-75
trnay-gua-76	gua-76
trnay-gua-77	gua-77
trnay-gua-78	gua-78
trnay-gua-79	gua-79
trnay-gua-8	gua-8
trnay-gua-80	gua-80
trnay-gua-81	gua-81
trnay-gua-82	gua-82
trnay-gua-83	gua-83
trnay-gua-84	gua-84
trnay-gua-85	gua-85
trnay-gua-86	gua-86
trnay-gua-87	gua-87
trnay-gua-88	gua-88
trnay-gua-89	gua-89
trnay-gua-9	gua-9
trnay-gua-90	gua-90
trnay-gua-91	gua-91
trnay-gua-92	gua-92
trnay-gua-93	gua-93
trnay-gua-94	gua-94
trnay-gua-95	gua-95
trnay-gua-96	gua-96
trnay-gua-97	gua-97
trnay-gua-98	gua-98
trnay-gua-99	gua-99
